country,iso3,region,income_group,year,value,pct_change_yoy,percentile_rank
Afghanistan,AFG,"Middle East, North Africa, Afghanistan & Pakistan",Low income,2002,14.1,,10
Afghanistan,AFG,"Middle East, North Africa, Afghanistan & Pakistan",Low income,2003,19,34.752,10.4
Afghanistan,AFG,"Middle East, North Africa, Afghanistan & Pakistan",Low income,2004,23.8,25.263,11.4
Afghanistan,AFG,"Middle East, North Africa, Afghanistan & Pakistan",Low income,2005,28.7,20.588,12.8
Afghanistan,AFG,"Middle East, North Africa, Afghanistan & Pakistan",Low income,2006,33.5,16.725,14.2
Afghanistan,AFG,"Middle East, North Africa, Afghanistan & Pakistan",Low income,2007,38.4,14.627,17.4
Afghanistan,AFG,"Middle East, North Africa, Afghanistan & Pakistan",Low income,2008,42.4,10.417,17.4
Afghanistan,AFG,"Middle East, North Africa, Afghanistan & Pakistan",Low income,2009,48.3,13.915,19.6
Afghanistan,AFG,"Middle East, North Africa, Afghanistan & Pakistan",Low income,2010,42.7,-11.594,16.8
Afghanistan,AFG,"Middle East, North Africa, Afghanistan & Pakistan",Low income,2011,43.2,1.171,17.3
Afghanistan,AFG,"Middle East, North Africa, Afghanistan & Pakistan",Low income,2012,69.1,59.954,25.2
Afghanistan,AFG,"Middle East, North Africa, Afghanistan & Pakistan",Low income,2013,68,-1.592,23.8
Afghanistan,AFG,"Middle East, North Africa, Afghanistan & Pakistan",Low income,2014,89.5,31.618,31.8
Afghanistan,AFG,"Middle East, North Africa, Afghanistan & Pakistan",Low income,2015,71.5,-20.112,23.8
Afghanistan,AFG,"Middle East, North Africa, Afghanistan & Pakistan",Low income,2016,97.7,36.643,40.2
Afghanistan,AFG,"Middle East, North Africa, Afghanistan & Pakistan",Low income,2017,97.7,0,38.8
Afghanistan,AFG,"Middle East, North Africa, Afghanistan & Pakistan",Low income,2018,93.4,-4.401,31.8
Afghanistan,AFG,"Middle East, North Africa, Afghanistan & Pakistan",Low income,2019,97.7,4.604,36
Afghanistan,AFG,"Middle East, North Africa, Afghanistan & Pakistan",Low income,2020,97.7,0,35.5
Afghanistan,AFG,"Middle East, North Africa, Afghanistan & Pakistan",Low income,2021,97.7,0,32.2
Afghanistan,AFG,"Middle East, North Africa, Afghanistan & Pakistan",Low income,2022,85.3,-12.692,23.8
Afghanistan,AFG,"Middle East, North Africa, Afghanistan & Pakistan",Low income,2023,85.3,0,22.9
Albania,ALB,Europe & Central Asia,Upper middle income,2002,99.4,,61.6
Albania,ALB,Europe & Central Asia,Upper middle income,2003,99.4,0,63.5
Albania,ALB,Europe & Central Asia,Upper middle income,2004,99.4,0,62.6
Albania,ALB,Europe & Central Asia,Upper middle income,2005,99.4,0,62.1
Albania,ALB,Europe & Central Asia,Upper middle income,2006,99.4,0,59.2
Albania,ALB,Europe & Central Asia,Upper middle income,2007,99.4,0,61
Albania,ALB,Europe & Central Asia,Upper middle income,2008,100,0.604,68.5
Albania,ALB,Europe & Central Asia,Upper middle income,2009,99.6,-0.4,62.6
Albania,ALB,Europe & Central Asia,Upper middle income,2010,99.6,0,60.7
Albania,ALB,Europe & Central Asia,Upper middle income,2011,99.7,0.1,60.7
Albania,ALB,Europe & Central Asia,Upper middle income,2012,99.9,0.201,62.1
Albania,ALB,Europe & Central Asia,Upper middle income,2013,99.9,0,60.7
Albania,ALB,Europe & Central Asia,Upper middle income,2014,100,0.1,59.8
Albania,ALB,Europe & Central Asia,Upper middle income,2015,100,0,59.8
Albania,ALB,Europe & Central Asia,Upper middle income,2016,99.9,-0.1,54.2
Albania,ALB,Europe & Central Asia,Upper middle income,2017,99.9,0,49.5
Albania,ALB,Europe & Central Asia,Upper middle income,2018,100,0.1,53.7
Albania,ALB,Europe & Central Asia,Upper middle income,2019,100,0,50.9
Albania,ALB,Europe & Central Asia,Upper middle income,2020,100,0,48.6
Albania,ALB,Europe & Central Asia,Upper middle income,2021,100,0,43
Albania,ALB,Europe & Central Asia,Upper middle income,2022,100,0,38.8
Albania,ALB,Europe & Central Asia,Upper middle income,2023,100,0,40.7
Algeria,DZA,"Middle East, North Africa, Afghanistan & Pakistan",Upper middle income,2002,98.6,,56.9
Algeria,DZA,"Middle East, North Africa, Afghanistan & Pakistan",Upper middle income,2003,98.6,0,55.5
Algeria,DZA,"Middle East, North Africa, Afghanistan & Pakistan",Upper middle income,2004,98.6,0,55.5
Algeria,DZA,"Middle East, North Africa, Afghanistan & Pakistan",Upper middle income,2005,98.6,0,54.5
Algeria,DZA,"Middle East, North Africa, Afghanistan & Pakistan",Upper middle income,2006,98.7,0.101,52.1
Algeria,DZA,"Middle East, North Africa, Afghanistan & Pakistan",Upper middle income,2007,98.7,0,54.9
Algeria,DZA,"Middle East, North Africa, Afghanistan & Pakistan",Upper middle income,2008,99.3,0.608,58.7
Algeria,DZA,"Middle East, North Africa, Afghanistan & Pakistan",Upper middle income,2009,98.8,-0.504,51.4
Algeria,DZA,"Middle East, North Africa, Afghanistan & Pakistan",Upper middle income,2010,98.9,0.101,51.4
Algeria,DZA,"Middle East, North Africa, Afghanistan & Pakistan",Upper middle income,2011,99,0.101,50.9
Algeria,DZA,"Middle East, North Africa, Afghanistan & Pakistan",Upper middle income,2012,98.8,-0.202,48.6
Algeria,DZA,"Middle East, North Africa, Afghanistan & Pakistan",Upper middle income,2013,99.2,0.405,50
Algeria,DZA,"Middle East, North Africa, Afghanistan & Pakistan",Upper middle income,2014,99.3,0.101,49.5
Algeria,DZA,"Middle East, North Africa, Afghanistan & Pakistan",Upper middle income,2015,99.4,0.101,49.1
Algeria,DZA,"Middle East, North Africa, Afghanistan & Pakistan",Upper middle income,2016,99.4,0,46.7
Algeria,DZA,"Middle East, North Africa, Afghanistan & Pakistan",Upper middle income,2017,99.5,0.101,45.3
Algeria,DZA,"Middle East, North Africa, Afghanistan & Pakistan",Upper middle income,2018,99.6,0.101,43.5
Algeria,DZA,"Middle East, North Africa, Afghanistan & Pakistan",Upper middle income,2019,99.5,-0.1,42.5
Algeria,DZA,"Middle East, North Africa, Afghanistan & Pakistan",Upper middle income,2020,99.7,0.201,40.7
Algeria,DZA,"Middle East, North Africa, Afghanistan & Pakistan",Upper middle income,2021,99.8,0.1,39.7
Algeria,DZA,"Middle East, North Africa, Afghanistan & Pakistan",Upper middle income,2022,100,0.2,38.8
Algeria,DZA,"Middle East, North Africa, Afghanistan & Pakistan",Upper middle income,2023,100,0,40.7
Andorra,AND,Europe & Central Asia,High income,2002,100,,69.2
Andorra,AND,Europe & Central Asia,High income,2003,100,0,70.6
Andorra,AND,Europe & Central Asia,High income,2004,100,0,72
Andorra,AND,Europe & Central Asia,High income,2005,100,0,73.5
Andorra,AND,Europe & Central Asia,High income,2006,100,0,71.6
Andorra,AND,Europe & Central Asia,High income,2007,100,0,70
Andorra,AND,Europe & Central Asia,High income,2008,100,0,68.5
Andorra,AND,Europe & Central Asia,High income,2009,100,0,68.7
Andorra,AND,Europe & Central Asia,High income,2010,100,0,65.9
Andorra,AND,Europe & Central Asia,High income,2011,100,0,67.3
Andorra,AND,Europe & Central Asia,High income,2012,100,0,64.5
Andorra,AND,Europe & Central Asia,High income,2013,100,0,63.6
Andorra,AND,Europe & Central Asia,High income,2014,100,0,59.8
Andorra,AND,Europe & Central Asia,High income,2015,100,0,59.8
Andorra,AND,Europe & Central Asia,High income,2016,100,0,57.9
Andorra,AND,Europe & Central Asia,High income,2017,100,0,52.8
Andorra,AND,Europe & Central Asia,High income,2018,100,0,53.7
Andorra,AND,Europe & Central Asia,High income,2019,100,0,50.9
Andorra,AND,Europe & Central Asia,High income,2020,100,0,48.6
Andorra,AND,Europe & Central Asia,High income,2021,100,0,43
Andorra,AND,Europe & Central Asia,High income,2022,100,0,38.8
Andorra,AND,Europe & Central Asia,High income,2023,100,0,40.7
Angola,AGO,Sub-Saharan Africa,Lower middle income,2002,26.3,,14.7
Angola,AGO,Sub-Saharan Africa,Lower middle income,2003,27.4,4.183,13.3
Angola,AGO,Sub-Saharan Africa,Lower middle income,2004,28.4,3.65,13.3
Angola,AGO,Sub-Saharan Africa,Lower middle income,2005,29.4,3.521,13.3
Angola,AGO,Sub-Saharan Africa,Lower middle income,2006,30.5,3.741,13.3
Angola,AGO,Sub-Saharan Africa,Lower middle income,2007,37.5,22.951,16.9
Angola,AGO,Sub-Saharan Africa,Lower middle income,2008,38.5,2.667,16.4
Angola,AGO,Sub-Saharan Africa,Lower middle income,2009,33.8,-12.208,15
Angola,AGO,Sub-Saharan Africa,Lower middle income,2010,35,3.55,13.1
Angola,AGO,Sub-Saharan Africa,Lower middle income,2011,34.6,-1.143,10.7
Angola,AGO,Sub-Saharan Africa,Lower middle income,2012,37.3,7.803,11.2
Angola,AGO,Sub-Saharan Africa,Lower middle income,2013,38.4,2.949,12.1
Angola,AGO,Sub-Saharan Africa,Lower middle income,2014,32,-16.667,9.3
Angola,AGO,Sub-Saharan Africa,Lower middle income,2015,42,31.25,13.1
Angola,AGO,Sub-Saharan Africa,Lower middle income,2016,41.8,-0.476,11.2
Angola,AGO,Sub-Saharan Africa,Lower middle income,2017,42.9,2.632,10.3
Angola,AGO,Sub-Saharan Africa,Lower middle income,2018,45.3,5.594,10.7
Angola,AGO,Sub-Saharan Africa,Lower middle income,2019,45.6,0.662,10.3
Angola,AGO,Sub-Saharan Africa,Lower middle income,2020,47,3.07,10.3
Angola,AGO,Sub-Saharan Africa,Lower middle income,2021,48.2,2.553,9.8
Angola,AGO,Sub-Saharan Africa,Lower middle income,2022,48.5,0.622,8.4
Angola,AGO,Sub-Saharan Africa,Lower middle income,2023,51.1,5.361,7.9
Antigua and Barbuda,ATG,Latin America & Caribbean,High income,2002,100,,69.2
Antigua and Barbuda,ATG,Latin America & Caribbean,High income,2003,97.9,-2.1,52.6
Antigua and Barbuda,ATG,Latin America & Caribbean,High income,2004,97.9,0,52.6
Antigua and Barbuda,ATG,Latin America & Caribbean,High income,2005,92.2,-5.822,43.1
Antigua and Barbuda,ATG,Latin America & Caribbean,High income,2006,100,8.46,71.6
Antigua and Barbuda,ATG,Latin America & Caribbean,High income,2007,100,0,70
Antigua and Barbuda,ATG,Latin America & Caribbean,High income,2008,100,0,68.5
Antigua and Barbuda,ATG,Latin America & Caribbean,High income,2009,98.5,-1.5,50.5
Antigua and Barbuda,ATG,Latin America & Caribbean,High income,2010,98.7,0.203,49.5
Antigua and Barbuda,ATG,Latin America & Caribbean,High income,2011,94.6,-4.154,40.7
Antigua and Barbuda,ATG,Latin America & Caribbean,High income,2012,100,5.708,64.5
Antigua and Barbuda,ATG,Latin America & Caribbean,High income,2013,100,0,63.6
Antigua and Barbuda,ATG,Latin America & Caribbean,High income,2014,100,0,59.8
Antigua and Barbuda,ATG,Latin America & Caribbean,High income,2015,100,0,59.8
Antigua and Barbuda,ATG,Latin America & Caribbean,High income,2016,100,0,57.9
Antigua and Barbuda,ATG,Latin America & Caribbean,High income,2017,100,0,52.8
Antigua and Barbuda,ATG,Latin America & Caribbean,High income,2018,100,0,53.7
Antigua and Barbuda,ATG,Latin America & Caribbean,High income,2019,100,0,50.9
Antigua and Barbuda,ATG,Latin America & Caribbean,High income,2020,100,0,48.6
Antigua and Barbuda,ATG,Latin America & Caribbean,High income,2021,100,0,43
Antigua and Barbuda,ATG,Latin America & Caribbean,High income,2022,100,0,38.8
Antigua and Barbuda,ATG,Latin America & Caribbean,High income,2023,100,0,40.7
Argentina,ARG,Latin America & Caribbean,Upper middle income,2002,96.1,,48.3
Argentina,ARG,Latin America & Caribbean,Upper middle income,2003,96.3,0.208,48.8
Argentina,ARG,Latin America & Caribbean,Upper middle income,2004,96.5,0.208,48.3
Argentina,ARG,Latin America & Caribbean,Upper middle income,2005,96.7,0.207,48.8
Argentina,ARG,Latin America & Caribbean,Upper middle income,2006,97,0.31,47.4
Argentina,ARG,Latin America & Caribbean,Upper middle income,2007,97.2,0.206,49.3
Argentina,ARG,Latin America & Caribbean,Upper middle income,2008,97.5,0.309,48.4
Argentina,ARG,Latin America & Caribbean,Upper middle income,2009,97.8,0.308,47.2
Argentina,ARG,Latin America & Caribbean,Upper middle income,2010,98.8,1.022,50
Argentina,ARG,Latin America & Caribbean,Upper middle income,2011,99,0.202,50.9
Argentina,ARG,Latin America & Caribbean,Upper middle income,2012,99.1,0.101,49.5
Argentina,ARG,Latin America & Caribbean,Upper middle income,2013,99.3,0.202,50.9
Argentina,ARG,Latin America & Caribbean,Upper middle income,2014,100,0.705,59.8
Argentina,ARG,Latin America & Caribbean,Upper middle income,2015,99.7,-0.3,52.8
Argentina,ARG,Latin America & Caribbean,Upper middle income,2016,99.9,0.201,54.2
Argentina,ARG,Latin America & Caribbean,Upper middle income,2017,100,0.1,52.8
Argentina,ARG,Latin America & Caribbean,Upper middle income,2018,100,0,53.7
Argentina,ARG,Latin America & Caribbean,Upper middle income,2019,100,0,50.9
Argentina,ARG,Latin America & Caribbean,Upper middle income,2020,100,0,48.6
Argentina,ARG,Latin America & Caribbean,Upper middle income,2021,100,0,43
Argentina,ARG,Latin America & Caribbean,Upper middle income,2022,100,0,38.8
Argentina,ARG,Latin America & Caribbean,Upper middle income,2023,100,0,40.7
Armenia,ARM,Europe & Central Asia,Upper middle income,2002,98,,54.5
Armenia,ARM,Europe & Central Asia,Upper middle income,2003,99.1,1.122,61.1
Armenia,ARM,Europe & Central Asia,Upper middle income,2004,99.1,0,59.7
Armenia,ARM,Europe & Central Asia,Upper middle income,2005,99.8,0.706,68.7
Armenia,ARM,Europe & Central Asia,Upper middle income,2006,99.1,-0.701,56.9
Armenia,ARM,Europe & Central Asia,Upper middle income,2007,99.2,0.101,60.1
Armenia,ARM,Europe & Central Asia,Upper middle income,2008,99.2,0,57.7
Armenia,ARM,Europe & Central Asia,Upper middle income,2009,99.3,0.101,57.9
Armenia,ARM,Europe & Central Asia,Upper middle income,2010,99.8,0.504,63.6
Armenia,ARM,Europe & Central Asia,Upper middle income,2011,99.5,-0.301,57.5
Armenia,ARM,Europe & Central Asia,Upper middle income,2012,99.5,0,54.2
Armenia,ARM,Europe & Central Asia,Upper middle income,2013,99.4,-0.101,51.4
Armenia,ARM,Europe & Central Asia,Upper middle income,2014,99.7,0.302,51.9
Armenia,ARM,Europe & Central Asia,Upper middle income,2015,100,0.301,59.8
Armenia,ARM,Europe & Central Asia,Upper middle income,2016,99.8,-0.2,52.8
Armenia,ARM,Europe & Central Asia,Upper middle income,2017,99.7,-0.1,46.7
Armenia,ARM,Europe & Central Asia,Upper middle income,2018,99.9,0.201,50.5
Armenia,ARM,Europe & Central Asia,Upper middle income,2019,100,0.1,50.9
Armenia,ARM,Europe & Central Asia,Upper middle income,2020,100,0,48.6
Armenia,ARM,Europe & Central Asia,Upper middle income,2021,100,0,43
Armenia,ARM,Europe & Central Asia,Upper middle income,2022,100,0,38.8
Armenia,ARM,Europe & Central Asia,Upper middle income,2023,100,0,40.7
Aruba,ABW,Latin America & Caribbean,High income,2002,100,,69.2
Aruba,ABW,Latin America & Caribbean,High income,2003,100,0,70.6
Aruba,ABW,Latin America & Caribbean,High income,2004,100,0,72
Aruba,ABW,Latin America & Caribbean,High income,2005,100,0,73.5
Aruba,ABW,Latin America & Caribbean,High income,2006,100,0,71.6
Aruba,ABW,Latin America & Caribbean,High income,2007,100,0,70
Aruba,ABW,Latin America & Caribbean,High income,2008,100,0,68.5
Aruba,ABW,Latin America & Caribbean,High income,2009,100,0,68.7
Aruba,ABW,Latin America & Caribbean,High income,2010,93.4,-6.6,40.7
Aruba,ABW,Latin America & Caribbean,High income,2011,100,7.066,67.3
Aruba,ABW,Latin America & Caribbean,High income,2012,100,0,64.5
Aruba,ABW,Latin America & Caribbean,High income,2013,100,0,63.6
Aruba,ABW,Latin America & Caribbean,High income,2014,100,0,59.8
Aruba,ABW,Latin America & Caribbean,High income,2015,100,0,59.8
Aruba,ABW,Latin America & Caribbean,High income,2016,100,0,57.9
Aruba,ABW,Latin America & Caribbean,High income,2017,100,0,52.8
Aruba,ABW,Latin America & Caribbean,High income,2018,100,0,53.7
Aruba,ABW,Latin America & Caribbean,High income,2019,100,0,50.9
Aruba,ABW,Latin America & Caribbean,High income,2020,100,0,48.6
Aruba,ABW,Latin America & Caribbean,High income,2021,100,0,43
Aruba,ABW,Latin America & Caribbean,High income,2022,99.9,-0.1,36.9
Aruba,ABW,Latin America & Caribbean,High income,2023,100,0.1,40.7
Australia,AUS,East Asia & Pacific,High income,2002,100,,69.2
Australia,AUS,East Asia & Pacific,High income,2003,100,0,70.6
Australia,AUS,East Asia & Pacific,High income,2004,100,0,72
Australia,AUS,East Asia & Pacific,High income,2005,100,0,73.5
Australia,AUS,East Asia & Pacific,High income,2006,100,0,71.6
Australia,AUS,East Asia & Pacific,High income,2007,100,0,70
Australia,AUS,East Asia & Pacific,High income,2008,100,0,68.5
Australia,AUS,East Asia & Pacific,High income,2009,100,0,68.7
Australia,AUS,East Asia & Pacific,High income,2010,100,0,65.9
Australia,AUS,East Asia & Pacific,High income,2011,100,0,67.3
Australia,AUS,East Asia & Pacific,High income,2012,100,0,64.5
Australia,AUS,East Asia & Pacific,High income,2013,100,0,63.6
Australia,AUS,East Asia & Pacific,High income,2014,100,0,59.8
Australia,AUS,East Asia & Pacific,High income,2015,100,0,59.8
Australia,AUS,East Asia & Pacific,High income,2016,100,0,57.9
Australia,AUS,East Asia & Pacific,High income,2017,100,0,52.8
Australia,AUS,East Asia & Pacific,High income,2018,100,0,53.7
Australia,AUS,East Asia & Pacific,High income,2019,100,0,50.9
Australia,AUS,East Asia & Pacific,High income,2020,100,0,48.6
Australia,AUS,East Asia & Pacific,High income,2021,100,0,43
Australia,AUS,East Asia & Pacific,High income,2022,100,0,38.8
Australia,AUS,East Asia & Pacific,High income,2023,100,0,40.7
Austria,AUT,Europe & Central Asia,High income,2002,100,,69.2
Austria,AUT,Europe & Central Asia,High income,2003,100,0,70.6
Austria,AUT,Europe & Central Asia,High income,2004,100,0,72
Austria,AUT,Europe & Central Asia,High income,2005,100,0,73.5
Austria,AUT,Europe & Central Asia,High income,2006,100,0,71.6
Austria,AUT,Europe & Central Asia,High income,2007,100,0,70
Austria,AUT,Europe & Central Asia,High income,2008,100,0,68.5
Austria,AUT,Europe & Central Asia,High income,2009,100,0,68.7
Austria,AUT,Europe & Central Asia,High income,2010,100,0,65.9
Austria,AUT,Europe & Central Asia,High income,2011,100,0,67.3
Austria,AUT,Europe & Central Asia,High income,2012,100,0,64.5
Austria,AUT,Europe & Central Asia,High income,2013,100,0,63.6
Austria,AUT,Europe & Central Asia,High income,2014,100,0,59.8
Austria,AUT,Europe & Central Asia,High income,2015,100,0,59.8
Austria,AUT,Europe & Central Asia,High income,2016,100,0,57.9
Austria,AUT,Europe & Central Asia,High income,2017,100,0,52.8
Austria,AUT,Europe & Central Asia,High income,2018,100,0,53.7
Austria,AUT,Europe & Central Asia,High income,2019,100,0,50.9
Austria,AUT,Europe & Central Asia,High income,2020,100,0,48.6
Austria,AUT,Europe & Central Asia,High income,2021,100,0,43
Austria,AUT,Europe & Central Asia,High income,2022,100,0,38.8
Austria,AUT,Europe & Central Asia,High income,2023,100,0,40.7
Azerbaijan,AZE,Europe & Central Asia,Upper middle income,2002,100,,69.2
Azerbaijan,AZE,Europe & Central Asia,Upper middle income,2003,98.8,-1.2,56.9
Azerbaijan,AZE,Europe & Central Asia,Upper middle income,2004,99,0.202,56.9
Azerbaijan,AZE,Europe & Central Asia,Upper middle income,2005,99.1,0.101,58.8
Azerbaijan,AZE,Europe & Central Asia,Upper middle income,2006,99.5,0.404,62.1
Azerbaijan,AZE,Europe & Central Asia,Upper middle income,2007,99.5,0,62.4
Azerbaijan,AZE,Europe & Central Asia,Upper middle income,2008,99.7,0.201,62.9
Azerbaijan,AZE,Europe & Central Asia,Upper middle income,2009,99.9,0.201,66.8
Azerbaijan,AZE,Europe & Central Asia,Upper middle income,2010,99.9,0,65
Azerbaijan,AZE,Europe & Central Asia,Upper middle income,2011,99.9,0,66.4
Azerbaijan,AZE,Europe & Central Asia,Upper middle income,2012,100,0.1,64.5
Azerbaijan,AZE,Europe & Central Asia,Upper middle income,2013,100,0,63.6
Azerbaijan,AZE,Europe & Central Asia,Upper middle income,2014,100,0,59.8
Azerbaijan,AZE,Europe & Central Asia,Upper middle income,2015,100,0,59.8
Azerbaijan,AZE,Europe & Central Asia,Upper middle income,2016,100,0,57.9
Azerbaijan,AZE,Europe & Central Asia,Upper middle income,2017,100,0,52.8
Azerbaijan,AZE,Europe & Central Asia,Upper middle income,2018,100,0,53.7
Azerbaijan,AZE,Europe & Central Asia,Upper middle income,2019,100,0,50.9
Azerbaijan,AZE,Europe & Central Asia,Upper middle income,2020,100,0,48.6
Azerbaijan,AZE,Europe & Central Asia,Upper middle income,2021,100,0,43
Azerbaijan,AZE,Europe & Central Asia,Upper middle income,2022,100,0,38.8
Azerbaijan,AZE,Europe & Central Asia,Upper middle income,2023,100,0,40.7
"Bahamas, The",BHS,Latin America & Caribbean,High income,2002,100,,69.2
"Bahamas, The",BHS,Latin America & Caribbean,High income,2003,100,0,70.6
"Bahamas, The",BHS,Latin America & Caribbean,High income,2004,100,0,72
"Bahamas, The",BHS,Latin America & Caribbean,High income,2005,100,0,73.5
"Bahamas, The",BHS,Latin America & Caribbean,High income,2006,100,0,71.6
"Bahamas, The",BHS,Latin America & Caribbean,High income,2007,100,0,70
"Bahamas, The",BHS,Latin America & Caribbean,High income,2008,100,0,68.5
"Bahamas, The",BHS,Latin America & Caribbean,High income,2009,100,0,68.7
"Bahamas, The",BHS,Latin America & Caribbean,High income,2010,100,0,65.9
"Bahamas, The",BHS,Latin America & Caribbean,High income,2011,100,0,67.3
"Bahamas, The",BHS,Latin America & Caribbean,High income,2012,100,0,64.5
"Bahamas, The",BHS,Latin America & Caribbean,High income,2013,100,0,63.6
"Bahamas, The",BHS,Latin America & Caribbean,High income,2014,100,0,59.8
"Bahamas, The",BHS,Latin America & Caribbean,High income,2015,100,0,59.8
"Bahamas, The",BHS,Latin America & Caribbean,High income,2016,100,0,57.9
"Bahamas, The",BHS,Latin America & Caribbean,High income,2017,100,0,52.8
"Bahamas, The",BHS,Latin America & Caribbean,High income,2018,100,0,53.7
"Bahamas, The",BHS,Latin America & Caribbean,High income,2019,100,0,50.9
"Bahamas, The",BHS,Latin America & Caribbean,High income,2020,100,0,48.6
"Bahamas, The",BHS,Latin America & Caribbean,High income,2021,100,0,43
"Bahamas, The",BHS,Latin America & Caribbean,High income,2022,100,0,38.8
"Bahamas, The",BHS,Latin America & Caribbean,High income,2023,100,0,40.7
Bahrain,BHR,"Middle East, North Africa, Afghanistan & Pakistan",High income,2002,100,,69.2
Bahrain,BHR,"Middle East, North Africa, Afghanistan & Pakistan",High income,2003,100,0,70.6
Bahrain,BHR,"Middle East, North Africa, Afghanistan & Pakistan",High income,2004,100,0,72
Bahrain,BHR,"Middle East, North Africa, Afghanistan & Pakistan",High income,2005,100,0,73.5
Bahrain,BHR,"Middle East, North Africa, Afghanistan & Pakistan",High income,2006,100,0,71.6
Bahrain,BHR,"Middle East, North Africa, Afghanistan & Pakistan",High income,2007,100,0,70
Bahrain,BHR,"Middle East, North Africa, Afghanistan & Pakistan",High income,2008,100,0,68.5
Bahrain,BHR,"Middle East, North Africa, Afghanistan & Pakistan",High income,2009,100,0,68.7
Bahrain,BHR,"Middle East, North Africa, Afghanistan & Pakistan",High income,2010,100,0,65.9
Bahrain,BHR,"Middle East, North Africa, Afghanistan & Pakistan",High income,2011,100,0,67.3
Bahrain,BHR,"Middle East, North Africa, Afghanistan & Pakistan",High income,2012,100,0,64.5
Bahrain,BHR,"Middle East, North Africa, Afghanistan & Pakistan",High income,2013,100,0,63.6
Bahrain,BHR,"Middle East, North Africa, Afghanistan & Pakistan",High income,2014,100,0,59.8
Bahrain,BHR,"Middle East, North Africa, Afghanistan & Pakistan",High income,2015,100,0,59.8
Bahrain,BHR,"Middle East, North Africa, Afghanistan & Pakistan",High income,2016,100,0,57.9
Bahrain,BHR,"Middle East, North Africa, Afghanistan & Pakistan",High income,2017,100,0,52.8
Bahrain,BHR,"Middle East, North Africa, Afghanistan & Pakistan",High income,2018,100,0,53.7
Bahrain,BHR,"Middle East, North Africa, Afghanistan & Pakistan",High income,2019,100,0,50.9
Bahrain,BHR,"Middle East, North Africa, Afghanistan & Pakistan",High income,2020,100,0,48.6
Bahrain,BHR,"Middle East, North Africa, Afghanistan & Pakistan",High income,2021,100,0,43
Bahrain,BHR,"Middle East, North Africa, Afghanistan & Pakistan",High income,2022,100,0,38.8
Bahrain,BHR,"Middle East, North Africa, Afghanistan & Pakistan",High income,2023,100,0,40.7
Bangladesh,BGD,South Asia,Lower middle income,2002,37.8,,19.9
Bangladesh,BGD,South Asia,Lower middle income,2003,40.5,7.143,19.4
Bangladesh,BGD,South Asia,Lower middle income,2004,40.6,0.247,19.9
Bangladesh,BGD,South Asia,Lower middle income,2005,44.2,8.867,19.4
Bangladesh,BGD,South Asia,Lower middle income,2006,50.5,14.253,20.9
Bangladesh,BGD,South Asia,Lower middle income,2007,46.5,-7.921,19.7
Bangladesh,BGD,South Asia,Lower middle income,2008,54.3,16.774,21.6
Bangladesh,BGD,South Asia,Lower middle income,2009,57.1,5.157,22.4
Bangladesh,BGD,South Asia,Lower middle income,2010,55.3,-3.152,21.5
Bangladesh,BGD,South Asia,Lower middle income,2011,59.6,7.776,22.9
Bangladesh,BGD,South Asia,Lower middle income,2012,65.5,9.899,23.8
Bangladesh,BGD,South Asia,Lower middle income,2013,61.5,-6.107,22
Bangladesh,BGD,South Asia,Lower middle income,2014,62.4,1.463,21.5
Bangladesh,BGD,South Asia,Lower middle income,2015,74,18.59,25.2
Bangladesh,BGD,South Asia,Lower middle income,2016,75.9,2.568,24.3
Bangladesh,BGD,South Asia,Lower middle income,2017,88,15.942,28
Bangladesh,BGD,South Asia,Lower middle income,2018,86.9,-1.25,27.1
Bangladesh,BGD,South Asia,Lower middle income,2019,92.2,6.099,29.9
Bangladesh,BGD,South Asia,Lower middle income,2020,96.2,4.338,31.3
Bangladesh,BGD,South Asia,Lower middle income,2021,99,2.911,36
Bangladesh,BGD,South Asia,Lower middle income,2022,99.4,0.404,35.5
Bangladesh,BGD,South Asia,Lower middle income,2023,99.5,0.101,36
Barbados,BRB,Latin America & Caribbean,High income,2002,100,,69.2
Barbados,BRB,Latin America & Caribbean,High income,2003,100,0,70.6
Barbados,BRB,Latin America & Caribbean,High income,2004,99.9,-0.1,69.7
Barbados,BRB,Latin America & Caribbean,High income,2005,99.9,0,70.6
Barbados,BRB,Latin America & Caribbean,High income,2006,100,0.1,71.6
Barbados,BRB,Latin America & Caribbean,High income,2007,100,0,70
Barbados,BRB,Latin America & Caribbean,High income,2008,100,0,68.5
Barbados,BRB,Latin America & Caribbean,High income,2009,100,0,68.7
Barbados,BRB,Latin America & Caribbean,High income,2010,100,0,65.9
Barbados,BRB,Latin America & Caribbean,High income,2011,100,0,67.3
Barbados,BRB,Latin America & Caribbean,High income,2012,100,0,64.5
Barbados,BRB,Latin America & Caribbean,High income,2013,100,0,63.6
Barbados,BRB,Latin America & Caribbean,High income,2014,100,0,59.8
Barbados,BRB,Latin America & Caribbean,High income,2015,100,0,59.8
Barbados,BRB,Latin America & Caribbean,High income,2016,100,0,57.9
Barbados,BRB,Latin America & Caribbean,High income,2017,100,0,52.8
Barbados,BRB,Latin America & Caribbean,High income,2018,100,0,53.7
Barbados,BRB,Latin America & Caribbean,High income,2019,100,0,50.9
Barbados,BRB,Latin America & Caribbean,High income,2020,100,0,48.6
Barbados,BRB,Latin America & Caribbean,High income,2021,100,0,43
Barbados,BRB,Latin America & Caribbean,High income,2022,100,0,38.8
Barbados,BRB,Latin America & Caribbean,High income,2023,100,0,40.7
Belarus,BLR,Europe & Central Asia,Upper middle income,2002,90,,42.7
Belarus,BLR,Europe & Central Asia,Upper middle income,2003,90.5,0.556,42.2
Belarus,BLR,Europe & Central Asia,Upper middle income,2004,91,0.552,41.7
Belarus,BLR,Europe & Central Asia,Upper middle income,2005,91.5,0.549,42.2
Belarus,BLR,Europe & Central Asia,Upper middle income,2006,92.1,0.656,41.2
Belarus,BLR,Europe & Central Asia,Upper middle income,2007,92.6,0.543,42.3
Belarus,BLR,Europe & Central Asia,Upper middle income,2008,93.2,0.648,41.8
Belarus,BLR,Europe & Central Asia,Upper middle income,2009,93.8,0.644,42.1
Belarus,BLR,Europe & Central Asia,Upper middle income,2010,94.4,0.64,42.5
Belarus,BLR,Europe & Central Asia,Upper middle income,2011,95,0.636,42.1
Belarus,BLR,Europe & Central Asia,Upper middle income,2012,95.6,0.632,42.1
Belarus,BLR,Europe & Central Asia,Upper middle income,2013,96.2,0.628,40.7
Belarus,BLR,Europe & Central Asia,Upper middle income,2014,96.8,0.624,40.7
Belarus,BLR,Europe & Central Asia,Upper middle income,2015,97.4,0.62,41.1
Belarus,BLR,Europe & Central Asia,Upper middle income,2016,98,0.616,41.6
Belarus,BLR,Europe & Central Asia,Upper middle income,2017,98.7,0.714,41.6
Belarus,BLR,Europe & Central Asia,Upper middle income,2018,99.3,0.608,42.1
Belarus,BLR,Europe & Central Asia,Upper middle income,2019,100,0.705,50.9
Belarus,BLR,Europe & Central Asia,Upper middle income,2020,100,0,48.6
Belarus,BLR,Europe & Central Asia,Upper middle income,2021,100,0,43
Belarus,BLR,Europe & Central Asia,Upper middle income,2022,100,0,38.8
Belarus,BLR,Europe & Central Asia,Upper middle income,2023,100,0,40.7
Belgium,BEL,Europe & Central Asia,High income,2002,100,,69.2
Belgium,BEL,Europe & Central Asia,High income,2003,100,0,70.6
Belgium,BEL,Europe & Central Asia,High income,2004,100,0,72
Belgium,BEL,Europe & Central Asia,High income,2005,100,0,73.5
Belgium,BEL,Europe & Central Asia,High income,2006,100,0,71.6
Belgium,BEL,Europe & Central Asia,High income,2007,100,0,70
Belgium,BEL,Europe & Central Asia,High income,2008,100,0,68.5
Belgium,BEL,Europe & Central Asia,High income,2009,100,0,68.7
Belgium,BEL,Europe & Central Asia,High income,2010,100,0,65.9
Belgium,BEL,Europe & Central Asia,High income,2011,100,0,67.3
Belgium,BEL,Europe & Central Asia,High income,2012,100,0,64.5
Belgium,BEL,Europe & Central Asia,High income,2013,100,0,63.6
Belgium,BEL,Europe & Central Asia,High income,2014,100,0,59.8
Belgium,BEL,Europe & Central Asia,High income,2015,100,0,59.8
Belgium,BEL,Europe & Central Asia,High income,2016,100,0,57.9
Belgium,BEL,Europe & Central Asia,High income,2017,100,0,52.8
Belgium,BEL,Europe & Central Asia,High income,2018,100,0,53.7
Belgium,BEL,Europe & Central Asia,High income,2019,100,0,50.9
Belgium,BEL,Europe & Central Asia,High income,2020,100,0,48.6
Belgium,BEL,Europe & Central Asia,High income,2021,100,0,43
Belgium,BEL,Europe & Central Asia,High income,2022,100,0,38.8
Belgium,BEL,Europe & Central Asia,High income,2023,100,0,40.7
Belize,BLZ,Latin America & Caribbean,Upper middle income,2002,81,,35.1
Belize,BLZ,Latin America & Caribbean,Upper middle income,2003,81.8,0.988,35.1
Belize,BLZ,Latin America & Caribbean,Upper middle income,2004,82.6,0.978,34.6
Belize,BLZ,Latin America & Caribbean,Upper middle income,2005,83.5,1.09,34.6
Belize,BLZ,Latin America & Caribbean,Upper middle income,2006,91,8.982,39.3
Belize,BLZ,Latin America & Caribbean,Upper middle income,2007,85.2,-6.374,35.2
Belize,BLZ,Latin America & Caribbean,Upper middle income,2008,86.1,1.056,35.7
Belize,BLZ,Latin America & Caribbean,Upper middle income,2009,86.9,0.929,36
Belize,BLZ,Latin America & Caribbean,Upper middle income,2010,89.9,3.452,36.4
Belize,BLZ,Latin America & Caribbean,Upper middle income,2011,91.7,2.002,37.9
Belize,BLZ,Latin America & Caribbean,Upper middle income,2012,90.9,-0.872,36
Belize,BLZ,Latin America & Caribbean,Upper middle income,2013,91.1,0.22,36.4
Belize,BLZ,Latin America & Caribbean,Upper middle income,2014,91.5,0.439,35.5
Belize,BLZ,Latin America & Caribbean,Upper middle income,2015,91.8,0.328,35
Belize,BLZ,Latin America & Caribbean,Upper middle income,2016,93.3,1.634,35
Belize,BLZ,Latin America & Caribbean,Upper middle income,2017,94.2,0.965,35
Belize,BLZ,Latin America & Caribbean,Upper middle income,2018,91.7,-2.654,29.9
Belize,BLZ,Latin America & Caribbean,Upper middle income,2019,92.7,1.091,30.4
Belize,BLZ,Latin America & Caribbean,Upper middle income,2020,96.8,4.423,33.6
Belize,BLZ,Latin America & Caribbean,Upper middle income,2021,97.7,0.93,32.2
Belize,BLZ,Latin America & Caribbean,Upper middle income,2022,98.6,0.921,33.6
Belize,BLZ,Latin America & Caribbean,Upper middle income,2023,99.6,1.014,36.9
Benin,BEN,Sub-Saharan Africa,Lower middle income,2002,23.4,,12.8
Benin,BEN,Sub-Saharan Africa,Lower middle income,2003,24.3,3.846,12.8
Benin,BEN,Sub-Saharan Africa,Lower middle income,2004,25.2,3.704,12.8
Benin,BEN,Sub-Saharan Africa,Lower middle income,2005,26.1,3.571,11.8
Benin,BEN,Sub-Saharan Africa,Lower middle income,2006,27.9,6.897,12.3
Benin,BEN,Sub-Saharan Africa,Lower middle income,2007,28,0.358,11.7
Benin,BEN,Sub-Saharan Africa,Lower middle income,2008,29,3.571,12.2
Benin,BEN,Sub-Saharan Africa,Lower middle income,2009,30,3.448,13.1
Benin,BEN,Sub-Saharan Africa,Lower middle income,2010,34.2,14,12.1
Benin,BEN,Sub-Saharan Africa,Lower middle income,2011,36.9,7.895,12.1
Benin,BEN,Sub-Saharan Africa,Lower middle income,2012,38.4,4.065,12.6
Benin,BEN,Sub-Saharan Africa,Lower middle income,2013,34.7,-9.635,10.7
Benin,BEN,Sub-Saharan Africa,Lower middle income,2014,34.1,-1.729,10.7
Benin,BEN,Sub-Saharan Africa,Lower middle income,2015,29.6,-13.196,8.4
Benin,BEN,Sub-Saharan Africa,Lower middle income,2016,37,25,9.3
Benin,BEN,Sub-Saharan Africa,Lower middle income,2017,34.5,-6.757,8.4
Benin,BEN,Sub-Saharan Africa,Lower middle income,2018,39,13.043,7.5
Benin,BEN,Sub-Saharan Africa,Lower middle income,2019,40,2.564,7
Benin,BEN,Sub-Saharan Africa,Lower middle income,2020,41,2.5,7
Benin,BEN,Sub-Saharan Africa,Lower middle income,2021,42,2.439,6.5
Benin,BEN,Sub-Saharan Africa,Lower middle income,2022,56.5,34.524,14.5
Benin,BEN,Sub-Saharan Africa,Lower middle income,2023,57,0.885,12.6
Bermuda,BMU,North America,High income,2002,100,,69.2
Bermuda,BMU,North America,High income,2003,100,0,70.6
Bermuda,BMU,North America,High income,2004,100,0,72
Bermuda,BMU,North America,High income,2005,100,0,73.5
Bermuda,BMU,North America,High income,2006,100,0,71.6
Bermuda,BMU,North America,High income,2007,100,0,70
Bermuda,BMU,North America,High income,2008,100,0,68.5
Bermuda,BMU,North America,High income,2009,100,0,68.7
Bermuda,BMU,North America,High income,2010,100,0,65.9
Bermuda,BMU,North America,High income,2011,100,0,67.3
Bermuda,BMU,North America,High income,2012,100,0,64.5
Bermuda,BMU,North America,High income,2013,100,0,63.6
Bermuda,BMU,North America,High income,2014,100,0,59.8
Bermuda,BMU,North America,High income,2015,100,0,59.8
Bermuda,BMU,North America,High income,2016,100,0,57.9
Bermuda,BMU,North America,High income,2017,100,0,52.8
Bermuda,BMU,North America,High income,2018,100,0,53.7
Bermuda,BMU,North America,High income,2019,100,0,50.9
Bermuda,BMU,North America,High income,2020,100,0,48.6
Bermuda,BMU,North America,High income,2021,100,0,43
Bermuda,BMU,North America,High income,2022,100,0,38.8
Bermuda,BMU,North America,High income,2023,100,0,40.7
Bhutan,BTN,South Asia,Lower middle income,2002,44.1,,20.9
Bhutan,BTN,South Asia,Lower middle income,2003,41.1,-6.803,19.9
Bhutan,BTN,South Asia,Lower middle income,2004,51.9,26.277,23.2
Bhutan,BTN,South Asia,Lower middle income,2005,59.8,15.222,25.6
Bhutan,BTN,South Asia,Lower middle income,2006,59.7,-0.167,25.1
Bhutan,BTN,South Asia,Lower middle income,2007,71.8,20.268,27.7
Bhutan,BTN,South Asia,Lower middle income,2008,67.6,-5.85,26.8
Bhutan,BTN,South Asia,Lower middle income,2009,71.5,5.769,27.6
Bhutan,BTN,South Asia,Lower middle income,2010,73.3,2.517,27.6
Bhutan,BTN,South Asia,Lower middle income,2011,81.8,11.596,29.4
Bhutan,BTN,South Asia,Lower middle income,2012,91.5,11.858,36.9
Bhutan,BTN,South Asia,Lower middle income,2013,87.4,-4.481,31.8
Bhutan,BTN,South Asia,Lower middle income,2014,91.4,4.577,35
Bhutan,BTN,South Asia,Lower middle income,2015,95.4,4.376,38.3
Bhutan,BTN,South Asia,Lower middle income,2016,99.3,4.088,45.8
Bhutan,BTN,South Asia,Lower middle income,2017,97.7,-1.611,38.8
Bhutan,BTN,South Asia,Lower middle income,2018,100,2.354,53.7
Bhutan,BTN,South Asia,Lower middle income,2019,100,0,50.9
Bhutan,BTN,South Asia,Lower middle income,2020,100,0,48.6
Bhutan,BTN,South Asia,Lower middle income,2021,100,0,43
Bhutan,BTN,South Asia,Lower middle income,2022,100,0,38.8
Bhutan,BTN,South Asia,Lower middle income,2023,100,0,40.7
Bolivia,BOL,Latin America & Caribbean,Lower middle income,2002,64,,28
Bolivia,BOL,Latin America & Caribbean,Lower middle income,2003,72.3,12.969,28.4
Bolivia,BOL,Latin America & Caribbean,Lower middle income,2004,75.9,4.979,30.3
Bolivia,BOL,Latin America & Caribbean,Lower middle income,2005,68.3,-10.013,27
Bolivia,BOL,Latin America & Caribbean,Lower middle income,2006,76.2,11.567,28.9
Bolivia,BOL,Latin America & Caribbean,Lower middle income,2007,80.2,5.249,31.5
Bolivia,BOL,Latin America & Caribbean,Lower middle income,2008,84.7,5.611,34.3
Bolivia,BOL,Latin America & Caribbean,Lower middle income,2009,86.8,2.479,35.5
Bolivia,BOL,Latin America & Caribbean,Lower middle income,2010,88,1.382,34.1
Bolivia,BOL,Latin America & Caribbean,Lower middle income,2011,88.3,0.341,33.6
Bolivia,BOL,Latin America & Caribbean,Lower middle income,2012,90.4,2.378,34.6
Bolivia,BOL,Latin America & Caribbean,Lower middle income,2013,89.5,-0.996,34.1
Bolivia,BOL,Latin America & Caribbean,Lower middle income,2014,90,0.559,32.7
Bolivia,BOL,Latin America & Caribbean,Lower middle income,2015,91.5,1.667,34.1
Bolivia,BOL,Latin America & Caribbean,Lower middle income,2016,91.8,0.328,31.3
Bolivia,BOL,Latin America & Caribbean,Lower middle income,2017,91.8,0,30.4
Bolivia,BOL,Latin America & Caribbean,Lower middle income,2018,92.8,1.089,30.8
Bolivia,BOL,Latin America & Caribbean,Lower middle income,2019,95.1,2.478,32.2
Bolivia,BOL,Latin America & Caribbean,Lower middle income,2020,97.2,2.208,35
Bolivia,BOL,Latin America & Caribbean,Lower middle income,2021,98.6,1.44,35
Bolivia,BOL,Latin America & Caribbean,Lower middle income,2022,99.9,1.318,36.9
Bolivia,BOL,Latin America & Caribbean,Lower middle income,2023,99.8,-0.1,38.8
Bosnia and Herzegovina,BIH,Europe & Central Asia,Upper middle income,2002,98.5,,55.9
Bosnia and Herzegovina,BIH,Europe & Central Asia,Upper middle income,2003,99,0.508,58.8
Bosnia and Herzegovina,BIH,Europe & Central Asia,Upper middle income,2004,99.1,0.101,59.7
Bosnia and Herzegovina,BIH,Europe & Central Asia,Upper middle income,2005,99.1,0,58.8
Bosnia and Herzegovina,BIH,Europe & Central Asia,Upper middle income,2006,99.4,0.303,59.2
Bosnia and Herzegovina,BIH,Europe & Central Asia,Upper middle income,2007,99.7,0.302,64.8
Bosnia and Herzegovina,BIH,Europe & Central Asia,Upper middle income,2008,99.3,-0.401,58.7
Bosnia and Herzegovina,BIH,Europe & Central Asia,Upper middle income,2009,99.4,0.101,59.3
Bosnia and Herzegovina,BIH,Europe & Central Asia,Upper middle income,2010,99.5,0.101,57.9
Bosnia and Herzegovina,BIH,Europe & Central Asia,Upper middle income,2011,99.7,0.201,60.7
Bosnia and Herzegovina,BIH,Europe & Central Asia,Upper middle income,2012,99.7,0,58.9
Bosnia and Herzegovina,BIH,Europe & Central Asia,Upper middle income,2013,99.5,-0.201,54.2
Bosnia and Herzegovina,BIH,Europe & Central Asia,Upper middle income,2014,99.9,0.402,58.4
Bosnia and Herzegovina,BIH,Europe & Central Asia,Upper middle income,2015,99.7,-0.2,52.8
Bosnia and Herzegovina,BIH,Europe & Central Asia,Upper middle income,2016,100,0.301,57.9
Bosnia and Herzegovina,BIH,Europe & Central Asia,Upper middle income,2017,100,0,52.8
Bosnia and Herzegovina,BIH,Europe & Central Asia,Upper middle income,2018,100,0,53.7
Bosnia and Herzegovina,BIH,Europe & Central Asia,Upper middle income,2019,100,0,50.9
Bosnia and Herzegovina,BIH,Europe & Central Asia,Upper middle income,2020,100,0,48.6
Bosnia and Herzegovina,BIH,Europe & Central Asia,Upper middle income,2021,100,0,43
Bosnia and Herzegovina,BIH,Europe & Central Asia,Upper middle income,2022,100,0,38.8
Bosnia and Herzegovina,BIH,Europe & Central Asia,Upper middle income,2023,100,0,40.7
Botswana,BWA,Sub-Saharan Africa,Upper middle income,2002,27,,15.2
Botswana,BWA,Sub-Saharan Africa,Upper middle income,2003,33.1,22.593,17.5
Botswana,BWA,Sub-Saharan Africa,Upper middle income,2004,35.3,6.647,17.5
Botswana,BWA,Sub-Saharan Africa,Upper middle income,2005,37.5,6.232,18
Botswana,BWA,Sub-Saharan Africa,Upper middle income,2006,39.7,5.867,18
Botswana,BWA,Sub-Saharan Africa,Upper middle income,2007,41.9,5.542,18.8
Botswana,BWA,Sub-Saharan Africa,Upper middle income,2008,44.5,6.205,19.2
Botswana,BWA,Sub-Saharan Africa,Upper middle income,2009,43.4,-2.472,17.8
Botswana,BWA,Sub-Saharan Africa,Upper middle income,2010,52,19.816,20.1
Botswana,BWA,Sub-Saharan Africa,Upper middle income,2011,53.2,2.308,19.6
Botswana,BWA,Sub-Saharan Africa,Upper middle income,2012,56,5.263,21.5
Botswana,BWA,Sub-Saharan Africa,Upper middle income,2013,58,3.571,20.6
Botswana,BWA,Sub-Saharan Africa,Upper middle income,2014,60,3.448,20.1
Botswana,BWA,Sub-Saharan Africa,Upper middle income,2015,62.1,3.5,20.1
Botswana,BWA,Sub-Saharan Africa,Upper middle income,2016,64.2,3.382,20.1
Botswana,BWA,Sub-Saharan Africa,Upper middle income,2017,67.4,4.984,20.6
Botswana,BWA,Sub-Saharan Africa,Upper middle income,2018,68.3,1.335,22
Botswana,BWA,Sub-Saharan Africa,Upper middle income,2019,70.1,2.635,21
Botswana,BWA,Sub-Saharan Africa,Upper middle income,2020,71.8,2.425,21
Botswana,BWA,Sub-Saharan Africa,Upper middle income,2021,73.7,2.646,20.6
Botswana,BWA,Sub-Saharan Africa,Upper middle income,2022,75.9,2.985,20.6
Botswana,BWA,Sub-Saharan Africa,Upper middle income,2023,76,0.132,20.1
Brazil,BRA,Latin America & Caribbean,Upper middle income,2002,96.7,,49.8
Brazil,BRA,Latin America & Caribbean,Upper middle income,2003,97,0.31,50.2
Brazil,BRA,Latin America & Caribbean,Upper middle income,2004,96.8,-0.206,49.3
Brazil,BRA,Latin America & Caribbean,Upper middle income,2005,97.1,0.31,50.2
Brazil,BRA,Latin America & Caribbean,Upper middle income,2006,97.6,0.515,47.9
Brazil,BRA,Latin America & Caribbean,Upper middle income,2007,98.1,0.512,51.6
Brazil,BRA,Latin America & Caribbean,Upper middle income,2008,98.5,0.408,51.6
Brazil,BRA,Latin America & Caribbean,Upper middle income,2009,98.9,0.406,51.9
Brazil,BRA,Latin America & Caribbean,Upper middle income,2010,98.6,-0.303,49.1
Brazil,BRA,Latin America & Caribbean,Upper middle income,2011,99.3,0.71,55.6
Brazil,BRA,Latin America & Caribbean,Upper middle income,2012,99.5,0.201,54.2
Brazil,BRA,Latin America & Caribbean,Upper middle income,2013,99.6,0.101,54.7
Brazil,BRA,Latin America & Caribbean,Upper middle income,2014,99.7,0.1,51.9
Brazil,BRA,Latin America & Caribbean,Upper middle income,2015,99.7,0,52.8
Brazil,BRA,Latin America & Caribbean,Upper middle income,2016,99.7,0,49.5
Brazil,BRA,Latin America & Caribbean,Upper middle income,2017,99.8,0.1,47.7
Brazil,BRA,Latin America & Caribbean,Upper middle income,2018,99.7,-0.1,45.8
Brazil,BRA,Latin America & Caribbean,Upper middle income,2019,99.8,0.1,45.3
Brazil,BRA,Latin America & Caribbean,Upper middle income,2020,99.7,-0.1,40.7
Brazil,BRA,Latin America & Caribbean,Upper middle income,2021,99.5,-0.201,36.9
Brazil,BRA,Latin America & Caribbean,Upper middle income,2022,100,0.503,38.8
Brazil,BRA,Latin America & Caribbean,Upper middle income,2023,99.8,-0.2,38.8
British Virgin Islands,VGB,Latin America & Caribbean,High income,2002,97.3,,51.2
British Virgin Islands,VGB,Latin America & Caribbean,High income,2003,97.4,0.103,51.2
British Virgin Islands,VGB,Latin America & Caribbean,High income,2004,97.5,0.103,50.7
British Virgin Islands,VGB,Latin America & Caribbean,High income,2005,97.6,0.103,51.2
British Virgin Islands,VGB,Latin America & Caribbean,High income,2006,97.8,0.205,48.8
British Virgin Islands,VGB,Latin America & Caribbean,High income,2007,97.9,0.102,50.2
British Virgin Islands,VGB,Latin America & Caribbean,High income,2008,98.1,0.204,49.8
British Virgin Islands,VGB,Latin America & Caribbean,High income,2009,98.3,0.204,49.1
British Virgin Islands,VGB,Latin America & Caribbean,High income,2010,98.3,0,48.1
British Virgin Islands,VGB,Latin America & Caribbean,High income,2011,98.7,0.407,49.1
British Virgin Islands,VGB,Latin America & Caribbean,High income,2012,98.9,0.203,49.1
British Virgin Islands,VGB,Latin America & Caribbean,High income,2013,99.1,0.202,49.1
British Virgin Islands,VGB,Latin America & Caribbean,High income,2014,99.2,0.101,47.7
British Virgin Islands,VGB,Latin America & Caribbean,High income,2015,100,0.806,59.8
British Virgin Islands,VGB,Latin America & Caribbean,High income,2016,100,0,57.9
British Virgin Islands,VGB,Latin America & Caribbean,High income,2017,100,0,52.8
British Virgin Islands,VGB,Latin America & Caribbean,High income,2018,100,0,53.7
British Virgin Islands,VGB,Latin America & Caribbean,High income,2019,100,0,50.9
British Virgin Islands,VGB,Latin America & Caribbean,High income,2020,100,0,48.6
British Virgin Islands,VGB,Latin America & Caribbean,High income,2021,100,0,43
British Virgin Islands,VGB,Latin America & Caribbean,High income,2022,100,0,38.8
British Virgin Islands,VGB,Latin America & Caribbean,High income,2023,100,0,40.7
Brunei Darussalam,BRN,East Asia & Pacific,High income,2002,100,,69.2
Brunei Darussalam,BRN,East Asia & Pacific,High income,2003,100,0,70.6
Brunei Darussalam,BRN,East Asia & Pacific,High income,2004,100,0,72
Brunei Darussalam,BRN,East Asia & Pacific,High income,2005,100,0,73.5
Brunei Darussalam,BRN,East Asia & Pacific,High income,2006,100,0,71.6
Brunei Darussalam,BRN,East Asia & Pacific,High income,2007,100,0,70
Brunei Darussalam,BRN,East Asia & Pacific,High income,2008,100,0,68.5
Brunei Darussalam,BRN,East Asia & Pacific,High income,2009,100,0,68.7
Brunei Darussalam,BRN,East Asia & Pacific,High income,2010,100,0,65.9
Brunei Darussalam,BRN,East Asia & Pacific,High income,2011,100,0,67.3
Brunei Darussalam,BRN,East Asia & Pacific,High income,2012,100,0,64.5
Brunei Darussalam,BRN,East Asia & Pacific,High income,2013,100,0,63.6
Brunei Darussalam,BRN,East Asia & Pacific,High income,2014,100,0,59.8
Brunei Darussalam,BRN,East Asia & Pacific,High income,2015,100,0,59.8
Brunei Darussalam,BRN,East Asia & Pacific,High income,2016,100,0,57.9
Brunei Darussalam,BRN,East Asia & Pacific,High income,2017,100,0,52.8
Brunei Darussalam,BRN,East Asia & Pacific,High income,2018,100,0,53.7
Brunei Darussalam,BRN,East Asia & Pacific,High income,2019,100,0,50.9
Brunei Darussalam,BRN,East Asia & Pacific,High income,2020,100,0,48.6
Brunei Darussalam,BRN,East Asia & Pacific,High income,2021,100,0,43
Brunei Darussalam,BRN,East Asia & Pacific,High income,2022,100,0,38.8
Brunei Darussalam,BRN,East Asia & Pacific,High income,2023,100,0,40.7
Bulgaria,BGR,Europe & Central Asia,High income,2002,89.1,,40.8
Bulgaria,BGR,Europe & Central Asia,High income,2003,89.6,0.561,40.8
Bulgaria,BGR,Europe & Central Asia,High income,2004,90.1,0.558,40.3
Bulgaria,BGR,Europe & Central Asia,High income,2005,90.6,0.555,40.8
Bulgaria,BGR,Europe & Central Asia,High income,2006,91.2,0.662,40.3
Bulgaria,BGR,Europe & Central Asia,High income,2007,91.7,0.548,40.8
Bulgaria,BGR,Europe & Central Asia,High income,2008,92.3,0.654,40.4
Bulgaria,BGR,Europe & Central Asia,High income,2009,92.9,0.65,40.7
Bulgaria,BGR,Europe & Central Asia,High income,2010,93.5,0.646,41.1
Bulgaria,BGR,Europe & Central Asia,High income,2011,94.1,0.642,39.7
Bulgaria,BGR,Europe & Central Asia,High income,2012,94.7,0.638,40.7
Bulgaria,BGR,Europe & Central Asia,High income,2013,95.3,0.634,40.2
Bulgaria,BGR,Europe & Central Asia,High income,2014,95.9,0.63,39.7
Bulgaria,BGR,Europe & Central Asia,High income,2015,96.6,0.73,39.7
Bulgaria,BGR,Europe & Central Asia,High income,2016,97.3,0.725,38.3
Bulgaria,BGR,Europe & Central Asia,High income,2017,98.1,0.822,39.7
Bulgaria,BGR,Europe & Central Asia,High income,2018,98.7,0.612,39.7
Bulgaria,BGR,Europe & Central Asia,High income,2019,99.2,0.507,40.2
Bulgaria,BGR,Europe & Central Asia,High income,2020,99.7,0.504,40.7
Bulgaria,BGR,Europe & Central Asia,High income,2021,99.8,0.1,39.7
Bulgaria,BGR,Europe & Central Asia,High income,2022,100,0.2,38.8
Bulgaria,BGR,Europe & Central Asia,High income,2023,100,0,40.7
Burkina Faso,BFA,Sub-Saharan Africa,Low income,2002,9.9,,6.2
Burkina Faso,BFA,Sub-Saharan Africa,Low income,2003,11.4,15.152,6.6
Burkina Faso,BFA,Sub-Saharan Africa,Low income,2004,10.7,-6.14,4.3
Burkina Faso,BFA,Sub-Saharan Africa,Low income,2005,11.1,3.738,4.7
Burkina Faso,BFA,Sub-Saharan Africa,Low income,2006,11.6,4.505,4.3
Burkina Faso,BFA,Sub-Saharan Africa,Low income,2007,12,3.448,3.8
Burkina Faso,BFA,Sub-Saharan Africa,Low income,2008,12.5,4.167,5.6
Burkina Faso,BFA,Sub-Saharan Africa,Low income,2009,12.6,0.8,5.1
Burkina Faso,BFA,Sub-Saharan Africa,Low income,2010,13.1,3.968,5.6
Burkina Faso,BFA,Sub-Saharan Africa,Low income,2011,14.8,12.977,6.5
Burkina Faso,BFA,Sub-Saharan Africa,Low income,2012,15.1,2.027,3.7
Burkina Faso,BFA,Sub-Saharan Africa,Low income,2013,15.4,1.987,5.6
Burkina Faso,BFA,Sub-Saharan Africa,Low income,2014,19.2,24.675,5.1
Burkina Faso,BFA,Sub-Saharan Africa,Low income,2015,16.2,-15.625,2.8
Burkina Faso,BFA,Sub-Saharan Africa,Low income,2016,16.6,2.469,2.8
Burkina Faso,BFA,Sub-Saharan Africa,Low income,2017,17,2.41,2.3
Burkina Faso,BFA,Sub-Saharan Africa,Low income,2018,14.4,-15.294,1.4
Burkina Faso,BFA,Sub-Saharan Africa,Low income,2019,17.6,22.222,2.3
Burkina Faso,BFA,Sub-Saharan Africa,Low income,2020,18.5,5.114,2.3
Burkina Faso,BFA,Sub-Saharan Africa,Low income,2021,19,2.703,2.8
Burkina Faso,BFA,Sub-Saharan Africa,Low income,2022,19.5,2.632,2.8
Burkina Faso,BFA,Sub-Saharan Africa,Low income,2023,21.7,11.282,3.3
Burundi,BDI,Sub-Saharan Africa,Low income,2002,3.1,,0.5
Burundi,BDI,Sub-Saharan Africa,Low income,2003,3.4,9.677,0.5
Burundi,BDI,Sub-Saharan Africa,Low income,2004,3.7,8.824,0.5
Burundi,BDI,Sub-Saharan Africa,Low income,2005,3.2,-13.514,0
Burundi,BDI,Sub-Saharan Africa,Low income,2006,2.7,-15.625,0
Burundi,BDI,Sub-Saharan Africa,Low income,2007,4.7,74.074,0.9
Burundi,BDI,Sub-Saharan Africa,Low income,2008,4.8,2.128,0.9
Burundi,BDI,Sub-Saharan Africa,Low income,2009,5.4,12.5,1.4
Burundi,BDI,Sub-Saharan Africa,Low income,2010,5.3,-1.852,0.5
Burundi,BDI,Sub-Saharan Africa,Low income,2011,6.2,16.981,0.9
Burundi,BDI,Sub-Saharan Africa,Low income,2012,6.5,4.839,0.5
Burundi,BDI,Sub-Saharan Africa,Low income,2013,6.9,6.154,0.5
Burundi,BDI,Sub-Saharan Africa,Low income,2014,7,1.449,0.5
Burundi,BDI,Sub-Saharan Africa,Low income,2015,7.9,12.857,0.9
Burundi,BDI,Sub-Saharan Africa,Low income,2016,8.5,7.595,0.5
Burundi,BDI,Sub-Saharan Africa,Low income,2017,9.3,9.412,0.5
Burundi,BDI,Sub-Saharan Africa,Low income,2018,9.5,2.151,0.5
Burundi,BDI,Sub-Saharan Africa,Low income,2019,9.8,3.158,0.9
Burundi,BDI,Sub-Saharan Africa,Low income,2020,9.1,-7.143,0.5
Burundi,BDI,Sub-Saharan Africa,Low income,2021,10.2,12.088,0.5
Burundi,BDI,Sub-Saharan Africa,Low income,2022,10.3,0.98,0.5
Burundi,BDI,Sub-Saharan Africa,Low income,2023,11.6,12.621,0.5
Cabo Verde,CPV,Sub-Saharan Africa,Upper middle income,2002,58.6,,26.1
Cabo Verde,CPV,Sub-Saharan Africa,Upper middle income,2003,63.7,8.703,26.5
Cabo Verde,CPV,Sub-Saharan Africa,Upper middle income,2004,65.4,2.669,27.5
Cabo Verde,CPV,Sub-Saharan Africa,Upper middle income,2005,67,2.446,26.5
Cabo Verde,CPV,Sub-Saharan Africa,Upper middle income,2006,68.8,2.687,27
Cabo Verde,CPV,Sub-Saharan Africa,Upper middle income,2007,70.5,2.471,27.2
Cabo Verde,CPV,Sub-Saharan Africa,Upper middle income,2008,72.3,2.553,27.7
Cabo Verde,CPV,Sub-Saharan Africa,Upper middle income,2009,74.1,2.49,28
Cabo Verde,CPV,Sub-Saharan Africa,Upper middle income,2010,81.1,9.447,29.9
Cabo Verde,CPV,Sub-Saharan Africa,Upper middle income,2011,82.3,1.48,30.4
Cabo Verde,CPV,Sub-Saharan Africa,Upper middle income,2012,83.2,1.094,29
Cabo Verde,CPV,Sub-Saharan Africa,Upper middle income,2013,84.3,1.322,29.4
Cabo Verde,CPV,Sub-Saharan Africa,Upper middle income,2014,85.3,1.186,28.5
Cabo Verde,CPV,Sub-Saharan Africa,Upper middle income,2015,86.4,1.29,28
Cabo Verde,CPV,Sub-Saharan Africa,Upper middle income,2016,87.5,1.273,27.1
Cabo Verde,CPV,Sub-Saharan Africa,Upper middle income,2017,88.6,1.257,28.5
Cabo Verde,CPV,Sub-Saharan Africa,Upper middle income,2018,90.2,1.806,28.5
Cabo Verde,CPV,Sub-Saharan Africa,Upper middle income,2019,91.4,1.33,29
Cabo Verde,CPV,Sub-Saharan Africa,Upper middle income,2020,93.7,2.516,29.4
Cabo Verde,CPV,Sub-Saharan Africa,Upper middle income,2021,95.5,1.921,30.8
Cabo Verde,CPV,Sub-Saharan Africa,Upper middle income,2022,97.1,1.675,32.2
Cabo Verde,CPV,Sub-Saharan Africa,Upper middle income,2023,98.6,1.545,32.7
Cambodia,KHM,East Asia & Pacific,Lower middle income,2002,13.1,,8.5
Cambodia,KHM,East Asia & Pacific,Lower middle income,2003,19.3,47.328,10.9
Cambodia,KHM,East Asia & Pacific,Lower middle income,2004,14.2,-26.425,7.1
Cambodia,KHM,East Asia & Pacific,Lower middle income,2005,20.5,44.366,10.4
Cambodia,KHM,East Asia & Pacific,Lower middle income,2006,27.5,34.146,11.8
Cambodia,KHM,East Asia & Pacific,Lower middle income,2007,20.2,-26.545,9.4
Cambodia,KHM,East Asia & Pacific,Lower middle income,2008,26.4,30.693,11.3
Cambodia,KHM,East Asia & Pacific,Lower middle income,2009,25.6,-3.03,10.7
Cambodia,KHM,East Asia & Pacific,Lower middle income,2010,31.1,21.484,11.7
Cambodia,KHM,East Asia & Pacific,Lower middle income,2011,37.4,20.257,13.1
Cambodia,KHM,East Asia & Pacific,Lower middle income,2012,42.3,13.102,14.5
Cambodia,KHM,East Asia & Pacific,Lower middle income,2013,50.9,20.331,16.8
Cambodia,KHM,East Asia & Pacific,Lower middle income,2014,56.1,10.216,18.7
Cambodia,KHM,East Asia & Pacific,Lower middle income,2015,62.7,11.765,21
Cambodia,KHM,East Asia & Pacific,Lower middle income,2016,68.8,9.729,22
Cambodia,KHM,East Asia & Pacific,Lower middle income,2017,89.1,29.506,29
Cambodia,KHM,East Asia & Pacific,Lower middle income,2018,80.7,-9.428,24.3
Cambodia,KHM,East Asia & Pacific,Lower middle income,2019,84,4.089,24.8
Cambodia,KHM,East Asia & Pacific,Lower middle income,2020,86.4,2.857,25.2
Cambodia,KHM,East Asia & Pacific,Lower middle income,2021,82.5,-4.514,22.9
Cambodia,KHM,East Asia & Pacific,Lower middle income,2022,92.3,11.879,27.6
Cambodia,KHM,East Asia & Pacific,Lower middle income,2023,95,2.925,28
Cameroon,CMR,Sub-Saharan Africa,Lower middle income,2002,44,,20.4
Cameroon,CMR,Sub-Saharan Africa,Lower middle income,2003,45.1,2.5,20.9
Cameroon,CMR,Sub-Saharan Africa,Lower middle income,2004,47.1,4.435,21.3
Cameroon,CMR,Sub-Saharan Africa,Lower middle income,2005,47.2,0.212,21.3
Cameroon,CMR,Sub-Saharan Africa,Lower middle income,2006,49,3.814,19.9
Cameroon,CMR,Sub-Saharan Africa,Lower middle income,2007,48.2,-1.633,20.7
Cameroon,CMR,Sub-Saharan Africa,Lower middle income,2008,50.6,4.979,20.7
Cameroon,CMR,Sub-Saharan Africa,Lower middle income,2009,51.7,2.174,20.6
Cameroon,CMR,Sub-Saharan Africa,Lower middle income,2010,52.8,2.128,21
Cameroon,CMR,Sub-Saharan Africa,Lower middle income,2011,53.7,1.705,20.1
Cameroon,CMR,Sub-Saharan Africa,Lower middle income,2012,55.2,2.793,20.1
Cameroon,CMR,Sub-Saharan Africa,Lower middle income,2013,56.3,1.993,18.7
Cameroon,CMR,Sub-Saharan Africa,Lower middle income,2014,56.8,0.888,19.2
Cameroon,CMR,Sub-Saharan Africa,Lower middle income,2015,58.6,3.169,18.2
Cameroon,CMR,Sub-Saharan Africa,Lower middle income,2016,59.8,2.048,18.7
Cameroon,CMR,Sub-Saharan Africa,Lower middle income,2017,60.9,1.839,17.8
Cameroon,CMR,Sub-Saharan Africa,Lower middle income,2018,62.2,2.135,18.2
Cameroon,CMR,Sub-Saharan Africa,Lower middle income,2019,63.2,1.608,16.8
Cameroon,CMR,Sub-Saharan Africa,Lower middle income,2020,64.3,1.741,16.8
Cameroon,CMR,Sub-Saharan Africa,Lower middle income,2021,65.4,1.711,16.8
Cameroon,CMR,Sub-Saharan Africa,Lower middle income,2022,71,8.563,19.6
Cameroon,CMR,Sub-Saharan Africa,Lower middle income,2023,72,1.408,18.2
Canada,CAN,North America,High income,2002,100,,69.2
Canada,CAN,North America,High income,2003,100,0,70.6
Canada,CAN,North America,High income,2004,100,0,72
Canada,CAN,North America,High income,2005,100,0,73.5
Canada,CAN,North America,High income,2006,100,0,71.6
Canada,CAN,North America,High income,2007,100,0,70
Canada,CAN,North America,High income,2008,100,0,68.5
Canada,CAN,North America,High income,2009,100,0,68.7
Canada,CAN,North America,High income,2010,100,0,65.9
Canada,CAN,North America,High income,2011,100,0,67.3
Canada,CAN,North America,High income,2012,100,0,64.5
Canada,CAN,North America,High income,2013,100,0,63.6
Canada,CAN,North America,High income,2014,100,0,59.8
Canada,CAN,North America,High income,2015,100,0,59.8
Canada,CAN,North America,High income,2016,100,0,57.9
Canada,CAN,North America,High income,2017,100,0,52.8
Canada,CAN,North America,High income,2018,100,0,53.7
Canada,CAN,North America,High income,2019,100,0,50.9
Canada,CAN,North America,High income,2020,100,0,48.6
Canada,CAN,North America,High income,2021,100,0,43
Canada,CAN,North America,High income,2022,100,0,38.8
Canada,CAN,North America,High income,2023,100,0,40.7
Cayman Islands,CYM,Latin America & Caribbean,High income,2002,100,,69.2
Cayman Islands,CYM,Latin America & Caribbean,High income,2003,100,0,70.6
Cayman Islands,CYM,Latin America & Caribbean,High income,2004,100,0,72
Cayman Islands,CYM,Latin America & Caribbean,High income,2005,100,0,73.5
Cayman Islands,CYM,Latin America & Caribbean,High income,2006,100,0,71.6
Cayman Islands,CYM,Latin America & Caribbean,High income,2007,100,0,70
Cayman Islands,CYM,Latin America & Caribbean,High income,2008,100,0,68.5
Cayman Islands,CYM,Latin America & Caribbean,High income,2009,100,0,68.7
Cayman Islands,CYM,Latin America & Caribbean,High income,2010,100,0,65.9
Cayman Islands,CYM,Latin America & Caribbean,High income,2011,100,0,67.3
Cayman Islands,CYM,Latin America & Caribbean,High income,2012,100,0,64.5
Cayman Islands,CYM,Latin America & Caribbean,High income,2013,100,0,63.6
Cayman Islands,CYM,Latin America & Caribbean,High income,2014,100,0,59.8
Cayman Islands,CYM,Latin America & Caribbean,High income,2015,100,0,59.8
Cayman Islands,CYM,Latin America & Caribbean,High income,2016,100,0,57.9
Cayman Islands,CYM,Latin America & Caribbean,High income,2017,100,0,52.8
Cayman Islands,CYM,Latin America & Caribbean,High income,2018,100,0,53.7
Cayman Islands,CYM,Latin America & Caribbean,High income,2019,100,0,50.9
Cayman Islands,CYM,Latin America & Caribbean,High income,2020,100,0,48.6
Cayman Islands,CYM,Latin America & Caribbean,High income,2021,100,0,43
Cayman Islands,CYM,Latin America & Caribbean,High income,2022,100,0,38.8
Cayman Islands,CYM,Latin America & Caribbean,High income,2023,100,0,40.7
Central African Republic,CAF,Sub-Saharan Africa,Low income,2002,6.1,,2.8
Central African Republic,CAF,Sub-Saharan Africa,Low income,2003,6.6,8.197,2.4
Central African Republic,CAF,Sub-Saharan Africa,Low income,2004,7,6.061,2.4
Central African Republic,CAF,Sub-Saharan Africa,Low income,2005,7.4,5.714,3.3
Central African Republic,CAF,Sub-Saharan Africa,Low income,2006,7.8,5.405,1.4
Central African Republic,CAF,Sub-Saharan Africa,Low income,2007,8.4,7.692,2.8
Central African Republic,CAF,Sub-Saharan Africa,Low income,2008,7.5,-10.714,2.3
Central African Republic,CAF,Sub-Saharan Africa,Low income,2009,9.4,25.333,2.8
Central African Republic,CAF,Sub-Saharan Africa,Low income,2010,9.8,4.255,3.3
Central African Republic,CAF,Sub-Saharan Africa,Low income,2011,10.4,6.122,2.3
Central African Republic,CAF,Sub-Saharan Africa,Low income,2012,11,5.769,2.3
Central African Republic,CAF,Sub-Saharan Africa,Low income,2013,11.5,4.545,2.3
Central African Republic,CAF,Sub-Saharan Africa,Low income,2014,12,4.348,2.3
Central African Republic,CAF,Sub-Saharan Africa,Low income,2015,12.7,5.833,1.9
Central African Republic,CAF,Sub-Saharan Africa,Low income,2016,13.4,5.512,1.9
Central African Republic,CAF,Sub-Saharan Africa,Low income,2017,14.1,5.224,1.9
Central African Republic,CAF,Sub-Saharan Africa,Low income,2018,14.6,3.546,1.9
Central African Republic,CAF,Sub-Saharan Africa,Low income,2019,14.3,-2.055,1.9
Central African Republic,CAF,Sub-Saharan Africa,Low income,2020,15.4,7.692,1.9
Central African Republic,CAF,Sub-Saharan Africa,Low income,2021,15.7,1.948,1.9
Central African Republic,CAF,Sub-Saharan Africa,Low income,2022,15.7,0,1.9
Central African Republic,CAF,Sub-Saharan Africa,Low income,2023,17.6,12.102,1.9
Chad,TCD,Sub-Saharan Africa,Low income,2002,3.8,,1.4
Chad,TCD,Sub-Saharan Africa,Low income,2003,4.1,7.895,0.9
Chad,TCD,Sub-Saharan Africa,Low income,2004,3.5,-14.634,0
Chad,TCD,Sub-Saharan Africa,Low income,2005,4.8,37.143,0.5
Chad,TCD,Sub-Saharan Africa,Low income,2006,5.1,6.25,0.9
Chad,TCD,Sub-Saharan Africa,Low income,2007,5.5,7.843,1.4
Chad,TCD,Sub-Saharan Africa,Low income,2008,5.9,7.273,1.4
Chad,TCD,Sub-Saharan Africa,Low income,2009,6.3,6.78,1.9
Chad,TCD,Sub-Saharan Africa,Low income,2010,6.4,1.587,1.9
Chad,TCD,Sub-Saharan Africa,Low income,2011,9,40.625,1.9
Chad,TCD,Sub-Saharan Africa,Low income,2012,7.8,-13.333,1.4
Chad,TCD,Sub-Saharan Africa,Low income,2013,8.1,3.846,0.9
Chad,TCD,Sub-Saharan Africa,Low income,2014,8.4,3.704,0.9
Chad,TCD,Sub-Saharan Africa,Low income,2015,7.7,-8.333,0.5
Chad,TCD,Sub-Saharan Africa,Low income,2016,9.2,19.481,0.9
Chad,TCD,Sub-Saharan Africa,Low income,2017,10.9,18.478,0.9
Chad,TCD,Sub-Saharan Africa,Low income,2018,10.1,-7.339,0.9
Chad,TCD,Sub-Saharan Africa,Low income,2019,8.4,-16.832,0.5
Chad,TCD,Sub-Saharan Africa,Low income,2020,10.9,29.762,0.9
Chad,TCD,Sub-Saharan Africa,Low income,2021,11.3,3.67,0.9
Chad,TCD,Sub-Saharan Africa,Low income,2022,11.7,3.54,0.9
Chad,TCD,Sub-Saharan Africa,Low income,2023,12,2.564,0.9
Channel Islands,CHI,Europe & Central Asia,High income,2002,100,,69.2
Channel Islands,CHI,Europe & Central Asia,High income,2003,100,0,70.6
Channel Islands,CHI,Europe & Central Asia,High income,2004,100,0,72
Channel Islands,CHI,Europe & Central Asia,High income,2005,100,0,73.5
Channel Islands,CHI,Europe & Central Asia,High income,2006,100,0,71.6
Channel Islands,CHI,Europe & Central Asia,High income,2007,100,0,70
Channel Islands,CHI,Europe & Central Asia,High income,2008,100,0,68.5
Channel Islands,CHI,Europe & Central Asia,High income,2009,100,0,68.7
Channel Islands,CHI,Europe & Central Asia,High income,2010,100,0,65.9
Channel Islands,CHI,Europe & Central Asia,High income,2011,100,0,67.3
Channel Islands,CHI,Europe & Central Asia,High income,2012,100,0,64.5
Channel Islands,CHI,Europe & Central Asia,High income,2013,100,0,63.6
Channel Islands,CHI,Europe & Central Asia,High income,2014,100,0,59.8
Channel Islands,CHI,Europe & Central Asia,High income,2015,100,0,59.8
Channel Islands,CHI,Europe & Central Asia,High income,2016,100,0,57.9
Channel Islands,CHI,Europe & Central Asia,High income,2017,100,0,52.8
Channel Islands,CHI,Europe & Central Asia,High income,2018,100,0,53.7
Channel Islands,CHI,Europe & Central Asia,High income,2019,100,0,50.9
Channel Islands,CHI,Europe & Central Asia,High income,2020,100,0,48.6
Channel Islands,CHI,Europe & Central Asia,High income,2021,100,0,43
Channel Islands,CHI,Europe & Central Asia,High income,2022,100,0,38.8
Channel Islands,CHI,Europe & Central Asia,High income,2023,100,0,40.7
Chile,CHL,Latin America & Caribbean,High income,2002,97.3,,51.2
Chile,CHL,Latin America & Caribbean,High income,2003,98.8,1.542,56.9
Chile,CHL,Latin America & Caribbean,High income,2004,97.5,-1.316,50.7
Chile,CHL,Latin America & Caribbean,High income,2005,97.7,0.205,51.7
Chile,CHL,Latin America & Caribbean,High income,2006,99.4,1.74,59.2
Chile,CHL,Latin America & Caribbean,High income,2007,98,-1.408,51.2
Chile,CHL,Latin America & Caribbean,High income,2008,98.2,0.204,50.7
Chile,CHL,Latin America & Caribbean,High income,2009,99.6,1.426,62.6
Chile,CHL,Latin America & Caribbean,High income,2010,99.5,-0.1,57.9
Chile,CHL,Latin America & Caribbean,High income,2011,99.6,0.101,59.3
Chile,CHL,Latin America & Caribbean,High income,2012,100,0.402,64.5
Chile,CHL,Latin America & Caribbean,High income,2013,99.6,-0.4,54.7
Chile,CHL,Latin America & Caribbean,High income,2014,100,0.402,59.8
Chile,CHL,Latin America & Caribbean,High income,2015,99.7,-0.3,52.8
Chile,CHL,Latin America & Caribbean,High income,2016,100,0.301,57.9
Chile,CHL,Latin America & Caribbean,High income,2017,99.7,-0.3,46.7
Chile,CHL,Latin America & Caribbean,High income,2018,100,0.301,53.7
Chile,CHL,Latin America & Caribbean,High income,2019,100,0,50.9
Chile,CHL,Latin America & Caribbean,High income,2020,100,0,48.6
Chile,CHL,Latin America & Caribbean,High income,2021,100,0,43
Chile,CHL,Latin America & Caribbean,High income,2022,100,0,38.8
Chile,CHL,Latin America & Caribbean,High income,2023,100,0,40.7
China,CHN,East Asia & Pacific,Upper middle income,2002,97.2,,50.7
China,CHN,East Asia & Pacific,Upper middle income,2003,97.4,0.206,51.2
China,CHN,East Asia & Pacific,Upper middle income,2004,97.7,0.308,51.7
China,CHN,East Asia & Pacific,Upper middle income,2005,97.9,0.205,52.1
China,CHN,East Asia & Pacific,Upper middle income,2006,98.2,0.306,49.8
China,CHN,East Asia & Pacific,Upper middle income,2007,98.5,0.305,54
China,CHN,East Asia & Pacific,Upper middle income,2008,98.8,0.305,53.1
China,CHN,East Asia & Pacific,Upper middle income,2009,99.1,0.304,55.1
China,CHN,East Asia & Pacific,Upper middle income,2010,99.7,0.605,61.7
China,CHN,East Asia & Pacific,Upper middle income,2011,99.9,0.201,66.4
China,CHN,East Asia & Pacific,Upper middle income,2012,99.9,0,62.1
China,CHN,East Asia & Pacific,Upper middle income,2013,100,0.1,63.6
China,CHN,East Asia & Pacific,Upper middle income,2014,100,0,59.8
China,CHN,East Asia & Pacific,Upper middle income,2015,100,0,59.8
China,CHN,East Asia & Pacific,Upper middle income,2016,100,0,57.9
China,CHN,East Asia & Pacific,Upper middle income,2017,100,0,52.8
China,CHN,East Asia & Pacific,Upper middle income,2018,100,0,53.7
China,CHN,East Asia & Pacific,Upper middle income,2019,100,0,50.9
China,CHN,East Asia & Pacific,Upper middle income,2020,100,0,48.6
China,CHN,East Asia & Pacific,Upper middle income,2021,100,0,43
China,CHN,East Asia & Pacific,Upper middle income,2022,100,0,38.8
China,CHN,East Asia & Pacific,Upper middle income,2023,100,0,40.7
Colombia,COL,Latin America & Caribbean,Upper middle income,2002,94.9,,45
Colombia,COL,Latin America & Caribbean,Upper middle income,2003,95.1,0.211,45.5
Colombia,COL,Latin America & Caribbean,Upper middle income,2004,95.3,0.21,46
Colombia,COL,Latin America & Caribbean,Upper middle income,2005,96.8,1.574,49.3
Colombia,COL,Latin America & Caribbean,Upper middle income,2006,95.7,-1.136,42.2
Colombia,COL,Latin America & Caribbean,Upper middle income,2007,96,0.313,44.6
Colombia,COL,Latin America & Caribbean,Upper middle income,2008,96.8,0.833,46
Colombia,COL,Latin America & Caribbean,Upper middle income,2009,96.1,-0.723,43
Colombia,COL,Latin America & Caribbean,Upper middle income,2010,96.8,0.728,44.4
Colombia,COL,Latin America & Caribbean,Upper middle income,2011,96.7,-0.103,43.5
Colombia,COL,Latin America & Caribbean,Upper middle income,2012,97,0.31,43.9
Colombia,COL,Latin America & Caribbean,Upper middle income,2013,97.8,0.825,43.9
Colombia,COL,Latin America & Caribbean,Upper middle income,2014,97.8,0,42.5
Colombia,COL,Latin America & Caribbean,Upper middle income,2015,98.2,0.409,43
Colombia,COL,Latin America & Caribbean,Upper middle income,2016,98.4,0.204,42.1
Colombia,COL,Latin America & Caribbean,Upper middle income,2017,98.5,0.102,41.1
Colombia,COL,Latin America & Caribbean,Upper middle income,2018,98.5,0,38.8
Colombia,COL,Latin America & Caribbean,Upper middle income,2019,99.4,0.914,41.1
Colombia,COL,Latin America & Caribbean,Upper middle income,2020,99.7,0.302,40.7
Colombia,COL,Latin America & Caribbean,Upper middle income,2021,100,0.301,43
Colombia,COL,Latin America & Caribbean,Upper middle income,2022,100,0,38.8
Colombia,COL,Latin America & Caribbean,Upper middle income,2023,98.7,-1.3,33.2
Comoros,COM,Sub-Saharan Africa,Lower middle income,2002,44.8,,21.8
Comoros,COM,Sub-Saharan Africa,Lower middle income,2003,46.5,3.795,21.8
Comoros,COM,Sub-Saharan Africa,Lower middle income,2004,48.7,4.731,21.8
Comoros,COM,Sub-Saharan Africa,Lower middle income,2005,51,4.723,22.3
Comoros,COM,Sub-Saharan Africa,Lower middle income,2006,53.2,4.314,21.8
Comoros,COM,Sub-Saharan Africa,Lower middle income,2007,55.5,4.323,23.5
Comoros,COM,Sub-Saharan Africa,Lower middle income,2008,57.8,4.144,23
Comoros,COM,Sub-Saharan Africa,Lower middle income,2009,60.1,3.979,24.8
Comoros,COM,Sub-Saharan Africa,Lower middle income,2010,69.7,15.973,26.6
Comoros,COM,Sub-Saharan Africa,Lower middle income,2011,69.3,-0.574,26.2
Comoros,COM,Sub-Saharan Africa,Lower middle income,2012,69.3,0,25.7
Comoros,COM,Sub-Saharan Africa,Lower middle income,2013,69.4,0.144,24.3
Comoros,COM,Sub-Saharan Africa,Lower middle income,2014,71.8,3.458,24.8
Comoros,COM,Sub-Saharan Africa,Lower middle income,2015,74.1,3.203,26.2
Comoros,COM,Sub-Saharan Africa,Lower middle income,2016,76.4,3.104,24.8
Comoros,COM,Sub-Saharan Africa,Lower middle income,2017,78.7,3.01,23.4
Comoros,COM,Sub-Saharan Africa,Lower middle income,2018,81,2.922,24.8
Comoros,COM,Sub-Saharan Africa,Lower middle income,2019,83.3,2.84,23.8
Comoros,COM,Sub-Saharan Africa,Lower middle income,2020,85.6,2.761,24.3
Comoros,COM,Sub-Saharan Africa,Lower middle income,2021,87.9,2.687,25.2
Comoros,COM,Sub-Saharan Africa,Lower middle income,2022,89.9,2.275,26.2
Comoros,COM,Sub-Saharan Africa,Lower middle income,2023,89.8,-0.111,26.2
"Congo, Dem. Rep.",COD,Sub-Saharan Africa,Low income,2002,7.7,,3.8
"Congo, Dem. Rep.",COD,Sub-Saharan Africa,Low income,2003,8.3,7.792,3.8
"Congo, Dem. Rep.",COD,Sub-Saharan Africa,Low income,2004,9,8.434,3.3
"Congo, Dem. Rep.",COD,Sub-Saharan Africa,Low income,2005,6,-33.333,1.9
"Congo, Dem. Rep.",COD,Sub-Saharan Africa,Low income,2006,10.2,70,3.3
"Congo, Dem. Rep.",COD,Sub-Saharan Africa,Low income,2007,15.2,49.02,7.5
"Congo, Dem. Rep.",COD,Sub-Saharan Africa,Low income,2008,11.6,-23.684,4.2
"Congo, Dem. Rep.",COD,Sub-Saharan Africa,Low income,2009,12.3,6.034,4.2
"Congo, Dem. Rep.",COD,Sub-Saharan Africa,Low income,2010,13,5.691,5.1
"Congo, Dem. Rep.",COD,Sub-Saharan Africa,Low income,2011,13.7,5.385,3.7
"Congo, Dem. Rep.",COD,Sub-Saharan Africa,Low income,2012,15.4,12.409,4.7
"Congo, Dem. Rep.",COD,Sub-Saharan Africa,Low income,2013,15.2,-1.299,4.2
"Congo, Dem. Rep.",COD,Sub-Saharan Africa,Low income,2014,13.5,-11.184,2.8
"Congo, Dem. Rep.",COD,Sub-Saharan Africa,Low income,2015,16.6,22.963,3.3
"Congo, Dem. Rep.",COD,Sub-Saharan Africa,Low income,2016,17.3,4.217,3.7
"Congo, Dem. Rep.",COD,Sub-Saharan Africa,Low income,2017,18,4.046,3.3
"Congo, Dem. Rep.",COD,Sub-Saharan Africa,Low income,2018,18.7,3.889,3.7
"Congo, Dem. Rep.",COD,Sub-Saharan Africa,Low income,2019,19.1,2.139,3.3
"Congo, Dem. Rep.",COD,Sub-Saharan Africa,Low income,2020,20.1,5.236,3.3
"Congo, Dem. Rep.",COD,Sub-Saharan Africa,Low income,2021,20.8,3.483,3.3
"Congo, Dem. Rep.",COD,Sub-Saharan Africa,Low income,2022,21.5,3.365,3.7
"Congo, Dem. Rep.",COD,Sub-Saharan Africa,Low income,2023,22.1,2.791,3.7
"Congo, Rep.",COG,Sub-Saharan Africa,Lower middle income,2002,31.2,,16.1
"Congo, Rep.",COG,Sub-Saharan Africa,Lower middle income,2003,32.1,2.885,16.6
"Congo, Rep.",COG,Sub-Saharan Africa,Lower middle income,2004,33,2.804,15.6
"Congo, Rep.",COG,Sub-Saharan Africa,Lower middle income,2005,33.8,2.424,15.6
"Congo, Rep.",COG,Sub-Saharan Africa,Lower middle income,2006,34.9,3.254,15.2
"Congo, Rep.",COG,Sub-Saharan Africa,Lower middle income,2007,35.8,2.579,15
"Congo, Rep.",COG,Sub-Saharan Africa,Lower middle income,2008,36.8,2.793,15
"Congo, Rep.",COG,Sub-Saharan Africa,Lower middle income,2009,37.1,0.815,15.9
"Congo, Rep.",COG,Sub-Saharan Africa,Lower middle income,2010,40,7.817,15.9
"Congo, Rep.",COG,Sub-Saharan Africa,Lower middle income,2011,40.8,2,15.4
"Congo, Rep.",COG,Sub-Saharan Africa,Lower middle income,2012,41.6,1.961,14
"Congo, Rep.",COG,Sub-Saharan Africa,Lower middle income,2013,42.5,2.163,14.5
"Congo, Rep.",COG,Sub-Saharan Africa,Lower middle income,2014,43.4,2.118,13.6
"Congo, Rep.",COG,Sub-Saharan Africa,Lower middle income,2015,44.3,2.074,13.6
"Congo, Rep.",COG,Sub-Saharan Africa,Lower middle income,2016,45.3,2.257,13.1
"Congo, Rep.",COG,Sub-Saharan Africa,Lower middle income,2017,46.2,1.987,13.1
"Congo, Rep.",COG,Sub-Saharan Africa,Lower middle income,2018,47,1.732,12.1
"Congo, Rep.",COG,Sub-Saharan Africa,Lower middle income,2019,47.7,1.489,11.7
"Congo, Rep.",COG,Sub-Saharan Africa,Lower middle income,2020,48.7,2.096,11.2
"Congo, Rep.",COG,Sub-Saharan Africa,Lower middle income,2021,49.7,2.053,11.7
"Congo, Rep.",COG,Sub-Saharan Africa,Lower middle income,2022,50.6,1.811,11.2
"Congo, Rep.",COG,Sub-Saharan Africa,Lower middle income,2023,51.3,1.383,9.3
Costa Rica,CRI,Latin America & Caribbean,High income,2002,98.5,,55.9
Costa Rica,CRI,Latin America & Caribbean,High income,2003,98.7,0.203,55.9
Costa Rica,CRI,Latin America & Caribbean,High income,2004,99,0.304,56.9
Costa Rica,CRI,Latin America & Caribbean,High income,2005,99.1,0.101,58.8
Costa Rica,CRI,Latin America & Caribbean,High income,2006,99.1,0,56.9
Costa Rica,CRI,Latin America & Caribbean,High income,2007,99.2,0.101,60.1
Costa Rica,CRI,Latin America & Caribbean,High income,2008,99.3,0.101,58.7
Costa Rica,CRI,Latin America & Caribbean,High income,2009,99.4,0.101,59.3
Costa Rica,CRI,Latin America & Caribbean,High income,2010,99,-0.402,51.9
Costa Rica,CRI,Latin America & Caribbean,High income,2011,99.2,0.202,54.2
Costa Rica,CRI,Latin America & Caribbean,High income,2012,99.5,0.302,54.2
Costa Rica,CRI,Latin America & Caribbean,High income,2013,99.6,0.101,54.7
Costa Rica,CRI,Latin America & Caribbean,High income,2014,99.4,-0.201,50
Costa Rica,CRI,Latin America & Caribbean,High income,2015,99.4,0,49.1
Costa Rica,CRI,Latin America & Caribbean,High income,2016,99.5,0.101,48.1
Costa Rica,CRI,Latin America & Caribbean,High income,2017,99.6,0.101,45.8
Costa Rica,CRI,Latin America & Caribbean,High income,2018,99.7,0.1,45.8
Costa Rica,CRI,Latin America & Caribbean,High income,2019,99.7,0,43.9
Costa Rica,CRI,Latin America & Caribbean,High income,2020,99.9,0.201,44.4
Costa Rica,CRI,Latin America & Caribbean,High income,2021,100,0.1,43
Costa Rica,CRI,Latin America & Caribbean,High income,2022,100,0,38.8
Costa Rica,CRI,Latin America & Caribbean,High income,2023,100,0,40.7
Cote d'Ivoire,CIV,Sub-Saharan Africa,Lower middle income,2002,51.4,,24.6
Cote d'Ivoire,CIV,Sub-Saharan Africa,Lower middle income,2003,51.5,0.195,23.2
Cote d'Ivoire,CIV,Sub-Saharan Africa,Lower middle income,2004,52.4,1.748,23.7
Cote d'Ivoire,CIV,Sub-Saharan Africa,Lower middle income,2005,58.9,12.405,25.1
Cote d'Ivoire,CIV,Sub-Saharan Africa,Lower middle income,2006,60.2,2.207,25.6
Cote d'Ivoire,CIV,Sub-Saharan Africa,Lower middle income,2007,55.3,-8.14,23
Cote d'Ivoire,CIV,Sub-Saharan Africa,Lower middle income,2008,60.3,9.042,24.4
Cote d'Ivoire,CIV,Sub-Saharan Africa,Lower middle income,2009,57.3,-4.975,22.9
Cote d'Ivoire,CIV,Sub-Saharan Africa,Lower middle income,2010,58.4,1.92,22.9
Cote d'Ivoire,CIV,Sub-Saharan Africa,Lower middle income,2011,55.8,-4.452,21
Cote d'Ivoire,CIV,Sub-Saharan Africa,Lower middle income,2012,55.8,0,21
Cote d'Ivoire,CIV,Sub-Saharan Africa,Lower middle income,2013,61.5,10.215,22
Cote d'Ivoire,CIV,Sub-Saharan Africa,Lower middle income,2014,61.9,0.65,21
Cote d'Ivoire,CIV,Sub-Saharan Africa,Lower middle income,2015,62.6,1.131,20.6
Cote d'Ivoire,CIV,Sub-Saharan Africa,Lower middle income,2016,64.3,2.716,20.6
Cote d'Ivoire,CIV,Sub-Saharan Africa,Lower middle income,2017,65.6,2.022,19.6
Cote d'Ivoire,CIV,Sub-Saharan Africa,Lower middle income,2018,67.1,2.287,21.5
Cote d'Ivoire,CIV,Sub-Saharan Africa,Lower middle income,2019,68.6,2.235,19.6
Cote d'Ivoire,CIV,Sub-Saharan Africa,Lower middle income,2020,69.9,1.895,19.6
Cote d'Ivoire,CIV,Sub-Saharan Africa,Lower middle income,2021,71.1,1.717,19.6
Cote d'Ivoire,CIV,Sub-Saharan Africa,Lower middle income,2022,70.4,-0.985,19.2
Cote d'Ivoire,CIV,Sub-Saharan Africa,Lower middle income,2023,72.4,2.841,18.7
Croatia,HRV,Europe & Central Asia,High income,2002,100,,69.2
Croatia,HRV,Europe & Central Asia,High income,2003,100,0,70.6
Croatia,HRV,Europe & Central Asia,High income,2004,99.9,-0.1,69.7
Croatia,HRV,Europe & Central Asia,High income,2005,99.9,0,70.6
Croatia,HRV,Europe & Central Asia,High income,2006,99.8,-0.1,68.2
Croatia,HRV,Europe & Central Asia,High income,2007,99.8,0,68.1
Croatia,HRV,Europe & Central Asia,High income,2008,100,0.2,68.5
Croatia,HRV,Europe & Central Asia,High income,2009,100,0,68.7
Croatia,HRV,Europe & Central Asia,High income,2010,100,0,65.9
Croatia,HRV,Europe & Central Asia,High income,2011,100,0,67.3
Croatia,HRV,Europe & Central Asia,High income,2012,100,0,64.5
Croatia,HRV,Europe & Central Asia,High income,2013,100,0,63.6
Croatia,HRV,Europe & Central Asia,High income,2014,100,0,59.8
Croatia,HRV,Europe & Central Asia,High income,2015,100,0,59.8
Croatia,HRV,Europe & Central Asia,High income,2016,100,0,57.9
Croatia,HRV,Europe & Central Asia,High income,2017,100,0,52.8
Croatia,HRV,Europe & Central Asia,High income,2018,100,0,53.7
Croatia,HRV,Europe & Central Asia,High income,2019,100,0,50.9
Croatia,HRV,Europe & Central Asia,High income,2020,100,0,48.6
Croatia,HRV,Europe & Central Asia,High income,2021,100,0,43
Croatia,HRV,Europe & Central Asia,High income,2022,100,0,38.8
Croatia,HRV,Europe & Central Asia,High income,2023,100,0,40.7
Cuba,CUB,Latin America & Caribbean,Upper middle income,2002,95.5,,47.4
Cuba,CUB,Latin America & Caribbean,Upper middle income,2003,96.5,1.047,49.3
Cuba,CUB,Latin America & Caribbean,Upper middle income,2004,96.6,0.104,48.8
Cuba,CUB,Latin America & Caribbean,Upper middle income,2005,96.8,0.207,49.3
Cuba,CUB,Latin America & Caribbean,Upper middle income,2006,96.9,0.103,46.9
Cuba,CUB,Latin America & Caribbean,Upper middle income,2007,97.1,0.206,48.8
Cuba,CUB,Latin America & Caribbean,Upper middle income,2008,97.3,0.206,47.4
Cuba,CUB,Latin America & Caribbean,Upper middle income,2009,97.6,0.308,46.3
Cuba,CUB,Latin America & Caribbean,Upper middle income,2010,97.8,0.205,47.2
Cuba,CUB,Latin America & Caribbean,Upper middle income,2011,98,0.204,46.7
Cuba,CUB,Latin America & Caribbean,Upper middle income,2012,98.3,0.306,47.7
Cuba,CUB,Latin America & Caribbean,Upper middle income,2013,98.5,0.203,46.3
Cuba,CUB,Latin America & Caribbean,Upper middle income,2014,98.7,0.203,45.8
Cuba,CUB,Latin America & Caribbean,Upper middle income,2015,99,0.304,45.8
Cuba,CUB,Latin America & Caribbean,Upper middle income,2016,99.2,0.202,44.9
Cuba,CUB,Latin America & Caribbean,Upper middle income,2017,99.4,0.202,44.9
Cuba,CUB,Latin America & Caribbean,Upper middle income,2018,99.6,0.201,43.5
Cuba,CUB,Latin America & Caribbean,Upper middle income,2019,99.8,0.201,45.3
Cuba,CUB,Latin America & Caribbean,Upper middle income,2020,99.9,0.1,44.4
Cuba,CUB,Latin America & Caribbean,Upper middle income,2021,100,0.1,43
Cuba,CUB,Latin America & Caribbean,Upper middle income,2022,100,0,38.8
Cuba,CUB,Latin America & Caribbean,Upper middle income,2023,100,0,40.7
Curacao,CUW,Latin America & Caribbean,High income,2002,99.9,,66.8
Curacao,CUW,Latin America & Caribbean,High income,2003,99.8,-0.1,66.4
Curacao,CUW,Latin America & Caribbean,High income,2004,99.8,0,67.8
Curacao,CUW,Latin America & Caribbean,High income,2005,99.7,-0.1,65.4
Curacao,CUW,Latin America & Caribbean,High income,2006,99.7,0,64.9
Curacao,CUW,Latin America & Caribbean,High income,2007,99.7,0,64.8
Curacao,CUW,Latin America & Caribbean,High income,2008,99.7,0,62.9
Curacao,CUW,Latin America & Caribbean,High income,2009,99.7,0,64
Curacao,CUW,Latin America & Caribbean,High income,2010,100,0.301,65.9
Curacao,CUW,Latin America & Caribbean,High income,2011,100,0,67.3
Curacao,CUW,Latin America & Caribbean,High income,2012,100,0,64.5
Curacao,CUW,Latin America & Caribbean,High income,2013,100,0,63.6
Curacao,CUW,Latin America & Caribbean,High income,2014,100,0,59.8
Curacao,CUW,Latin America & Caribbean,High income,2015,100,0,59.8
Curacao,CUW,Latin America & Caribbean,High income,2016,100,0,57.9
Curacao,CUW,Latin America & Caribbean,High income,2017,100,0,52.8
Curacao,CUW,Latin America & Caribbean,High income,2018,100,0,53.7
Curacao,CUW,Latin America & Caribbean,High income,2019,100,0,50.9
Curacao,CUW,Latin America & Caribbean,High income,2020,100,0,48.6
Curacao,CUW,Latin America & Caribbean,High income,2021,100,0,43
Curacao,CUW,Latin America & Caribbean,High income,2022,100,0,38.8
Curacao,CUW,Latin America & Caribbean,High income,2023,100,0,40.7
Cyprus,CYP,Europe & Central Asia,High income,2002,100,,69.2
Cyprus,CYP,Europe & Central Asia,High income,2003,100,0,70.6
Cyprus,CYP,Europe & Central Asia,High income,2004,100,0,72
Cyprus,CYP,Europe & Central Asia,High income,2005,100,0,73.5
Cyprus,CYP,Europe & Central Asia,High income,2006,100,0,71.6
Cyprus,CYP,Europe & Central Asia,High income,2007,100,0,70
Cyprus,CYP,Europe & Central Asia,High income,2008,100,0,68.5
Cyprus,CYP,Europe & Central Asia,High income,2009,100,0,68.7
Cyprus,CYP,Europe & Central Asia,High income,2010,100,0,65.9
Cyprus,CYP,Europe & Central Asia,High income,2011,100,0,67.3
Cyprus,CYP,Europe & Central Asia,High income,2012,100,0,64.5
Cyprus,CYP,Europe & Central Asia,High income,2013,100,0,63.6
Cyprus,CYP,Europe & Central Asia,High income,2014,100,0,59.8
Cyprus,CYP,Europe & Central Asia,High income,2015,100,0,59.8
Cyprus,CYP,Europe & Central Asia,High income,2016,100,0,57.9
Cyprus,CYP,Europe & Central Asia,High income,2017,100,0,52.8
Cyprus,CYP,Europe & Central Asia,High income,2018,100,0,53.7
Cyprus,CYP,Europe & Central Asia,High income,2019,100,0,50.9
Cyprus,CYP,Europe & Central Asia,High income,2020,100,0,48.6
Cyprus,CYP,Europe & Central Asia,High income,2021,100,0,43
Cyprus,CYP,Europe & Central Asia,High income,2022,100,0,38.8
Cyprus,CYP,Europe & Central Asia,High income,2023,100,0,40.7
Czechia,CZE,Europe & Central Asia,High income,2002,100,,69.2
Czechia,CZE,Europe & Central Asia,High income,2003,100,0,70.6
Czechia,CZE,Europe & Central Asia,High income,2004,100,0,72
Czechia,CZE,Europe & Central Asia,High income,2005,100,0,73.5
Czechia,CZE,Europe & Central Asia,High income,2006,100,0,71.6
Czechia,CZE,Europe & Central Asia,High income,2007,100,0,70
Czechia,CZE,Europe & Central Asia,High income,2008,100,0,68.5
Czechia,CZE,Europe & Central Asia,High income,2009,100,0,68.7
Czechia,CZE,Europe & Central Asia,High income,2010,100,0,65.9
Czechia,CZE,Europe & Central Asia,High income,2011,100,0,67.3
Czechia,CZE,Europe & Central Asia,High income,2012,100,0,64.5
Czechia,CZE,Europe & Central Asia,High income,2013,100,0,63.6
Czechia,CZE,Europe & Central Asia,High income,2014,100,0,59.8
Czechia,CZE,Europe & Central Asia,High income,2015,100,0,59.8
Czechia,CZE,Europe & Central Asia,High income,2016,100,0,57.9
Czechia,CZE,Europe & Central Asia,High income,2017,100,0,52.8
Czechia,CZE,Europe & Central Asia,High income,2018,100,0,53.7
Czechia,CZE,Europe & Central Asia,High income,2019,100,0,50.9
Czechia,CZE,Europe & Central Asia,High income,2020,100,0,48.6
Czechia,CZE,Europe & Central Asia,High income,2021,100,0,43
Czechia,CZE,Europe & Central Asia,High income,2022,100,0,38.8
Czechia,CZE,Europe & Central Asia,High income,2023,100,0,40.7
Denmark,DNK,Europe & Central Asia,High income,2002,100,,69.2
Denmark,DNK,Europe & Central Asia,High income,2003,100,0,70.6
Denmark,DNK,Europe & Central Asia,High income,2004,100,0,72
Denmark,DNK,Europe & Central Asia,High income,2005,100,0,73.5
Denmark,DNK,Europe & Central Asia,High income,2006,100,0,71.6
Denmark,DNK,Europe & Central Asia,High income,2007,100,0,70
Denmark,DNK,Europe & Central Asia,High income,2008,100,0,68.5
Denmark,DNK,Europe & Central Asia,High income,2009,100,0,68.7
Denmark,DNK,Europe & Central Asia,High income,2010,100,0,65.9
Denmark,DNK,Europe & Central Asia,High income,2011,100,0,67.3
Denmark,DNK,Europe & Central Asia,High income,2012,100,0,64.5
Denmark,DNK,Europe & Central Asia,High income,2013,100,0,63.6
Denmark,DNK,Europe & Central Asia,High income,2014,100,0,59.8
Denmark,DNK,Europe & Central Asia,High income,2015,100,0,59.8
Denmark,DNK,Europe & Central Asia,High income,2016,100,0,57.9
Denmark,DNK,Europe & Central Asia,High income,2017,100,0,52.8
Denmark,DNK,Europe & Central Asia,High income,2018,100,0,53.7
Denmark,DNK,Europe & Central Asia,High income,2019,100,0,50.9
Denmark,DNK,Europe & Central Asia,High income,2020,100,0,48.6
Denmark,DNK,Europe & Central Asia,High income,2021,100,0,43
Denmark,DNK,Europe & Central Asia,High income,2022,100,0,38.8
Denmark,DNK,Europe & Central Asia,High income,2023,100,0,40.7
Djibouti,DJI,"Middle East, North Africa, Afghanistan & Pakistan",Lower middle income,2002,49.7,,23.7
Djibouti,DJI,"Middle East, North Africa, Afghanistan & Pakistan",Lower middle income,2003,56.4,13.481,25.6
Djibouti,DJI,"Middle East, North Africa, Afghanistan & Pakistan",Lower middle income,2004,56.6,0.355,25.6
Djibouti,DJI,"Middle East, North Africa, Afghanistan & Pakistan",Lower middle income,2005,56.8,0.353,24.2
Djibouti,DJI,"Middle East, North Africa, Afghanistan & Pakistan",Lower middle income,2006,55.5,-2.289,22.7
Djibouti,DJI,"Middle East, North Africa, Afghanistan & Pakistan",Lower middle income,2007,57.2,3.063,24.4
Djibouti,DJI,"Middle East, North Africa, Afghanistan & Pakistan",Lower middle income,2008,57.4,0.35,22.5
Djibouti,DJI,"Middle East, North Africa, Afghanistan & Pakistan",Lower middle income,2009,57.6,0.348,23.4
Djibouti,DJI,"Middle East, North Africa, Afghanistan & Pakistan",Lower middle income,2010,57.9,0.521,22.4
Djibouti,DJI,"Middle East, North Africa, Afghanistan & Pakistan",Lower middle income,2011,58.1,0.345,22.4
Djibouti,DJI,"Middle East, North Africa, Afghanistan & Pakistan",Lower middle income,2012,54.6,-6.024,19.6
Djibouti,DJI,"Middle East, North Africa, Afghanistan & Pakistan",Lower middle income,2013,58.6,7.326,21
Djibouti,DJI,"Middle East, North Africa, Afghanistan & Pakistan",Lower middle income,2014,58.9,0.512,19.6
Djibouti,DJI,"Middle East, North Africa, Afghanistan & Pakistan",Lower middle income,2015,59.1,0.34,18.7
Djibouti,DJI,"Middle East, North Africa, Afghanistan & Pakistan",Lower middle income,2016,59.8,1.184,18.7
Djibouti,DJI,"Middle East, North Africa, Afghanistan & Pakistan",Lower middle income,2017,60.2,0.669,17.3
Djibouti,DJI,"Middle East, North Africa, Afghanistan & Pakistan",Lower middle income,2018,62.4,3.654,18.7
Djibouti,DJI,"Middle East, North Africa, Afghanistan & Pakistan",Lower middle income,2019,64.7,3.686,17.8
Djibouti,DJI,"Middle East, North Africa, Afghanistan & Pakistan",Lower middle income,2020,64.5,-0.309,17.8
Djibouti,DJI,"Middle East, North Africa, Afghanistan & Pakistan",Lower middle income,2021,65.4,1.395,16.8
Djibouti,DJI,"Middle East, North Africa, Afghanistan & Pakistan",Lower middle income,2022,65,-0.612,16.4
Djibouti,DJI,"Middle East, North Africa, Afghanistan & Pakistan",Lower middle income,2023,65.2,0.308,16.4
Dominica,DMA,Latin America & Caribbean,Upper middle income,2002,87.7,,39.3
Dominica,DMA,Latin America & Caribbean,Upper middle income,2003,84,-4.219,36
Dominica,DMA,Latin America & Caribbean,Upper middle income,2004,85,1.19,36
Dominica,DMA,Latin America & Caribbean,Upper middle income,2005,86,1.176,36
Dominica,DMA,Latin America & Caribbean,Upper middle income,2006,87,1.163,35.1
Dominica,DMA,Latin America & Caribbean,Upper middle income,2007,88.1,1.264,36.6
Dominica,DMA,Latin America & Caribbean,Upper middle income,2008,90.9,3.178,38
Dominica,DMA,Latin America & Caribbean,Upper middle income,2009,90.2,-0.77,37.9
Dominica,DMA,Latin America & Caribbean,Upper middle income,2010,91.3,1.22,37.4
Dominica,DMA,Latin America & Caribbean,Upper middle income,2011,90.1,-1.314,36.4
Dominica,DMA,Latin America & Caribbean,Upper middle income,2012,93.5,3.774,39.3
Dominica,DMA,Latin America & Caribbean,Upper middle income,2013,94.6,1.176,38.3
Dominica,DMA,Latin America & Caribbean,Upper middle income,2014,95.7,1.163,39.3
Dominica,DMA,Latin America & Caribbean,Upper middle income,2015,96.7,1.045,40.2
Dominica,DMA,Latin America & Caribbean,Upper middle income,2016,97.8,1.138,40.7
Dominica,DMA,Latin America & Caribbean,Upper middle income,2017,98.9,1.125,42.5
Dominica,DMA,Latin America & Caribbean,Upper middle income,2018,99.6,0.708,43.5
Dominica,DMA,Latin America & Caribbean,Upper middle income,2019,99.9,0.301,48.1
Dominica,DMA,Latin America & Caribbean,Upper middle income,2020,100,0.1,48.6
Dominica,DMA,Latin America & Caribbean,Upper middle income,2021,100,0,43
Dominica,DMA,Latin America & Caribbean,Upper middle income,2022,100,0,38.8
Dominica,DMA,Latin America & Caribbean,Upper middle income,2023,100,0,40.7
Dominican Republic,DOM,Latin America & Caribbean,Upper middle income,2002,89.7,,42.2
Dominican Republic,DOM,Latin America & Caribbean,Upper middle income,2003,89.2,-0.557,40.3
Dominican Republic,DOM,Latin America & Caribbean,Upper middle income,2004,90.3,1.233,40.8
Dominican Republic,DOM,Latin America & Caribbean,Upper middle income,2005,90.1,-0.221,39.3
Dominican Republic,DOM,Latin America & Caribbean,Upper middle income,2006,90.1,0,37.9
Dominican Republic,DOM,Latin America & Caribbean,Upper middle income,2007,96.9,7.547,47.9
Dominican Republic,DOM,Latin America & Caribbean,Upper middle income,2008,97.6,0.722,48.8
Dominican Republic,DOM,Latin America & Caribbean,Upper middle income,2009,97.9,0.307,47.7
Dominican Republic,DOM,Latin America & Caribbean,Upper middle income,2010,98.1,0.204,47.7
Dominican Republic,DOM,Latin America & Caribbean,Upper middle income,2011,97.9,-0.204,46.3
Dominican Republic,DOM,Latin America & Caribbean,Upper middle income,2012,97.9,0,46.7
Dominican Republic,DOM,Latin America & Caribbean,Upper middle income,2013,98.4,0.511,45.8
Dominican Republic,DOM,Latin America & Caribbean,Upper middle income,2014,98.5,0.102,45.3
Dominican Republic,DOM,Latin America & Caribbean,Upper middle income,2015,98.6,0.102,43.9
Dominican Republic,DOM,Latin America & Caribbean,Upper middle income,2016,98.9,0.304,43.5
Dominican Republic,DOM,Latin America & Caribbean,Upper middle income,2017,100,1.112,52.8
Dominican Republic,DOM,Latin America & Caribbean,Upper middle income,2018,98.9,-1.1,40.7
Dominican Republic,DOM,Latin America & Caribbean,Upper middle income,2019,99,0.101,39.3
Dominican Republic,DOM,Latin America & Caribbean,Upper middle income,2020,100,1.01,48.6
Dominican Republic,DOM,Latin America & Caribbean,Upper middle income,2021,98.1,-1.9,34.1
Dominican Republic,DOM,Latin America & Caribbean,Upper middle income,2022,98.1,0,32.7
Dominican Republic,DOM,Latin America & Caribbean,Upper middle income,2023,99.6,1.529,36.9
Ecuador,ECU,Latin America & Caribbean,Upper middle income,2002,94.2,,44.1
Ecuador,ECU,Latin America & Caribbean,Upper middle income,2003,95,0.849,45
Ecuador,ECU,Latin America & Caribbean,Upper middle income,2004,94.8,-0.211,44.5
Ecuador,ECU,Latin America & Caribbean,Upper middle income,2005,95.8,1.055,46.9
Ecuador,ECU,Latin America & Caribbean,Upper middle income,2006,96.3,0.522,44.5
Ecuador,ECU,Latin America & Caribbean,Upper middle income,2007,96.8,0.519,47.4
Ecuador,ECU,Latin America & Caribbean,Upper middle income,2008,97.2,0.413,46.9
Ecuador,ECU,Latin America & Caribbean,Upper middle income,2009,96.5,-0.72,43.9
Ecuador,ECU,Latin America & Caribbean,Upper middle income,2010,97.5,1.036,46.7
Ecuador,ECU,Latin America & Caribbean,Upper middle income,2011,96.9,-0.615,44.4
Ecuador,ECU,Latin America & Caribbean,Upper middle income,2012,97.2,0.31,44.4
Ecuador,ECU,Latin America & Caribbean,Upper middle income,2013,98,0.823,44.4
Ecuador,ECU,Latin America & Caribbean,Upper middle income,2014,99,1.02,46.3
Ecuador,ECU,Latin America & Caribbean,Upper middle income,2015,98.8,-0.202,44.9
Ecuador,ECU,Latin America & Caribbean,Upper middle income,2016,98.7,-0.101,43
Ecuador,ECU,Latin America & Caribbean,Upper middle income,2017,99.2,0.507,43
Ecuador,ECU,Latin America & Caribbean,Upper middle income,2018,98.7,-0.504,39.7
Ecuador,ECU,Latin America & Caribbean,Upper middle income,2019,99.1,0.405,39.7
Ecuador,ECU,Latin America & Caribbean,Upper middle income,2020,98.8,-0.303,36.9
Ecuador,ECU,Latin America & Caribbean,Upper middle income,2021,100,1.215,43
Ecuador,ECU,Latin America & Caribbean,Upper middle income,2022,100,0,38.8
Ecuador,ECU,Latin America & Caribbean,Upper middle income,2023,98.7,-1.3,33.2
"Egypt, Arab Rep.",EGY,"Middle East, North Africa, Afghanistan & Pakistan",Lower middle income,2002,97.5,,52.1
"Egypt, Arab Rep.",EGY,"Middle East, North Africa, Afghanistan & Pakistan",Lower middle income,2003,98.8,1.333,56.9
"Egypt, Arab Rep.",EGY,"Middle East, North Africa, Afghanistan & Pakistan",Lower middle income,2004,97.8,-1.012,52.1
"Egypt, Arab Rep.",EGY,"Middle East, North Africa, Afghanistan & Pakistan",Lower middle income,2005,99.4,1.636,62.1
"Egypt, Arab Rep.",EGY,"Middle East, North Africa, Afghanistan & Pakistan",Lower middle income,2006,99,-0.402,54
"Egypt, Arab Rep.",EGY,"Middle East, North Africa, Afghanistan & Pakistan",Lower middle income,2007,98.4,-0.606,53.1
"Egypt, Arab Rep.",EGY,"Middle East, North Africa, Afghanistan & Pakistan",Lower middle income,2008,99.8,1.423,66.2
"Egypt, Arab Rep.",EGY,"Middle East, North Africa, Afghanistan & Pakistan",Lower middle income,2009,98.9,-0.902,51.9
"Egypt, Arab Rep.",EGY,"Middle East, North Africa, Afghanistan & Pakistan",Lower middle income,2010,99.4,0.506,56.5
"Egypt, Arab Rep.",EGY,"Middle East, North Africa, Afghanistan & Pakistan",Lower middle income,2011,99.4,0,56.5
"Egypt, Arab Rep.",EGY,"Middle East, North Africa, Afghanistan & Pakistan",Lower middle income,2012,99.7,0.302,58.9
"Egypt, Arab Rep.",EGY,"Middle East, North Africa, Afghanistan & Pakistan",Lower middle income,2013,99.9,0.201,60.7
"Egypt, Arab Rep.",EGY,"Middle East, North Africa, Afghanistan & Pakistan",Lower middle income,2014,99.8,-0.1,54.7
"Egypt, Arab Rep.",EGY,"Middle East, North Africa, Afghanistan & Pakistan",Lower middle income,2015,99.3,-0.501,47.7
"Egypt, Arab Rep.",EGY,"Middle East, North Africa, Afghanistan & Pakistan",Lower middle income,2016,100,0.705,57.9
"Egypt, Arab Rep.",EGY,"Middle East, North Africa, Afghanistan & Pakistan",Lower middle income,2017,100,0,52.8
"Egypt, Arab Rep.",EGY,"Middle East, North Africa, Afghanistan & Pakistan",Lower middle income,2018,100,0,53.7
"Egypt, Arab Rep.",EGY,"Middle East, North Africa, Afghanistan & Pakistan",Lower middle income,2019,100,0,50.9
"Egypt, Arab Rep.",EGY,"Middle East, North Africa, Afghanistan & Pakistan",Lower middle income,2020,100,0,48.6
"Egypt, Arab Rep.",EGY,"Middle East, North Africa, Afghanistan & Pakistan",Lower middle income,2021,100,0,43
"Egypt, Arab Rep.",EGY,"Middle East, North Africa, Afghanistan & Pakistan",Lower middle income,2022,100,0,38.8
"Egypt, Arab Rep.",EGY,"Middle East, North Africa, Afghanistan & Pakistan",Lower middle income,2023,100,0,40.7
El Salvador,SLV,Latin America & Caribbean,Upper middle income,2002,87.5,,38.4
El Salvador,SLV,Latin America & Caribbean,Upper middle income,2003,87,-0.571,37.4
El Salvador,SLV,Latin America & Caribbean,Upper middle income,2004,87.4,0.46,37.4
El Salvador,SLV,Latin America & Caribbean,Upper middle income,2005,87.5,0.114,37.4
El Salvador,SLV,Latin America & Caribbean,Upper middle income,2006,89.2,1.943,37.4
El Salvador,SLV,Latin America & Caribbean,Upper middle income,2007,91.1,2.13,39.4
El Salvador,SLV,Latin America & Caribbean,Upper middle income,2008,91,-0.11,38.5
El Salvador,SLV,Latin America & Caribbean,Upper middle income,2009,91.1,0.11,38.8
El Salvador,SLV,Latin America & Caribbean,Upper middle income,2010,91.6,0.549,37.9
El Salvador,SLV,Latin America & Caribbean,Upper middle income,2011,92.6,1.092,39.3
El Salvador,SLV,Latin America & Caribbean,Upper middle income,2012,93.7,1.188,39.7
El Salvador,SLV,Latin America & Caribbean,Upper middle income,2013,95,1.387,39.3
El Salvador,SLV,Latin America & Caribbean,Upper middle income,2014,95.1,0.105,38.8
El Salvador,SLV,Latin America & Caribbean,Upper middle income,2015,95.4,0.315,38.3
El Salvador,SLV,Latin America & Caribbean,Upper middle income,2016,96,0.629,36.9
El Salvador,SLV,Latin America & Caribbean,Upper middle income,2017,96.8,0.833,36.9
El Salvador,SLV,Latin America & Caribbean,Upper middle income,2018,97,0.207,36.4
El Salvador,SLV,Latin America & Caribbean,Upper middle income,2019,97.4,0.412,35.5
El Salvador,SLV,Latin America & Caribbean,Upper middle income,2020,99.7,2.361,40.7
El Salvador,SLV,Latin America & Caribbean,Upper middle income,2021,97.9,-1.805,33.2
El Salvador,SLV,Latin America & Caribbean,Upper middle income,2022,100,2.145,38.8
El Salvador,SLV,Latin America & Caribbean,Upper middle income,2023,98.3,-1.7,32.2
Equatorial Guinea,GNQ,Sub-Saharan Africa,Upper middle income,2002,64.9,,28.4
Equatorial Guinea,GNQ,Sub-Saharan Africa,Upper middle income,2003,64.9,0,27
Equatorial Guinea,GNQ,Sub-Saharan Africa,Upper middle income,2004,64.9,0,27
Equatorial Guinea,GNQ,Sub-Saharan Africa,Upper middle income,2005,65,0.154,26.1
Equatorial Guinea,GNQ,Sub-Saharan Africa,Upper middle income,2006,65.1,0.154,26.1
Equatorial Guinea,GNQ,Sub-Saharan Africa,Upper middle income,2007,65.1,0,26.3
Equatorial Guinea,GNQ,Sub-Saharan Africa,Upper middle income,2008,65.2,0.154,25.8
Equatorial Guinea,GNQ,Sub-Saharan Africa,Upper middle income,2009,65.4,0.307,26.6
Equatorial Guinea,GNQ,Sub-Saharan Africa,Upper middle income,2010,66.1,1.07,25.7
Equatorial Guinea,GNQ,Sub-Saharan Africa,Upper middle income,2011,66.1,0,24.8
Equatorial Guinea,GNQ,Sub-Saharan Africa,Upper middle income,2012,65.7,-0.605,24.3
Equatorial Guinea,GNQ,Sub-Saharan Africa,Upper middle income,2013,65.9,0.304,23.4
Equatorial Guinea,GNQ,Sub-Saharan Africa,Upper middle income,2014,66,0.152,22.9
Equatorial Guinea,GNQ,Sub-Saharan Africa,Upper middle income,2015,66.1,0.152,22
Equatorial Guinea,GNQ,Sub-Saharan Africa,Upper middle income,2016,66.2,0.151,21.5
Equatorial Guinea,GNQ,Sub-Saharan Africa,Upper middle income,2017,66.4,0.302,20.1
Equatorial Guinea,GNQ,Sub-Saharan Africa,Upper middle income,2018,66.5,0.151,20.6
Equatorial Guinea,GNQ,Sub-Saharan Africa,Upper middle income,2019,66.6,0.15,18.2
Equatorial Guinea,GNQ,Sub-Saharan Africa,Upper middle income,2020,66.7,0.15,18.2
Equatorial Guinea,GNQ,Sub-Saharan Africa,Upper middle income,2021,66.8,0.15,17.8
Equatorial Guinea,GNQ,Sub-Saharan Africa,Upper middle income,2022,67,0.299,17.3
Equatorial Guinea,GNQ,Sub-Saharan Africa,Upper middle income,2023,66.9,-0.149,17.3
Eritrea,ERI,Sub-Saharan Africa,Low income,2002,32.2,,17.1
Eritrea,ERI,Sub-Saharan Africa,Low income,2003,32.4,0.621,17.1
Eritrea,ERI,Sub-Saharan Africa,Low income,2004,33.4,3.086,16.1
Eritrea,ERI,Sub-Saharan Africa,Low income,2005,34.5,3.293,16.6
Eritrea,ERI,Sub-Saharan Africa,Low income,2006,35.6,3.188,16.1
Eritrea,ERI,Sub-Saharan Africa,Low income,2007,36.7,3.09,16
Eritrea,ERI,Sub-Saharan Africa,Low income,2008,37.8,2.997,16
Eritrea,ERI,Sub-Saharan Africa,Low income,2009,38.9,2.91,16.8
Eritrea,ERI,Sub-Saharan Africa,Low income,2010,40.1,3.085,16.4
Eritrea,ERI,Sub-Saharan Africa,Low income,2011,41.2,2.743,15.9
Eritrea,ERI,Sub-Saharan Africa,Low income,2012,42.3,2.67,14.5
Eritrea,ERI,Sub-Saharan Africa,Low income,2013,43.5,2.837,15.4
Eritrea,ERI,Sub-Saharan Africa,Low income,2014,44.6,2.529,14
Eritrea,ERI,Sub-Saharan Africa,Low income,2015,45.8,2.691,14.5
Eritrea,ERI,Sub-Saharan Africa,Low income,2016,46.9,2.402,14
Eritrea,ERI,Sub-Saharan Africa,Low income,2017,48,2.345,13.6
Eritrea,ERI,Sub-Saharan Africa,Low income,2018,49.1,2.292,13.1
Eritrea,ERI,Sub-Saharan Africa,Low income,2019,50.3,2.444,14
Eritrea,ERI,Sub-Saharan Africa,Low income,2020,51.4,2.187,13.6
Eritrea,ERI,Sub-Saharan Africa,Low income,2021,52.5,2.14,12.6
Eritrea,ERI,Sub-Saharan Africa,Low income,2022,55.4,5.524,13.6
Eritrea,ERI,Sub-Saharan Africa,Low income,2023,54.4,-1.805,10.7
Estonia,EST,Europe & Central Asia,High income,2002,100,,69.2
Estonia,EST,Europe & Central Asia,High income,2003,100,0,70.6
Estonia,EST,Europe & Central Asia,High income,2004,100,0,72
Estonia,EST,Europe & Central Asia,High income,2005,100,0,73.5
Estonia,EST,Europe & Central Asia,High income,2006,100,0,71.6
Estonia,EST,Europe & Central Asia,High income,2007,100,0,70
Estonia,EST,Europe & Central Asia,High income,2008,100,0,68.5
Estonia,EST,Europe & Central Asia,High income,2009,100,0,68.7
Estonia,EST,Europe & Central Asia,High income,2010,100,0,65.9
Estonia,EST,Europe & Central Asia,High income,2011,100,0,67.3
Estonia,EST,Europe & Central Asia,High income,2012,100,0,64.5
Estonia,EST,Europe & Central Asia,High income,2013,100,0,63.6
Estonia,EST,Europe & Central Asia,High income,2014,100,0,59.8
Estonia,EST,Europe & Central Asia,High income,2015,100,0,59.8
Estonia,EST,Europe & Central Asia,High income,2016,100,0,57.9
Estonia,EST,Europe & Central Asia,High income,2017,100,0,52.8
Estonia,EST,Europe & Central Asia,High income,2018,100,0,53.7
Estonia,EST,Europe & Central Asia,High income,2019,100,0,50.9
Estonia,EST,Europe & Central Asia,High income,2020,100,0,48.6
Estonia,EST,Europe & Central Asia,High income,2021,100,0,43
Estonia,EST,Europe & Central Asia,High income,2022,100,0,38.8
Estonia,EST,Europe & Central Asia,High income,2023,100,0,40.7
Eswatini,SWZ,Sub-Saharan Africa,Lower middle income,2002,25.9,,14.2
Eswatini,SWZ,Sub-Saharan Africa,Lower middle income,2003,28.7,10.811,15.2
Eswatini,SWZ,Sub-Saharan Africa,Lower middle income,2004,31.4,9.408,15.2
Eswatini,SWZ,Sub-Saharan Africa,Lower middle income,2005,34.2,8.917,16.1
Eswatini,SWZ,Sub-Saharan Africa,Lower middle income,2006,35.2,2.924,15.6
Eswatini,SWZ,Sub-Saharan Africa,Lower middle income,2007,39.8,13.068,17.8
Eswatini,SWZ,Sub-Saharan Africa,Lower middle income,2008,42.6,7.035,18.3
Eswatini,SWZ,Sub-Saharan Africa,Lower middle income,2009,38.6,-9.39,16.4
Eswatini,SWZ,Sub-Saharan Africa,Lower middle income,2010,45.6,18.135,18.2
Eswatini,SWZ,Sub-Saharan Africa,Lower middle income,2011,51.2,12.281,18.2
Eswatini,SWZ,Sub-Saharan Africa,Lower middle income,2012,54.3,6.055,19.2
Eswatini,SWZ,Sub-Saharan Africa,Lower middle income,2013,57.5,5.893,20.1
Eswatini,SWZ,Sub-Saharan Africa,Lower middle income,2014,65,13.043,22.4
Eswatini,SWZ,Sub-Saharan Africa,Lower middle income,2015,64.1,-1.385,21.5
Eswatini,SWZ,Sub-Saharan Africa,Lower middle income,2016,63.4,-1.092,19.6
Eswatini,SWZ,Sub-Saharan Africa,Lower middle income,2017,73.5,15.931,22
Eswatini,SWZ,Sub-Saharan Africa,Lower middle income,2018,74,0.68,22.9
Eswatini,SWZ,Sub-Saharan Africa,Lower middle income,2019,77,4.054,22.9
Eswatini,SWZ,Sub-Saharan Africa,Lower middle income,2020,80,3.896,22.9
Eswatini,SWZ,Sub-Saharan Africa,Lower middle income,2021,82.9,3.625,23.4
Eswatini,SWZ,Sub-Saharan Africa,Lower middle income,2022,82.3,-0.724,22.9
Eswatini,SWZ,Sub-Saharan Africa,Lower middle income,2023,86.4,4.982,23.4
Ethiopia,ETH,Sub-Saharan Africa,Low income,2002,11.9,,7.6
Ethiopia,ETH,Sub-Saharan Africa,Low income,2003,13.5,13.445,8.1
Ethiopia,ETH,Sub-Saharan Africa,Low income,2004,15.2,12.593,7.6
Ethiopia,ETH,Sub-Saharan Africa,Low income,2005,14,-7.895,6.6
Ethiopia,ETH,Sub-Saharan Africa,Low income,2006,18.6,32.857,9
Ethiopia,ETH,Sub-Saharan Africa,Low income,2007,20.3,9.14,10.3
Ethiopia,ETH,Sub-Saharan Africa,Low income,2008,22,8.374,8.9
Ethiopia,ETH,Sub-Saharan Africa,Low income,2009,23.7,7.727,9.3
Ethiopia,ETH,Sub-Saharan Africa,Low income,2010,25.5,7.595,9.3
Ethiopia,ETH,Sub-Saharan Africa,Low income,2011,23,-9.804,8.4
Ethiopia,ETH,Sub-Saharan Africa,Low income,2012,29,26.087,9.3
Ethiopia,ETH,Sub-Saharan Africa,Low income,2013,30.8,6.207,8.9
Ethiopia,ETH,Sub-Saharan Africa,Low income,2014,27.2,-11.688,7.9
Ethiopia,ETH,Sub-Saharan Africa,Low income,2015,29,6.618,7.9
Ethiopia,ETH,Sub-Saharan Africa,Low income,2016,42.9,47.931,12.6
Ethiopia,ETH,Sub-Saharan Africa,Low income,2017,44.3,3.263,12.6
Ethiopia,ETH,Sub-Saharan Africa,Low income,2018,44.8,1.129,9.8
Ethiopia,ETH,Sub-Saharan Africa,Low income,2019,48,7.143,12.6
Ethiopia,ETH,Sub-Saharan Africa,Low income,2020,51.1,6.458,13.1
Ethiopia,ETH,Sub-Saharan Africa,Low income,2021,54.2,6.067,14
Ethiopia,ETH,Sub-Saharan Africa,Low income,2022,55,1.476,13.1
Ethiopia,ETH,Sub-Saharan Africa,Low income,2023,55.4,0.727,11.7
Faroe Islands,FRO,Europe & Central Asia,High income,2002,100,,69.2
Faroe Islands,FRO,Europe & Central Asia,High income,2003,100,0,70.6
Faroe Islands,FRO,Europe & Central Asia,High income,2004,100,0,72
Faroe Islands,FRO,Europe & Central Asia,High income,2005,100,0,73.5
Faroe Islands,FRO,Europe & Central Asia,High income,2006,100,0,71.6
Faroe Islands,FRO,Europe & Central Asia,High income,2007,100,0,70
Faroe Islands,FRO,Europe & Central Asia,High income,2008,100,0,68.5
Faroe Islands,FRO,Europe & Central Asia,High income,2009,100,0,68.7
Faroe Islands,FRO,Europe & Central Asia,High income,2010,100,0,65.9
Faroe Islands,FRO,Europe & Central Asia,High income,2011,100,0,67.3
Faroe Islands,FRO,Europe & Central Asia,High income,2012,100,0,64.5
Faroe Islands,FRO,Europe & Central Asia,High income,2013,100,0,63.6
Faroe Islands,FRO,Europe & Central Asia,High income,2014,100,0,59.8
Faroe Islands,FRO,Europe & Central Asia,High income,2015,100,0,59.8
Faroe Islands,FRO,Europe & Central Asia,High income,2016,100,0,57.9
Faroe Islands,FRO,Europe & Central Asia,High income,2017,100,0,52.8
Faroe Islands,FRO,Europe & Central Asia,High income,2018,100,0,53.7
Faroe Islands,FRO,Europe & Central Asia,High income,2019,100,0,50.9
Faroe Islands,FRO,Europe & Central Asia,High income,2020,100,0,48.6
Faroe Islands,FRO,Europe & Central Asia,High income,2021,100,0,43
Faroe Islands,FRO,Europe & Central Asia,High income,2022,100,0,38.8
Faroe Islands,FRO,Europe & Central Asia,High income,2023,100,0,40.7
Fiji,FJI,East Asia & Pacific,Upper middle income,2002,79.6,,34.1
Fiji,FJI,East Asia & Pacific,Upper middle income,2003,80,0.503,34.6
Fiji,FJI,East Asia & Pacific,Upper middle income,2004,80.6,0.75,33.6
Fiji,FJI,East Asia & Pacific,Upper middle income,2005,81.6,1.241,33.6
Fiji,FJI,East Asia & Pacific,Upper middle income,2006,82.6,1.225,33.6
Fiji,FJI,East Asia & Pacific,Upper middle income,2007,88.9,7.627,38
Fiji,FJI,East Asia & Pacific,Upper middle income,2008,86.2,-3.037,36.2
Fiji,FJI,East Asia & Pacific,Upper middle income,2009,85.6,-0.696,34.1
Fiji,FJI,East Asia & Pacific,Upper middle income,2010,92.4,7.944,38.8
Fiji,FJI,East Asia & Pacific,Upper middle income,2011,92.5,0.108,38.8
Fiji,FJI,East Asia & Pacific,Upper middle income,2012,92.6,0.108,37.4
Fiji,FJI,East Asia & Pacific,Upper middle income,2013,91.8,-0.864,36.9
Fiji,FJI,East Asia & Pacific,Upper middle income,2014,93,1.307,37.4
Fiji,FJI,East Asia & Pacific,Upper middle income,2015,93.2,0.215,36
Fiji,FJI,East Asia & Pacific,Upper middle income,2016,93.4,0.215,35.5
Fiji,FJI,East Asia & Pacific,Upper middle income,2017,96,2.784,36
Fiji,FJI,East Asia & Pacific,Upper middle income,2018,95.1,-0.938,34.6
Fiji,FJI,East Asia & Pacific,Upper middle income,2019,96.1,1.052,34.6
Fiji,FJI,East Asia & Pacific,Upper middle income,2020,97.1,1.041,34.6
Fiji,FJI,East Asia & Pacific,Upper middle income,2021,92.1,-5.149,27.6
Fiji,FJI,East Asia & Pacific,Upper middle income,2022,92,-0.109,27.1
Fiji,FJI,East Asia & Pacific,Upper middle income,2023,99.3,7.935,35
Finland,FIN,Europe & Central Asia,High income,2002,100,,69.2
Finland,FIN,Europe & Central Asia,High income,2003,100,0,70.6
Finland,FIN,Europe & Central Asia,High income,2004,100,0,72
Finland,FIN,Europe & Central Asia,High income,2005,100,0,73.5
Finland,FIN,Europe & Central Asia,High income,2006,100,0,71.6
Finland,FIN,Europe & Central Asia,High income,2007,100,0,70
Finland,FIN,Europe & Central Asia,High income,2008,100,0,68.5
Finland,FIN,Europe & Central Asia,High income,2009,100,0,68.7
Finland,FIN,Europe & Central Asia,High income,2010,100,0,65.9
Finland,FIN,Europe & Central Asia,High income,2011,100,0,67.3
Finland,FIN,Europe & Central Asia,High income,2012,100,0,64.5
Finland,FIN,Europe & Central Asia,High income,2013,100,0,63.6
Finland,FIN,Europe & Central Asia,High income,2014,100,0,59.8
Finland,FIN,Europe & Central Asia,High income,2015,100,0,59.8
Finland,FIN,Europe & Central Asia,High income,2016,100,0,57.9
Finland,FIN,Europe & Central Asia,High income,2017,100,0,52.8
Finland,FIN,Europe & Central Asia,High income,2018,100,0,53.7
Finland,FIN,Europe & Central Asia,High income,2019,100,0,50.9
Finland,FIN,Europe & Central Asia,High income,2020,100,0,48.6
Finland,FIN,Europe & Central Asia,High income,2021,100,0,43
Finland,FIN,Europe & Central Asia,High income,2022,100,0,38.8
Finland,FIN,Europe & Central Asia,High income,2023,100,0,40.7
France,FRA,Europe & Central Asia,High income,2002,100,,69.2
France,FRA,Europe & Central Asia,High income,2003,100,0,70.6
France,FRA,Europe & Central Asia,High income,2004,100,0,72
France,FRA,Europe & Central Asia,High income,2005,100,0,73.5
France,FRA,Europe & Central Asia,High income,2006,100,0,71.6
France,FRA,Europe & Central Asia,High income,2007,100,0,70
France,FRA,Europe & Central Asia,High income,2008,100,0,68.5
France,FRA,Europe & Central Asia,High income,2009,100,0,68.7
France,FRA,Europe & Central Asia,High income,2010,100,0,65.9
France,FRA,Europe & Central Asia,High income,2011,100,0,67.3
France,FRA,Europe & Central Asia,High income,2012,100,0,64.5
France,FRA,Europe & Central Asia,High income,2013,100,0,63.6
France,FRA,Europe & Central Asia,High income,2014,100,0,59.8
France,FRA,Europe & Central Asia,High income,2015,100,0,59.8
France,FRA,Europe & Central Asia,High income,2016,100,0,57.9
France,FRA,Europe & Central Asia,High income,2017,100,0,52.8
France,FRA,Europe & Central Asia,High income,2018,100,0,53.7
France,FRA,Europe & Central Asia,High income,2019,100,0,50.9
France,FRA,Europe & Central Asia,High income,2020,100,0,48.6
France,FRA,Europe & Central Asia,High income,2021,100,0,43
France,FRA,Europe & Central Asia,High income,2022,100,0,38.8
France,FRA,Europe & Central Asia,High income,2023,100,0,40.7
French Polynesia,PYF,East Asia & Pacific,High income,2002,100,,69.2
French Polynesia,PYF,East Asia & Pacific,High income,2003,100,0,70.6
French Polynesia,PYF,East Asia & Pacific,High income,2004,100,0,72
French Polynesia,PYF,East Asia & Pacific,High income,2005,100,0,73.5
French Polynesia,PYF,East Asia & Pacific,High income,2006,100,0,71.6
French Polynesia,PYF,East Asia & Pacific,High income,2007,100,0,70
French Polynesia,PYF,East Asia & Pacific,High income,2008,100,0,68.5
French Polynesia,PYF,East Asia & Pacific,High income,2009,100,0,68.7
French Polynesia,PYF,East Asia & Pacific,High income,2010,100,0,65.9
French Polynesia,PYF,East Asia & Pacific,High income,2011,100,0,67.3
French Polynesia,PYF,East Asia & Pacific,High income,2012,100,0,64.5
French Polynesia,PYF,East Asia & Pacific,High income,2013,100,0,63.6
French Polynesia,PYF,East Asia & Pacific,High income,2014,100,0,59.8
French Polynesia,PYF,East Asia & Pacific,High income,2015,100,0,59.8
French Polynesia,PYF,East Asia & Pacific,High income,2016,100,0,57.9
French Polynesia,PYF,East Asia & Pacific,High income,2017,100,0,52.8
French Polynesia,PYF,East Asia & Pacific,High income,2018,100,0,53.7
French Polynesia,PYF,East Asia & Pacific,High income,2019,100,0,50.9
French Polynesia,PYF,East Asia & Pacific,High income,2020,100,0,48.6
French Polynesia,PYF,East Asia & Pacific,High income,2021,100,0,43
French Polynesia,PYF,East Asia & Pacific,High income,2022,100,0,38.8
French Polynesia,PYF,East Asia & Pacific,High income,2023,100,0,40.7
Gabon,GAB,Sub-Saharan Africa,Upper middle income,2002,77.8,,33.2
Gabon,GAB,Sub-Saharan Africa,Upper middle income,2003,78.5,0.9,33.2
Gabon,GAB,Sub-Saharan Africa,Upper middle income,2004,79.2,0.892,33.2
Gabon,GAB,Sub-Saharan Africa,Upper middle income,2005,81.6,3.03,33.6
Gabon,GAB,Sub-Saharan Africa,Upper middle income,2006,80.5,-1.348,32.2
Gabon,GAB,Sub-Saharan Africa,Upper middle income,2007,81.3,0.994,32.9
Gabon,GAB,Sub-Saharan Africa,Upper middle income,2008,82,0.861,32.4
Gabon,GAB,Sub-Saharan Africa,Upper middle income,2009,82.7,0.854,32.2
Gabon,GAB,Sub-Saharan Africa,Upper middle income,2010,89.3,7.981,35
Gabon,GAB,Sub-Saharan Africa,Upper middle income,2011,88.7,-0.672,34.6
Gabon,GAB,Sub-Saharan Africa,Upper middle income,2012,89.3,0.676,33.2
Gabon,GAB,Sub-Saharan Africa,Upper middle income,2013,86.4,-3.247,30.8
Gabon,GAB,Sub-Saharan Africa,Upper middle income,2014,87.1,0.81,30.8
Gabon,GAB,Sub-Saharan Africa,Upper middle income,2015,87.3,0.23,28.5
Gabon,GAB,Sub-Saharan Africa,Upper middle income,2016,88.1,0.916,27.6
Gabon,GAB,Sub-Saharan Africa,Upper middle income,2017,86.3,-2.043,26.6
Gabon,GAB,Sub-Saharan Africa,Upper middle income,2018,89.6,3.824,28
Gabon,GAB,Sub-Saharan Africa,Upper middle income,2019,90.3,0.781,27.6
Gabon,GAB,Sub-Saharan Africa,Upper middle income,2020,91.1,0.886,27.6
Gabon,GAB,Sub-Saharan Africa,Upper middle income,2021,91.8,0.768,27.1
Gabon,GAB,Sub-Saharan Africa,Upper middle income,2022,93.5,1.852,28.5
Gabon,GAB,Sub-Saharan Africa,Upper middle income,2023,94.1,0.642,27.1
"Gambia, The",GMB,Sub-Saharan Africa,Low income,2002,31.5,,16.6
"Gambia, The",GMB,Sub-Saharan Africa,Low income,2003,27.8,-11.746,14.7
"Gambia, The",GMB,Sub-Saharan Africa,Low income,2004,34.8,25.18,17.1
"Gambia, The",GMB,Sub-Saharan Africa,Low income,2005,30.5,-12.356,13.7
"Gambia, The",GMB,Sub-Saharan Africa,Low income,2006,38.1,24.918,17.5
"Gambia, The",GMB,Sub-Saharan Africa,Low income,2007,39.8,4.462,17.8
"Gambia, The",GMB,Sub-Saharan Africa,Low income,2008,41.5,4.271,16.9
"Gambia, The",GMB,Sub-Saharan Africa,Low income,2009,43.2,4.096,17.3
"Gambia, The",GMB,Sub-Saharan Africa,Low income,2010,46.8,8.333,18.7
"Gambia, The",GMB,Sub-Saharan Africa,Low income,2011,48.3,3.205,17.8
"Gambia, The",GMB,Sub-Saharan Africa,Low income,2012,49.9,3.313,17.3
"Gambia, The",GMB,Sub-Saharan Africa,Low income,2013,51.5,3.206,17.3
"Gambia, The",GMB,Sub-Saharan Africa,Low income,2014,53,2.913,17.8
"Gambia, The",GMB,Sub-Saharan Africa,Low income,2015,54.7,3.208,17.3
"Gambia, The",GMB,Sub-Saharan Africa,Low income,2016,56.4,3.108,16.8
"Gambia, The",GMB,Sub-Saharan Africa,Low income,2017,56.2,-0.355,16.8
"Gambia, The",GMB,Sub-Saharan Africa,Low income,2018,60.3,7.295,16.4
"Gambia, The",GMB,Sub-Saharan Africa,Low income,2019,62.1,2.985,16.4
"Gambia, The",GMB,Sub-Saharan Africa,Low income,2020,62.2,0.161,16.4
"Gambia, The",GMB,Sub-Saharan Africa,Low income,2021,63.7,2.412,16.4
"Gambia, The",GMB,Sub-Saharan Africa,Low income,2022,65.4,2.669,16.8
"Gambia, The",GMB,Sub-Saharan Africa,Low income,2023,66.9,2.294,17.3
Georgia,GEO,Europe & Central Asia,Upper middle income,2002,99.9,,66.8
Georgia,GEO,Europe & Central Asia,Upper middle income,2003,100,0.1,70.6
Georgia,GEO,Europe & Central Asia,Upper middle income,2004,99.9,-0.1,69.7
Georgia,GEO,Europe & Central Asia,Upper middle income,2005,97.9,-2.002,52.1
Georgia,GEO,Europe & Central Asia,Upper middle income,2006,100,2.145,71.6
Georgia,GEO,Europe & Central Asia,Upper middle income,2007,100,0,70
Georgia,GEO,Europe & Central Asia,Upper middle income,2008,100,0,68.5
Georgia,GEO,Europe & Central Asia,Upper middle income,2009,100,0,68.7
Georgia,GEO,Europe & Central Asia,Upper middle income,2010,100,0,65.9
Georgia,GEO,Europe & Central Asia,Upper middle income,2011,100,0,67.3
Georgia,GEO,Europe & Central Asia,Upper middle income,2012,100,0,64.5
Georgia,GEO,Europe & Central Asia,Upper middle income,2013,100,0,63.6
Georgia,GEO,Europe & Central Asia,Upper middle income,2014,100,0,59.8
Georgia,GEO,Europe & Central Asia,Upper middle income,2015,100,0,59.8
Georgia,GEO,Europe & Central Asia,Upper middle income,2016,100,0,57.9
Georgia,GEO,Europe & Central Asia,Upper middle income,2017,100,0,52.8
Georgia,GEO,Europe & Central Asia,Upper middle income,2018,99.9,-0.1,50.5
Georgia,GEO,Europe & Central Asia,Upper middle income,2019,100,0.1,50.9
Georgia,GEO,Europe & Central Asia,Upper middle income,2020,100,0,48.6
Georgia,GEO,Europe & Central Asia,Upper middle income,2021,100,0,43
Georgia,GEO,Europe & Central Asia,Upper middle income,2022,100,0,38.8
Georgia,GEO,Europe & Central Asia,Upper middle income,2023,100,0,40.7
Germany,DEU,Europe & Central Asia,High income,2002,100,,69.2
Germany,DEU,Europe & Central Asia,High income,2003,100,0,70.6
Germany,DEU,Europe & Central Asia,High income,2004,100,0,72
Germany,DEU,Europe & Central Asia,High income,2005,100,0,73.5
Germany,DEU,Europe & Central Asia,High income,2006,100,0,71.6
Germany,DEU,Europe & Central Asia,High income,2007,100,0,70
Germany,DEU,Europe & Central Asia,High income,2008,100,0,68.5
Germany,DEU,Europe & Central Asia,High income,2009,100,0,68.7
Germany,DEU,Europe & Central Asia,High income,2010,100,0,65.9
Germany,DEU,Europe & Central Asia,High income,2011,100,0,67.3
Germany,DEU,Europe & Central Asia,High income,2012,100,0,64.5
Germany,DEU,Europe & Central Asia,High income,2013,100,0,63.6
Germany,DEU,Europe & Central Asia,High income,2014,100,0,59.8
Germany,DEU,Europe & Central Asia,High income,2015,100,0,59.8
Germany,DEU,Europe & Central Asia,High income,2016,100,0,57.9
Germany,DEU,Europe & Central Asia,High income,2017,100,0,52.8
Germany,DEU,Europe & Central Asia,High income,2018,100,0,53.7
Germany,DEU,Europe & Central Asia,High income,2019,100,0,50.9
Germany,DEU,Europe & Central Asia,High income,2020,100,0,48.6
Germany,DEU,Europe & Central Asia,High income,2021,100,0,43
Germany,DEU,Europe & Central Asia,High income,2022,100,0,38.8
Germany,DEU,Europe & Central Asia,High income,2023,100,0,40.7
Ghana,GHA,Sub-Saharan Africa,Lower middle income,2002,46.8,,22.7
Ghana,GHA,Sub-Saharan Africa,Lower middle income,2003,48.3,3.205,22.7
Ghana,GHA,Sub-Saharan Africa,Lower middle income,2004,50.8,5.176,22.7
Ghana,GHA,Sub-Saharan Africa,Lower middle income,2005,41.2,-18.898,19
Ghana,GHA,Sub-Saharan Africa,Lower middle income,2006,55.1,33.738,22.3
Ghana,GHA,Sub-Saharan Africa,Lower middle income,2007,56.9,3.267,23.9
Ghana,GHA,Sub-Saharan Africa,Lower middle income,2008,60.5,6.327,24.9
Ghana,GHA,Sub-Saharan Africa,Lower middle income,2009,61.1,0.992,25.2
Ghana,GHA,Sub-Saharan Africa,Lower middle income,2010,64.2,5.074,24.8
Ghana,GHA,Sub-Saharan Africa,Lower middle income,2011,64.1,-0.156,24.3
Ghana,GHA,Sub-Saharan Africa,Lower middle income,2012,56.5,-11.856,22.4
Ghana,GHA,Sub-Saharan Africa,Lower middle income,2013,70.7,25.133,25.2
Ghana,GHA,Sub-Saharan Africa,Lower middle income,2014,78.3,10.75,25.7
Ghana,GHA,Sub-Saharan Africa,Lower middle income,2015,74,-5.492,25.2
Ghana,GHA,Sub-Saharan Africa,Lower middle income,2016,79.3,7.162,25.7
Ghana,GHA,Sub-Saharan Africa,Lower middle income,2017,79,-0.378,23.8
Ghana,GHA,Sub-Saharan Africa,Lower middle income,2018,80.4,1.772,23.8
Ghana,GHA,Sub-Saharan Africa,Lower middle income,2019,83.5,3.856,24.3
Ghana,GHA,Sub-Saharan Africa,Lower middle income,2020,85.4,2.275,23.8
Ghana,GHA,Sub-Saharan Africa,Lower middle income,2021,86.3,1.054,24.3
Ghana,GHA,Sub-Saharan Africa,Lower middle income,2022,85.1,-1.39,23.4
Ghana,GHA,Sub-Saharan Africa,Lower middle income,2023,89.5,5.17,25.7
Gibraltar,GIB,Europe & Central Asia,High income,2002,99.8,,64.5
Gibraltar,GIB,Europe & Central Asia,High income,2003,99.8,0,66.4
Gibraltar,GIB,Europe & Central Asia,High income,2004,99.7,-0.1,66.4
Gibraltar,GIB,Europe & Central Asia,High income,2005,99.7,0,65.4
Gibraltar,GIB,Europe & Central Asia,High income,2006,99.7,0,64.9
Gibraltar,GIB,Europe & Central Asia,High income,2007,99.7,0,64.8
Gibraltar,GIB,Europe & Central Asia,High income,2008,99.7,0,62.9
Gibraltar,GIB,Europe & Central Asia,High income,2009,100,0.301,68.7
Gibraltar,GIB,Europe & Central Asia,High income,2010,100,0,65.9
Gibraltar,GIB,Europe & Central Asia,High income,2011,99.8,-0.2,64.5
Gibraltar,GIB,Europe & Central Asia,High income,2012,99.9,0.1,62.1
Gibraltar,GIB,Europe & Central Asia,High income,2013,99.9,0,60.7
Gibraltar,GIB,Europe & Central Asia,High income,2014,99.9,0,58.4
Gibraltar,GIB,Europe & Central Asia,High income,2015,100,0.1,59.8
Gibraltar,GIB,Europe & Central Asia,High income,2016,100,0,57.9
Gibraltar,GIB,Europe & Central Asia,High income,2017,100,0,52.8
Gibraltar,GIB,Europe & Central Asia,High income,2018,100,0,53.7
Gibraltar,GIB,Europe & Central Asia,High income,2019,100,0,50.9
Gibraltar,GIB,Europe & Central Asia,High income,2020,100,0,48.6
Gibraltar,GIB,Europe & Central Asia,High income,2021,100,0,43
Gibraltar,GIB,Europe & Central Asia,High income,2022,100,0,38.8
Gibraltar,GIB,Europe & Central Asia,High income,2023,100,0,40.7
Greece,GRC,Europe & Central Asia,High income,2002,100,,69.2
Greece,GRC,Europe & Central Asia,High income,2003,100,0,70.6
Greece,GRC,Europe & Central Asia,High income,2004,100,0,72
Greece,GRC,Europe & Central Asia,High income,2005,100,0,73.5
Greece,GRC,Europe & Central Asia,High income,2006,100,0,71.6
Greece,GRC,Europe & Central Asia,High income,2007,100,0,70
Greece,GRC,Europe & Central Asia,High income,2008,100,0,68.5
Greece,GRC,Europe & Central Asia,High income,2009,100,0,68.7
Greece,GRC,Europe & Central Asia,High income,2010,100,0,65.9
Greece,GRC,Europe & Central Asia,High income,2011,100,0,67.3
Greece,GRC,Europe & Central Asia,High income,2012,100,0,64.5
Greece,GRC,Europe & Central Asia,High income,2013,100,0,63.6
Greece,GRC,Europe & Central Asia,High income,2014,100,0,59.8
Greece,GRC,Europe & Central Asia,High income,2015,100,0,59.8
Greece,GRC,Europe & Central Asia,High income,2016,100,0,57.9
Greece,GRC,Europe & Central Asia,High income,2017,100,0,52.8
Greece,GRC,Europe & Central Asia,High income,2018,100,0,53.7
Greece,GRC,Europe & Central Asia,High income,2019,100,0,50.9
Greece,GRC,Europe & Central Asia,High income,2020,100,0,48.6
Greece,GRC,Europe & Central Asia,High income,2021,100,0,43
Greece,GRC,Europe & Central Asia,High income,2022,100,0,38.8
Greece,GRC,Europe & Central Asia,High income,2023,100,0,40.7
Greenland,GRL,Europe & Central Asia,High income,2002,100,,69.2
Greenland,GRL,Europe & Central Asia,High income,2003,100,0,70.6
Greenland,GRL,Europe & Central Asia,High income,2004,100,0,72
Greenland,GRL,Europe & Central Asia,High income,2005,100,0,73.5
Greenland,GRL,Europe & Central Asia,High income,2006,100,0,71.6
Greenland,GRL,Europe & Central Asia,High income,2007,100,0,70
Greenland,GRL,Europe & Central Asia,High income,2008,100,0,68.5
Greenland,GRL,Europe & Central Asia,High income,2009,100,0,68.7
Greenland,GRL,Europe & Central Asia,High income,2010,100,0,65.9
Greenland,GRL,Europe & Central Asia,High income,2011,100,0,67.3
Greenland,GRL,Europe & Central Asia,High income,2012,100,0,64.5
Greenland,GRL,Europe & Central Asia,High income,2013,100,0,63.6
Greenland,GRL,Europe & Central Asia,High income,2014,100,0,59.8
Greenland,GRL,Europe & Central Asia,High income,2015,100,0,59.8
Greenland,GRL,Europe & Central Asia,High income,2016,100,0,57.9
Greenland,GRL,Europe & Central Asia,High income,2017,100,0,52.8
Greenland,GRL,Europe & Central Asia,High income,2018,100,0,53.7
Greenland,GRL,Europe & Central Asia,High income,2019,100,0,50.9
Greenland,GRL,Europe & Central Asia,High income,2020,100,0,48.6
Greenland,GRL,Europe & Central Asia,High income,2021,100,0,43
Greenland,GRL,Europe & Central Asia,High income,2022,100,0,38.8
Greenland,GRL,Europe & Central Asia,High income,2023,100,0,40.7
Grenada,GRD,Latin America & Caribbean,Upper middle income,2002,86.6,,36.5
Grenada,GRD,Latin America & Caribbean,Upper middle income,2003,86.9,0.346,37
Grenada,GRD,Latin America & Caribbean,Upper middle income,2004,87.2,0.345,36.5
Grenada,GRD,Latin America & Caribbean,Upper middle income,2005,87.5,0.344,37.4
Grenada,GRD,Latin America & Caribbean,Upper middle income,2006,87.9,0.457,36
Grenada,GRD,Latin America & Caribbean,Upper middle income,2007,88.2,0.341,37.1
Grenada,GRD,Latin America & Caribbean,Upper middle income,2008,90,2.041,37.1
Grenada,GRD,Latin America & Caribbean,Upper middle income,2009,89,-1.111,37.4
Grenada,GRD,Latin America & Caribbean,Upper middle income,2010,89.4,0.449,35.5
Grenada,GRD,Latin America & Caribbean,Upper middle income,2011,88.8,-0.671,35
Grenada,GRD,Latin America & Caribbean,Upper middle income,2012,90.2,1.577,34.1
Grenada,GRD,Latin America & Caribbean,Upper middle income,2013,90.6,0.443,35.5
Grenada,GRD,Latin America & Caribbean,Upper middle income,2014,91,0.442,34.6
Grenada,GRD,Latin America & Caribbean,Upper middle income,2015,91.4,0.44,33.6
Grenada,GRD,Latin America & Caribbean,Upper middle income,2016,91.8,0.438,31.3
Grenada,GRD,Latin America & Caribbean,Upper middle income,2017,92.2,0.436,31.3
Grenada,GRD,Latin America & Caribbean,Upper middle income,2018,92.3,0.108,30.4
Grenada,GRD,Latin America & Caribbean,Upper middle income,2019,93,0.758,30.8
Grenada,GRD,Latin America & Caribbean,Upper middle income,2020,93.4,0.43,29
Grenada,GRD,Latin America & Caribbean,Upper middle income,2021,93.7,0.321,29
Grenada,GRD,Latin America & Caribbean,Upper middle income,2022,94.2,0.534,29
Grenada,GRD,Latin America & Caribbean,Upper middle income,2023,94.4,0.212,27.6
Guam,GUM,East Asia & Pacific,High income,2002,100,,69.2
Guam,GUM,East Asia & Pacific,High income,2003,100,0,70.6
Guam,GUM,East Asia & Pacific,High income,2004,100,0,72
Guam,GUM,East Asia & Pacific,High income,2005,100,0,73.5
Guam,GUM,East Asia & Pacific,High income,2006,100,0,71.6
Guam,GUM,East Asia & Pacific,High income,2007,100,0,70
Guam,GUM,East Asia & Pacific,High income,2008,100,0,68.5
Guam,GUM,East Asia & Pacific,High income,2009,100,0,68.7
Guam,GUM,East Asia & Pacific,High income,2010,100,0,65.9
Guam,GUM,East Asia & Pacific,High income,2011,100,0,67.3
Guam,GUM,East Asia & Pacific,High income,2012,100,0,64.5
Guam,GUM,East Asia & Pacific,High income,2013,100,0,63.6
Guam,GUM,East Asia & Pacific,High income,2014,100,0,59.8
Guam,GUM,East Asia & Pacific,High income,2015,100,0,59.8
Guam,GUM,East Asia & Pacific,High income,2016,100,0,57.9
Guam,GUM,East Asia & Pacific,High income,2017,100,0,52.8
Guam,GUM,East Asia & Pacific,High income,2018,100,0,53.7
Guam,GUM,East Asia & Pacific,High income,2019,100,0,50.9
Guam,GUM,East Asia & Pacific,High income,2020,100,0,48.6
Guam,GUM,East Asia & Pacific,High income,2021,100,0,43
Guam,GUM,East Asia & Pacific,High income,2022,100,0,38.8
Guam,GUM,East Asia & Pacific,High income,2023,100,0,40.7
Guatemala,GTM,Latin America & Caribbean,Upper middle income,2002,78.7,,33.6
Guatemala,GTM,Latin America & Caribbean,Upper middle income,2003,78.5,-0.254,33.2
Guatemala,GTM,Latin America & Caribbean,Upper middle income,2004,77.2,-1.656,32.2
Guatemala,GTM,Latin America & Caribbean,Upper middle income,2005,78.3,1.425,31.8
Guatemala,GTM,Latin America & Caribbean,Upper middle income,2006,83.7,6.897,34.1
Guatemala,GTM,Latin America & Caribbean,Upper middle income,2007,80.7,-3.584,32.4
Guatemala,GTM,Latin America & Caribbean,Upper middle income,2008,81.9,1.487,31.5
Guatemala,GTM,Latin America & Caribbean,Upper middle income,2009,83.1,1.465,32.7
Guatemala,GTM,Latin America & Caribbean,Upper middle income,2010,84.3,1.444,31.8
Guatemala,GTM,Latin America & Caribbean,Upper middle income,2011,84,-0.356,31.3
Guatemala,GTM,Latin America & Caribbean,Upper middle income,2012,86.8,3.333,31.3
Guatemala,GTM,Latin America & Caribbean,Upper middle income,2013,88.1,1.498,32.7
Guatemala,GTM,Latin America & Caribbean,Upper middle income,2014,85.5,-2.951,29
Guatemala,GTM,Latin America & Caribbean,Upper middle income,2015,90.5,5.848,32.2
Guatemala,GTM,Latin America & Caribbean,Upper middle income,2016,91.8,1.436,31.3
Guatemala,GTM,Latin America & Caribbean,Upper middle income,2017,93.3,1.634,32.7
Guatemala,GTM,Latin America & Caribbean,Upper middle income,2018,94.2,0.965,33.6
Guatemala,GTM,Latin America & Caribbean,Upper middle income,2019,95.4,1.274,33.2
Guatemala,GTM,Latin America & Caribbean,Upper middle income,2020,96.6,1.258,33.2
Guatemala,GTM,Latin America & Caribbean,Upper middle income,2021,97.9,1.346,33.2
Guatemala,GTM,Latin America & Caribbean,Upper middle income,2022,99.1,1.226,34.6
Guatemala,GTM,Latin America & Caribbean,Upper middle income,2023,100,0.908,40.7
Guinea,GIN,Sub-Saharan Africa,Lower middle income,2002,17.7,,10.9
Guinea,GIN,Sub-Saharan Africa,Lower middle income,2003,18.9,6.78,10
Guinea,GIN,Sub-Saharan Africa,Lower middle income,2004,20.2,6.878,10
Guinea,GIN,Sub-Saharan Africa,Lower middle income,2005,20.2,0,10
Guinea,GIN,Sub-Saharan Africa,Lower middle income,2006,22.8,12.871,9.5
Guinea,GIN,Sub-Saharan Africa,Lower middle income,2007,24.1,5.702,11.3
Guinea,GIN,Sub-Saharan Africa,Lower middle income,2008,25.4,5.394,10.3
Guinea,GIN,Sub-Saharan Africa,Lower middle income,2009,26.7,5.118,12.1
Guinea,GIN,Sub-Saharan Africa,Lower middle income,2010,28.1,5.243,10.3
Guinea,GIN,Sub-Saharan Africa,Lower middle income,2011,29.5,4.982,9.8
Guinea,GIN,Sub-Saharan Africa,Lower middle income,2012,26.2,-11.186,8.9
Guinea,GIN,Sub-Saharan Africa,Lower middle income,2013,32.2,22.901,9.8
Guinea,GIN,Sub-Saharan Africa,Lower middle income,2014,33.5,4.037,10.3
Guinea,GIN,Sub-Saharan Africa,Lower middle income,2015,34.9,4.179,10.3
Guinea,GIN,Sub-Saharan Africa,Lower middle income,2016,33.5,-4.011,7.9
Guinea,GIN,Sub-Saharan Africa,Lower middle income,2017,35.4,5.672,9.3
Guinea,GIN,Sub-Saharan Africa,Lower middle income,2018,45,27.119,10.3
Guinea,GIN,Sub-Saharan Africa,Lower middle income,2019,42.2,-6.222,7.9
Guinea,GIN,Sub-Saharan Africa,Lower middle income,2020,44.7,5.924,8.4
Guinea,GIN,Sub-Saharan Africa,Lower middle income,2021,46.8,4.698,8.4
Guinea,GIN,Sub-Saharan Africa,Lower middle income,2022,47.7,1.923,7.5
Guinea,GIN,Sub-Saharan Africa,Lower middle income,2023,51.1,7.128,7.9
Guinea-Bissau,GNB,Sub-Saharan Africa,Low income,2002,1.3,,0
Guinea-Bissau,GNB,Sub-Saharan Africa,Low income,2003,2.6,100,0
Guinea-Bissau,GNB,Sub-Saharan Africa,Low income,2004,3.9,50,0.9
Guinea-Bissau,GNB,Sub-Saharan Africa,Low income,2005,5.2,33.333,1.4
Guinea-Bissau,GNB,Sub-Saharan Africa,Low income,2006,14.5,178.846,6.6
Guinea-Bissau,GNB,Sub-Saharan Africa,Low income,2007,7.9,-45.517,2.3
Guinea-Bissau,GNB,Sub-Saharan Africa,Low income,2008,9.3,17.722,3.3
Guinea-Bissau,GNB,Sub-Saharan Africa,Low income,2009,4.7,-49.462,0.9
Guinea-Bissau,GNB,Sub-Saharan Africa,Low income,2010,6,27.66,1.4
Guinea-Bissau,GNB,Sub-Saharan Africa,Low income,2011,13.5,125,3.3
Guinea-Bissau,GNB,Sub-Saharan Africa,Low income,2012,14.9,10.37,3.3
Guinea-Bissau,GNB,Sub-Saharan Africa,Low income,2013,16.3,9.396,6.1
Guinea-Bissau,GNB,Sub-Saharan Africa,Low income,2014,17.2,5.521,3.7
Guinea-Bissau,GNB,Sub-Saharan Africa,Low income,2015,20.1,16.86,5.6
Guinea-Bissau,GNB,Sub-Saharan Africa,Low income,2016,22.9,13.93,5.1
Guinea-Bissau,GNB,Sub-Saharan Africa,Low income,2017,26,13.537,6.1
Guinea-Bissau,GNB,Sub-Saharan Africa,Low income,2018,28.4,9.231,5.1
Guinea-Bissau,GNB,Sub-Saharan Africa,Low income,2019,30.9,8.803,5.6
Guinea-Bissau,GNB,Sub-Saharan Africa,Low income,2020,33.4,8.091,6.1
Guinea-Bissau,GNB,Sub-Saharan Africa,Low income,2021,35.8,7.186,6.1
Guinea-Bissau,GNB,Sub-Saharan Africa,Low income,2022,37.4,4.469,6.1
Guinea-Bissau,GNB,Sub-Saharan Africa,Low income,2023,40.5,8.289,6.1
Guyana,GUY,Latin America & Caribbean,High income,2002,75.7,,31.8
Guyana,GUY,Latin America & Caribbean,High income,2003,76.2,0.661,31.8
Guyana,GUY,Latin America & Caribbean,High income,2004,76.8,0.787,31.3
Guyana,GUY,Latin America & Caribbean,High income,2005,77.5,0.911,30.3
Guyana,GUY,Latin America & Caribbean,High income,2006,73.4,-5.29,28.4
Guyana,GUY,Latin America & Caribbean,High income,2007,78.5,6.948,30.5
Guyana,GUY,Latin America & Caribbean,High income,2008,79.1,0.764,29.6
Guyana,GUY,Latin America & Caribbean,High income,2009,77.6,-1.896,29
Guyana,GUY,Latin America & Caribbean,High income,2010,83.3,7.345,31.3
Guyana,GUY,Latin America & Caribbean,High income,2011,84.2,1.08,31.8
Guyana,GUY,Latin America & Caribbean,High income,2012,85.1,1.069,30.4
Guyana,GUY,Latin America & Caribbean,High income,2013,86,1.058,30.4
Guyana,GUY,Latin America & Caribbean,High income,2014,86.9,1.047,30.4
Guyana,GUY,Latin America & Caribbean,High income,2015,88,1.266,29
Guyana,GUY,Latin America & Caribbean,High income,2016,89,1.136,28
Guyana,GUY,Latin America & Caribbean,High income,2017,90,1.124,29.9
Guyana,GUY,Latin America & Caribbean,High income,2018,90.9,1,29
Guyana,GUY,Latin America & Caribbean,High income,2019,91.6,0.77,29.4
Guyana,GUY,Latin America & Caribbean,High income,2020,92.3,0.764,28
Guyana,GUY,Latin America & Caribbean,High income,2021,92.9,0.65,28.5
Guyana,GUY,Latin America & Caribbean,High income,2022,93,0.108,28
Guyana,GUY,Latin America & Caribbean,High income,2023,98.9,6.344,34.6
Haiti,HTI,Latin America & Caribbean,Lower middle income,2002,33.1,,17.5
Haiti,HTI,Latin America & Caribbean,Lower middle income,2003,31.6,-4.532,16.1
Haiti,HTI,Latin America & Caribbean,Lower middle income,2004,34.1,7.911,16.6
Haiti,HTI,Latin America & Caribbean,Lower middle income,2005,34.5,1.173,16.6
Haiti,HTI,Latin America & Caribbean,Lower middle income,2006,33.9,-1.739,14.7
Haiti,HTI,Latin America & Caribbean,Lower middle income,2007,35.5,4.72,14.6
Haiti,HTI,Latin America & Caribbean,Lower middle income,2008,36.1,1.69,14.1
Haiti,HTI,Latin America & Caribbean,Lower middle income,2009,36.6,1.385,15.4
Haiti,HTI,Latin America & Caribbean,Lower middle income,2010,37.2,1.639,14.5
Haiti,HTI,Latin America & Caribbean,Lower middle income,2011,37.8,1.613,13.6
Haiti,HTI,Latin America & Caribbean,Lower middle income,2012,37.9,0.265,11.7
Haiti,HTI,Latin America & Caribbean,Lower middle income,2013,38.9,2.639,12.6
Haiti,HTI,Latin America & Caribbean,Lower middle income,2014,39.6,1.799,13.1
Haiti,HTI,Latin America & Caribbean,Lower middle income,2015,40.8,3.03,12.1
Haiti,HTI,Latin America & Caribbean,Lower middle income,2016,40.4,-0.98,10.3
Haiti,HTI,Latin America & Caribbean,Lower middle income,2017,43.3,7.178,11.2
Haiti,HTI,Latin America & Caribbean,Lower middle income,2018,44.4,2.54,9.3
Haiti,HTI,Latin America & Caribbean,Lower middle income,2019,45.4,2.252,9.8
Haiti,HTI,Latin America & Caribbean,Lower middle income,2020,46.3,1.982,9.8
Haiti,HTI,Latin America & Caribbean,Lower middle income,2021,47.2,1.944,8.9
Haiti,HTI,Latin America & Caribbean,Lower middle income,2022,49.3,4.449,9.8
Haiti,HTI,Latin America & Caribbean,Lower middle income,2023,51.3,4.057,9.3
Honduras,HND,Latin America & Caribbean,Lower middle income,2002,63.1,,27.5
Honduras,HND,Latin America & Caribbean,Lower middle income,2003,65.1,3.17,27.5
Honduras,HND,Latin America & Caribbean,Lower middle income,2004,67.1,3.072,28
Honduras,HND,Latin America & Caribbean,Lower middle income,2005,68.9,2.683,28
Honduras,HND,Latin America & Caribbean,Lower middle income,2006,71.3,3.483,28
Honduras,HND,Latin America & Caribbean,Lower middle income,2007,73.5,3.086,29.1
Honduras,HND,Latin America & Caribbean,Lower middle income,2008,76.4,3.946,28.6
Honduras,HND,Latin America & Caribbean,Lower middle income,2009,78.3,2.487,29.9
Honduras,HND,Latin America & Caribbean,Lower middle income,2010,81,3.448,29.4
Honduras,HND,Latin America & Caribbean,Lower middle income,2011,82.2,1.481,29.9
Honduras,HND,Latin America & Caribbean,Lower middle income,2012,83.6,1.703,29.4
Honduras,HND,Latin America & Caribbean,Lower middle income,2013,87.2,4.306,31.3
Honduras,HND,Latin America & Caribbean,Lower middle income,2014,88.7,1.72,31.3
Honduras,HND,Latin America & Caribbean,Lower middle income,2015,90,1.466,31.3
Honduras,HND,Latin America & Caribbean,Lower middle income,2016,91.6,1.778,30.8
Honduras,HND,Latin America & Caribbean,Lower middle income,2017,86.5,-5.568,27.1
Honduras,HND,Latin America & Caribbean,Lower middle income,2018,91.6,5.896,29.4
Honduras,HND,Latin America & Caribbean,Lower middle income,2019,91.1,-0.546,28.5
Honduras,HND,Latin America & Caribbean,Lower middle income,2020,93.1,2.195,28.5
Honduras,HND,Latin America & Caribbean,Lower middle income,2021,94.1,1.074,29.4
Honduras,HND,Latin America & Caribbean,Lower middle income,2022,94.4,0.319,29.4
Honduras,HND,Latin America & Caribbean,Lower middle income,2023,95.6,1.271,28.5
"Hong Kong SAR, China",HKG,East Asia & Pacific,High income,2002,100,,69.2
"Hong Kong SAR, China",HKG,East Asia & Pacific,High income,2003,100,0,70.6
"Hong Kong SAR, China",HKG,East Asia & Pacific,High income,2004,100,0,72
"Hong Kong SAR, China",HKG,East Asia & Pacific,High income,2005,100,0,73.5
"Hong Kong SAR, China",HKG,East Asia & Pacific,High income,2006,100,0,71.6
"Hong Kong SAR, China",HKG,East Asia & Pacific,High income,2007,100,0,70
"Hong Kong SAR, China",HKG,East Asia & Pacific,High income,2008,100,0,68.5
"Hong Kong SAR, China",HKG,East Asia & Pacific,High income,2009,100,0,68.7
"Hong Kong SAR, China",HKG,East Asia & Pacific,High income,2010,100,0,65.9
"Hong Kong SAR, China",HKG,East Asia & Pacific,High income,2011,100,0,67.3
"Hong Kong SAR, China",HKG,East Asia & Pacific,High income,2012,100,0,64.5
"Hong Kong SAR, China",HKG,East Asia & Pacific,High income,2013,100,0,63.6
"Hong Kong SAR, China",HKG,East Asia & Pacific,High income,2014,100,0,59.8
"Hong Kong SAR, China",HKG,East Asia & Pacific,High income,2015,100,0,59.8
"Hong Kong SAR, China",HKG,East Asia & Pacific,High income,2016,100,0,57.9
"Hong Kong SAR, China",HKG,East Asia & Pacific,High income,2017,100,0,52.8
"Hong Kong SAR, China",HKG,East Asia & Pacific,High income,2018,100,0,53.7
"Hong Kong SAR, China",HKG,East Asia & Pacific,High income,2019,100,0,50.9
"Hong Kong SAR, China",HKG,East Asia & Pacific,High income,2020,100,0,48.6
"Hong Kong SAR, China",HKG,East Asia & Pacific,High income,2021,100,0,43
"Hong Kong SAR, China",HKG,East Asia & Pacific,High income,2022,100,0,38.8
"Hong Kong SAR, China",HKG,East Asia & Pacific,High income,2023,100,0,40.7
Hungary,HUN,Europe & Central Asia,High income,2002,100,,69.2
Hungary,HUN,Europe & Central Asia,High income,2003,100,0,70.6
Hungary,HUN,Europe & Central Asia,High income,2004,100,0,72
Hungary,HUN,Europe & Central Asia,High income,2005,99.9,-0.1,70.6
Hungary,HUN,Europe & Central Asia,High income,2006,99.9,0,70.1
Hungary,HUN,Europe & Central Asia,High income,2007,100,0.1,70
Hungary,HUN,Europe & Central Asia,High income,2008,100,0,68.5
Hungary,HUN,Europe & Central Asia,High income,2009,100,0,68.7
Hungary,HUN,Europe & Central Asia,High income,2010,100,0,65.9
Hungary,HUN,Europe & Central Asia,High income,2011,100,0,67.3
Hungary,HUN,Europe & Central Asia,High income,2012,100,0,64.5
Hungary,HUN,Europe & Central Asia,High income,2013,100,0,63.6
Hungary,HUN,Europe & Central Asia,High income,2014,100,0,59.8
Hungary,HUN,Europe & Central Asia,High income,2015,100,0,59.8
Hungary,HUN,Europe & Central Asia,High income,2016,100,0,57.9
Hungary,HUN,Europe & Central Asia,High income,2017,100,0,52.8
Hungary,HUN,Europe & Central Asia,High income,2018,100,0,53.7
Hungary,HUN,Europe & Central Asia,High income,2019,100,0,50.9
Hungary,HUN,Europe & Central Asia,High income,2020,100,0,48.6
Hungary,HUN,Europe & Central Asia,High income,2021,100,0,43
Hungary,HUN,Europe & Central Asia,High income,2022,100,0,38.8
Hungary,HUN,Europe & Central Asia,High income,2023,100,0,40.7
Iceland,ISL,Europe & Central Asia,High income,2002,100,,69.2
Iceland,ISL,Europe & Central Asia,High income,2003,100,0,70.6
Iceland,ISL,Europe & Central Asia,High income,2004,100,0,72
Iceland,ISL,Europe & Central Asia,High income,2005,100,0,73.5
Iceland,ISL,Europe & Central Asia,High income,2006,100,0,71.6
Iceland,ISL,Europe & Central Asia,High income,2007,100,0,70
Iceland,ISL,Europe & Central Asia,High income,2008,100,0,68.5
Iceland,ISL,Europe & Central Asia,High income,2009,100,0,68.7
Iceland,ISL,Europe & Central Asia,High income,2010,100,0,65.9
Iceland,ISL,Europe & Central Asia,High income,2011,100,0,67.3
Iceland,ISL,Europe & Central Asia,High income,2012,100,0,64.5
Iceland,ISL,Europe & Central Asia,High income,2013,100,0,63.6
Iceland,ISL,Europe & Central Asia,High income,2014,100,0,59.8
Iceland,ISL,Europe & Central Asia,High income,2015,100,0,59.8
Iceland,ISL,Europe & Central Asia,High income,2016,100,0,57.9
Iceland,ISL,Europe & Central Asia,High income,2017,100,0,52.8
Iceland,ISL,Europe & Central Asia,High income,2018,100,0,53.7
Iceland,ISL,Europe & Central Asia,High income,2019,100,0,50.9
Iceland,ISL,Europe & Central Asia,High income,2020,100,0,48.6
Iceland,ISL,Europe & Central Asia,High income,2021,100,0,43
Iceland,ISL,Europe & Central Asia,High income,2022,100,0,38.8
Iceland,ISL,Europe & Central Asia,High income,2023,100,0,40.7
India,IND,South Asia,Lower middle income,2002,62.3,,27
India,IND,South Asia,Lower middle income,2003,65.4,4.976,28
India,IND,South Asia,Lower middle income,2004,64.4,-1.529,26.5
India,IND,South Asia,Lower middle income,2005,68.8,6.832,27.5
India,IND,South Asia,Lower middle income,2006,67.9,-1.308,26.5
India,IND,South Asia,Lower middle income,2007,72.3,6.48,28.2
India,IND,South Asia,Lower middle income,2008,74.1,2.49,28.2
India,IND,South Asia,Lower middle income,2009,75,1.215,28.5
India,IND,South Asia,Lower middle income,2010,76.3,1.733,28
India,IND,South Asia,Lower middle income,2011,79.5,4.194,28
India,IND,South Asia,Lower middle income,2012,79.9,0.503,28
India,IND,South Asia,Lower middle income,2013,83.1,4.005,29
India,IND,South Asia,Lower middle income,2014,85.1,2.407,28
India,IND,South Asia,Lower middle income,2015,88,3.408,29
India,IND,South Asia,Lower middle income,2016,89.6,1.818,29
India,IND,South Asia,Lower middle income,2017,91.8,2.455,30.4
India,IND,South Asia,Lower middle income,2018,95.7,4.248,36
India,IND,South Asia,Lower middle income,2019,95.9,0.209,34.1
India,IND,South Asia,Lower middle income,2020,96.5,0.626,32.7
India,IND,South Asia,Lower middle income,2021,99.6,3.212,37.4
India,IND,South Asia,Lower middle income,2022,99.2,-0.402,35
India,IND,South Asia,Lower middle income,2023,99.5,0.302,36
Indonesia,IDN,East Asia & Pacific,Upper middle income,2002,87.6,,38.9
Indonesia,IDN,East Asia & Pacific,Upper middle income,2003,87.9,0.342,38.9
Indonesia,IDN,East Asia & Pacific,Upper middle income,2004,89,1.251,38.9
Indonesia,IDN,East Asia & Pacific,Upper middle income,2005,84.8,-4.719,35.5
Indonesia,IDN,East Asia & Pacific,Upper middle income,2006,90.6,6.84,38.4
Indonesia,IDN,East Asia & Pacific,Upper middle income,2007,91.1,0.552,39.4
Indonesia,IDN,East Asia & Pacific,Upper middle income,2008,92.7,1.756,40.8
Indonesia,IDN,East Asia & Pacific,Upper middle income,2009,93.6,0.971,41.6
Indonesia,IDN,East Asia & Pacific,Upper middle income,2010,94.2,0.641,41.6
Indonesia,IDN,East Asia & Pacific,Upper middle income,2011,94.8,0.637,41.6
Indonesia,IDN,East Asia & Pacific,Upper middle income,2012,96,1.266,42.5
Indonesia,IDN,East Asia & Pacific,Upper middle income,2013,96.5,0.521,41.1
Indonesia,IDN,East Asia & Pacific,Upper middle income,2014,97,0.518,41.1
Indonesia,IDN,East Asia & Pacific,Upper middle income,2015,97.5,0.515,41.6
Indonesia,IDN,East Asia & Pacific,Upper middle income,2016,97.6,0.103,39.7
Indonesia,IDN,East Asia & Pacific,Upper middle income,2017,98.1,0.512,39.7
Indonesia,IDN,East Asia & Pacific,Upper middle income,2018,98.5,0.408,38.8
Indonesia,IDN,East Asia & Pacific,Upper middle income,2019,98.8,0.305,37.9
Indonesia,IDN,East Asia & Pacific,Upper middle income,2020,97,-1.822,34.1
Indonesia,IDN,East Asia & Pacific,Upper middle income,2021,99.2,2.268,36.4
Indonesia,IDN,East Asia & Pacific,Upper middle income,2022,100,0.806,38.8
Indonesia,IDN,East Asia & Pacific,Upper middle income,2023,99.4,-0.6,35.5
"Iran, Islamic Rep.",IRN,"Middle East, North Africa, Afghanistan & Pakistan",Upper middle income,2002,98.1,,55.5
"Iran, Islamic Rep.",IRN,"Middle East, North Africa, Afghanistan & Pakistan",Upper middle income,2003,98.2,0.102,54.5
"Iran, Islamic Rep.",IRN,"Middle East, North Africa, Afghanistan & Pakistan",Upper middle income,2004,98.3,0.102,54.5
"Iran, Islamic Rep.",IRN,"Middle East, North Africa, Afghanistan & Pakistan",Upper middle income,2005,98.4,0.102,54
"Iran, Islamic Rep.",IRN,"Middle East, North Africa, Afghanistan & Pakistan",Upper middle income,2006,98.4,0,50.7
"Iran, Islamic Rep.",IRN,"Middle East, North Africa, Afghanistan & Pakistan",Upper middle income,2007,98.7,0.305,54.9
"Iran, Islamic Rep.",IRN,"Middle East, North Africa, Afghanistan & Pakistan",Upper middle income,2008,98.8,0.101,53.1
"Iran, Islamic Rep.",IRN,"Middle East, North Africa, Afghanistan & Pakistan",Upper middle income,2009,99.7,0.911,64
"Iran, Islamic Rep.",IRN,"Middle East, North Africa, Afghanistan & Pakistan",Upper middle income,2010,99.4,-0.301,56.5
"Iran, Islamic Rep.",IRN,"Middle East, North Africa, Afghanistan & Pakistan",Upper middle income,2011,99.5,0.101,57.5
"Iran, Islamic Rep.",IRN,"Middle East, North Africa, Afghanistan & Pakistan",Upper middle income,2012,99.5,0,54.2
"Iran, Islamic Rep.",IRN,"Middle East, North Africa, Afghanistan & Pakistan",Upper middle income,2013,99.8,0.302,59.8
"Iran, Islamic Rep.",IRN,"Middle East, North Africa, Afghanistan & Pakistan",Upper middle income,2014,100,0.2,59.8
"Iran, Islamic Rep.",IRN,"Middle East, North Africa, Afghanistan & Pakistan",Upper middle income,2015,100,0,59.8
"Iran, Islamic Rep.",IRN,"Middle East, North Africa, Afghanistan & Pakistan",Upper middle income,2016,100,0,57.9
"Iran, Islamic Rep.",IRN,"Middle East, North Africa, Afghanistan & Pakistan",Upper middle income,2017,99.9,-0.1,49.5
"Iran, Islamic Rep.",IRN,"Middle East, North Africa, Afghanistan & Pakistan",Upper middle income,2018,100,0.1,53.7
"Iran, Islamic Rep.",IRN,"Middle East, North Africa, Afghanistan & Pakistan",Upper middle income,2019,100,0,50.9
"Iran, Islamic Rep.",IRN,"Middle East, North Africa, Afghanistan & Pakistan",Upper middle income,2020,100,0,48.6
"Iran, Islamic Rep.",IRN,"Middle East, North Africa, Afghanistan & Pakistan",Upper middle income,2021,100,0,43
"Iran, Islamic Rep.",IRN,"Middle East, North Africa, Afghanistan & Pakistan",Upper middle income,2022,100,0,38.8
"Iran, Islamic Rep.",IRN,"Middle East, North Africa, Afghanistan & Pakistan",Upper middle income,2023,100,0,40.7
Iraq,IRQ,"Middle East, North Africa, Afghanistan & Pakistan",Upper middle income,2002,97.1,,50.2
Iraq,IRQ,"Middle East, North Africa, Afghanistan & Pakistan",Upper middle income,2003,97.2,0.103,50.7
Iraq,IRQ,"Middle East, North Africa, Afghanistan & Pakistan",Upper middle income,2004,97.3,0.103,50.2
Iraq,IRQ,"Middle East, North Africa, Afghanistan & Pakistan",Upper middle income,2005,97.4,0.103,50.7
Iraq,IRQ,"Middle East, North Africa, Afghanistan & Pakistan",Upper middle income,2006,97.6,0.205,47.9
Iraq,IRQ,"Middle East, North Africa, Afghanistan & Pakistan",Upper middle income,2007,98.1,0.512,51.6
Iraq,IRQ,"Middle East, North Africa, Afghanistan & Pakistan",Upper middle income,2008,97.9,-0.204,49.3
Iraq,IRQ,"Middle East, North Africa, Afghanistan & Pakistan",Upper middle income,2009,98.1,0.204,48.6
Iraq,IRQ,"Middle East, North Africa, Afghanistan & Pakistan",Upper middle income,2010,98.4,0.306,48.6
Iraq,IRQ,"Middle East, North Africa, Afghanistan & Pakistan",Upper middle income,2011,98,-0.407,46.7
Iraq,IRQ,"Middle East, North Africa, Afghanistan & Pakistan",Upper middle income,2012,99.3,1.327,51.9
Iraq,IRQ,"Middle East, North Africa, Afghanistan & Pakistan",Upper middle income,2013,99,-0.302,47.7
Iraq,IRQ,"Middle East, North Africa, Afghanistan & Pakistan",Upper middle income,2014,99.2,0.202,47.7
Iraq,IRQ,"Middle East, North Africa, Afghanistan & Pakistan",Upper middle income,2015,99.4,0.202,49.1
Iraq,IRQ,"Middle East, North Africa, Afghanistan & Pakistan",Upper middle income,2016,99.7,0.302,49.5
Iraq,IRQ,"Middle East, North Africa, Afghanistan & Pakistan",Upper middle income,2017,99.9,0.201,49.5
Iraq,IRQ,"Middle East, North Africa, Afghanistan & Pakistan",Upper middle income,2018,99.9,0,50.5
Iraq,IRQ,"Middle East, North Africa, Afghanistan & Pakistan",Upper middle income,2019,100,0.1,50.9
Iraq,IRQ,"Middle East, North Africa, Afghanistan & Pakistan",Upper middle income,2020,100,0,48.6
Iraq,IRQ,"Middle East, North Africa, Afghanistan & Pakistan",Upper middle income,2021,100,0,43
Iraq,IRQ,"Middle East, North Africa, Afghanistan & Pakistan",Upper middle income,2022,100,0,38.8
Iraq,IRQ,"Middle East, North Africa, Afghanistan & Pakistan",Upper middle income,2023,100,0,40.7
Ireland,IRL,Europe & Central Asia,High income,2002,100,,69.2
Ireland,IRL,Europe & Central Asia,High income,2003,100,0,70.6
Ireland,IRL,Europe & Central Asia,High income,2004,100,0,72
Ireland,IRL,Europe & Central Asia,High income,2005,100,0,73.5
Ireland,IRL,Europe & Central Asia,High income,2006,100,0,71.6
Ireland,IRL,Europe & Central Asia,High income,2007,100,0,70
Ireland,IRL,Europe & Central Asia,High income,2008,100,0,68.5
Ireland,IRL,Europe & Central Asia,High income,2009,100,0,68.7
Ireland,IRL,Europe & Central Asia,High income,2010,100,0,65.9
Ireland,IRL,Europe & Central Asia,High income,2011,100,0,67.3
Ireland,IRL,Europe & Central Asia,High income,2012,100,0,64.5
Ireland,IRL,Europe & Central Asia,High income,2013,100,0,63.6
Ireland,IRL,Europe & Central Asia,High income,2014,100,0,59.8
Ireland,IRL,Europe & Central Asia,High income,2015,100,0,59.8
Ireland,IRL,Europe & Central Asia,High income,2016,100,0,57.9
Ireland,IRL,Europe & Central Asia,High income,2017,100,0,52.8
Ireland,IRL,Europe & Central Asia,High income,2018,100,0,53.7
Ireland,IRL,Europe & Central Asia,High income,2019,100,0,50.9
Ireland,IRL,Europe & Central Asia,High income,2020,100,0,48.6
Ireland,IRL,Europe & Central Asia,High income,2021,100,0,43
Ireland,IRL,Europe & Central Asia,High income,2022,100,0,38.8
Ireland,IRL,Europe & Central Asia,High income,2023,100,0,40.7
Isle of Man,IMN,Europe & Central Asia,High income,2002,100,,69.2
Isle of Man,IMN,Europe & Central Asia,High income,2003,100,0,70.6
Isle of Man,IMN,Europe & Central Asia,High income,2004,100,0,72
Isle of Man,IMN,Europe & Central Asia,High income,2005,100,0,73.5
Isle of Man,IMN,Europe & Central Asia,High income,2006,100,0,71.6
Isle of Man,IMN,Europe & Central Asia,High income,2007,100,0,70
Isle of Man,IMN,Europe & Central Asia,High income,2008,100,0,68.5
Isle of Man,IMN,Europe & Central Asia,High income,2009,100,0,68.7
Isle of Man,IMN,Europe & Central Asia,High income,2010,100,0,65.9
Isle of Man,IMN,Europe & Central Asia,High income,2011,100,0,67.3
Isle of Man,IMN,Europe & Central Asia,High income,2012,100,0,64.5
Isle of Man,IMN,Europe & Central Asia,High income,2013,100,0,63.6
Isle of Man,IMN,Europe & Central Asia,High income,2014,100,0,59.8
Isle of Man,IMN,Europe & Central Asia,High income,2015,100,0,59.8
Isle of Man,IMN,Europe & Central Asia,High income,2016,100,0,57.9
Isle of Man,IMN,Europe & Central Asia,High income,2017,100,0,52.8
Isle of Man,IMN,Europe & Central Asia,High income,2018,100,0,53.7
Isle of Man,IMN,Europe & Central Asia,High income,2019,100,0,50.9
Isle of Man,IMN,Europe & Central Asia,High income,2020,100,0,48.6
Isle of Man,IMN,Europe & Central Asia,High income,2021,100,0,43
Isle of Man,IMN,Europe & Central Asia,High income,2022,100,0,38.8
Isle of Man,IMN,Europe & Central Asia,High income,2023,100,0,40.7
Israel,ISR,"Middle East, North Africa, Afghanistan & Pakistan",High income,2002,100,,69.2
Israel,ISR,"Middle East, North Africa, Afghanistan & Pakistan",High income,2003,100,0,70.6
Israel,ISR,"Middle East, North Africa, Afghanistan & Pakistan",High income,2004,100,0,72
Israel,ISR,"Middle East, North Africa, Afghanistan & Pakistan",High income,2005,100,0,73.5
Israel,ISR,"Middle East, North Africa, Afghanistan & Pakistan",High income,2006,100,0,71.6
Israel,ISR,"Middle East, North Africa, Afghanistan & Pakistan",High income,2007,100,0,70
Israel,ISR,"Middle East, North Africa, Afghanistan & Pakistan",High income,2008,100,0,68.5
Israel,ISR,"Middle East, North Africa, Afghanistan & Pakistan",High income,2009,100,0,68.7
Israel,ISR,"Middle East, North Africa, Afghanistan & Pakistan",High income,2010,100,0,65.9
Israel,ISR,"Middle East, North Africa, Afghanistan & Pakistan",High income,2011,100,0,67.3
Israel,ISR,"Middle East, North Africa, Afghanistan & Pakistan",High income,2012,100,0,64.5
Israel,ISR,"Middle East, North Africa, Afghanistan & Pakistan",High income,2013,100,0,63.6
Israel,ISR,"Middle East, North Africa, Afghanistan & Pakistan",High income,2014,100,0,59.8
Israel,ISR,"Middle East, North Africa, Afghanistan & Pakistan",High income,2015,100,0,59.8
Israel,ISR,"Middle East, North Africa, Afghanistan & Pakistan",High income,2016,100,0,57.9
Israel,ISR,"Middle East, North Africa, Afghanistan & Pakistan",High income,2017,100,0,52.8
Israel,ISR,"Middle East, North Africa, Afghanistan & Pakistan",High income,2018,100,0,53.7
Israel,ISR,"Middle East, North Africa, Afghanistan & Pakistan",High income,2019,100,0,50.9
Israel,ISR,"Middle East, North Africa, Afghanistan & Pakistan",High income,2020,100,0,48.6
Israel,ISR,"Middle East, North Africa, Afghanistan & Pakistan",High income,2021,100,0,43
Israel,ISR,"Middle East, North Africa, Afghanistan & Pakistan",High income,2022,100,0,38.8
Israel,ISR,"Middle East, North Africa, Afghanistan & Pakistan",High income,2023,100,0,40.7
Italy,ITA,Europe & Central Asia,High income,2002,100,,69.2
Italy,ITA,Europe & Central Asia,High income,2003,100,0,70.6
Italy,ITA,Europe & Central Asia,High income,2004,100,0,72
Italy,ITA,Europe & Central Asia,High income,2005,100,0,73.5
Italy,ITA,Europe & Central Asia,High income,2006,100,0,71.6
Italy,ITA,Europe & Central Asia,High income,2007,100,0,70
Italy,ITA,Europe & Central Asia,High income,2008,100,0,68.5
Italy,ITA,Europe & Central Asia,High income,2009,100,0,68.7
Italy,ITA,Europe & Central Asia,High income,2010,100,0,65.9
Italy,ITA,Europe & Central Asia,High income,2011,100,0,67.3
Italy,ITA,Europe & Central Asia,High income,2012,100,0,64.5
Italy,ITA,Europe & Central Asia,High income,2013,100,0,63.6
Italy,ITA,Europe & Central Asia,High income,2014,100,0,59.8
Italy,ITA,Europe & Central Asia,High income,2015,100,0,59.8
Italy,ITA,Europe & Central Asia,High income,2016,100,0,57.9
Italy,ITA,Europe & Central Asia,High income,2017,100,0,52.8
Italy,ITA,Europe & Central Asia,High income,2018,100,0,53.7
Italy,ITA,Europe & Central Asia,High income,2019,100,0,50.9
Italy,ITA,Europe & Central Asia,High income,2020,100,0,48.6
Italy,ITA,Europe & Central Asia,High income,2021,100,0,43
Italy,ITA,Europe & Central Asia,High income,2022,100,0,38.8
Italy,ITA,Europe & Central Asia,High income,2023,100,0,40.7
Jamaica,JAM,Latin America & Caribbean,Upper middle income,2002,86.7,,37.4
Jamaica,JAM,Latin America & Caribbean,Upper middle income,2003,86.5,-0.231,36.5
Jamaica,JAM,Latin America & Caribbean,Upper middle income,2004,87.2,0.809,36.5
Jamaica,JAM,Latin America & Caribbean,Upper middle income,2005,88,0.917,38.4
Jamaica,JAM,Latin America & Caribbean,Upper middle income,2006,88.7,0.795,37
Jamaica,JAM,Latin America & Caribbean,Upper middle income,2007,89.4,0.789,38.5
Jamaica,JAM,Latin America & Caribbean,Upper middle income,2008,92,2.908,39.9
Jamaica,JAM,Latin America & Caribbean,Upper middle income,2009,91,-1.087,38.3
Jamaica,JAM,Latin America & Caribbean,Upper middle income,2010,92.2,1.319,38.3
Jamaica,JAM,Latin America & Caribbean,Upper middle income,2011,91.1,-1.193,36.9
Jamaica,JAM,Latin America & Caribbean,Upper middle income,2012,93.1,2.195,38.3
Jamaica,JAM,Latin America & Caribbean,Upper middle income,2013,93.9,0.859,37.9
Jamaica,JAM,Latin America & Caribbean,Upper middle income,2014,93.3,-0.639,37.9
Jamaica,JAM,Latin America & Caribbean,Upper middle income,2015,94.9,1.715,37.4
Jamaica,JAM,Latin America & Caribbean,Upper middle income,2016,96.6,1.791,37.4
Jamaica,JAM,Latin America & Caribbean,Upper middle income,2017,97.4,0.828,37.9
Jamaica,JAM,Latin America & Caribbean,Upper middle income,2018,98.2,0.821,38.3
Jamaica,JAM,Latin America & Caribbean,Upper middle income,2019,98.9,0.713,38.3
Jamaica,JAM,Latin America & Caribbean,Upper middle income,2020,99.7,0.809,40.7
Jamaica,JAM,Latin America & Caribbean,Upper middle income,2021,100,0.301,43
Jamaica,JAM,Latin America & Caribbean,Upper middle income,2022,100,0,38.8
Jamaica,JAM,Latin America & Caribbean,Upper middle income,2023,97.7,-2.3,31.3
Japan,JPN,East Asia & Pacific,High income,2002,100,,69.2
Japan,JPN,East Asia & Pacific,High income,2003,100,0,70.6
Japan,JPN,East Asia & Pacific,High income,2004,100,0,72
Japan,JPN,East Asia & Pacific,High income,2005,100,0,73.5
Japan,JPN,East Asia & Pacific,High income,2006,100,0,71.6
Japan,JPN,East Asia & Pacific,High income,2007,100,0,70
Japan,JPN,East Asia & Pacific,High income,2008,100,0,68.5
Japan,JPN,East Asia & Pacific,High income,2009,100,0,68.7
Japan,JPN,East Asia & Pacific,High income,2010,100,0,65.9
Japan,JPN,East Asia & Pacific,High income,2011,100,0,67.3
Japan,JPN,East Asia & Pacific,High income,2012,100,0,64.5
Japan,JPN,East Asia & Pacific,High income,2013,100,0,63.6
Japan,JPN,East Asia & Pacific,High income,2014,100,0,59.8
Japan,JPN,East Asia & Pacific,High income,2015,100,0,59.8
Japan,JPN,East Asia & Pacific,High income,2016,100,0,57.9
Japan,JPN,East Asia & Pacific,High income,2017,100,0,52.8
Japan,JPN,East Asia & Pacific,High income,2018,100,0,53.7
Japan,JPN,East Asia & Pacific,High income,2019,100,0,50.9
Japan,JPN,East Asia & Pacific,High income,2020,100,0,48.6
Japan,JPN,East Asia & Pacific,High income,2021,100,0,43
Japan,JPN,East Asia & Pacific,High income,2022,100,0,38.8
Japan,JPN,East Asia & Pacific,High income,2023,100,0,40.7
Jordan,JOR,"Middle East, North Africa, Afghanistan & Pakistan",Upper middle income,2002,99.5,,63
Jordan,JOR,"Middle East, North Africa, Afghanistan & Pakistan",Upper middle income,2003,99,-0.503,58.8
Jordan,JOR,"Middle East, North Africa, Afghanistan & Pakistan",Upper middle income,2004,99.2,0.202,61.6
Jordan,JOR,"Middle East, North Africa, Afghanistan & Pakistan",Upper middle income,2005,99,-0.202,57.3
Jordan,JOR,"Middle East, North Africa, Afghanistan & Pakistan",Upper middle income,2006,100,1.01,71.6
Jordan,JOR,"Middle East, North Africa, Afghanistan & Pakistan",Upper middle income,2007,98.8,-1.2,56.3
Jordan,JOR,"Middle East, North Africa, Afghanistan & Pakistan",Upper middle income,2008,100,1.215,68.5
Jordan,JOR,"Middle East, North Africa, Afghanistan & Pakistan",Upper middle income,2009,99.4,-0.6,59.3
Jordan,JOR,"Middle East, North Africa, Afghanistan & Pakistan",Upper middle income,2010,100,0.604,65.9
Jordan,JOR,"Middle East, North Africa, Afghanistan & Pakistan",Upper middle income,2011,99.6,-0.4,59.3
Jordan,JOR,"Middle East, North Africa, Afghanistan & Pakistan",Upper middle income,2012,99.5,-0.1,54.2
Jordan,JOR,"Middle East, North Africa, Afghanistan & Pakistan",Upper middle income,2013,99.7,0.201,57.9
Jordan,JOR,"Middle East, North Africa, Afghanistan & Pakistan",Upper middle income,2014,99.8,0.1,54.7
Jordan,JOR,"Middle East, North Africa, Afghanistan & Pakistan",Upper middle income,2015,99.9,0.1,56.1
Jordan,JOR,"Middle East, North Africa, Afghanistan & Pakistan",Upper middle income,2016,100,0.1,57.9
Jordan,JOR,"Middle East, North Africa, Afghanistan & Pakistan",Upper middle income,2017,100,0,52.8
Jordan,JOR,"Middle East, North Africa, Afghanistan & Pakistan",Upper middle income,2018,99.9,-0.1,50.5
Jordan,JOR,"Middle East, North Africa, Afghanistan & Pakistan",Upper middle income,2019,99.9,0,48.1
Jordan,JOR,"Middle East, North Africa, Afghanistan & Pakistan",Upper middle income,2020,99.9,0,44.4
Jordan,JOR,"Middle East, North Africa, Afghanistan & Pakistan",Upper middle income,2021,99.9,0,41.6
Jordan,JOR,"Middle East, North Africa, Afghanistan & Pakistan",Upper middle income,2022,100,0.1,38.8
Jordan,JOR,"Middle East, North Africa, Afghanistan & Pakistan",Upper middle income,2023,100,0,40.7
Kazakhstan,KAZ,Europe & Central Asia,Upper middle income,2002,99.8,,64.5
Kazakhstan,KAZ,Europe & Central Asia,Upper middle income,2003,99.9,0.1,69.2
Kazakhstan,KAZ,Europe & Central Asia,Upper middle income,2004,100,0.1,72
Kazakhstan,KAZ,Europe & Central Asia,Upper middle income,2005,100,0,73.5
Kazakhstan,KAZ,Europe & Central Asia,Upper middle income,2006,99.8,-0.2,68.2
Kazakhstan,KAZ,Europe & Central Asia,Upper middle income,2007,100,0.2,70
Kazakhstan,KAZ,Europe & Central Asia,Upper middle income,2008,100,0,68.5
Kazakhstan,KAZ,Europe & Central Asia,Upper middle income,2009,100,0,68.7
Kazakhstan,KAZ,Europe & Central Asia,Upper middle income,2010,100,0,65.9
Kazakhstan,KAZ,Europe & Central Asia,Upper middle income,2011,99.8,-0.2,64.5
Kazakhstan,KAZ,Europe & Central Asia,Upper middle income,2012,100,0.2,64.5
Kazakhstan,KAZ,Europe & Central Asia,Upper middle income,2013,100,0,63.6
Kazakhstan,KAZ,Europe & Central Asia,Upper middle income,2014,100,0,59.8
Kazakhstan,KAZ,Europe & Central Asia,Upper middle income,2015,100,0,59.8
Kazakhstan,KAZ,Europe & Central Asia,Upper middle income,2016,100,0,57.9
Kazakhstan,KAZ,Europe & Central Asia,Upper middle income,2017,100,0,52.8
Kazakhstan,KAZ,Europe & Central Asia,Upper middle income,2018,100,0,53.7
Kazakhstan,KAZ,Europe & Central Asia,Upper middle income,2019,100,0,50.9
Kazakhstan,KAZ,Europe & Central Asia,Upper middle income,2020,100,0,48.6
Kazakhstan,KAZ,Europe & Central Asia,Upper middle income,2021,100,0,43
Kazakhstan,KAZ,Europe & Central Asia,Upper middle income,2022,100,0,38.8
Kazakhstan,KAZ,Europe & Central Asia,Upper middle income,2023,100,0,40.7
Kenya,KEN,Sub-Saharan Africa,Lower middle income,2002,18.9,,11.4
Kenya,KEN,Sub-Saharan Africa,Lower middle income,2003,16,-15.344,9
Kenya,KEN,Sub-Saharan Africa,Lower middle income,2004,22.6,41.25,10.9
Kenya,KEN,Sub-Saharan Africa,Lower middle income,2005,24.5,8.407,11.4
Kenya,KEN,Sub-Saharan Africa,Lower middle income,2006,26.4,7.755,10.4
Kenya,KEN,Sub-Saharan Africa,Lower middle income,2007,28.3,7.197,12.2
Kenya,KEN,Sub-Saharan Africa,Lower middle income,2008,30.3,7.067,13.1
Kenya,KEN,Sub-Saharan Africa,Lower middle income,2009,23,-24.092,8.9
Kenya,KEN,Sub-Saharan Africa,Lower middle income,2010,19.2,-16.522,7.9
Kenya,KEN,Sub-Saharan Africa,Lower middle income,2011,36.2,88.542,11.7
Kenya,KEN,Sub-Saharan Africa,Lower middle income,2012,38.1,5.249,12.1
Kenya,KEN,Sub-Saharan Africa,Lower middle income,2013,40.1,5.249,13.1
Kenya,KEN,Sub-Saharan Africa,Lower middle income,2014,36,-10.224,11.7
Kenya,KEN,Sub-Saharan Africa,Lower middle income,2015,41.6,15.556,12.6
Kenya,KEN,Sub-Saharan Africa,Lower middle income,2016,53.1,27.644,15.9
Kenya,KEN,Sub-Saharan Africa,Lower middle income,2017,55.8,5.085,16.4
Kenya,KEN,Sub-Saharan Africa,Lower middle income,2018,61.2,9.677,16.8
Kenya,KEN,Sub-Saharan Africa,Lower middle income,2019,69.7,13.889,20.6
Kenya,KEN,Sub-Saharan Africa,Lower middle income,2020,71.5,2.582,20.6
Kenya,KEN,Sub-Saharan Africa,Lower middle income,2021,76.5,6.993,22
Kenya,KEN,Sub-Saharan Africa,Lower middle income,2022,76,-0.654,21
Kenya,KEN,Sub-Saharan Africa,Lower middle income,2023,76.2,0.263,20.6
Kiribati,KIR,East Asia & Pacific,Lower middle income,2002,59,,26.5
Kiribati,KIR,East Asia & Pacific,Lower middle income,2003,60.7,2.881,26.1
Kiribati,KIR,East Asia & Pacific,Lower middle income,2004,62.4,2.801,26.1
Kiribati,KIR,East Asia & Pacific,Lower middle income,2005,69.7,11.699,28.4
Kiribati,KIR,East Asia & Pacific,Lower middle income,2006,68.8,-1.291,27
Kiribati,KIR,East Asia & Pacific,Lower middle income,2007,67.7,-1.599,26.8
Kiribati,KIR,East Asia & Pacific,Lower middle income,2008,69.4,2.511,27.2
Kiribati,KIR,East Asia & Pacific,Lower middle income,2009,64.2,-7.493,26.2
Kiribati,KIR,East Asia & Pacific,Lower middle income,2010,63.2,-1.558,24.3
Kiribati,KIR,East Asia & Pacific,Lower middle income,2011,74.9,18.513,27.6
Kiribati,KIR,East Asia & Pacific,Lower middle income,2012,76.7,2.403,27.1
Kiribati,KIR,East Asia & Pacific,Lower middle income,2013,78.8,2.738,27.1
Kiribati,KIR,East Asia & Pacific,Lower middle income,2014,83.4,5.838,27.1
Kiribati,KIR,East Asia & Pacific,Lower middle income,2015,90.6,8.633,32.7
Kiribati,KIR,East Asia & Pacific,Lower middle income,2016,92.6,2.208,34.1
Kiribati,KIR,East Asia & Pacific,Lower middle income,2017,85.7,-7.451,26.2
Kiribati,KIR,East Asia & Pacific,Lower middle income,2018,87.5,2.1,27.6
Kiribati,KIR,East Asia & Pacific,Lower middle income,2019,89.3,2.057,26.6
Kiribati,KIR,East Asia & Pacific,Lower middle income,2020,91,1.904,27.1
Kiribati,KIR,East Asia & Pacific,Lower middle income,2021,92.8,1.978,28
Kiribati,KIR,East Asia & Pacific,Lower middle income,2022,94.4,1.724,29.4
Kiribati,KIR,East Asia & Pacific,Lower middle income,2023,95.9,1.589,29.4
"Korea, Dem. People's Rep.",PRK,East Asia & Pacific,Low income,2009,26,,11.2
"Korea, Dem. People's Rep.",PRK,East Asia & Pacific,Low income,2010,29.3,12.692,10.7
"Korea, Dem. People's Rep.",PRK,East Asia & Pacific,Low income,2011,31.4,7.167,10.3
"Korea, Dem. People's Rep.",PRK,East Asia & Pacific,Low income,2012,33.6,7.006,10.3
"Korea, Dem. People's Rep.",PRK,East Asia & Pacific,Low income,2013,35.7,6.25,11.2
"Korea, Dem. People's Rep.",PRK,East Asia & Pacific,Low income,2014,37.8,5.882,12.1
"Korea, Dem. People's Rep.",PRK,East Asia & Pacific,Low income,2015,40,5.82,11.7
"Korea, Dem. People's Rep.",PRK,East Asia & Pacific,Low income,2016,42.1,5.25,11.7
"Korea, Dem. People's Rep.",PRK,East Asia & Pacific,Low income,2017,44.2,4.988,12.1
"Korea, Dem. People's Rep.",PRK,East Asia & Pacific,Low income,2018,46.3,4.751,11.7
"Korea, Dem. People's Rep.",PRK,East Asia & Pacific,Low income,2019,48.4,4.536,13.1
"Korea, Dem. People's Rep.",PRK,East Asia & Pacific,Low income,2020,50.5,4.339,12.1
"Korea, Dem. People's Rep.",PRK,East Asia & Pacific,Low income,2021,52.6,4.158,13.1
"Korea, Dem. People's Rep.",PRK,East Asia & Pacific,Low income,2022,54.7,3.992,12.6
"Korea, Dem. People's Rep.",PRK,East Asia & Pacific,Low income,2023,57.5,5.119,13.6
"Korea, Rep.",KOR,East Asia & Pacific,High income,2002,100,,69.2
"Korea, Rep.",KOR,East Asia & Pacific,High income,2003,100,0,70.6
"Korea, Rep.",KOR,East Asia & Pacific,High income,2004,100,0,72
"Korea, Rep.",KOR,East Asia & Pacific,High income,2005,100,0,73.5
"Korea, Rep.",KOR,East Asia & Pacific,High income,2006,100,0,71.6
"Korea, Rep.",KOR,East Asia & Pacific,High income,2007,100,0,70
"Korea, Rep.",KOR,East Asia & Pacific,High income,2008,100,0,68.5
"Korea, Rep.",KOR,East Asia & Pacific,High income,2009,100,0,68.7
"Korea, Rep.",KOR,East Asia & Pacific,High income,2010,100,0,65.9
"Korea, Rep.",KOR,East Asia & Pacific,High income,2011,100,0,67.3
"Korea, Rep.",KOR,East Asia & Pacific,High income,2012,100,0,64.5
"Korea, Rep.",KOR,East Asia & Pacific,High income,2013,100,0,63.6
"Korea, Rep.",KOR,East Asia & Pacific,High income,2014,100,0,59.8
"Korea, Rep.",KOR,East Asia & Pacific,High income,2015,100,0,59.8
"Korea, Rep.",KOR,East Asia & Pacific,High income,2016,100,0,57.9
"Korea, Rep.",KOR,East Asia & Pacific,High income,2017,100,0,52.8
"Korea, Rep.",KOR,East Asia & Pacific,High income,2018,100,0,53.7
"Korea, Rep.",KOR,East Asia & Pacific,High income,2019,100,0,50.9
"Korea, Rep.",KOR,East Asia & Pacific,High income,2020,100,0,48.6
"Korea, Rep.",KOR,East Asia & Pacific,High income,2021,100,0,43
"Korea, Rep.",KOR,East Asia & Pacific,High income,2022,100,0,38.8
"Korea, Rep.",KOR,East Asia & Pacific,High income,2023,100,0,40.7
Kuwait,KWT,"Middle East, North Africa, Afghanistan & Pakistan",High income,2002,100,,69.2
Kuwait,KWT,"Middle East, North Africa, Afghanistan & Pakistan",High income,2003,100,0,70.6
Kuwait,KWT,"Middle East, North Africa, Afghanistan & Pakistan",High income,2004,100,0,72
Kuwait,KWT,"Middle East, North Africa, Afghanistan & Pakistan",High income,2005,100,0,73.5
Kuwait,KWT,"Middle East, North Africa, Afghanistan & Pakistan",High income,2006,100,0,71.6
Kuwait,KWT,"Middle East, North Africa, Afghanistan & Pakistan",High income,2007,100,0,70
Kuwait,KWT,"Middle East, North Africa, Afghanistan & Pakistan",High income,2008,100,0,68.5
Kuwait,KWT,"Middle East, North Africa, Afghanistan & Pakistan",High income,2009,100,0,68.7
Kuwait,KWT,"Middle East, North Africa, Afghanistan & Pakistan",High income,2010,100,0,65.9
Kuwait,KWT,"Middle East, North Africa, Afghanistan & Pakistan",High income,2011,100,0,67.3
Kuwait,KWT,"Middle East, North Africa, Afghanistan & Pakistan",High income,2012,100,0,64.5
Kuwait,KWT,"Middle East, North Africa, Afghanistan & Pakistan",High income,2013,100,0,63.6
Kuwait,KWT,"Middle East, North Africa, Afghanistan & Pakistan",High income,2014,100,0,59.8
Kuwait,KWT,"Middle East, North Africa, Afghanistan & Pakistan",High income,2015,100,0,59.8
Kuwait,KWT,"Middle East, North Africa, Afghanistan & Pakistan",High income,2016,100,0,57.9
Kuwait,KWT,"Middle East, North Africa, Afghanistan & Pakistan",High income,2017,100,0,52.8
Kuwait,KWT,"Middle East, North Africa, Afghanistan & Pakistan",High income,2018,100,0,53.7
Kuwait,KWT,"Middle East, North Africa, Afghanistan & Pakistan",High income,2019,100,0,50.9
Kuwait,KWT,"Middle East, North Africa, Afghanistan & Pakistan",High income,2020,100,0,48.6
Kuwait,KWT,"Middle East, North Africa, Afghanistan & Pakistan",High income,2021,100,0,43
Kuwait,KWT,"Middle East, North Africa, Afghanistan & Pakistan",High income,2022,100,0,38.8
Kuwait,KWT,"Middle East, North Africa, Afghanistan & Pakistan",High income,2023,100,0,40.7
Kyrgyz Republic,KGZ,Europe & Central Asia,Lower middle income,2002,100,,69.2
Kyrgyz Republic,KGZ,Europe & Central Asia,Lower middle income,2003,99.4,-0.6,63.5
Kyrgyz Republic,KGZ,Europe & Central Asia,Lower middle income,2004,99.3,-0.101,62.1
Kyrgyz Republic,KGZ,Europe & Central Asia,Lower middle income,2005,99.4,0.101,62.1
Kyrgyz Republic,KGZ,Europe & Central Asia,Lower middle income,2006,98.9,-0.503,53.1
Kyrgyz Republic,KGZ,Europe & Central Asia,Lower middle income,2007,99.5,0.607,62.4
Kyrgyz Republic,KGZ,Europe & Central Asia,Lower middle income,2008,99.5,0,61
Kyrgyz Republic,KGZ,Europe & Central Asia,Lower middle income,2009,99.5,0,60.7
Kyrgyz Republic,KGZ,Europe & Central Asia,Lower middle income,2010,99,-0.503,51.9
Kyrgyz Republic,KGZ,Europe & Central Asia,Lower middle income,2011,98.3,-0.707,48.6
Kyrgyz Republic,KGZ,Europe & Central Asia,Lower middle income,2012,99.8,1.526,60.3
Kyrgyz Republic,KGZ,Europe & Central Asia,Lower middle income,2013,98.9,-0.902,47.2
Kyrgyz Republic,KGZ,Europe & Central Asia,Lower middle income,2014,99.8,0.91,54.7
Kyrgyz Republic,KGZ,Europe & Central Asia,Lower middle income,2015,98.7,-1.102,44.4
Kyrgyz Republic,KGZ,Europe & Central Asia,Lower middle income,2016,99.7,1.013,49.5
Kyrgyz Republic,KGZ,Europe & Central Asia,Lower middle income,2017,100,0.301,52.8
Kyrgyz Republic,KGZ,Europe & Central Asia,Lower middle income,2018,100,0,53.7
Kyrgyz Republic,KGZ,Europe & Central Asia,Lower middle income,2019,99.9,-0.1,48.1
Kyrgyz Republic,KGZ,Europe & Central Asia,Lower middle income,2020,99.9,0,44.4
Kyrgyz Republic,KGZ,Europe & Central Asia,Lower middle income,2021,99.7,-0.2,38.8
Kyrgyz Republic,KGZ,Europe & Central Asia,Lower middle income,2022,99.7,0,36
Kyrgyz Republic,KGZ,Europe & Central Asia,Lower middle income,2023,100,0.301,40.7
Lao PDR,LAO,East Asia & Pacific,Lower middle income,2002,46.3,,22.3
Lao PDR,LAO,East Asia & Pacific,Lower middle income,2003,48,3.672,22.3
Lao PDR,LAO,East Asia & Pacific,Lower middle income,2004,53.5,11.458,24.2
Lao PDR,LAO,East Asia & Pacific,Lower middle income,2005,57.2,6.916,24.6
Lao PDR,LAO,East Asia & Pacific,Lower middle income,2006,57,-0.35,24.2
Lao PDR,LAO,East Asia & Pacific,Lower middle income,2007,55,-3.509,22.5
Lao PDR,LAO,East Asia & Pacific,Lower middle income,2008,66,20,26.3
Lao PDR,LAO,East Asia & Pacific,Lower middle income,2009,67.4,2.121,27.1
Lao PDR,LAO,East Asia & Pacific,Lower middle income,2010,70.2,4.154,27.1
Lao PDR,LAO,East Asia & Pacific,Lower middle income,2011,70,-0.285,26.6
Lao PDR,LAO,East Asia & Pacific,Lower middle income,2012,76.4,9.143,26.6
Lao PDR,LAO,East Asia & Pacific,Lower middle income,2013,79.3,3.796,27.6
Lao PDR,LAO,East Asia & Pacific,Lower middle income,2014,82.5,4.035,26.6
Lao PDR,LAO,East Asia & Pacific,Lower middle income,2015,89.7,8.727,30.8
Lao PDR,LAO,East Asia & Pacific,Lower middle income,2016,89,-0.78,28
Lao PDR,LAO,East Asia & Pacific,Lower middle income,2017,93.6,5.169,33.2
Lao PDR,LAO,East Asia & Pacific,Lower middle income,2018,92.9,-0.748,31.3
Lao PDR,LAO,East Asia & Pacific,Lower middle income,2019,98.4,5.92,36.9
Lao PDR,LAO,East Asia & Pacific,Lower middle income,2020,99.3,0.915,37.4
Lao PDR,LAO,East Asia & Pacific,Lower middle income,2021,100,0.705,43
Lao PDR,LAO,East Asia & Pacific,Lower middle income,2022,100,0,38.8
Lao PDR,LAO,East Asia & Pacific,Lower middle income,2023,96.5,-3.5,30.4
Latvia,LVA,Europe & Central Asia,High income,2002,99.8,,64.5
Latvia,LVA,Europe & Central Asia,High income,2003,99.8,0,66.4
Latvia,LVA,Europe & Central Asia,High income,2004,99.7,-0.1,66.4
Latvia,LVA,Europe & Central Asia,High income,2005,99.7,0,65.4
Latvia,LVA,Europe & Central Asia,High income,2006,99.6,-0.1,64
Latvia,LVA,Europe & Central Asia,High income,2007,99.7,0.1,64.8
Latvia,LVA,Europe & Central Asia,High income,2008,99.7,0,62.9
Latvia,LVA,Europe & Central Asia,High income,2009,100,0.301,68.7
Latvia,LVA,Europe & Central Asia,High income,2010,99.8,-0.2,63.6
Latvia,LVA,Europe & Central Asia,High income,2011,99.8,0,64.5
Latvia,LVA,Europe & Central Asia,High income,2012,100,0.2,64.5
Latvia,LVA,Europe & Central Asia,High income,2013,100,0,63.6
Latvia,LVA,Europe & Central Asia,High income,2014,100,0,59.8
Latvia,LVA,Europe & Central Asia,High income,2015,100,0,59.8
Latvia,LVA,Europe & Central Asia,High income,2016,100,0,57.9
Latvia,LVA,Europe & Central Asia,High income,2017,100,0,52.8
Latvia,LVA,Europe & Central Asia,High income,2018,100,0,53.7
Latvia,LVA,Europe & Central Asia,High income,2019,100,0,50.9
Latvia,LVA,Europe & Central Asia,High income,2020,100,0,48.6
Latvia,LVA,Europe & Central Asia,High income,2021,100,0,43
Latvia,LVA,Europe & Central Asia,High income,2022,100,0,38.8
Latvia,LVA,Europe & Central Asia,High income,2023,100,0,40.7
Lebanon,LBN,"Middle East, North Africa, Afghanistan & Pakistan",Lower middle income,2002,99.3,,60.7
Lebanon,LBN,"Middle East, North Africa, Afghanistan & Pakistan",Lower middle income,2003,99.2,-0.101,62.6
Lebanon,LBN,"Middle East, North Africa, Afghanistan & Pakistan",Lower middle income,2004,99.9,0.706,69.7
Lebanon,LBN,"Middle East, North Africa, Afghanistan & Pakistan",Lower middle income,2005,99.2,-0.701,60.7
Lebanon,LBN,"Middle East, North Africa, Afghanistan & Pakistan",Lower middle income,2006,99.4,0.202,59.2
Lebanon,LBN,"Middle East, North Africa, Afghanistan & Pakistan",Lower middle income,2007,97.8,-1.61,49.8
Lebanon,LBN,"Middle East, North Africa, Afghanistan & Pakistan",Lower middle income,2008,99.9,2.147,68.1
Lebanon,LBN,"Middle East, North Africa, Afghanistan & Pakistan",Lower middle income,2009,99.3,-0.601,57.9
Lebanon,LBN,"Middle East, North Africa, Afghanistan & Pakistan",Lower middle income,2010,99.5,0.201,57.9
Lebanon,LBN,"Middle East, North Africa, Afghanistan & Pakistan",Lower middle income,2011,99.7,0.201,60.7
Lebanon,LBN,"Middle East, North Africa, Afghanistan & Pakistan",Lower middle income,2012,99.5,-0.201,54.2
Lebanon,LBN,"Middle East, North Africa, Afghanistan & Pakistan",Lower middle income,2013,99.6,0.101,54.7
Lebanon,LBN,"Middle East, North Africa, Afghanistan & Pakistan",Lower middle income,2014,99.7,0.1,51.9
Lebanon,LBN,"Middle East, North Africa, Afghanistan & Pakistan",Lower middle income,2015,99.7,0,52.8
Lebanon,LBN,"Middle East, North Africa, Afghanistan & Pakistan",Lower middle income,2016,99.8,0.1,52.8
Lebanon,LBN,"Middle East, North Africa, Afghanistan & Pakistan",Lower middle income,2017,99.9,0.1,49.5
Lebanon,LBN,"Middle East, North Africa, Afghanistan & Pakistan",Lower middle income,2018,99.7,-0.2,45.8
Lebanon,LBN,"Middle East, North Africa, Afghanistan & Pakistan",Lower middle income,2019,100,0.301,50.9
Lebanon,LBN,"Middle East, North Africa, Afghanistan & Pakistan",Lower middle income,2020,100,0,48.6
Lebanon,LBN,"Middle East, North Africa, Afghanistan & Pakistan",Lower middle income,2021,100,0,43
Lebanon,LBN,"Middle East, North Africa, Afghanistan & Pakistan",Lower middle income,2022,100,0,38.8
Lebanon,LBN,"Middle East, North Africa, Afghanistan & Pakistan",Lower middle income,2023,100,0,40.7
Lesotho,LSO,Sub-Saharan Africa,Lower middle income,2002,3.4,,0.9
Lesotho,LSO,Sub-Saharan Africa,Lower middle income,2003,5.4,58.824,1.4
Lesotho,LSO,Sub-Saharan Africa,Lower middle income,2004,6.8,25.926,1.4
Lesotho,LSO,Sub-Saharan Africa,Lower middle income,2005,9.6,41.176,4.3
Lesotho,LSO,Sub-Saharan Africa,Lower middle income,2006,9.7,1.042,2.8
Lesotho,LSO,Sub-Saharan Africa,Lower middle income,2007,13.9,43.299,6.1
Lesotho,LSO,Sub-Saharan Africa,Lower middle income,2008,16,15.108,7.5
Lesotho,LSO,Sub-Saharan Africa,Lower middle income,2009,17,6.25,7
Lesotho,LSO,Sub-Saharan Africa,Lower middle income,2010,17,0,7
Lesotho,LSO,Sub-Saharan Africa,Lower middle income,2011,22.5,32.353,7.9
Lesotho,LSO,Sub-Saharan Africa,Lower middle income,2012,20.6,-8.444,7.5
Lesotho,LSO,Sub-Saharan Africa,Lower middle income,2013,26.9,30.583,7.9
Lesotho,LSO,Sub-Saharan Africa,Lower middle income,2014,27.8,3.346,8.4
Lesotho,LSO,Sub-Saharan Africa,Lower middle income,2015,31.8,14.388,9.3
Lesotho,LSO,Sub-Saharan Africa,Lower middle income,2016,35.1,10.377,8.4
Lesotho,LSO,Sub-Saharan Africa,Lower middle income,2017,33.7,-3.989,7.5
Lesotho,LSO,Sub-Saharan Africa,Lower middle income,2018,47,39.466,12.1
Lesotho,LSO,Sub-Saharan Africa,Lower middle income,2019,44.6,-5.106,8.9
Lesotho,LSO,Sub-Saharan Africa,Lower middle income,2020,47.5,6.502,10.7
Lesotho,LSO,Sub-Saharan Africa,Lower middle income,2021,50.4,6.105,12.1
Lesotho,LSO,Sub-Saharan Africa,Lower middle income,2022,50,-0.794,10.3
Lesotho,LSO,Sub-Saharan Africa,Lower middle income,2023,57.3,14.6,13.1
Liberia,LBR,Sub-Saharan Africa,Low income,2007,3,,0.5
Liberia,LBR,Sub-Saharan Africa,Low income,2008,1.3,-56.667,0
Liberia,LBR,Sub-Saharan Africa,Low income,2009,1.9,46.154,0
Liberia,LBR,Sub-Saharan Africa,Low income,2010,5.3,178.947,0.5
Liberia,LBR,Sub-Saharan Africa,Low income,2011,4.1,-22.642,0.5
Liberia,LBR,Sub-Saharan Africa,Low income,2012,9.3,126.829,1.9
Liberia,LBR,Sub-Saharan Africa,Low income,2013,9.8,5.376,1.9
Liberia,LBR,Sub-Saharan Africa,Low income,2014,9.4,-4.082,1.4
Liberia,LBR,Sub-Saharan Africa,Low income,2015,15.2,61.702,2.3
Liberia,LBR,Sub-Saharan Africa,Low income,2016,17.7,16.447,4.2
Liberia,LBR,Sub-Saharan Africa,Low income,2017,24.2,36.723,5.1
Liberia,LBR,Sub-Saharan Africa,Low income,2018,22.8,-5.785,4.2
Liberia,LBR,Sub-Saharan Africa,Low income,2019,23.1,1.316,4.2
Liberia,LBR,Sub-Saharan Africa,Low income,2020,27.6,19.481,4.7
Liberia,LBR,Sub-Saharan Africa,Low income,2021,29.8,7.971,4.7
Liberia,LBR,Sub-Saharan Africa,Low income,2022,31.8,6.711,4.7
Liberia,LBR,Sub-Saharan Africa,Low income,2023,32.5,2.201,4.2
Libya,LBY,"Middle East, North Africa, Afghanistan & Pakistan",Upper middle income,2002,95.2,,46
Libya,LBY,"Middle East, North Africa, Afghanistan & Pakistan",Upper middle income,2003,93.5,-1.786,44.1
Libya,LBY,"Middle East, North Africa, Afghanistan & Pakistan",Upper middle income,2004,91.8,-1.818,42.7
Libya,LBY,"Middle East, North Africa, Afghanistan & Pakistan",Upper middle income,2005,90.1,-1.852,39.3
Libya,LBY,"Middle East, North Africa, Afghanistan & Pakistan",Upper middle income,2006,88.4,-1.887,36.5
Libya,LBY,"Middle East, North Africa, Afghanistan & Pakistan",Upper middle income,2007,86.8,-1.81,36.2
Libya,LBY,"Middle East, North Africa, Afghanistan & Pakistan",Upper middle income,2008,85.1,-1.959,35.2
Libya,LBY,"Middle East, North Africa, Afghanistan & Pakistan",Upper middle income,2009,83.5,-1.88,33.2
Libya,LBY,"Middle East, North Africa, Afghanistan & Pakistan",Upper middle income,2010,81.9,-1.916,30.4
Libya,LBY,"Middle East, North Africa, Afghanistan & Pakistan",Upper middle income,2011,80.3,-1.954,28.5
Libya,LBY,"Middle East, North Africa, Afghanistan & Pakistan",Upper middle income,2012,78.7,-1.993,27.6
Libya,LBY,"Middle East, North Africa, Afghanistan & Pakistan",Upper middle income,2013,77.1,-2.033,26.2
Libya,LBY,"Middle East, North Africa, Afghanistan & Pakistan",Upper middle income,2014,75.5,-2.075,25.2
Libya,LBY,"Middle East, North Africa, Afghanistan & Pakistan",Upper middle income,2015,73.8,-2.252,24.8
Libya,LBY,"Middle East, North Africa, Afghanistan & Pakistan",Upper middle income,2016,72.2,-2.168,23.4
Libya,LBY,"Middle East, North Africa, Afghanistan & Pakistan",Upper middle income,2017,70.6,-2.216,21.5
Libya,LBY,"Middle East, North Africa, Afghanistan & Pakistan",Upper middle income,2018,67,-5.099,21
Libya,LBY,"Middle East, North Africa, Afghanistan & Pakistan",Upper middle income,2019,68.5,2.239,19.2
Libya,LBY,"Middle East, North Africa, Afghanistan & Pakistan",Upper middle income,2020,69.4,1.314,19.2
Libya,LBY,"Middle East, North Africa, Afghanistan & Pakistan",Upper middle income,2021,70.2,1.153,19.2
Libya,LBY,"Middle East, North Africa, Afghanistan & Pakistan",Upper middle income,2022,70,-0.285,18.2
Libya,LBY,"Middle East, North Africa, Afghanistan & Pakistan",Upper middle income,2023,73.2,4.571,19.2
Liechtenstein,LIE,Europe & Central Asia,High income,2002,100,,69.2
Liechtenstein,LIE,Europe & Central Asia,High income,2003,100,0,70.6
Liechtenstein,LIE,Europe & Central Asia,High income,2004,100,0,72
Liechtenstein,LIE,Europe & Central Asia,High income,2005,100,0,73.5
Liechtenstein,LIE,Europe & Central Asia,High income,2006,100,0,71.6
Liechtenstein,LIE,Europe & Central Asia,High income,2007,100,0,70
Liechtenstein,LIE,Europe & Central Asia,High income,2008,100,0,68.5
Liechtenstein,LIE,Europe & Central Asia,High income,2009,100,0,68.7
Liechtenstein,LIE,Europe & Central Asia,High income,2010,100,0,65.9
Liechtenstein,LIE,Europe & Central Asia,High income,2011,100,0,67.3
Liechtenstein,LIE,Europe & Central Asia,High income,2012,100,0,64.5
Liechtenstein,LIE,Europe & Central Asia,High income,2013,100,0,63.6
Liechtenstein,LIE,Europe & Central Asia,High income,2014,100,0,59.8
Liechtenstein,LIE,Europe & Central Asia,High income,2015,100,0,59.8
Liechtenstein,LIE,Europe & Central Asia,High income,2016,100,0,57.9
Liechtenstein,LIE,Europe & Central Asia,High income,2017,100,0,52.8
Liechtenstein,LIE,Europe & Central Asia,High income,2018,100,0,53.7
Liechtenstein,LIE,Europe & Central Asia,High income,2019,100,0,50.9
Liechtenstein,LIE,Europe & Central Asia,High income,2020,100,0,48.6
Liechtenstein,LIE,Europe & Central Asia,High income,2021,100,0,43
Liechtenstein,LIE,Europe & Central Asia,High income,2022,100,0,38.8
Liechtenstein,LIE,Europe & Central Asia,High income,2023,100,0,40.7
Lithuania,LTU,Europe & Central Asia,High income,2002,99.4,,61.6
Lithuania,LTU,Europe & Central Asia,High income,2003,99.4,0,63.5
Lithuania,LTU,Europe & Central Asia,High income,2004,99.4,0,62.6
Lithuania,LTU,Europe & Central Asia,High income,2005,99.4,0,62.1
Lithuania,LTU,Europe & Central Asia,High income,2006,99.4,0,59.2
Lithuania,LTU,Europe & Central Asia,High income,2007,99.4,0,61
Lithuania,LTU,Europe & Central Asia,High income,2008,99.4,0,60.1
Lithuania,LTU,Europe & Central Asia,High income,2009,99.5,0.101,60.7
Lithuania,LTU,Europe & Central Asia,High income,2010,99.7,0.201,61.7
Lithuania,LTU,Europe & Central Asia,High income,2011,99.7,0,60.7
Lithuania,LTU,Europe & Central Asia,High income,2012,100,0.301,64.5
Lithuania,LTU,Europe & Central Asia,High income,2013,100,0,63.6
Lithuania,LTU,Europe & Central Asia,High income,2014,100,0,59.8
Lithuania,LTU,Europe & Central Asia,High income,2015,100,0,59.8
Lithuania,LTU,Europe & Central Asia,High income,2016,100,0,57.9
Lithuania,LTU,Europe & Central Asia,High income,2017,100,0,52.8
Lithuania,LTU,Europe & Central Asia,High income,2018,100,0,53.7
Lithuania,LTU,Europe & Central Asia,High income,2019,100,0,50.9
Lithuania,LTU,Europe & Central Asia,High income,2020,100,0,48.6
Lithuania,LTU,Europe & Central Asia,High income,2021,100,0,43
Lithuania,LTU,Europe & Central Asia,High income,2022,100,0,38.8
Lithuania,LTU,Europe & Central Asia,High income,2023,100,0,40.7
Luxembourg,LUX,Europe & Central Asia,High income,2002,100,,69.2
Luxembourg,LUX,Europe & Central Asia,High income,2003,100,0,70.6
Luxembourg,LUX,Europe & Central Asia,High income,2004,100,0,72
Luxembourg,LUX,Europe & Central Asia,High income,2005,100,0,73.5
Luxembourg,LUX,Europe & Central Asia,High income,2006,100,0,71.6
Luxembourg,LUX,Europe & Central Asia,High income,2007,100,0,70
Luxembourg,LUX,Europe & Central Asia,High income,2008,100,0,68.5
Luxembourg,LUX,Europe & Central Asia,High income,2009,100,0,68.7
Luxembourg,LUX,Europe & Central Asia,High income,2010,100,0,65.9
Luxembourg,LUX,Europe & Central Asia,High income,2011,100,0,67.3
Luxembourg,LUX,Europe & Central Asia,High income,2012,100,0,64.5
Luxembourg,LUX,Europe & Central Asia,High income,2013,100,0,63.6
Luxembourg,LUX,Europe & Central Asia,High income,2014,100,0,59.8
Luxembourg,LUX,Europe & Central Asia,High income,2015,100,0,59.8
Luxembourg,LUX,Europe & Central Asia,High income,2016,100,0,57.9
Luxembourg,LUX,Europe & Central Asia,High income,2017,100,0,52.8
Luxembourg,LUX,Europe & Central Asia,High income,2018,100,0,53.7
Luxembourg,LUX,Europe & Central Asia,High income,2019,100,0,50.9
Luxembourg,LUX,Europe & Central Asia,High income,2020,100,0,48.6
Luxembourg,LUX,Europe & Central Asia,High income,2021,100,0,43
Luxembourg,LUX,Europe & Central Asia,High income,2022,100,0,38.8
Luxembourg,LUX,Europe & Central Asia,High income,2023,100,0,40.7
"Macao SAR, China",MAC,East Asia & Pacific,High income,2002,100,,69.2
"Macao SAR, China",MAC,East Asia & Pacific,High income,2003,100,0,70.6
"Macao SAR, China",MAC,East Asia & Pacific,High income,2004,100,0,72
"Macao SAR, China",MAC,East Asia & Pacific,High income,2005,100,0,73.5
"Macao SAR, China",MAC,East Asia & Pacific,High income,2006,100,0,71.6
"Macao SAR, China",MAC,East Asia & Pacific,High income,2007,100,0,70
"Macao SAR, China",MAC,East Asia & Pacific,High income,2008,100,0,68.5
"Macao SAR, China",MAC,East Asia & Pacific,High income,2009,100,0,68.7
"Macao SAR, China",MAC,East Asia & Pacific,High income,2010,100,0,65.9
"Macao SAR, China",MAC,East Asia & Pacific,High income,2011,100,0,67.3
"Macao SAR, China",MAC,East Asia & Pacific,High income,2012,100,0,64.5
"Macao SAR, China",MAC,East Asia & Pacific,High income,2013,100,0,63.6
"Macao SAR, China",MAC,East Asia & Pacific,High income,2014,100,0,59.8
"Macao SAR, China",MAC,East Asia & Pacific,High income,2015,100,0,59.8
"Macao SAR, China",MAC,East Asia & Pacific,High income,2016,100,0,57.9
"Macao SAR, China",MAC,East Asia & Pacific,High income,2017,100,0,52.8
"Macao SAR, China",MAC,East Asia & Pacific,High income,2018,100,0,53.7
"Macao SAR, China",MAC,East Asia & Pacific,High income,2019,100,0,50.9
"Macao SAR, China",MAC,East Asia & Pacific,High income,2020,100,0,48.6
"Macao SAR, China",MAC,East Asia & Pacific,High income,2021,100,0,43
"Macao SAR, China",MAC,East Asia & Pacific,High income,2022,100,0,38.8
"Macao SAR, China",MAC,East Asia & Pacific,High income,2023,100,0,40.7
Madagascar,MDG,Sub-Saharan Africa,Low income,2002,14,,9.5
Madagascar,MDG,Sub-Saharan Africa,Low income,2003,20.3,45,11.4
Madagascar,MDG,Sub-Saharan Africa,Low income,2004,15.3,-24.631,8.1
Madagascar,MDG,Sub-Saharan Africa,Low income,2005,16,4.575,8.1
Madagascar,MDG,Sub-Saharan Africa,Low income,2006,16.8,5,8.5
Madagascar,MDG,Sub-Saharan Africa,Low income,2007,17.5,4.167,8.5
Madagascar,MDG,Sub-Saharan Africa,Low income,2008,18.3,4.571,8
Madagascar,MDG,Sub-Saharan Africa,Low income,2009,17.4,-4.918,7.9
Madagascar,MDG,Sub-Saharan Africa,Low income,2010,12.3,-29.31,4.7
Madagascar,MDG,Sub-Saharan Africa,Low income,2011,14.3,16.26,5.1
Madagascar,MDG,Sub-Saharan Africa,Low income,2012,18.7,30.769,6.5
Madagascar,MDG,Sub-Saharan Africa,Low income,2013,12.9,-31.016,2.8
Madagascar,MDG,Sub-Saharan Africa,Low income,2014,23,78.295,6.5
Madagascar,MDG,Sub-Saharan Africa,Low income,2015,23.8,3.478,6.5
Madagascar,MDG,Sub-Saharan Africa,Low income,2016,22.9,-3.782,5.1
Madagascar,MDG,Sub-Saharan Africa,Low income,2017,24.1,5.24,4.7
Madagascar,MDG,Sub-Saharan Africa,Low income,2018,36.5,51.452,6.5
Madagascar,MDG,Sub-Saharan Africa,Low income,2019,31,-15.068,6.1
Madagascar,MDG,Sub-Saharan Africa,Low income,2020,32,3.226,5.6
Madagascar,MDG,Sub-Saharan Africa,Low income,2021,35.1,9.688,5.6
Madagascar,MDG,Sub-Saharan Africa,Low income,2022,36.1,2.849,5.6
Madagascar,MDG,Sub-Saharan Africa,Low income,2023,39.4,9.141,5.6
Malawi,MWI,Sub-Saharan Africa,Low income,2002,5.6,,1.9
Malawi,MWI,Sub-Saharan Africa,Low income,2003,6.2,10.714,1.9
Malawi,MWI,Sub-Saharan Africa,Low income,2004,6.9,11.29,1.9
Malawi,MWI,Sub-Saharan Africa,Low income,2005,6.6,-4.348,2.4
Malawi,MWI,Sub-Saharan Africa,Low income,2006,3.7,-43.939,0.5
Malawi,MWI,Sub-Saharan Africa,Low income,2007,7.4,100,1.9
Malawi,MWI,Sub-Saharan Africa,Low income,2008,7.8,5.405,2.8
Malawi,MWI,Sub-Saharan Africa,Low income,2009,8.3,6.41,2.3
Malawi,MWI,Sub-Saharan Africa,Low income,2010,8.7,4.819,2.3
Malawi,MWI,Sub-Saharan Africa,Low income,2011,7.6,-12.644,1.4
Malawi,MWI,Sub-Saharan Africa,Low income,2012,7.4,-2.632,0.9
Malawi,MWI,Sub-Saharan Africa,Low income,2013,9,21.622,1.4
Malawi,MWI,Sub-Saharan Africa,Low income,2014,11.9,32.222,1.9
Malawi,MWI,Sub-Saharan Africa,Low income,2015,10.8,-9.244,1.4
Malawi,MWI,Sub-Saharan Africa,Low income,2016,11,1.852,1.4
Malawi,MWI,Sub-Saharan Africa,Low income,2017,12.7,15.455,1.4
Malawi,MWI,Sub-Saharan Africa,Low income,2018,18,41.732,3.3
Malawi,MWI,Sub-Saharan Africa,Low income,2019,11.2,-37.778,1.4
Malawi,MWI,Sub-Saharan Africa,Low income,2020,11.5,2.679,1.4
Malawi,MWI,Sub-Saharan Africa,Low income,2021,14.2,23.478,1.4
Malawi,MWI,Sub-Saharan Africa,Low income,2022,14,-1.408,1.4
Malawi,MWI,Sub-Saharan Africa,Low income,2023,15.6,11.429,1.4
Malaysia,MYS,East Asia & Pacific,Upper middle income,2002,98.6,,56.9
Malaysia,MYS,East Asia & Pacific,Upper middle income,2003,98.7,0.101,55.9
Malaysia,MYS,East Asia & Pacific,Upper middle income,2004,98.7,0,56.4
Malaysia,MYS,East Asia & Pacific,Upper middle income,2005,98.7,0,55.5
Malaysia,MYS,East Asia & Pacific,Upper middle income,2006,98.8,0.101,52.6
Malaysia,MYS,East Asia & Pacific,Upper middle income,2007,98.9,0.101,57.3
Malaysia,MYS,East Asia & Pacific,Upper middle income,2008,99,0.101,55.4
Malaysia,MYS,East Asia & Pacific,Upper middle income,2009,99.3,0.303,57.9
Malaysia,MYS,East Asia & Pacific,Upper middle income,2010,99.5,0.201,57.9
Malaysia,MYS,East Asia & Pacific,Upper middle income,2011,99.5,0,57.5
Malaysia,MYS,East Asia & Pacific,Upper middle income,2012,99.8,0.302,60.3
Malaysia,MYS,East Asia & Pacific,Upper middle income,2013,99.6,-0.2,54.7
Malaysia,MYS,East Asia & Pacific,Upper middle income,2014,99.7,0.1,51.9
Malaysia,MYS,East Asia & Pacific,Upper middle income,2015,99.9,0.201,56.1
Malaysia,MYS,East Asia & Pacific,Upper middle income,2016,99.9,0,54.2
Malaysia,MYS,East Asia & Pacific,Upper middle income,2017,100,0.1,52.8
Malaysia,MYS,East Asia & Pacific,Upper middle income,2018,100,0,53.7
Malaysia,MYS,East Asia & Pacific,Upper middle income,2019,100,0,50.9
Malaysia,MYS,East Asia & Pacific,Upper middle income,2020,100,0,48.6
Malaysia,MYS,East Asia & Pacific,Upper middle income,2021,100,0,43
Malaysia,MYS,East Asia & Pacific,Upper middle income,2022,100,0,38.8
Malaysia,MYS,East Asia & Pacific,Upper middle income,2023,100,0,40.7
Maldives,MDV,South Asia,Upper middle income,2002,88.3,,40.3
Maldives,MDV,South Asia,Upper middle income,2003,89.1,0.906,39.8
Maldives,MDV,South Asia,Upper middle income,2004,90,1.01,39.8
Maldives,MDV,South Asia,Upper middle income,2005,90.9,1,41.2
Maldives,MDV,South Asia,Upper middle income,2006,91.7,0.88,40.8
Maldives,MDV,South Asia,Upper middle income,2007,92.6,0.981,42.3
Maldives,MDV,South Asia,Upper middle income,2008,93.6,1.08,42.3
Maldives,MDV,South Asia,Upper middle income,2009,99.9,6.731,66.8
Maldives,MDV,South Asia,Upper middle income,2010,99,-0.901,51.9
Maldives,MDV,South Asia,Upper middle income,2011,99.1,0.101,53.7
Maldives,MDV,South Asia,Upper middle income,2012,99.2,0.101,51.4
Maldives,MDV,South Asia,Upper middle income,2013,99.4,0.202,51.4
Maldives,MDV,South Asia,Upper middle income,2014,100,0.604,59.8
Maldives,MDV,South Asia,Upper middle income,2015,99.8,-0.2,55.6
Maldives,MDV,South Asia,Upper middle income,2016,100,0.2,57.9
Maldives,MDV,South Asia,Upper middle income,2017,99.8,-0.2,47.7
Maldives,MDV,South Asia,Upper middle income,2018,100,0.2,53.7
Maldives,MDV,South Asia,Upper middle income,2019,100,0,50.9
Maldives,MDV,South Asia,Upper middle income,2020,100,0,48.6
Maldives,MDV,South Asia,Upper middle income,2021,100,0,43
Maldives,MDV,South Asia,Upper middle income,2022,100,0,38.8
Maldives,MDV,South Asia,Upper middle income,2023,100,0,40.7
Mali,MLI,Sub-Saharan Africa,Low income,2002,13,,8.1
Mali,MLI,Sub-Saharan Africa,Low income,2003,14.7,13.077,8.5
Mali,MLI,Sub-Saharan Africa,Low income,2004,16.4,11.565,9
Mali,MLI,Sub-Saharan Africa,Low income,2005,18.2,10.976,8.5
Mali,MLI,Sub-Saharan Africa,Low income,2006,16.6,-8.791,8.1
Mali,MLI,Sub-Saharan Africa,Low income,2007,21.7,30.723,10.8
Mali,MLI,Sub-Saharan Africa,Low income,2008,23.4,7.834,9.9
Mali,MLI,Sub-Saharan Africa,Low income,2009,24,2.564,9.8
Mali,MLI,Sub-Saharan Africa,Low income,2010,27,12.5,9.8
Mali,MLI,Sub-Saharan Africa,Low income,2011,28.8,6.667,9.3
Mali,MLI,Sub-Saharan Africa,Low income,2012,25.6,-11.111,8.4
Mali,MLI,Sub-Saharan Africa,Low income,2013,32.4,26.562,10.3
Mali,MLI,Sub-Saharan Africa,Low income,2014,34.2,5.556,11.2
Mali,MLI,Sub-Saharan Africa,Low income,2015,37.6,9.942,10.7
Mali,MLI,Sub-Saharan Africa,Low income,2016,38.8,3.191,9.8
Mali,MLI,Sub-Saharan Africa,Low income,2017,34.8,-10.309,8.9
Mali,MLI,Sub-Saharan Africa,Low income,2018,50.9,46.264,14.5
Mali,MLI,Sub-Saharan Africa,Low income,2019,47.9,-5.894,12.1
Mali,MLI,Sub-Saharan Africa,Low income,2020,50.6,5.637,12.6
Mali,MLI,Sub-Saharan Africa,Low income,2021,53.4,5.534,13.6
Mali,MLI,Sub-Saharan Africa,Low income,2022,53,-0.749,12.1
Mali,MLI,Sub-Saharan Africa,Low income,2023,54.5,2.83,11.2
Malta,MLT,"Middle East, North Africa, Afghanistan & Pakistan",High income,2002,100,,69.2
Malta,MLT,"Middle East, North Africa, Afghanistan & Pakistan",High income,2003,100,0,70.6
Malta,MLT,"Middle East, North Africa, Afghanistan & Pakistan",High income,2004,100,0,72
Malta,MLT,"Middle East, North Africa, Afghanistan & Pakistan",High income,2005,100,0,73.5
Malta,MLT,"Middle East, North Africa, Afghanistan & Pakistan",High income,2006,100,0,71.6
Malta,MLT,"Middle East, North Africa, Afghanistan & Pakistan",High income,2007,100,0,70
Malta,MLT,"Middle East, North Africa, Afghanistan & Pakistan",High income,2008,100,0,68.5
Malta,MLT,"Middle East, North Africa, Afghanistan & Pakistan",High income,2009,100,0,68.7
Malta,MLT,"Middle East, North Africa, Afghanistan & Pakistan",High income,2010,100,0,65.9
Malta,MLT,"Middle East, North Africa, Afghanistan & Pakistan",High income,2011,100,0,67.3
Malta,MLT,"Middle East, North Africa, Afghanistan & Pakistan",High income,2012,100,0,64.5
Malta,MLT,"Middle East, North Africa, Afghanistan & Pakistan",High income,2013,100,0,63.6
Malta,MLT,"Middle East, North Africa, Afghanistan & Pakistan",High income,2014,100,0,59.8
Malta,MLT,"Middle East, North Africa, Afghanistan & Pakistan",High income,2015,100,0,59.8
Malta,MLT,"Middle East, North Africa, Afghanistan & Pakistan",High income,2016,100,0,57.9
Malta,MLT,"Middle East, North Africa, Afghanistan & Pakistan",High income,2017,100,0,52.8
Malta,MLT,"Middle East, North Africa, Afghanistan & Pakistan",High income,2018,100,0,53.7
Malta,MLT,"Middle East, North Africa, Afghanistan & Pakistan",High income,2019,100,0,50.9
Malta,MLT,"Middle East, North Africa, Afghanistan & Pakistan",High income,2020,100,0,48.6
Malta,MLT,"Middle East, North Africa, Afghanistan & Pakistan",High income,2021,100,0,43
Malta,MLT,"Middle East, North Africa, Afghanistan & Pakistan",High income,2022,100,0,38.8
Malta,MLT,"Middle East, North Africa, Afghanistan & Pakistan",High income,2023,100,0,40.7
Marshall Islands,MHL,East Asia & Pacific,Upper middle income,2002,71.5,,28.9
Marshall Islands,MHL,East Asia & Pacific,Upper middle income,2003,72.9,1.958,28.9
Marshall Islands,MHL,East Asia & Pacific,Upper middle income,2004,74.3,1.92,28.4
Marshall Islands,MHL,East Asia & Pacific,Upper middle income,2005,75.7,1.884,29.4
Marshall Islands,MHL,East Asia & Pacific,Upper middle income,2006,77.2,1.982,30.3
Marshall Islands,MHL,East Asia & Pacific,Upper middle income,2007,72.3,-6.347,28.2
Marshall Islands,MHL,East Asia & Pacific,Upper middle income,2008,80.2,10.927,30.5
Marshall Islands,MHL,East Asia & Pacific,Upper middle income,2009,81.7,1.87,30.8
Marshall Islands,MHL,East Asia & Pacific,Upper middle income,2010,89.4,9.425,35.5
Marshall Islands,MHL,East Asia & Pacific,Upper middle income,2011,89.9,0.559,36
Marshall Islands,MHL,East Asia & Pacific,Upper middle income,2012,90.4,0.556,34.6
Marshall Islands,MHL,East Asia & Pacific,Upper middle income,2013,90.9,0.553,36
Marshall Islands,MHL,East Asia & Pacific,Upper middle income,2014,91.5,0.66,35.5
Marshall Islands,MHL,East Asia & Pacific,Upper middle income,2015,92.1,0.656,35.5
Marshall Islands,MHL,East Asia & Pacific,Upper middle income,2016,92.7,0.651,34.6
Marshall Islands,MHL,East Asia & Pacific,Upper middle income,2017,93.8,1.187,34.6
Marshall Islands,MHL,East Asia & Pacific,Upper middle income,2018,95.3,1.599,35.5
Marshall Islands,MHL,East Asia & Pacific,Upper middle income,2019,96.8,1.574,35
Marshall Islands,MHL,East Asia & Pacific,Upper middle income,2020,98.3,1.55,36
Marshall Islands,MHL,East Asia & Pacific,Upper middle income,2021,99.8,1.526,39.7
Marshall Islands,MHL,East Asia & Pacific,Upper middle income,2022,100,0.2,38.8
Marshall Islands,MHL,East Asia & Pacific,Upper middle income,2023,100,0,40.7
Mauritania,MRT,Sub-Saharan Africa,Lower middle income,2002,21.7,,12.3
Mauritania,MRT,Sub-Saharan Africa,Lower middle income,2003,23,5.991,11.8
Mauritania,MRT,Sub-Saharan Africa,Lower middle income,2004,24.3,5.652,11.8
Mauritania,MRT,Sub-Saharan Africa,Lower middle income,2005,18.2,-25.103,8.5
Mauritania,MRT,Sub-Saharan Africa,Lower middle income,2006,27,48.352,11.4
Mauritania,MRT,Sub-Saharan Africa,Lower middle income,2007,33,22.222,13.6
Mauritania,MRT,Sub-Saharan Africa,Lower middle income,2008,30,-9.091,12.7
Mauritania,MRT,Sub-Saharan Africa,Lower middle income,2009,31.1,3.667,13.6
Mauritania,MRT,Sub-Saharan Africa,Lower middle income,2010,34.2,9.968,12.1
Mauritania,MRT,Sub-Saharan Africa,Lower middle income,2011,35.3,3.216,11.2
Mauritania,MRT,Sub-Saharan Africa,Lower middle income,2012,36.4,3.116,10.7
Mauritania,MRT,Sub-Saharan Africa,Lower middle income,2013,37.6,3.297,11.7
Mauritania,MRT,Sub-Saharan Africa,Lower middle income,2014,38.8,3.191,12.6
Mauritania,MRT,Sub-Saharan Africa,Lower middle income,2015,39.5,1.804,11.2
Mauritania,MRT,Sub-Saharan Africa,Lower middle income,2016,41.2,4.304,10.7
Mauritania,MRT,Sub-Saharan Africa,Lower middle income,2017,42.9,4.126,10.3
Mauritania,MRT,Sub-Saharan Africa,Lower middle income,2018,43.6,1.632,8.9
Mauritania,MRT,Sub-Saharan Africa,Lower middle income,2019,44.9,2.982,9.3
Mauritania,MRT,Sub-Saharan Africa,Lower middle income,2020,45.4,1.114,9.3
Mauritania,MRT,Sub-Saharan Africa,Lower middle income,2021,47.7,5.066,9.3
Mauritania,MRT,Sub-Saharan Africa,Lower middle income,2022,49,2.725,9.3
Mauritania,MRT,Sub-Saharan Africa,Lower middle income,2023,50.3,2.653,7
Mauritius,MUS,Sub-Saharan Africa,Upper middle income,2002,99.4,,61.6
Mauritius,MUS,Sub-Saharan Africa,Upper middle income,2003,99.1,-0.302,61.1
Mauritius,MUS,Sub-Saharan Africa,Upper middle income,2004,99,-0.101,56.9
Mauritius,MUS,Sub-Saharan Africa,Upper middle income,2005,99,0,57.3
Mauritius,MUS,Sub-Saharan Africa,Upper middle income,2006,99,0,54
Mauritius,MUS,Sub-Saharan Africa,Upper middle income,2007,99,0,58.2
Mauritius,MUS,Sub-Saharan Africa,Upper middle income,2008,99,0,55.4
Mauritius,MUS,Sub-Saharan Africa,Upper middle income,2009,99,0,52.8
Mauritius,MUS,Sub-Saharan Africa,Upper middle income,2010,99.4,0.404,56.5
Mauritius,MUS,Sub-Saharan Africa,Upper middle income,2011,99.6,0.201,59.3
Mauritius,MUS,Sub-Saharan Africa,Upper middle income,2012,99.4,-0.201,53.3
Mauritius,MUS,Sub-Saharan Africa,Upper middle income,2013,99.4,0,51.4
Mauritius,MUS,Sub-Saharan Africa,Upper middle income,2014,99.5,0.101,50.5
Mauritius,MUS,Sub-Saharan Africa,Upper middle income,2015,99.6,0.101,51.9
Mauritius,MUS,Sub-Saharan Africa,Upper middle income,2016,99.7,0.1,49.5
Mauritius,MUS,Sub-Saharan Africa,Upper middle income,2017,99.6,-0.1,45.8
Mauritius,MUS,Sub-Saharan Africa,Upper middle income,2018,99.8,0.201,47.2
Mauritius,MUS,Sub-Saharan Africa,Upper middle income,2019,100,0.2,50.9
Mauritius,MUS,Sub-Saharan Africa,Upper middle income,2020,99.5,-0.5,39.3
Mauritius,MUS,Sub-Saharan Africa,Upper middle income,2021,99.6,0.101,37.4
Mauritius,MUS,Sub-Saharan Africa,Upper middle income,2022,100,0.402,38.8
Mauritius,MUS,Sub-Saharan Africa,Upper middle income,2023,100,0,40.7
Mexico,MEX,Latin America & Caribbean,Upper middle income,2002,97.9,,53.6
Mexico,MEX,Latin America & Caribbean,Upper middle income,2003,97.4,-0.511,51.2
Mexico,MEX,Latin America & Caribbean,Upper middle income,2004,98.6,1.232,55.5
Mexico,MEX,Latin America & Caribbean,Upper middle income,2005,98.9,0.304,56.4
Mexico,MEX,Latin America & Caribbean,Upper middle income,2006,99.1,0.202,56.9
Mexico,MEX,Latin America & Caribbean,Upper middle income,2007,97.9,-1.211,50.2
Mexico,MEX,Latin America & Caribbean,Upper middle income,2008,98.9,1.021,54.5
Mexico,MEX,Latin America & Caribbean,Upper middle income,2009,98.3,-0.607,49.1
Mexico,MEX,Latin America & Caribbean,Upper middle income,2010,99.2,0.916,53.7
Mexico,MEX,Latin America & Caribbean,Upper middle income,2011,99,-0.202,50.9
Mexico,MEX,Latin America & Caribbean,Upper middle income,2012,99.1,0.101,49.5
Mexico,MEX,Latin America & Caribbean,Upper middle income,2013,99.1,0,49.1
Mexico,MEX,Latin America & Caribbean,Upper middle income,2014,99.2,0.101,47.7
Mexico,MEX,Latin America & Caribbean,Upper middle income,2015,99,-0.202,45.8
Mexico,MEX,Latin America & Caribbean,Upper middle income,2016,99.5,0.505,48.1
Mexico,MEX,Latin America & Caribbean,Upper middle income,2017,100,0.503,52.8
Mexico,MEX,Latin America & Caribbean,Upper middle income,2018,99.5,-0.5,43
Mexico,MEX,Latin America & Caribbean,Upper middle income,2019,99.6,0.101,43
Mexico,MEX,Latin America & Caribbean,Upper middle income,2020,99.4,-0.201,37.9
Mexico,MEX,Latin America & Caribbean,Upper middle income,2021,100,0.604,43
Mexico,MEX,Latin America & Caribbean,Upper middle income,2022,100,0,38.8
Mexico,MEX,Latin America & Caribbean,Upper middle income,2023,99.7,-0.3,38.3
"Micronesia, Fed. Sts.",FSM,East Asia & Pacific,Upper middle income,2002,50.1,,24.2
"Micronesia, Fed. Sts.",FSM,East Asia & Pacific,Upper middle income,2003,51.8,3.393,23.7
"Micronesia, Fed. Sts.",FSM,East Asia & Pacific,Upper middle income,2004,53.5,3.282,24.2
"Micronesia, Fed. Sts.",FSM,East Asia & Pacific,Upper middle income,2005,55.2,3.178,23.2
"Micronesia, Fed. Sts.",FSM,East Asia & Pacific,Upper middle income,2006,57,3.261,24.2
"Micronesia, Fed. Sts.",FSM,East Asia & Pacific,Upper middle income,2007,58.7,2.982,25.8
"Micronesia, Fed. Sts.",FSM,East Asia & Pacific,Upper middle income,2008,60.5,3.066,24.9
"Micronesia, Fed. Sts.",FSM,East Asia & Pacific,Upper middle income,2009,62.2,2.81,25.7
"Micronesia, Fed. Sts.",FSM,East Asia & Pacific,Upper middle income,2010,64.5,3.698,25.2
"Micronesia, Fed. Sts.",FSM,East Asia & Pacific,Upper middle income,2011,66.3,2.791,25.2
"Micronesia, Fed. Sts.",FSM,East Asia & Pacific,Upper middle income,2012,67.8,2.262,24.8
"Micronesia, Fed. Sts.",FSM,East Asia & Pacific,Upper middle income,2013,69.4,2.36,24.3
"Micronesia, Fed. Sts.",FSM,East Asia & Pacific,Upper middle income,2014,71.2,2.594,24.3
"Micronesia, Fed. Sts.",FSM,East Asia & Pacific,Upper middle income,2015,73,2.528,24.3
"Micronesia, Fed. Sts.",FSM,East Asia & Pacific,Upper middle income,2016,74.8,2.466,23.8
"Micronesia, Fed. Sts.",FSM,East Asia & Pacific,Upper middle income,2017,76.5,2.273,22.9
"Micronesia, Fed. Sts.",FSM,East Asia & Pacific,Upper middle income,2018,78.3,2.353,23.4
"Micronesia, Fed. Sts.",FSM,East Asia & Pacific,Upper middle income,2019,80.1,2.299,23.4
"Micronesia, Fed. Sts.",FSM,East Asia & Pacific,Upper middle income,2020,81.9,2.247,23.4
"Micronesia, Fed. Sts.",FSM,East Asia & Pacific,Upper middle income,2021,83.6,2.076,23.8
"Micronesia, Fed. Sts.",FSM,East Asia & Pacific,Upper middle income,2022,85.3,2.033,23.8
"Micronesia, Fed. Sts.",FSM,East Asia & Pacific,Upper middle income,2023,86.9,1.876,23.8
Moldova,MDA,Europe & Central Asia,Upper middle income,2002,99,,57.8
Moldova,MDA,Europe & Central Asia,Upper middle income,2003,98.8,-0.202,56.9
Moldova,MDA,Europe & Central Asia,Upper middle income,2004,99.1,0.304,59.7
Moldova,MDA,Europe & Central Asia,Upper middle income,2005,98.6,-0.505,54.5
Moldova,MDA,Europe & Central Asia,Upper middle income,2006,98.9,0.304,53.1
Moldova,MDA,Europe & Central Asia,Upper middle income,2007,99,0.101,58.2
Moldova,MDA,Europe & Central Asia,Upper middle income,2008,99.1,0.101,56.8
Moldova,MDA,Europe & Central Asia,Upper middle income,2009,99.2,0.101,57
Moldova,MDA,Europe & Central Asia,Upper middle income,2010,99.3,0.101,55.1
Moldova,MDA,Europe & Central Asia,Upper middle income,2011,99.4,0.101,56.5
Moldova,MDA,Europe & Central Asia,Upper middle income,2012,99.5,0.101,54.2
Moldova,MDA,Europe & Central Asia,Upper middle income,2013,99.6,0.101,54.7
Moldova,MDA,Europe & Central Asia,Upper middle income,2014,99.8,0.201,54.7
Moldova,MDA,Europe & Central Asia,Upper middle income,2015,99.9,0.1,56.1
Moldova,MDA,Europe & Central Asia,Upper middle income,2016,99.9,0,54.2
Moldova,MDA,Europe & Central Asia,Upper middle income,2017,100,0.1,52.8
Moldova,MDA,Europe & Central Asia,Upper middle income,2018,100,0,53.7
Moldova,MDA,Europe & Central Asia,Upper middle income,2019,100,0,50.9
Moldova,MDA,Europe & Central Asia,Upper middle income,2020,100,0,48.6
Moldova,MDA,Europe & Central Asia,Upper middle income,2021,100,0,43
Moldova,MDA,Europe & Central Asia,Upper middle income,2022,100,0,38.8
Moldova,MDA,Europe & Central Asia,Upper middle income,2023,100,0,40.7
Monaco,MCO,Europe & Central Asia,High income,2002,100,,69.2
Monaco,MCO,Europe & Central Asia,High income,2003,100,0,70.6
Monaco,MCO,Europe & Central Asia,High income,2004,100,0,72
Monaco,MCO,Europe & Central Asia,High income,2005,100,0,73.5
Monaco,MCO,Europe & Central Asia,High income,2006,100,0,71.6
Monaco,MCO,Europe & Central Asia,High income,2007,100,0,70
Monaco,MCO,Europe & Central Asia,High income,2008,100,0,68.5
Monaco,MCO,Europe & Central Asia,High income,2009,100,0,68.7
Monaco,MCO,Europe & Central Asia,High income,2010,100,0,65.9
Monaco,MCO,Europe & Central Asia,High income,2011,100,0,67.3
Monaco,MCO,Europe & Central Asia,High income,2012,100,0,64.5
Monaco,MCO,Europe & Central Asia,High income,2013,100,0,63.6
Monaco,MCO,Europe & Central Asia,High income,2014,100,0,59.8
Monaco,MCO,Europe & Central Asia,High income,2015,100,0,59.8
Monaco,MCO,Europe & Central Asia,High income,2016,100,0,57.9
Monaco,MCO,Europe & Central Asia,High income,2017,100,0,52.8
Monaco,MCO,Europe & Central Asia,High income,2018,100,0,53.7
Monaco,MCO,Europe & Central Asia,High income,2019,100,0,50.9
Monaco,MCO,Europe & Central Asia,High income,2020,100,0,48.6
Monaco,MCO,Europe & Central Asia,High income,2021,100,0,43
Monaco,MCO,Europe & Central Asia,High income,2022,100,0,38.8
Monaco,MCO,Europe & Central Asia,High income,2023,100,0,40.7
Mongolia,MNG,East Asia & Pacific,Upper middle income,2002,72.8,,29.4
Mongolia,MNG,East Asia & Pacific,Upper middle income,2003,76.3,4.808,32.2
Mongolia,MNG,East Asia & Pacific,Upper middle income,2004,74.8,-1.966,28.9
Mongolia,MNG,East Asia & Pacific,Upper middle income,2005,86.2,15.241,36.5
Mongolia,MNG,East Asia & Pacific,Upper middle income,2006,77,-10.673,29.9
Mongolia,MNG,East Asia & Pacific,Upper middle income,2007,78.1,1.429,30
Mongolia,MNG,East Asia & Pacific,Upper middle income,2008,79.2,1.408,30
Mongolia,MNG,East Asia & Pacific,Upper middle income,2009,80.3,1.389,30.4
Mongolia,MNG,East Asia & Pacific,Upper middle income,2010,78.5,-2.242,28.5
Mongolia,MNG,East Asia & Pacific,Upper middle income,2011,72.1,-8.153,27.1
Mongolia,MNG,East Asia & Pacific,Upper middle income,2012,83.7,16.089,29.9
Mongolia,MNG,East Asia & Pacific,Upper middle income,2013,81.2,-2.987,28
Mongolia,MNG,East Asia & Pacific,Upper middle income,2014,86,5.911,29.9
Mongolia,MNG,East Asia & Pacific,Upper middle income,2015,88,2.326,29
Mongolia,MNG,East Asia & Pacific,Upper middle income,2016,90.8,3.182,30.4
Mongolia,MNG,East Asia & Pacific,Upper middle income,2017,93.6,3.084,33.2
Mongolia,MNG,East Asia & Pacific,Upper middle income,2018,98.1,4.808,37.4
Mongolia,MNG,East Asia & Pacific,Upper middle income,2019,98.9,0.815,38.3
Mongolia,MNG,East Asia & Pacific,Upper middle income,2020,99.5,0.607,39.3
Mongolia,MNG,East Asia & Pacific,Upper middle income,2021,100,0.503,43
Mongolia,MNG,East Asia & Pacific,Upper middle income,2022,100,0,38.8
Mongolia,MNG,East Asia & Pacific,Upper middle income,2023,100,0,40.7
Montenegro,MNE,Europe & Central Asia,Upper middle income,2002,99,,57.8
Montenegro,MNE,Europe & Central Asia,Upper middle income,2003,99,0,58.8
Montenegro,MNE,Europe & Central Asia,Upper middle income,2004,99,0,56.9
Montenegro,MNE,Europe & Central Asia,Upper middle income,2005,99.8,0.808,68.7
Montenegro,MNE,Europe & Central Asia,Upper middle income,2006,99,-0.802,54
Montenegro,MNE,Europe & Central Asia,Upper middle income,2007,99,0,58.2
Montenegro,MNE,Europe & Central Asia,Upper middle income,2008,99,0,55.4
Montenegro,MNE,Europe & Central Asia,Upper middle income,2009,99.1,0.101,55.1
Montenegro,MNE,Europe & Central Asia,Upper middle income,2010,99.2,0.101,53.7
Montenegro,MNE,Europe & Central Asia,Upper middle income,2011,99,-0.202,50.9
Montenegro,MNE,Europe & Central Asia,Upper middle income,2012,99.3,0.303,51.9
Montenegro,MNE,Europe & Central Asia,Upper middle income,2013,99.7,0.403,57.9
Montenegro,MNE,Europe & Central Asia,Upper middle income,2014,97.7,-2.006,42.1
Montenegro,MNE,Europe & Central Asia,Upper middle income,2015,99.5,1.842,50.9
Montenegro,MNE,Europe & Central Asia,Upper middle income,2016,99.6,0.101,49.1
Montenegro,MNE,Europe & Central Asia,Upper middle income,2017,100,0.402,52.8
Montenegro,MNE,Europe & Central Asia,Upper middle income,2018,100,0,53.7
Montenegro,MNE,Europe & Central Asia,Upper middle income,2019,100,0,50.9
Montenegro,MNE,Europe & Central Asia,Upper middle income,2020,99.9,-0.1,44.4
Montenegro,MNE,Europe & Central Asia,Upper middle income,2021,99.8,-0.1,39.7
Montenegro,MNE,Europe & Central Asia,Upper middle income,2022,100,0.2,38.8
Montenegro,MNE,Europe & Central Asia,Upper middle income,2023,100,0,40.7
Morocco,MAR,"Middle East, North Africa, Afghanistan & Pakistan",Lower middle income,2002,73.3,,29.9
Morocco,MAR,"Middle East, North Africa, Afghanistan & Pakistan",Lower middle income,2003,75.1,2.456,30.8
Morocco,MAR,"Middle East, North Africa, Afghanistan & Pakistan",Lower middle income,2004,78.2,4.128,32.7
Morocco,MAR,"Middle East, North Africa, Afghanistan & Pakistan",Lower middle income,2005,78.6,0.512,32.2
Morocco,MAR,"Middle East, North Africa, Afghanistan & Pakistan",Lower middle income,2006,96.5,22.774,45.5
Morocco,MAR,"Middle East, North Africa, Afghanistan & Pakistan",Lower middle income,2007,82.2,-14.819,34.7
Morocco,MAR,"Middle East, North Africa, Afghanistan & Pakistan",Lower middle income,2008,84.1,2.311,33.8
Morocco,MAR,"Middle East, North Africa, Afghanistan & Pakistan",Lower middle income,2009,85.9,2.14,34.6
Morocco,MAR,"Middle East, North Africa, Afghanistan & Pakistan",Lower middle income,2010,95.7,11.409,43
Morocco,MAR,"Middle East, North Africa, Afghanistan & Pakistan",Lower middle income,2011,96.1,0.418,43
Morocco,MAR,"Middle East, North Africa, Afghanistan & Pakistan",Lower middle income,2012,96.4,0.312,43
Morocco,MAR,"Middle East, North Africa, Afghanistan & Pakistan",Lower middle income,2013,97.2,0.83,42.5
Morocco,MAR,"Middle East, North Africa, Afghanistan & Pakistan",Lower middle income,2014,97.3,0.103,41.6
Morocco,MAR,"Middle East, North Africa, Afghanistan & Pakistan",Lower middle income,2015,97.3,0,40.7
Morocco,MAR,"Middle East, North Africa, Afghanistan & Pakistan",Lower middle income,2016,97.8,0.514,40.7
Morocco,MAR,"Middle East, North Africa, Afghanistan & Pakistan",Lower middle income,2017,100,2.249,52.8
Morocco,MAR,"Middle East, North Africa, Afghanistan & Pakistan",Lower middle income,2018,98.1,-1.9,37.4
Morocco,MAR,"Middle East, North Africa, Afghanistan & Pakistan",Lower middle income,2019,99.6,1.529,43
Morocco,MAR,"Middle East, North Africa, Afghanistan & Pakistan",Lower middle income,2020,100,0.402,48.6
Morocco,MAR,"Middle East, North Africa, Afghanistan & Pakistan",Lower middle income,2021,100,0,43
Morocco,MAR,"Middle East, North Africa, Afghanistan & Pakistan",Lower middle income,2022,100,0,38.8
Morocco,MAR,"Middle East, North Africa, Afghanistan & Pakistan",Lower middle income,2023,100,0,40.7
Mozambique,MOZ,Sub-Saharan Africa,Low income,2002,8.4,,4.7
Mozambique,MOZ,Sub-Saharan Africa,Low income,2003,8.1,-3.571,3.3
Mozambique,MOZ,Sub-Saharan Africa,Low income,2004,10.7,32.099,4.3
Mozambique,MOZ,Sub-Saharan Africa,Low income,2005,11.8,10.28,5.7
Mozambique,MOZ,Sub-Saharan Africa,Low income,2006,13,10.169,5.7
Mozambique,MOZ,Sub-Saharan Africa,Low income,2007,12.4,-4.615,4.2
Mozambique,MOZ,Sub-Saharan Africa,Low income,2008,13.6,9.677,6.1
Mozambique,MOZ,Sub-Saharan Africa,Low income,2009,15,10.294,6.1
Mozambique,MOZ,Sub-Saharan Africa,Low income,2010,18.9,26,7.5
Mozambique,MOZ,Sub-Saharan Africa,Low income,2011,20.2,6.878,7.5
Mozambique,MOZ,Sub-Saharan Africa,Low income,2012,21.2,4.95,7.9
Mozambique,MOZ,Sub-Saharan Africa,Low income,2013,22.4,5.66,7.5
Mozambique,MOZ,Sub-Saharan Africa,Low income,2014,24.8,10.714,7.5
Mozambique,MOZ,Sub-Saharan Africa,Low income,2015,24,-3.226,7
Mozambique,MOZ,Sub-Saharan Africa,Low income,2016,26.2,9.167,6.1
Mozambique,MOZ,Sub-Saharan Africa,Low income,2017,24.3,-7.252,5.6
Mozambique,MOZ,Sub-Saharan Africa,Low income,2018,31.1,27.984,5.6
Mozambique,MOZ,Sub-Saharan Africa,Low income,2019,29.7,-4.502,5.1
Mozambique,MOZ,Sub-Saharan Africa,Low income,2020,30.6,3.03,5.1
Mozambique,MOZ,Sub-Saharan Africa,Low income,2021,31.5,2.941,5.1
Mozambique,MOZ,Sub-Saharan Africa,Low income,2022,33.2,5.397,5.1
Mozambique,MOZ,Sub-Saharan Africa,Low income,2023,36,8.434,5.1
Myanmar,MMR,East Asia & Pacific,Lower middle income,2002,47,,23.2
Myanmar,MMR,East Asia & Pacific,Lower middle income,2003,45.1,-4.043,20.9
Myanmar,MMR,East Asia & Pacific,Lower middle income,2004,46.2,2.439,20.9
Myanmar,MMR,East Asia & Pacific,Lower middle income,2005,47.3,2.381,21.8
Myanmar,MMR,East Asia & Pacific,Lower middle income,2006,48.4,2.326,19.4
Myanmar,MMR,East Asia & Pacific,Lower middle income,2007,49.5,2.273,21.1
Myanmar,MMR,East Asia & Pacific,Lower middle income,2008,50.6,2.222,20.7
Myanmar,MMR,East Asia & Pacific,Lower middle income,2009,51.8,2.372,21
Myanmar,MMR,East Asia & Pacific,Lower middle income,2010,48.8,-5.792,19.6
Myanmar,MMR,East Asia & Pacific,Lower middle income,2011,54.1,10.861,20.6
Myanmar,MMR,East Asia & Pacific,Lower middle income,2012,55.3,2.218,20.6
Myanmar,MMR,East Asia & Pacific,Lower middle income,2013,56.5,2.17,19.2
Myanmar,MMR,East Asia & Pacific,Lower middle income,2014,52,-7.965,17.3
Myanmar,MMR,East Asia & Pacific,Lower middle income,2015,60.5,16.346,19.2
Myanmar,MMR,East Asia & Pacific,Lower middle income,2016,55.6,-8.099,16.4
Myanmar,MMR,East Asia & Pacific,Lower middle income,2017,69.8,25.54,21
Myanmar,MMR,East Asia & Pacific,Lower middle income,2018,66.1,-5.301,20.1
Myanmar,MMR,East Asia & Pacific,Lower middle income,2019,68.3,3.328,18.7
Myanmar,MMR,East Asia & Pacific,Lower middle income,2020,70.4,3.075,20.1
Myanmar,MMR,East Asia & Pacific,Lower middle income,2021,72.5,2.983,20.1
Myanmar,MMR,East Asia & Pacific,Lower middle income,2022,73.7,1.655,20.1
Myanmar,MMR,East Asia & Pacific,Lower middle income,2023,76.8,4.206,21
Namibia,NAM,Sub-Saharan Africa,Lower middle income,2002,36.9,,19.4
Namibia,NAM,Sub-Saharan Africa,Lower middle income,2003,37.8,2.439,18.5
Namibia,NAM,Sub-Saharan Africa,Lower middle income,2004,38.7,2.381,19.4
Namibia,NAM,Sub-Saharan Africa,Lower middle income,2005,39.6,2.326,18.5
Namibia,NAM,Sub-Saharan Africa,Lower middle income,2006,40.5,2.273,18.5
Namibia,NAM,Sub-Saharan Africa,Lower middle income,2007,43.7,7.901,19.2
Namibia,NAM,Sub-Saharan Africa,Lower middle income,2008,42.4,-2.975,17.4
Namibia,NAM,Sub-Saharan Africa,Lower middle income,2009,44.1,4.009,18.7
Namibia,NAM,Sub-Saharan Africa,Lower middle income,2010,44.4,0.68,17.8
Namibia,NAM,Sub-Saharan Africa,Lower middle income,2011,42.3,-4.73,16.8
Namibia,NAM,Sub-Saharan Africa,Lower middle income,2012,46.4,9.693,16.8
Namibia,NAM,Sub-Saharan Africa,Lower middle income,2013,47.4,2.155,16.4
Namibia,NAM,Sub-Saharan Africa,Lower middle income,2014,48.4,2.11,15.4
Namibia,NAM,Sub-Saharan Africa,Lower middle income,2015,51.6,6.612,15.9
Namibia,NAM,Sub-Saharan Africa,Lower middle income,2016,49.7,-3.682,14.5
Namibia,NAM,Sub-Saharan Africa,Lower middle income,2017,52.5,5.634,15
Namibia,NAM,Sub-Saharan Africa,Lower middle income,2018,52.3,-0.381,15
Namibia,NAM,Sub-Saharan Africa,Lower middle income,2019,53.3,1.912,15
Namibia,NAM,Sub-Saharan Africa,Lower middle income,2020,52.3,-1.876,14
Namibia,NAM,Sub-Saharan Africa,Lower middle income,2021,55.2,5.545,14.5
Namibia,NAM,Sub-Saharan Africa,Lower middle income,2022,56.2,1.812,14
Namibia,NAM,Sub-Saharan Africa,Lower middle income,2023,56.7,0.89,12.1
Naoero,NRU,East Asia & Pacific,High income,2002,99,,57.8
Naoero,NRU,East Asia & Pacific,High income,2003,99,0,58.8
Naoero,NRU,East Asia & Pacific,High income,2004,99,0,56.9
Naoero,NRU,East Asia & Pacific,High income,2005,99,0,57.3
Naoero,NRU,East Asia & Pacific,High income,2006,99,0,54
Naoero,NRU,East Asia & Pacific,High income,2007,99.8,0.808,68.1
Naoero,NRU,East Asia & Pacific,High income,2008,99.1,-0.701,56.8
Naoero,NRU,East Asia & Pacific,High income,2009,99.1,0,55.1
Naoero,NRU,East Asia & Pacific,High income,2010,99.2,0.101,53.7
Naoero,NRU,East Asia & Pacific,High income,2011,99,-0.202,50.9
Naoero,NRU,East Asia & Pacific,High income,2012,99.4,0.404,53.3
Naoero,NRU,East Asia & Pacific,High income,2013,99.4,0,51.4
Naoero,NRU,East Asia & Pacific,High income,2014,99.5,0.101,50.5
Naoero,NRU,East Asia & Pacific,High income,2015,99,-0.503,45.8
Naoero,NRU,East Asia & Pacific,High income,2016,99.7,0.707,49.5
Naoero,NRU,East Asia & Pacific,High income,2017,99.8,0.1,47.7
Naoero,NRU,East Asia & Pacific,High income,2018,99.9,0.1,50.5
Naoero,NRU,East Asia & Pacific,High income,2019,100,0.1,50.9
Naoero,NRU,East Asia & Pacific,High income,2020,100,0,48.6
Naoero,NRU,East Asia & Pacific,High income,2021,100,0,43
Naoero,NRU,East Asia & Pacific,High income,2022,100,0,38.8
Naoero,NRU,East Asia & Pacific,High income,2023,100,0,40.7
Nepal,NPL,South Asia,Lower middle income,2002,36.4,,18.5
Nepal,NPL,South Asia,Lower middle income,2003,39.6,8.791,19
Nepal,NPL,South Asia,Lower middle income,2004,37.2,-6.061,19
Nepal,NPL,South Asia,Lower middle income,2005,46.1,23.925,19.9
Nepal,NPL,South Asia,Lower middle income,2006,51.2,11.063,21.3
Nepal,NPL,South Asia,Lower middle income,2007,52.6,2.734,22.1
Nepal,NPL,South Asia,Lower middle income,2008,56,6.464,22.1
Nepal,NPL,South Asia,Lower middle income,2009,59.3,5.893,23.8
Nepal,NPL,South Asia,Lower middle income,2010,68.6,15.683,26.2
Nepal,NPL,South Asia,Lower middle income,2011,67.3,-1.895,25.7
Nepal,NPL,South Asia,Lower middle income,2012,75.2,11.738,26.2
Nepal,NPL,South Asia,Lower middle income,2013,77.4,2.926,26.6
Nepal,NPL,South Asia,Lower middle income,2014,84.9,9.69,27.6
Nepal,NPL,South Asia,Lower middle income,2015,82,-3.416,26.6
Nepal,NPL,South Asia,Lower middle income,2016,90.7,10.61,29.9
Nepal,NPL,South Asia,Lower middle income,2017,86.6,-4.52,27.6
Nepal,NPL,South Asia,Lower middle income,2018,93.9,8.43,33.2
Nepal,NPL,South Asia,Lower middle income,2019,89.9,-4.26,27.1
Nepal,NPL,South Asia,Lower middle income,2020,89.9,0,26.2
Nepal,NPL,South Asia,Lower middle income,2021,89.9,0,26.6
Nepal,NPL,South Asia,Lower middle income,2022,91.3,1.557,26.6
Nepal,NPL,South Asia,Lower middle income,2023,94,2.957,26.6
Netherlands,NLD,Europe & Central Asia,High income,2002,100,,69.2
Netherlands,NLD,Europe & Central Asia,High income,2003,100,0,70.6
Netherlands,NLD,Europe & Central Asia,High income,2004,100,0,72
Netherlands,NLD,Europe & Central Asia,High income,2005,100,0,73.5
Netherlands,NLD,Europe & Central Asia,High income,2006,100,0,71.6
Netherlands,NLD,Europe & Central Asia,High income,2007,100,0,70
Netherlands,NLD,Europe & Central Asia,High income,2008,100,0,68.5
Netherlands,NLD,Europe & Central Asia,High income,2009,100,0,68.7
Netherlands,NLD,Europe & Central Asia,High income,2010,100,0,65.9
Netherlands,NLD,Europe & Central Asia,High income,2011,100,0,67.3
Netherlands,NLD,Europe & Central Asia,High income,2012,100,0,64.5
Netherlands,NLD,Europe & Central Asia,High income,2013,100,0,63.6
Netherlands,NLD,Europe & Central Asia,High income,2014,100,0,59.8
Netherlands,NLD,Europe & Central Asia,High income,2015,100,0,59.8
Netherlands,NLD,Europe & Central Asia,High income,2016,100,0,57.9
Netherlands,NLD,Europe & Central Asia,High income,2017,100,0,52.8
Netherlands,NLD,Europe & Central Asia,High income,2018,100,0,53.7
Netherlands,NLD,Europe & Central Asia,High income,2019,100,0,50.9
Netherlands,NLD,Europe & Central Asia,High income,2020,100,0,48.6
Netherlands,NLD,Europe & Central Asia,High income,2021,100,0,43
Netherlands,NLD,Europe & Central Asia,High income,2022,100,0,38.8
Netherlands,NLD,Europe & Central Asia,High income,2023,100,0,40.7
New Caledonia,NCL,East Asia & Pacific,High income,2002,100,,69.2
New Caledonia,NCL,East Asia & Pacific,High income,2003,100,0,70.6
New Caledonia,NCL,East Asia & Pacific,High income,2004,100,0,72
New Caledonia,NCL,East Asia & Pacific,High income,2005,100,0,73.5
New Caledonia,NCL,East Asia & Pacific,High income,2006,100,0,71.6
New Caledonia,NCL,East Asia & Pacific,High income,2007,100,0,70
New Caledonia,NCL,East Asia & Pacific,High income,2008,100,0,68.5
New Caledonia,NCL,East Asia & Pacific,High income,2009,100,0,68.7
New Caledonia,NCL,East Asia & Pacific,High income,2010,100,0,65.9
New Caledonia,NCL,East Asia & Pacific,High income,2011,100,0,67.3
New Caledonia,NCL,East Asia & Pacific,High income,2012,100,0,64.5
New Caledonia,NCL,East Asia & Pacific,High income,2013,100,0,63.6
New Caledonia,NCL,East Asia & Pacific,High income,2014,100,0,59.8
New Caledonia,NCL,East Asia & Pacific,High income,2015,100,0,59.8
New Caledonia,NCL,East Asia & Pacific,High income,2016,100,0,57.9
New Caledonia,NCL,East Asia & Pacific,High income,2017,100,0,52.8
New Caledonia,NCL,East Asia & Pacific,High income,2018,100,0,53.7
New Caledonia,NCL,East Asia & Pacific,High income,2019,100,0,50.9
New Caledonia,NCL,East Asia & Pacific,High income,2020,100,0,48.6
New Caledonia,NCL,East Asia & Pacific,High income,2021,100,0,43
New Caledonia,NCL,East Asia & Pacific,High income,2022,100,0,38.8
New Caledonia,NCL,East Asia & Pacific,High income,2023,100,0,40.7
New Zealand,NZL,East Asia & Pacific,High income,2002,100,,69.2
New Zealand,NZL,East Asia & Pacific,High income,2003,100,0,70.6
New Zealand,NZL,East Asia & Pacific,High income,2004,100,0,72
New Zealand,NZL,East Asia & Pacific,High income,2005,100,0,73.5
New Zealand,NZL,East Asia & Pacific,High income,2006,100,0,71.6
New Zealand,NZL,East Asia & Pacific,High income,2007,100,0,70
New Zealand,NZL,East Asia & Pacific,High income,2008,100,0,68.5
New Zealand,NZL,East Asia & Pacific,High income,2009,100,0,68.7
New Zealand,NZL,East Asia & Pacific,High income,2010,100,0,65.9
New Zealand,NZL,East Asia & Pacific,High income,2011,100,0,67.3
New Zealand,NZL,East Asia & Pacific,High income,2012,100,0,64.5
New Zealand,NZL,East Asia & Pacific,High income,2013,100,0,63.6
New Zealand,NZL,East Asia & Pacific,High income,2014,100,0,59.8
New Zealand,NZL,East Asia & Pacific,High income,2015,100,0,59.8
New Zealand,NZL,East Asia & Pacific,High income,2016,100,0,57.9
New Zealand,NZL,East Asia & Pacific,High income,2017,100,0,52.8
New Zealand,NZL,East Asia & Pacific,High income,2018,100,0,53.7
New Zealand,NZL,East Asia & Pacific,High income,2019,100,0,50.9
New Zealand,NZL,East Asia & Pacific,High income,2020,100,0,48.6
New Zealand,NZL,East Asia & Pacific,High income,2021,100,0,43
New Zealand,NZL,East Asia & Pacific,High income,2022,100,0,38.8
New Zealand,NZL,East Asia & Pacific,High income,2023,100,0,40.7
Nicaragua,NIC,Latin America & Caribbean,Lower middle income,2002,74.1,,30.3
Nicaragua,NIC,Latin America & Caribbean,Lower middle income,2003,74.6,0.675,29.9
Nicaragua,NIC,Latin America & Caribbean,Lower middle income,2004,75.2,0.804,29.4
Nicaragua,NIC,Latin America & Caribbean,Lower middle income,2005,73.8,-1.862,28.9
Nicaragua,NIC,Latin America & Caribbean,Lower middle income,2006,76.3,3.388,29.4
Nicaragua,NIC,Latin America & Caribbean,Lower middle income,2007,76.9,0.786,29.6
Nicaragua,NIC,Latin America & Caribbean,Lower middle income,2008,77.5,0.78,29.1
Nicaragua,NIC,Latin America & Caribbean,Lower middle income,2009,77.9,0.516,29.4
Nicaragua,NIC,Latin America & Caribbean,Lower middle income,2010,80.1,2.824,29
Nicaragua,NIC,Latin America & Caribbean,Lower middle income,2011,81.2,1.373,29
Nicaragua,NIC,Latin America & Caribbean,Lower middle income,2012,81.3,0.123,28.5
Nicaragua,NIC,Latin America & Caribbean,Lower middle income,2013,81.9,0.738,28.5
Nicaragua,NIC,Latin America & Caribbean,Lower middle income,2014,81.9,0,26.2
Nicaragua,NIC,Latin America & Caribbean,Lower middle income,2015,83.2,1.587,27.1
Nicaragua,NIC,Latin America & Caribbean,Lower middle income,2016,83.9,0.841,26.2
Nicaragua,NIC,Latin America & Caribbean,Lower middle income,2017,84.6,0.834,25.7
Nicaragua,NIC,Latin America & Caribbean,Lower middle income,2018,85.2,0.709,25.7
Nicaragua,NIC,Latin America & Caribbean,Lower middle income,2019,85.7,0.587,25.7
Nicaragua,NIC,Latin America & Caribbean,Lower middle income,2020,86,0.35,24.8
Nicaragua,NIC,Latin America & Caribbean,Lower middle income,2021,86.3,0.349,24.3
Nicaragua,NIC,Latin America & Caribbean,Lower middle income,2022,86.5,0.232,24.8
Nicaragua,NIC,Latin America & Caribbean,Lower middle income,2023,88.3,2.081,24.8
Niger,NER,Sub-Saharan Africa,Low income,2002,8.8,,5.2
Niger,NER,Sub-Saharan Africa,Low income,2003,9.3,5.682,4.3
Niger,NER,Sub-Saharan Africa,Low income,2004,9.7,4.301,3.8
Niger,NER,Sub-Saharan Africa,Low income,2005,7.1,-26.804,2.8
Niger,NER,Sub-Saharan Africa,Low income,2006,9.3,30.986,2.4
Niger,NER,Sub-Saharan Africa,Low income,2007,11.2,20.43,3.3
Niger,NER,Sub-Saharan Africa,Low income,2008,11.8,5.357,4.7
Niger,NER,Sub-Saharan Africa,Low income,2009,12.3,4.237,4.2
Niger,NER,Sub-Saharan Africa,Low income,2010,13.6,10.569,6.1
Niger,NER,Sub-Saharan Africa,Low income,2011,14.3,5.147,5.1
Niger,NER,Sub-Saharan Africa,Low income,2012,14.4,0.699,2.8
Niger,NER,Sub-Saharan Africa,Low income,2013,15.2,5.556,4.2
Niger,NER,Sub-Saharan Africa,Low income,2014,15.7,3.289,3.3
Niger,NER,Sub-Saharan Africa,Low income,2015,16.6,5.732,3.3
Niger,NER,Sub-Saharan Africa,Low income,2016,17,2.41,3.3
Niger,NER,Sub-Saharan Africa,Low income,2017,17.6,3.529,2.8
Niger,NER,Sub-Saharan Africa,Low income,2018,17.6,0,2.8
Niger,NER,Sub-Saharan Africa,Low income,2019,18.5,5.114,2.8
Niger,NER,Sub-Saharan Africa,Low income,2020,18.7,1.081,2.8
Niger,NER,Sub-Saharan Africa,Low income,2021,18.6,-0.535,2.3
Niger,NER,Sub-Saharan Africa,Low income,2022,19.5,4.839,2.8
Niger,NER,Sub-Saharan Africa,Low income,2023,20.1,3.077,2.3
Nigeria,NGA,Sub-Saharan Africa,Lower middle income,2002,44.6,,21.3
Nigeria,NGA,Sub-Saharan Africa,Lower middle income,2003,52.2,17.04,24.2
Nigeria,NGA,Sub-Saharan Africa,Lower middle income,2004,46.1,-11.686,20.4
Nigeria,NGA,Sub-Saharan Africa,Lower middle income,2005,46.8,1.518,20.4
Nigeria,NGA,Sub-Saharan Africa,Lower middle income,2006,47.6,1.709,19
Nigeria,NGA,Sub-Saharan Africa,Lower middle income,2007,50.1,5.252,21.6
Nigeria,NGA,Sub-Saharan Africa,Lower middle income,2008,50.3,0.399,20.2
Nigeria,NGA,Sub-Saharan Africa,Lower middle income,2009,50,-0.596,20.1
Nigeria,NGA,Sub-Saharan Africa,Lower middle income,2010,48,-4,19.2
Nigeria,NGA,Sub-Saharan Africa,Lower middle income,2011,55.9,16.458,21.5
Nigeria,NGA,Sub-Saharan Africa,Lower middle income,2012,53,-5.188,18.7
Nigeria,NGA,Sub-Saharan Africa,Lower middle income,2013,55.6,4.906,18.2
Nigeria,NGA,Sub-Saharan Africa,Lower middle income,2014,54.2,-2.518,18.2
Nigeria,NGA,Sub-Saharan Africa,Lower middle income,2015,52.5,-3.137,16.8
Nigeria,NGA,Sub-Saharan Africa,Lower middle income,2016,59.3,12.952,18.2
Nigeria,NGA,Sub-Saharan Africa,Lower middle income,2017,54.4,-8.263,15.9
Nigeria,NGA,Sub-Saharan Africa,Lower middle income,2018,56.5,3.86,15.9
Nigeria,NGA,Sub-Saharan Africa,Lower middle income,2019,55.4,-1.947,15.4
Nigeria,NGA,Sub-Saharan Africa,Lower middle income,2020,55.4,0,15.4
Nigeria,NGA,Sub-Saharan Africa,Lower middle income,2021,59.5,7.401,15.4
Nigeria,NGA,Sub-Saharan Africa,Lower middle income,2022,60.5,1.681,15.4
Nigeria,NGA,Sub-Saharan Africa,Lower middle income,2023,61.2,1.157,14.5
North Macedonia,MKD,Europe & Central Asia,Upper middle income,2002,99,,57.8
North Macedonia,MKD,Europe & Central Asia,Upper middle income,2003,99,0,58.8
North Macedonia,MKD,Europe & Central Asia,Upper middle income,2004,99.4,0.404,62.6
North Macedonia,MKD,Europe & Central Asia,Upper middle income,2005,99.1,-0.302,58.8
North Macedonia,MKD,Europe & Central Asia,Upper middle income,2006,99,-0.101,54
North Macedonia,MKD,Europe & Central Asia,Upper middle income,2007,99.1,0.101,59.6
North Macedonia,MKD,Europe & Central Asia,Upper middle income,2008,99.2,0.101,57.7
North Macedonia,MKD,Europe & Central Asia,Upper middle income,2009,99.2,0,57
North Macedonia,MKD,Europe & Central Asia,Upper middle income,2010,99.5,0.302,57.9
North Macedonia,MKD,Europe & Central Asia,Upper middle income,2011,99.7,0.201,60.7
North Macedonia,MKD,Europe & Central Asia,Upper middle income,2012,99.6,-0.1,57.9
North Macedonia,MKD,Europe & Central Asia,Upper middle income,2013,99.7,0.1,57.9
North Macedonia,MKD,Europe & Central Asia,Upper middle income,2014,99.8,0.1,54.7
North Macedonia,MKD,Europe & Central Asia,Upper middle income,2015,99.9,0.1,56.1
North Macedonia,MKD,Europe & Central Asia,Upper middle income,2016,100,0.1,57.9
North Macedonia,MKD,Europe & Central Asia,Upper middle income,2017,100,0,52.8
North Macedonia,MKD,Europe & Central Asia,Upper middle income,2018,99.8,-0.2,47.2
North Macedonia,MKD,Europe & Central Asia,Upper middle income,2019,100,0.2,50.9
North Macedonia,MKD,Europe & Central Asia,Upper middle income,2020,100,0,48.6
North Macedonia,MKD,Europe & Central Asia,Upper middle income,2021,100,0,43
North Macedonia,MKD,Europe & Central Asia,Upper middle income,2022,100,0,38.8
North Macedonia,MKD,Europe & Central Asia,Upper middle income,2023,100,0,40.7
Northern Mariana Islands,MNP,East Asia & Pacific,High income,2002,99.9,,66.8
Northern Mariana Islands,MNP,East Asia & Pacific,High income,2003,99.9,0,69.2
Northern Mariana Islands,MNP,East Asia & Pacific,High income,2004,99.8,-0.1,67.8
Northern Mariana Islands,MNP,East Asia & Pacific,High income,2005,99.8,0,68.7
Northern Mariana Islands,MNP,East Asia & Pacific,High income,2006,99.7,-0.1,64.9
Northern Mariana Islands,MNP,East Asia & Pacific,High income,2007,100,0.301,70
Northern Mariana Islands,MNP,East Asia & Pacific,High income,2008,100,0,68.5
Northern Mariana Islands,MNP,East Asia & Pacific,High income,2009,100,0,68.7
Northern Mariana Islands,MNP,East Asia & Pacific,High income,2010,100,0,65.9
Northern Mariana Islands,MNP,East Asia & Pacific,High income,2011,100,0,67.3
Northern Mariana Islands,MNP,East Asia & Pacific,High income,2012,100,0,64.5
Northern Mariana Islands,MNP,East Asia & Pacific,High income,2013,100,0,63.6
Northern Mariana Islands,MNP,East Asia & Pacific,High income,2014,100,0,59.8
Northern Mariana Islands,MNP,East Asia & Pacific,High income,2015,100,0,59.8
Northern Mariana Islands,MNP,East Asia & Pacific,High income,2016,100,0,57.9
Northern Mariana Islands,MNP,East Asia & Pacific,High income,2017,100,0,52.8
Northern Mariana Islands,MNP,East Asia & Pacific,High income,2018,100,0,53.7
Northern Mariana Islands,MNP,East Asia & Pacific,High income,2019,100,0,50.9
Northern Mariana Islands,MNP,East Asia & Pacific,High income,2020,100,0,48.6
Northern Mariana Islands,MNP,East Asia & Pacific,High income,2021,100,0,43
Northern Mariana Islands,MNP,East Asia & Pacific,High income,2022,100,0,38.8
Northern Mariana Islands,MNP,East Asia & Pacific,High income,2023,100,0,40.7
Norway,NOR,Europe & Central Asia,High income,2002,100,,69.2
Norway,NOR,Europe & Central Asia,High income,2003,100,0,70.6
Norway,NOR,Europe & Central Asia,High income,2004,100,0,72
Norway,NOR,Europe & Central Asia,High income,2005,100,0,73.5
Norway,NOR,Europe & Central Asia,High income,2006,100,0,71.6
Norway,NOR,Europe & Central Asia,High income,2007,100,0,70
Norway,NOR,Europe & Central Asia,High income,2008,100,0,68.5
Norway,NOR,Europe & Central Asia,High income,2009,100,0,68.7
Norway,NOR,Europe & Central Asia,High income,2010,100,0,65.9
Norway,NOR,Europe & Central Asia,High income,2011,100,0,67.3
Norway,NOR,Europe & Central Asia,High income,2012,100,0,64.5
Norway,NOR,Europe & Central Asia,High income,2013,100,0,63.6
Norway,NOR,Europe & Central Asia,High income,2014,100,0,59.8
Norway,NOR,Europe & Central Asia,High income,2015,100,0,59.8
Norway,NOR,Europe & Central Asia,High income,2016,100,0,57.9
Norway,NOR,Europe & Central Asia,High income,2017,100,0,52.8
Norway,NOR,Europe & Central Asia,High income,2018,100,0,53.7
Norway,NOR,Europe & Central Asia,High income,2019,100,0,50.9
Norway,NOR,Europe & Central Asia,High income,2020,100,0,48.6
Norway,NOR,Europe & Central Asia,High income,2021,100,0,43
Norway,NOR,Europe & Central Asia,High income,2022,100,0,38.8
Norway,NOR,Europe & Central Asia,High income,2023,100,0,40.7
Oman,OMN,"Middle East, North Africa, Afghanistan & Pakistan",High income,2002,100,,69.2
Oman,OMN,"Middle East, North Africa, Afghanistan & Pakistan",High income,2003,100,0,70.6
Oman,OMN,"Middle East, North Africa, Afghanistan & Pakistan",High income,2004,100,0,72
Oman,OMN,"Middle East, North Africa, Afghanistan & Pakistan",High income,2005,99.9,-0.1,70.6
Oman,OMN,"Middle East, North Africa, Afghanistan & Pakistan",High income,2006,99.9,0,70.1
Oman,OMN,"Middle East, North Africa, Afghanistan & Pakistan",High income,2007,100,0.1,70
Oman,OMN,"Middle East, North Africa, Afghanistan & Pakistan",High income,2008,100,0,68.5
Oman,OMN,"Middle East, North Africa, Afghanistan & Pakistan",High income,2009,100,0,68.7
Oman,OMN,"Middle East, North Africa, Afghanistan & Pakistan",High income,2010,100,0,65.9
Oman,OMN,"Middle East, North Africa, Afghanistan & Pakistan",High income,2011,100,0,67.3
Oman,OMN,"Middle East, North Africa, Afghanistan & Pakistan",High income,2012,100,0,64.5
Oman,OMN,"Middle East, North Africa, Afghanistan & Pakistan",High income,2013,100,0,63.6
Oman,OMN,"Middle East, North Africa, Afghanistan & Pakistan",High income,2014,100,0,59.8
Oman,OMN,"Middle East, North Africa, Afghanistan & Pakistan",High income,2015,100,0,59.8
Oman,OMN,"Middle East, North Africa, Afghanistan & Pakistan",High income,2016,100,0,57.9
Oman,OMN,"Middle East, North Africa, Afghanistan & Pakistan",High income,2017,100,0,52.8
Oman,OMN,"Middle East, North Africa, Afghanistan & Pakistan",High income,2018,100,0,53.7
Oman,OMN,"Middle East, North Africa, Afghanistan & Pakistan",High income,2019,100,0,50.9
Oman,OMN,"Middle East, North Africa, Afghanistan & Pakistan",High income,2020,100,0,48.6
Oman,OMN,"Middle East, North Africa, Afghanistan & Pakistan",High income,2021,100,0,43
Oman,OMN,"Middle East, North Africa, Afghanistan & Pakistan",High income,2022,100,0,38.8
Oman,OMN,"Middle East, North Africa, Afghanistan & Pakistan",High income,2023,100,0,40.7
Pakistan,PAK,"Middle East, North Africa, Afghanistan & Pakistan",Lower middle income,2002,74.9,,31.3
Pakistan,PAK,"Middle East, North Africa, Afghanistan & Pakistan",Lower middle income,2003,76,1.469,31.3
Pakistan,PAK,"Middle East, North Africa, Afghanistan & Pakistan",Lower middle income,2004,77,1.316,31.8
Pakistan,PAK,"Middle East, North Africa, Afghanistan & Pakistan",Lower middle income,2005,78.1,1.429,30.8
Pakistan,PAK,"Middle East, North Africa, Afghanistan & Pakistan",Lower middle income,2006,79.1,1.28,30.8
Pakistan,PAK,"Middle East, North Africa, Afghanistan & Pakistan",Lower middle income,2007,80.2,1.391,31.5
Pakistan,PAK,"Middle East, North Africa, Afghanistan & Pakistan",Lower middle income,2008,81.4,1.496,31
Pakistan,PAK,"Middle East, North Africa, Afghanistan & Pakistan",Lower middle income,2009,82.5,1.351,31.3
Pakistan,PAK,"Middle East, North Africa, Afghanistan & Pakistan",Lower middle income,2010,87.1,5.576,33.6
Pakistan,PAK,"Middle East, North Africa, Afghanistan & Pakistan",Lower middle income,2011,87.8,0.804,32.7
Pakistan,PAK,"Middle East, North Africa, Afghanistan & Pakistan",Lower middle income,2012,88.6,0.911,32.7
Pakistan,PAK,"Middle East, North Africa, Afghanistan & Pakistan",Lower middle income,2013,89.3,0.79,33.6
Pakistan,PAK,"Middle East, North Africa, Afghanistan & Pakistan",Lower middle income,2014,90.1,0.896,33.2
Pakistan,PAK,"Middle East, North Africa, Afghanistan & Pakistan",Lower middle income,2015,91,0.999,33.2
Pakistan,PAK,"Middle East, North Africa, Afghanistan & Pakistan",Lower middle income,2016,91.8,0.879,31.3
Pakistan,PAK,"Middle East, North Africa, Afghanistan & Pakistan",Lower middle income,2017,92.7,0.98,31.8
Pakistan,PAK,"Middle East, North Africa, Afghanistan & Pakistan",Lower middle income,2018,93.4,0.755,31.8
Pakistan,PAK,"Middle East, North Africa, Afghanistan & Pakistan",Lower middle income,2019,93.9,0.535,31.3
Pakistan,PAK,"Middle East, North Africa, Afghanistan & Pakistan",Lower middle income,2020,94.5,0.639,29.9
Pakistan,PAK,"Middle East, North Africa, Afghanistan & Pakistan",Lower middle income,2021,94.9,0.423,29.9
Pakistan,PAK,"Middle East, North Africa, Afghanistan & Pakistan",Lower middle income,2022,95,0.105,30.8
Pakistan,PAK,"Middle East, North Africa, Afghanistan & Pakistan",Lower middle income,2023,95.6,0.632,28.5
Palau,PLW,East Asia & Pacific,High income,2002,98,,54.5
Palau,PLW,East Asia & Pacific,High income,2003,98.1,0.102,54
Palau,PLW,East Asia & Pacific,High income,2004,98.1,0,54
Palau,PLW,East Asia & Pacific,High income,2005,98.9,0.815,56.4
Palau,PLW,East Asia & Pacific,High income,2006,98.3,-0.607,50.2
Palau,PLW,East Asia & Pacific,High income,2007,98.4,0.102,53.1
Palau,PLW,East Asia & Pacific,High income,2008,98.5,0.102,51.6
Palau,PLW,East Asia & Pacific,High income,2009,98.6,0.102,50.9
Palau,PLW,East Asia & Pacific,High income,2010,98.8,0.203,50
Palau,PLW,East Asia & Pacific,High income,2011,98.9,0.101,50
Palau,PLW,East Asia & Pacific,High income,2012,97.6,-1.314,44.9
Palau,PLW,East Asia & Pacific,High income,2013,99.2,1.639,50
Palau,PLW,East Asia & Pacific,High income,2014,99.8,0.605,54.7
Palau,PLW,East Asia & Pacific,High income,2015,99.5,-0.301,50.9
Palau,PLW,East Asia & Pacific,High income,2016,100,0.503,57.9
Palau,PLW,East Asia & Pacific,High income,2017,100,0,52.8
Palau,PLW,East Asia & Pacific,High income,2018,100,0,53.7
Palau,PLW,East Asia & Pacific,High income,2019,100,0,50.9
Palau,PLW,East Asia & Pacific,High income,2020,100,0,48.6
Palau,PLW,East Asia & Pacific,High income,2021,100,0,43
Palau,PLW,East Asia & Pacific,High income,2022,100,0,38.8
Palau,PLW,East Asia & Pacific,High income,2023,100,0,40.7
Panama,PAN,Latin America & Caribbean,High income,2002,82.1,,35.5
Panama,PAN,Latin America & Caribbean,High income,2003,87.8,6.943,38.4
Panama,PAN,Latin America & Caribbean,High income,2004,83.4,-5.011,35.1
Panama,PAN,Latin America & Caribbean,High income,2005,84.1,0.839,35.1
Panama,PAN,Latin America & Caribbean,High income,2006,84.8,0.832,34.6
Panama,PAN,Latin America & Caribbean,High income,2007,85.5,0.825,35.7
Panama,PAN,Latin America & Caribbean,High income,2008,86.3,0.936,36.6
Panama,PAN,Latin America & Caribbean,High income,2009,87,0.811,36.4
Panama,PAN,Latin America & Caribbean,High income,2010,86.8,-0.23,33.2
Panama,PAN,Latin America & Caribbean,High income,2011,88.6,2.074,34.1
Panama,PAN,Latin America & Caribbean,High income,2012,89.3,0.79,33.2
Panama,PAN,Latin America & Caribbean,High income,2013,89.1,-0.224,33.2
Panama,PAN,Latin America & Caribbean,High income,2014,90.8,1.908,34.1
Panama,PAN,Latin America & Caribbean,High income,2015,91.6,0.881,34.6
Panama,PAN,Latin America & Caribbean,High income,2016,92.4,0.873,33.6
Panama,PAN,Latin America & Caribbean,High income,2017,93.7,1.407,34.1
Panama,PAN,Latin America & Caribbean,High income,2018,93.8,0.107,32.7
Panama,PAN,Latin America & Caribbean,High income,2019,93.9,0.107,31.3
Panama,PAN,Latin America & Caribbean,High income,2020,95.3,1.491,30.4
Panama,PAN,Latin America & Caribbean,High income,2021,95.3,0,30.4
Panama,PAN,Latin America & Caribbean,High income,2022,95,-0.315,30.8
Panama,PAN,Latin America & Caribbean,High income,2023,97,2.105,30.8
Papua New Guinea,PNG,East Asia & Pacific,Lower middle income,2002,13.1,,8.5
Papua New Guinea,PNG,East Asia & Pacific,Lower middle income,2003,13.4,2.29,7.1
Papua New Guinea,PNG,East Asia & Pacific,Lower middle income,2004,13.8,2.985,6.6
Papua New Guinea,PNG,East Asia & Pacific,Lower middle income,2005,14.1,2.174,7.1
Papua New Guinea,PNG,East Asia & Pacific,Lower middle income,2006,12.4,-12.057,5.2
Papua New Guinea,PNG,East Asia & Pacific,Lower middle income,2007,14.9,20.161,7
Papua New Guinea,PNG,East Asia & Pacific,Lower middle income,2008,15.3,2.685,6.6
Papua New Guinea,PNG,East Asia & Pacific,Lower middle income,2009,17.2,12.418,7.5
Papua New Guinea,PNG,East Asia & Pacific,Lower middle income,2010,19.5,13.372,8.4
Papua New Guinea,PNG,East Asia & Pacific,Lower middle income,2011,17.3,-11.282,7
Papua New Guinea,PNG,East Asia & Pacific,Lower middle income,2012,17.5,1.156,5.6
Papua New Guinea,PNG,East Asia & Pacific,Lower middle income,2013,17.8,1.714,7
Papua New Guinea,PNG,East Asia & Pacific,Lower middle income,2014,18.1,1.685,4.2
Papua New Guinea,PNG,East Asia & Pacific,Lower middle income,2015,18.4,1.657,4.2
Papua New Guinea,PNG,East Asia & Pacific,Lower middle income,2016,13.5,-26.63,2.3
Papua New Guinea,PNG,East Asia & Pacific,Lower middle income,2017,19.2,42.222,3.7
Papua New Guinea,PNG,East Asia & Pacific,Lower middle income,2018,16.6,-13.542,2.3
Papua New Guinea,PNG,East Asia & Pacific,Lower middle income,2019,23.6,42.169,4.7
Papua New Guinea,PNG,East Asia & Pacific,Lower middle income,2020,20.5,-13.136,3.7
Papua New Guinea,PNG,East Asia & Pacific,Lower middle income,2021,20.9,1.951,3.7
Papua New Guinea,PNG,East Asia & Pacific,Lower middle income,2022,19,-9.091,2.3
Papua New Guinea,PNG,East Asia & Pacific,Lower middle income,2023,20.5,7.895,2.8
Paraguay,PRY,Latin America & Caribbean,Upper middle income,2002,91.7,,43.6
Paraguay,PRY,Latin America & Caribbean,Upper middle income,2003,92.6,0.981,43.1
Paraguay,PRY,Latin America & Caribbean,Upper middle income,2004,93.2,0.648,44.1
Paraguay,PRY,Latin America & Caribbean,Upper middle income,2005,94.7,1.609,44.1
Paraguay,PRY,Latin America & Caribbean,Upper middle income,2006,96.7,2.112,46
Paraguay,PRY,Latin America & Caribbean,Upper middle income,2007,96.5,-0.207,46
Paraguay,PRY,Latin America & Caribbean,Upper middle income,2008,96.7,0.207,45.5
Paraguay,PRY,Latin America & Caribbean,Upper middle income,2009,96.9,0.207,45.8
Paraguay,PRY,Latin America & Caribbean,Upper middle income,2010,97.4,0.516,45.8
Paraguay,PRY,Latin America & Caribbean,Upper middle income,2011,98.2,0.821,48.1
Paraguay,PRY,Latin America & Caribbean,Upper middle income,2012,97.8,-0.407,45.8
Paraguay,PRY,Latin America & Caribbean,Upper middle income,2013,99,1.227,47.7
Paraguay,PRY,Latin America & Caribbean,Upper middle income,2014,99,0,46.3
Paraguay,PRY,Latin America & Caribbean,Upper middle income,2015,99.3,0.303,47.7
Paraguay,PRY,Latin America & Caribbean,Upper middle income,2016,98.4,-0.906,42.1
Paraguay,PRY,Latin America & Caribbean,Upper middle income,2017,99.3,0.915,43.9
Paraguay,PRY,Latin America & Caribbean,Upper middle income,2018,99.6,0.302,43.5
Paraguay,PRY,Latin America & Caribbean,Upper middle income,2019,99.7,0.1,43.9
Paraguay,PRY,Latin America & Caribbean,Upper middle income,2020,99.7,0,40.7
Paraguay,PRY,Latin America & Caribbean,Upper middle income,2021,100,0.301,43
Paraguay,PRY,Latin America & Caribbean,Upper middle income,2022,100,0,38.8
Paraguay,PRY,Latin America & Caribbean,Upper middle income,2023,99.8,-0.2,38.8
Peru,PER,Latin America & Caribbean,Upper middle income,2002,74.4,,30.8
Peru,PER,Latin America & Caribbean,Upper middle income,2003,74.4,0,29.4
Peru,PER,Latin America & Caribbean,Upper middle income,2004,75.7,1.747,29.9
Peru,PER,Latin America & Caribbean,Upper middle income,2005,77.2,1.982,29.9
Peru,PER,Latin America & Caribbean,Upper middle income,2006,80.2,3.886,31.3
Peru,PER,Latin America & Caribbean,Upper middle income,2007,82,2.244,33.3
Peru,PER,Latin America & Caribbean,Upper middle income,2008,84.7,3.293,34.3
Peru,PER,Latin America & Caribbean,Upper middle income,2009,86.4,2.007,35
Peru,PER,Latin America & Caribbean,Upper middle income,2010,88.1,1.968,34.6
Peru,PER,Latin America & Caribbean,Upper middle income,2011,89.7,1.816,35.5
Peru,PER,Latin America & Caribbean,Upper middle income,2012,91.1,1.561,36.4
Peru,PER,Latin America & Caribbean,Upper middle income,2013,92.1,1.098,37.4
Peru,PER,Latin America & Caribbean,Upper middle income,2014,92.9,0.869,36.9
Peru,PER,Latin America & Caribbean,Upper middle income,2015,93.9,1.076,36.4
Peru,PER,Latin America & Caribbean,Upper middle income,2016,94.2,0.319,36
Peru,PER,Latin America & Caribbean,Upper middle income,2017,94.8,0.637,35.5
Peru,PER,Latin America & Caribbean,Upper middle income,2018,95.2,0.422,35
Peru,PER,Latin America & Caribbean,Upper middle income,2019,95.6,0.42,33.6
Peru,PER,Latin America & Caribbean,Upper middle income,2020,96.2,0.628,31.3
Peru,PER,Latin America & Caribbean,Upper middle income,2021,95.6,-0.624,31.3
Peru,PER,Latin America & Caribbean,Upper middle income,2022,96.2,0.628,31.8
Peru,PER,Latin America & Caribbean,Upper middle income,2023,96.2,0,29.9
Philippines,PHL,East Asia & Pacific,Upper middle income,2002,76.7,,32.2
Philippines,PHL,East Asia & Pacific,Upper middle income,2003,76.6,-0.13,32.7
Philippines,PHL,East Asia & Pacific,Upper middle income,2004,87.6,14.36,37.9
Philippines,PHL,East Asia & Pacific,Upper middle income,2005,79.8,-8.904,32.7
Philippines,PHL,East Asia & Pacific,Upper middle income,2006,80.2,0.501,31.3
Philippines,PHL,East Asia & Pacific,Upper middle income,2007,82,2.244,33.3
Philippines,PHL,East Asia & Pacific,Upper middle income,2008,83.3,1.585,33.3
Philippines,PHL,East Asia & Pacific,Upper middle income,2009,84.3,1.2,33.6
Philippines,PHL,East Asia & Pacific,Upper middle income,2010,85.5,1.423,32.7
Philippines,PHL,East Asia & Pacific,Upper middle income,2011,87.2,1.988,32.2
Philippines,PHL,East Asia & Pacific,Upper middle income,2012,87.1,-0.115,32.2
Philippines,PHL,East Asia & Pacific,Upper middle income,2013,87.5,0.459,32.2
Philippines,PHL,East Asia & Pacific,Upper middle income,2014,89.8,2.629,32.2
Philippines,PHL,East Asia & Pacific,Upper middle income,2015,89.1,-0.78,30.4
Philippines,PHL,East Asia & Pacific,Upper middle income,2016,92,3.255,33.2
Philippines,PHL,East Asia & Pacific,Upper middle income,2017,93,1.087,32.2
Philippines,PHL,East Asia & Pacific,Upper middle income,2018,94.2,1.29,33.6
Philippines,PHL,East Asia & Pacific,Upper middle income,2019,95.3,1.168,32.7
Philippines,PHL,East Asia & Pacific,Upper middle income,2020,96.4,1.154,32.2
Philippines,PHL,East Asia & Pacific,Upper middle income,2021,97.5,1.141,31.8
Philippines,PHL,East Asia & Pacific,Upper middle income,2022,94.8,-2.769,30.4
Philippines,PHL,East Asia & Pacific,Upper middle income,2023,98,3.376,31.8
Poland,POL,Europe & Central Asia,High income,2002,100,,69.2
Poland,POL,Europe & Central Asia,High income,2003,99.9,-0.1,69.2
Poland,POL,Europe & Central Asia,High income,2004,99.9,0,69.7
Poland,POL,Europe & Central Asia,High income,2005,99.8,-0.1,68.7
Poland,POL,Europe & Central Asia,High income,2006,99.8,0,68.2
Poland,POL,Europe & Central Asia,High income,2007,99.8,0,68.1
Poland,POL,Europe & Central Asia,High income,2008,99.8,0,66.2
Poland,POL,Europe & Central Asia,High income,2009,100,0.2,68.7
Poland,POL,Europe & Central Asia,High income,2010,100,0,65.9
Poland,POL,Europe & Central Asia,High income,2011,100,0,67.3
Poland,POL,Europe & Central Asia,High income,2012,100,0,64.5
Poland,POL,Europe & Central Asia,High income,2013,100,0,63.6
Poland,POL,Europe & Central Asia,High income,2014,100,0,59.8
Poland,POL,Europe & Central Asia,High income,2015,100,0,59.8
Poland,POL,Europe & Central Asia,High income,2016,100,0,57.9
Poland,POL,Europe & Central Asia,High income,2017,100,0,52.8
Poland,POL,Europe & Central Asia,High income,2018,100,0,53.7
Poland,POL,Europe & Central Asia,High income,2019,100,0,50.9
Poland,POL,Europe & Central Asia,High income,2020,100,0,48.6
Poland,POL,Europe & Central Asia,High income,2021,100,0,43
Poland,POL,Europe & Central Asia,High income,2022,100,0,38.8
Poland,POL,Europe & Central Asia,High income,2023,100,0,40.7
Portugal,PRT,Europe & Central Asia,High income,2002,100,,69.2
Portugal,PRT,Europe & Central Asia,High income,2003,100,0,70.6
Portugal,PRT,Europe & Central Asia,High income,2004,100,0,72
Portugal,PRT,Europe & Central Asia,High income,2005,100,0,73.5
Portugal,PRT,Europe & Central Asia,High income,2006,100,0,71.6
Portugal,PRT,Europe & Central Asia,High income,2007,100,0,70
Portugal,PRT,Europe & Central Asia,High income,2008,100,0,68.5
Portugal,PRT,Europe & Central Asia,High income,2009,100,0,68.7
Portugal,PRT,Europe & Central Asia,High income,2010,100,0,65.9
Portugal,PRT,Europe & Central Asia,High income,2011,100,0,67.3
Portugal,PRT,Europe & Central Asia,High income,2012,100,0,64.5
Portugal,PRT,Europe & Central Asia,High income,2013,100,0,63.6
Portugal,PRT,Europe & Central Asia,High income,2014,100,0,59.8
Portugal,PRT,Europe & Central Asia,High income,2015,100,0,59.8
Portugal,PRT,Europe & Central Asia,High income,2016,100,0,57.9
Portugal,PRT,Europe & Central Asia,High income,2017,100,0,52.8
Portugal,PRT,Europe & Central Asia,High income,2018,100,0,53.7
Portugal,PRT,Europe & Central Asia,High income,2019,100,0,50.9
Portugal,PRT,Europe & Central Asia,High income,2020,100,0,48.6
Portugal,PRT,Europe & Central Asia,High income,2021,100,0,43
Portugal,PRT,Europe & Central Asia,High income,2022,100,0,38.8
Portugal,PRT,Europe & Central Asia,High income,2023,100,0,40.7
Puerto Rico (US),PRI,Latin America & Caribbean,High income,2002,100,,69.2
Puerto Rico (US),PRI,Latin America & Caribbean,High income,2003,100,0,70.6
Puerto Rico (US),PRI,Latin America & Caribbean,High income,2004,100,0,72
Puerto Rico (US),PRI,Latin America & Caribbean,High income,2005,100,0,73.5
Puerto Rico (US),PRI,Latin America & Caribbean,High income,2006,100,0,71.6
Puerto Rico (US),PRI,Latin America & Caribbean,High income,2007,100,0,70
Puerto Rico (US),PRI,Latin America & Caribbean,High income,2008,100,0,68.5
Puerto Rico (US),PRI,Latin America & Caribbean,High income,2009,100,0,68.7
Puerto Rico (US),PRI,Latin America & Caribbean,High income,2010,100,0,65.9
Puerto Rico (US),PRI,Latin America & Caribbean,High income,2011,100,0,67.3
Puerto Rico (US),PRI,Latin America & Caribbean,High income,2012,100,0,64.5
Puerto Rico (US),PRI,Latin America & Caribbean,High income,2013,100,0,63.6
Puerto Rico (US),PRI,Latin America & Caribbean,High income,2014,100,0,59.8
Puerto Rico (US),PRI,Latin America & Caribbean,High income,2015,100,0,59.8
Puerto Rico (US),PRI,Latin America & Caribbean,High income,2016,100,0,57.9
Puerto Rico (US),PRI,Latin America & Caribbean,High income,2017,100,0,52.8
Puerto Rico (US),PRI,Latin America & Caribbean,High income,2018,100,0,53.7
Puerto Rico (US),PRI,Latin America & Caribbean,High income,2019,100,0,50.9
Puerto Rico (US),PRI,Latin America & Caribbean,High income,2020,100,0,48.6
Puerto Rico (US),PRI,Latin America & Caribbean,High income,2021,100,0,43
Puerto Rico (US),PRI,Latin America & Caribbean,High income,2022,100,0,38.8
Puerto Rico (US),PRI,Latin America & Caribbean,High income,2023,100,0,40.7
Qatar,QAT,"Middle East, North Africa, Afghanistan & Pakistan",High income,2002,100,,69.2
Qatar,QAT,"Middle East, North Africa, Afghanistan & Pakistan",High income,2003,100,0,70.6
Qatar,QAT,"Middle East, North Africa, Afghanistan & Pakistan",High income,2004,100,0,72
Qatar,QAT,"Middle East, North Africa, Afghanistan & Pakistan",High income,2005,100,0,73.5
Qatar,QAT,"Middle East, North Africa, Afghanistan & Pakistan",High income,2006,100,0,71.6
Qatar,QAT,"Middle East, North Africa, Afghanistan & Pakistan",High income,2007,100,0,70
Qatar,QAT,"Middle East, North Africa, Afghanistan & Pakistan",High income,2008,100,0,68.5
Qatar,QAT,"Middle East, North Africa, Afghanistan & Pakistan",High income,2009,100,0,68.7
Qatar,QAT,"Middle East, North Africa, Afghanistan & Pakistan",High income,2010,100,0,65.9
Qatar,QAT,"Middle East, North Africa, Afghanistan & Pakistan",High income,2011,100,0,67.3
Qatar,QAT,"Middle East, North Africa, Afghanistan & Pakistan",High income,2012,100,0,64.5
Qatar,QAT,"Middle East, North Africa, Afghanistan & Pakistan",High income,2013,100,0,63.6
Qatar,QAT,"Middle East, North Africa, Afghanistan & Pakistan",High income,2014,100,0,59.8
Qatar,QAT,"Middle East, North Africa, Afghanistan & Pakistan",High income,2015,100,0,59.8
Qatar,QAT,"Middle East, North Africa, Afghanistan & Pakistan",High income,2016,100,0,57.9
Qatar,QAT,"Middle East, North Africa, Afghanistan & Pakistan",High income,2017,100,0,52.8
Qatar,QAT,"Middle East, North Africa, Afghanistan & Pakistan",High income,2018,100,0,53.7
Qatar,QAT,"Middle East, North Africa, Afghanistan & Pakistan",High income,2019,100,0,50.9
Qatar,QAT,"Middle East, North Africa, Afghanistan & Pakistan",High income,2020,100,0,48.6
Qatar,QAT,"Middle East, North Africa, Afghanistan & Pakistan",High income,2021,100,0,43
Qatar,QAT,"Middle East, North Africa, Afghanistan & Pakistan",High income,2022,100,0,38.8
Qatar,QAT,"Middle East, North Africa, Afghanistan & Pakistan",High income,2023,100,0,40.7
Romania,ROU,Europe & Central Asia,High income,2002,94.9,,45
Romania,ROU,Europe & Central Asia,High income,2003,95.1,0.211,45.5
Romania,ROU,Europe & Central Asia,High income,2004,95.3,0.21,46
Romania,ROU,Europe & Central Asia,High income,2005,95.6,0.315,46.4
Romania,ROU,Europe & Central Asia,High income,2006,95.9,0.314,43.1
Romania,ROU,Europe & Central Asia,High income,2007,96.1,0.209,45.1
Romania,ROU,Europe & Central Asia,High income,2008,96.5,0.416,44.6
Romania,ROU,Europe & Central Asia,High income,2009,96.8,0.311,44.9
Romania,ROU,Europe & Central Asia,High income,2010,97.1,0.31,45.3
Romania,ROU,Europe & Central Asia,High income,2011,97.4,0.309,45.3
Romania,ROU,Europe & Central Asia,High income,2012,97.8,0.411,45.8
Romania,ROU,Europe & Central Asia,High income,2013,98.1,0.307,45.3
Romania,ROU,Europe & Central Asia,High income,2014,98.4,0.306,44.9
Romania,ROU,Europe & Central Asia,High income,2015,98.8,0.407,44.9
Romania,ROU,Europe & Central Asia,High income,2016,99.1,0.304,44.4
Romania,ROU,Europe & Central Asia,High income,2017,100,0.908,52.8
Romania,ROU,Europe & Central Asia,High income,2018,99.8,-0.2,47.2
Romania,ROU,Europe & Central Asia,High income,2019,100,0.2,50.9
Romania,ROU,Europe & Central Asia,High income,2020,100,0,48.6
Romania,ROU,Europe & Central Asia,High income,2021,100,0,43
Romania,ROU,Europe & Central Asia,High income,2022,100,0,38.8
Romania,ROU,Europe & Central Asia,High income,2023,100,0,40.7
Russian Federation,RUS,Europe & Central Asia,High income,2002,97.9,,53.6
Russian Federation,RUS,Europe & Central Asia,High income,2003,97.9,0,52.6
Russian Federation,RUS,Europe & Central Asia,High income,2004,98,0.102,53.1
Russian Federation,RUS,Europe & Central Asia,High income,2005,98,0,53.1
Russian Federation,RUS,Europe & Central Asia,High income,2006,98.1,0.102,49.3
Russian Federation,RUS,Europe & Central Asia,High income,2007,98.2,0.102,52.6
Russian Federation,RUS,Europe & Central Asia,High income,2008,98.3,0.102,51.2
Russian Federation,RUS,Europe & Central Asia,High income,2009,98.4,0.102,50
Russian Federation,RUS,Europe & Central Asia,High income,2010,99.3,0.915,55.1
Russian Federation,RUS,Europe & Central Asia,High income,2011,99.2,-0.101,54.2
Russian Federation,RUS,Europe & Central Asia,High income,2012,100,0.806,64.5
Russian Federation,RUS,Europe & Central Asia,High income,2013,100,0,63.6
Russian Federation,RUS,Europe & Central Asia,High income,2014,100,0,59.8
Russian Federation,RUS,Europe & Central Asia,High income,2015,95.5,-4.5,39.3
Russian Federation,RUS,Europe & Central Asia,High income,2016,99.4,4.084,46.7
Russian Federation,RUS,Europe & Central Asia,High income,2017,100,0.604,52.8
Russian Federation,RUS,Europe & Central Asia,High income,2018,100,0,53.7
Russian Federation,RUS,Europe & Central Asia,High income,2019,99.8,-0.2,45.3
Russian Federation,RUS,Europe & Central Asia,High income,2020,99.9,0.1,44.4
Russian Federation,RUS,Europe & Central Asia,High income,2021,100,0.1,43
Russian Federation,RUS,Europe & Central Asia,High income,2022,100,0,38.8
Russian Federation,RUS,Europe & Central Asia,High income,2023,100,0,40.7
Rwanda,RWA,Sub-Saharan Africa,Low income,2002,6,,2.4
Rwanda,RWA,Sub-Saharan Africa,Low income,2003,7.4,23.333,2.8
Rwanda,RWA,Sub-Saharan Africa,Low income,2004,8.7,17.568,2.8
Rwanda,RWA,Sub-Saharan Africa,Low income,2005,4.8,-44.828,0.5
Rwanda,RWA,Sub-Saharan Africa,Low income,2006,11.4,137.5,3.8
Rwanda,RWA,Sub-Saharan Africa,Low income,2007,12.8,12.281,4.7
Rwanda,RWA,Sub-Saharan Africa,Low income,2008,6,-53.125,1.9
Rwanda,RWA,Sub-Saharan Africa,Low income,2009,15.6,160,6.5
Rwanda,RWA,Sub-Saharan Africa,Low income,2010,9.7,-37.821,2.8
Rwanda,RWA,Sub-Saharan Africa,Low income,2011,10.8,11.34,2.8
Rwanda,RWA,Sub-Saharan Africa,Low income,2012,17.5,62.037,5.6
Rwanda,RWA,Sub-Saharan Africa,Low income,2013,15.2,-13.143,4.2
Rwanda,RWA,Sub-Saharan Africa,Low income,2014,19.8,30.263,5.6
Rwanda,RWA,Sub-Saharan Africa,Low income,2015,22.8,15.152,6.1
Rwanda,RWA,Sub-Saharan Africa,Low income,2016,29.4,28.947,7
Rwanda,RWA,Sub-Saharan Africa,Low income,2017,34.1,15.986,7.9
Rwanda,RWA,Sub-Saharan Africa,Low income,2018,38,11.437,7
Rwanda,RWA,Sub-Saharan Africa,Low income,2019,46.6,22.632,10.7
Rwanda,RWA,Sub-Saharan Africa,Low income,2020,45.2,-3.004,8.9
Rwanda,RWA,Sub-Saharan Africa,Low income,2021,48.7,7.743,10.3
Rwanda,RWA,Sub-Saharan Africa,Low income,2022,50.6,3.901,11.2
Rwanda,RWA,Sub-Saharan Africa,Low income,2023,63.9,26.285,15.9
Samoa,WSM,East Asia & Pacific,Upper middle income,2002,89.3,,41.7
Samoa,WSM,East Asia & Pacific,Upper middle income,2003,89.9,0.672,41.2
Samoa,WSM,East Asia & Pacific,Upper middle income,2004,90.5,0.667,41.2
Samoa,WSM,East Asia & Pacific,Upper middle income,2005,91.1,0.663,41.7
Samoa,WSM,East Asia & Pacific,Upper middle income,2006,96.4,5.818,45
Samoa,WSM,East Asia & Pacific,Upper middle income,2007,92.5,-4.046,41.8
Samoa,WSM,East Asia & Pacific,Upper middle income,2008,98.1,6.054,49.8
Samoa,WSM,East Asia & Pacific,Upper middle income,2009,97.9,-0.204,47.7
Samoa,WSM,East Asia & Pacific,Upper middle income,2010,96.4,-1.532,43.5
Samoa,WSM,East Asia & Pacific,Upper middle income,2011,96.7,0.311,43.5
Samoa,WSM,East Asia & Pacific,Upper middle income,2012,96.8,0.103,43.5
Samoa,WSM,East Asia & Pacific,Upper middle income,2013,97,0.207,42.1
Samoa,WSM,East Asia & Pacific,Upper middle income,2014,97.9,0.928,43
Samoa,WSM,East Asia & Pacific,Upper middle income,2015,98.2,0.306,43
Samoa,WSM,East Asia & Pacific,Upper middle income,2016,98.9,0.713,43.5
Samoa,WSM,East Asia & Pacific,Upper middle income,2017,96.8,-2.123,36.9
Samoa,WSM,East Asia & Pacific,Upper middle income,2018,99.8,3.099,47.2
Samoa,WSM,East Asia & Pacific,Upper middle income,2019,99.2,-0.601,40.2
Samoa,WSM,East Asia & Pacific,Upper middle income,2020,100,0.806,48.6
Samoa,WSM,East Asia & Pacific,Upper middle income,2021,98.3,-1.7,34.6
Samoa,WSM,East Asia & Pacific,Upper middle income,2022,98.3,0,33.2
Samoa,WSM,East Asia & Pacific,Upper middle income,2023,100,1.729,40.7
San Marino,SMR,Europe & Central Asia,High income,2002,100,,69.2
San Marino,SMR,Europe & Central Asia,High income,2003,100,0,70.6
San Marino,SMR,Europe & Central Asia,High income,2004,100,0,72
San Marino,SMR,Europe & Central Asia,High income,2005,100,0,73.5
San Marino,SMR,Europe & Central Asia,High income,2006,100,0,71.6
San Marino,SMR,Europe & Central Asia,High income,2007,100,0,70
San Marino,SMR,Europe & Central Asia,High income,2008,100,0,68.5
San Marino,SMR,Europe & Central Asia,High income,2009,100,0,68.7
San Marino,SMR,Europe & Central Asia,High income,2010,100,0,65.9
San Marino,SMR,Europe & Central Asia,High income,2011,100,0,67.3
San Marino,SMR,Europe & Central Asia,High income,2012,100,0,64.5
San Marino,SMR,Europe & Central Asia,High income,2013,100,0,63.6
San Marino,SMR,Europe & Central Asia,High income,2014,100,0,59.8
San Marino,SMR,Europe & Central Asia,High income,2015,100,0,59.8
San Marino,SMR,Europe & Central Asia,High income,2016,100,0,57.9
San Marino,SMR,Europe & Central Asia,High income,2017,100,0,52.8
San Marino,SMR,Europe & Central Asia,High income,2018,100,0,53.7
San Marino,SMR,Europe & Central Asia,High income,2019,100,0,50.9
San Marino,SMR,Europe & Central Asia,High income,2020,100,0,48.6
San Marino,SMR,Europe & Central Asia,High income,2021,100,0,43
San Marino,SMR,Europe & Central Asia,High income,2022,100,0,38.8
San Marino,SMR,Europe & Central Asia,High income,2023,100,0,40.7
Sao Tome and Principe,STP,Sub-Saharan Africa,Lower middle income,2002,52.5,,25.6
Sao Tome and Principe,STP,Sub-Saharan Africa,Lower middle income,2003,53.6,2.095,25.1
Sao Tome and Principe,STP,Sub-Saharan Africa,Lower middle income,2004,54.7,2.052,25.1
Sao Tome and Principe,STP,Sub-Saharan Africa,Lower middle income,2005,55.8,2.011,23.7
Sao Tome and Principe,STP,Sub-Saharan Africa,Lower middle income,2006,56.9,1.971,23.7
Sao Tome and Principe,STP,Sub-Saharan Africa,Lower middle income,2007,58,1.933,25.4
Sao Tome and Principe,STP,Sub-Saharan Africa,Lower middle income,2008,59.1,1.897,23.9
Sao Tome and Principe,STP,Sub-Saharan Africa,Lower middle income,2009,56.9,-3.723,22
Sao Tome and Principe,STP,Sub-Saharan Africa,Lower middle income,2010,61.4,7.909,23.8
Sao Tome and Principe,STP,Sub-Saharan Africa,Lower middle income,2011,62.6,1.954,23.8
Sao Tome and Principe,STP,Sub-Saharan Africa,Lower middle income,2012,57.9,-7.508,23.4
Sao Tome and Principe,STP,Sub-Saharan Africa,Lower middle income,2013,65,12.263,22.9
Sao Tome and Principe,STP,Sub-Saharan Africa,Lower middle income,2014,68.6,5.538,23.8
Sao Tome and Principe,STP,Sub-Saharan Africa,Lower middle income,2015,67.3,-1.895,22.4
Sao Tome and Principe,STP,Sub-Saharan Africa,Lower middle income,2016,69.4,3.12,22.9
Sao Tome and Principe,STP,Sub-Saharan Africa,Lower middle income,2017,74.3,7.061,22.4
Sao Tome and Principe,STP,Sub-Saharan Africa,Lower middle income,2018,71,-4.441,22.4
Sao Tome and Principe,STP,Sub-Saharan Africa,Lower middle income,2019,75.1,5.775,22.4
Sao Tome and Principe,STP,Sub-Saharan Africa,Lower middle income,2020,76.8,2.264,22.4
Sao Tome and Principe,STP,Sub-Saharan Africa,Lower middle income,2021,78.5,2.214,22.4
Sao Tome and Principe,STP,Sub-Saharan Africa,Lower middle income,2022,78,-0.637,22.4
Sao Tome and Principe,STP,Sub-Saharan Africa,Lower middle income,2023,81.3,4.231,21.5
Saudi Arabia,SAU,"Middle East, North Africa, Afghanistan & Pakistan",High income,2002,100,,69.2
Saudi Arabia,SAU,"Middle East, North Africa, Afghanistan & Pakistan",High income,2003,100,0,70.6
Saudi Arabia,SAU,"Middle East, North Africa, Afghanistan & Pakistan",High income,2004,100,0,72
Saudi Arabia,SAU,"Middle East, North Africa, Afghanistan & Pakistan",High income,2005,100,0,73.5
Saudi Arabia,SAU,"Middle East, North Africa, Afghanistan & Pakistan",High income,2006,100,0,71.6
Saudi Arabia,SAU,"Middle East, North Africa, Afghanistan & Pakistan",High income,2007,100,0,70
Saudi Arabia,SAU,"Middle East, North Africa, Afghanistan & Pakistan",High income,2008,100,0,68.5
Saudi Arabia,SAU,"Middle East, North Africa, Afghanistan & Pakistan",High income,2009,100,0,68.7
Saudi Arabia,SAU,"Middle East, North Africa, Afghanistan & Pakistan",High income,2010,100,0,65.9
Saudi Arabia,SAU,"Middle East, North Africa, Afghanistan & Pakistan",High income,2011,100,0,67.3
Saudi Arabia,SAU,"Middle East, North Africa, Afghanistan & Pakistan",High income,2012,100,0,64.5
Saudi Arabia,SAU,"Middle East, North Africa, Afghanistan & Pakistan",High income,2013,100,0,63.6
Saudi Arabia,SAU,"Middle East, North Africa, Afghanistan & Pakistan",High income,2014,100,0,59.8
Saudi Arabia,SAU,"Middle East, North Africa, Afghanistan & Pakistan",High income,2015,100,0,59.8
Saudi Arabia,SAU,"Middle East, North Africa, Afghanistan & Pakistan",High income,2016,99.9,-0.1,54.2
Saudi Arabia,SAU,"Middle East, North Africa, Afghanistan & Pakistan",High income,2017,100,0.1,52.8
Saudi Arabia,SAU,"Middle East, North Africa, Afghanistan & Pakistan",High income,2018,99.9,-0.1,50.5
Saudi Arabia,SAU,"Middle East, North Africa, Afghanistan & Pakistan",High income,2019,100,0.1,50.9
Saudi Arabia,SAU,"Middle East, North Africa, Afghanistan & Pakistan",High income,2020,100,0,48.6
Saudi Arabia,SAU,"Middle East, North Africa, Afghanistan & Pakistan",High income,2021,100,0,43
Saudi Arabia,SAU,"Middle East, North Africa, Afghanistan & Pakistan",High income,2022,100,0,38.8
Saudi Arabia,SAU,"Middle East, North Africa, Afghanistan & Pakistan",High income,2023,100,0,40.7
Senegal,SEN,Sub-Saharan Africa,Lower middle income,2002,36.8,,19
Senegal,SEN,Sub-Saharan Africa,Lower middle income,2003,41.9,13.859,20.4
Senegal,SEN,Sub-Saharan Africa,Lower middle income,2004,36.8,-12.172,18.5
Senegal,SEN,Sub-Saharan Africa,Lower middle income,2005,47.1,27.989,20.9
Senegal,SEN,Sub-Saharan Africa,Lower middle income,2006,49.9,5.945,20.4
Senegal,SEN,Sub-Saharan Africa,Lower middle income,2007,48.1,-3.607,20.2
Senegal,SEN,Sub-Saharan Africa,Lower middle income,2008,49.7,3.326,19.7
Senegal,SEN,Sub-Saharan Africa,Lower middle income,2009,53.5,7.646,21.5
Senegal,SEN,Sub-Saharan Africa,Lower middle income,2010,56.5,5.607,22
Senegal,SEN,Sub-Saharan Africa,Lower middle income,2011,56.5,0,22
Senegal,SEN,Sub-Saharan Africa,Lower middle income,2012,56.5,0,22.4
Senegal,SEN,Sub-Saharan Africa,Lower middle income,2013,57,0.885,19.6
Senegal,SEN,Sub-Saharan Africa,Lower middle income,2014,61,7.018,20.6
Senegal,SEN,Sub-Saharan Africa,Lower middle income,2015,60.5,-0.82,19.2
Senegal,SEN,Sub-Saharan Africa,Lower middle income,2016,64.5,6.612,21
Senegal,SEN,Sub-Saharan Africa,Lower middle income,2017,61.7,-4.341,18.2
Senegal,SEN,Sub-Saharan Africa,Lower middle income,2018,66,6.969,19.6
Senegal,SEN,Sub-Saharan Africa,Lower middle income,2019,70.4,6.667,21.5
Senegal,SEN,Sub-Saharan Africa,Lower middle income,2020,64.3,-8.665,16.8
Senegal,SEN,Sub-Saharan Africa,Lower middle income,2021,68,5.754,18.2
Senegal,SEN,Sub-Saharan Africa,Lower middle income,2022,67.9,-0.147,17.8
Senegal,SEN,Sub-Saharan Africa,Lower middle income,2023,74.2,9.278,19.6
Serbia,SRB,Europe & Central Asia,Upper middle income,2002,100,,69.2
Serbia,SRB,Europe & Central Asia,Upper middle income,2003,99.7,-0.3,65.9
Serbia,SRB,Europe & Central Asia,Upper middle income,2004,99.6,-0.1,65.9
Serbia,SRB,Europe & Central Asia,Upper middle income,2005,99.7,0.1,65.4
Serbia,SRB,Europe & Central Asia,Upper middle income,2006,99.6,-0.1,64
Serbia,SRB,Europe & Central Asia,Upper middle income,2007,99.6,0,63.8
Serbia,SRB,Europe & Central Asia,Upper middle income,2008,99.6,0,62
Serbia,SRB,Europe & Central Asia,Upper middle income,2009,99.6,0,62.6
Serbia,SRB,Europe & Central Asia,Upper middle income,2010,99.7,0.1,61.7
Serbia,SRB,Europe & Central Asia,Upper middle income,2011,99.7,0,60.7
Serbia,SRB,Europe & Central Asia,Upper middle income,2012,99.8,0.1,60.3
Serbia,SRB,Europe & Central Asia,Upper middle income,2013,99.9,0.1,60.7
Serbia,SRB,Europe & Central Asia,Upper middle income,2014,99.7,-0.2,51.9
Serbia,SRB,Europe & Central Asia,Upper middle income,2015,99.9,0.201,56.1
Serbia,SRB,Europe & Central Asia,Upper middle income,2016,99.9,0,54.2
Serbia,SRB,Europe & Central Asia,Upper middle income,2017,100,0.1,52.8
Serbia,SRB,Europe & Central Asia,Upper middle income,2018,100,0,53.7
Serbia,SRB,Europe & Central Asia,Upper middle income,2019,99.8,-0.2,45.3
Serbia,SRB,Europe & Central Asia,Upper middle income,2020,100,0.2,48.6
Serbia,SRB,Europe & Central Asia,Upper middle income,2021,100,0,43
Serbia,SRB,Europe & Central Asia,Upper middle income,2022,100,0,38.8
Serbia,SRB,Europe & Central Asia,Upper middle income,2023,100,0,40.7
Seychelles,SYC,Sub-Saharan Africa,High income,2002,96.1,,48.3
Seychelles,SYC,Sub-Saharan Africa,High income,2003,94.9,-1.249,44.5
Seychelles,SYC,Sub-Saharan Africa,High income,2004,95.2,0.316,45.5
Seychelles,SYC,Sub-Saharan Africa,High income,2005,95.5,0.315,45.5
Seychelles,SYC,Sub-Saharan Africa,High income,2006,99,3.665,54
Seychelles,SYC,Sub-Saharan Africa,High income,2007,96.1,-2.929,45.1
Seychelles,SYC,Sub-Saharan Africa,High income,2008,96.5,0.416,44.6
Seychelles,SYC,Sub-Saharan Africa,High income,2009,96.8,0.311,44.9
Seychelles,SYC,Sub-Saharan Africa,High income,2010,97,0.207,44.9
Seychelles,SYC,Sub-Saharan Africa,High income,2011,98.1,1.134,47.7
Seychelles,SYC,Sub-Saharan Africa,High income,2012,98.3,0.204,47.7
Seychelles,SYC,Sub-Saharan Africa,High income,2013,98,-0.305,44.4
Seychelles,SYC,Sub-Saharan Africa,High income,2014,100,2.041,59.8
Seychelles,SYC,Sub-Saharan Africa,High income,2015,100,0,59.8
Seychelles,SYC,Sub-Saharan Africa,High income,2016,100,0,57.9
Seychelles,SYC,Sub-Saharan Africa,High income,2017,100,0,52.8
Seychelles,SYC,Sub-Saharan Africa,High income,2018,100,0,53.7
Seychelles,SYC,Sub-Saharan Africa,High income,2019,100,0,50.9
Seychelles,SYC,Sub-Saharan Africa,High income,2020,100,0,48.6
Seychelles,SYC,Sub-Saharan Africa,High income,2021,100,0,43
Seychelles,SYC,Sub-Saharan Africa,High income,2022,100,0,38.8
Seychelles,SYC,Sub-Saharan Africa,High income,2023,100,0,40.7
Sierra Leone,SLE,Sub-Saharan Africa,Low income,2002,9.2,,5.7
Sierra Leone,SLE,Sub-Saharan Africa,Low income,2003,9.9,7.609,5.2
Sierra Leone,SLE,Sub-Saharan Africa,Low income,2004,16.8,69.697,9.5
Sierra Leone,SLE,Sub-Saharan Africa,Low income,2005,11.3,-32.738,5.2
Sierra Leone,SLE,Sub-Saharan Africa,Low income,2006,12.2,7.965,4.7
Sierra Leone,SLE,Sub-Saharan Africa,Low income,2007,13,6.557,5.6
Sierra Leone,SLE,Sub-Saharan Africa,Low income,2008,12.1,-6.923,5.2
Sierra Leone,SLE,Sub-Saharan Africa,Low income,2009,14.6,20.661,5.6
Sierra Leone,SLE,Sub-Saharan Africa,Low income,2010,11.5,-21.233,3.7
Sierra Leone,SLE,Sub-Saharan Africa,Low income,2011,14.2,23.478,4.2
Sierra Leone,SLE,Sub-Saharan Africa,Low income,2012,17.2,21.127,5.1
Sierra Leone,SLE,Sub-Saharan Africa,Low income,2013,13.5,-21.512,3.3
Sierra Leone,SLE,Sub-Saharan Africa,Low income,2014,18.8,39.259,4.7
Sierra Leone,SLE,Sub-Saharan Africa,Low income,2015,19.7,4.787,5.1
Sierra Leone,SLE,Sub-Saharan Africa,Low income,2016,20.3,3.046,4.7
Sierra Leone,SLE,Sub-Saharan Africa,Low income,2017,23.4,15.271,4.2
Sierra Leone,SLE,Sub-Saharan Africa,Low income,2018,26.1,11.538,4.7
Sierra Leone,SLE,Sub-Saharan Africa,Low income,2019,22.7,-13.027,3.7
Sierra Leone,SLE,Sub-Saharan Africa,Low income,2020,26.3,15.859,4.2
Sierra Leone,SLE,Sub-Saharan Africa,Low income,2021,27.5,4.563,4.2
Sierra Leone,SLE,Sub-Saharan Africa,Low income,2022,29.4,6.909,4.2
Sierra Leone,SLE,Sub-Saharan Africa,Low income,2023,35.5,20.748,4.7
Singapore,SGP,East Asia & Pacific,High income,2002,100,,69.2
Singapore,SGP,East Asia & Pacific,High income,2003,100,0,70.6
Singapore,SGP,East Asia & Pacific,High income,2004,100,0,72
Singapore,SGP,East Asia & Pacific,High income,2005,100,0,73.5
Singapore,SGP,East Asia & Pacific,High income,2006,100,0,71.6
Singapore,SGP,East Asia & Pacific,High income,2007,100,0,70
Singapore,SGP,East Asia & Pacific,High income,2008,100,0,68.5
Singapore,SGP,East Asia & Pacific,High income,2009,100,0,68.7
Singapore,SGP,East Asia & Pacific,High income,2010,100,0,65.9
Singapore,SGP,East Asia & Pacific,High income,2011,100,0,67.3
Singapore,SGP,East Asia & Pacific,High income,2012,100,0,64.5
Singapore,SGP,East Asia & Pacific,High income,2013,100,0,63.6
Singapore,SGP,East Asia & Pacific,High income,2014,100,0,59.8
Singapore,SGP,East Asia & Pacific,High income,2015,100,0,59.8
Singapore,SGP,East Asia & Pacific,High income,2016,100,0,57.9
Singapore,SGP,East Asia & Pacific,High income,2017,100,0,52.8
Singapore,SGP,East Asia & Pacific,High income,2018,100,0,53.7
Singapore,SGP,East Asia & Pacific,High income,2019,100,0,50.9
Singapore,SGP,East Asia & Pacific,High income,2020,100,0,48.6
Singapore,SGP,East Asia & Pacific,High income,2021,100,0,43
Singapore,SGP,East Asia & Pacific,High income,2022,100,0,38.8
Singapore,SGP,East Asia & Pacific,High income,2023,100,0,40.7
Sint Maarten (Dutch part),SXM,Latin America & Caribbean,High income,2002,99.9,,66.8
Sint Maarten (Dutch part),SXM,Latin America & Caribbean,High income,2003,99.8,-0.1,66.4
Sint Maarten (Dutch part),SXM,Latin America & Caribbean,High income,2004,99.8,0,67.8
Sint Maarten (Dutch part),SXM,Latin America & Caribbean,High income,2005,99.7,-0.1,65.4
Sint Maarten (Dutch part),SXM,Latin America & Caribbean,High income,2006,99.7,0,64.9
Sint Maarten (Dutch part),SXM,Latin America & Caribbean,High income,2007,99.7,0,64.8
Sint Maarten (Dutch part),SXM,Latin America & Caribbean,High income,2008,99.7,0,62.9
Sint Maarten (Dutch part),SXM,Latin America & Caribbean,High income,2009,99.7,0,64
Sint Maarten (Dutch part),SXM,Latin America & Caribbean,High income,2010,100,0.301,65.9
Sint Maarten (Dutch part),SXM,Latin America & Caribbean,High income,2011,100,0,67.3
Sint Maarten (Dutch part),SXM,Latin America & Caribbean,High income,2012,100,0,64.5
Sint Maarten (Dutch part),SXM,Latin America & Caribbean,High income,2013,100,0,63.6
Sint Maarten (Dutch part),SXM,Latin America & Caribbean,High income,2014,100,0,59.8
Sint Maarten (Dutch part),SXM,Latin America & Caribbean,High income,2015,100,0,59.8
Sint Maarten (Dutch part),SXM,Latin America & Caribbean,High income,2016,100,0,57.9
Sint Maarten (Dutch part),SXM,Latin America & Caribbean,High income,2017,100,0,52.8
Sint Maarten (Dutch part),SXM,Latin America & Caribbean,High income,2018,100,0,53.7
Sint Maarten (Dutch part),SXM,Latin America & Caribbean,High income,2019,100,0,50.9
Sint Maarten (Dutch part),SXM,Latin America & Caribbean,High income,2020,100,0,48.6
Sint Maarten (Dutch part),SXM,Latin America & Caribbean,High income,2021,100,0,43
Sint Maarten (Dutch part),SXM,Latin America & Caribbean,High income,2022,100,0,38.8
Sint Maarten (Dutch part),SXM,Latin America & Caribbean,High income,2023,100,0,40.7
Slovak Republic,SVK,Europe & Central Asia,High income,2002,100,,69.2
Slovak Republic,SVK,Europe & Central Asia,High income,2003,100,0,70.6
Slovak Republic,SVK,Europe & Central Asia,High income,2004,100,0,72
Slovak Republic,SVK,Europe & Central Asia,High income,2005,99.9,-0.1,70.6
Slovak Republic,SVK,Europe & Central Asia,High income,2006,99.9,0,70.1
Slovak Republic,SVK,Europe & Central Asia,High income,2007,100,0.1,70
Slovak Republic,SVK,Europe & Central Asia,High income,2008,100,0,68.5
Slovak Republic,SVK,Europe & Central Asia,High income,2009,100,0,68.7
Slovak Republic,SVK,Europe & Central Asia,High income,2010,100,0,65.9
Slovak Republic,SVK,Europe & Central Asia,High income,2011,100,0,67.3
Slovak Republic,SVK,Europe & Central Asia,High income,2012,100,0,64.5
Slovak Republic,SVK,Europe & Central Asia,High income,2013,100,0,63.6
Slovak Republic,SVK,Europe & Central Asia,High income,2014,100,0,59.8
Slovak Republic,SVK,Europe & Central Asia,High income,2015,100,0,59.8
Slovak Republic,SVK,Europe & Central Asia,High income,2016,100,0,57.9
Slovak Republic,SVK,Europe & Central Asia,High income,2017,100,0,52.8
Slovak Republic,SVK,Europe & Central Asia,High income,2018,100,0,53.7
Slovak Republic,SVK,Europe & Central Asia,High income,2019,100,0,50.9
Slovak Republic,SVK,Europe & Central Asia,High income,2020,100,0,48.6
Slovak Republic,SVK,Europe & Central Asia,High income,2021,100,0,43
Slovak Republic,SVK,Europe & Central Asia,High income,2022,100,0,38.8
Slovak Republic,SVK,Europe & Central Asia,High income,2023,100,0,40.7
Slovenia,SVN,Europe & Central Asia,High income,2002,100,,69.2
Slovenia,SVN,Europe & Central Asia,High income,2003,100,0,70.6
Slovenia,SVN,Europe & Central Asia,High income,2004,100,0,72
Slovenia,SVN,Europe & Central Asia,High income,2005,100,0,73.5
Slovenia,SVN,Europe & Central Asia,High income,2006,100,0,71.6
Slovenia,SVN,Europe & Central Asia,High income,2007,100,0,70
Slovenia,SVN,Europe & Central Asia,High income,2008,100,0,68.5
Slovenia,SVN,Europe & Central Asia,High income,2009,100,0,68.7
Slovenia,SVN,Europe & Central Asia,High income,2010,100,0,65.9
Slovenia,SVN,Europe & Central Asia,High income,2011,100,0,67.3
Slovenia,SVN,Europe & Central Asia,High income,2012,100,0,64.5
Slovenia,SVN,Europe & Central Asia,High income,2013,100,0,63.6
Slovenia,SVN,Europe & Central Asia,High income,2014,100,0,59.8
Slovenia,SVN,Europe & Central Asia,High income,2015,100,0,59.8
Slovenia,SVN,Europe & Central Asia,High income,2016,100,0,57.9
Slovenia,SVN,Europe & Central Asia,High income,2017,100,0,52.8
Slovenia,SVN,Europe & Central Asia,High income,2018,100,0,53.7
Slovenia,SVN,Europe & Central Asia,High income,2019,100,0,50.9
Slovenia,SVN,Europe & Central Asia,High income,2020,100,0,48.6
Slovenia,SVN,Europe & Central Asia,High income,2021,100,0,43
Slovenia,SVN,Europe & Central Asia,High income,2022,100,0,38.8
Slovenia,SVN,Europe & Central Asia,High income,2023,100,0,40.7
Solomon Islands,SLB,East Asia & Pacific,Lower middle income,2002,10.5,,6.6
Solomon Islands,SLB,East Asia & Pacific,Lower middle income,2003,13.4,27.619,7.1
Solomon Islands,SLB,East Asia & Pacific,Lower middle income,2004,16.3,21.642,8.5
Solomon Islands,SLB,East Asia & Pacific,Lower middle income,2005,19.2,17.791,9.5
Solomon Islands,SLB,East Asia & Pacific,Lower middle income,2006,14.4,-25,6.2
Solomon Islands,SLB,East Asia & Pacific,Lower middle income,2007,12.9,-10.417,5.2
Solomon Islands,SLB,East Asia & Pacific,Lower middle income,2008,28.1,117.829,11.7
Solomon Islands,SLB,East Asia & Pacific,Lower middle income,2009,21.2,-24.555,8.4
Solomon Islands,SLB,East Asia & Pacific,Lower middle income,2010,35.4,66.981,13.6
Solomon Islands,SLB,East Asia & Pacific,Lower middle income,2011,39.1,10.452,14.5
Solomon Islands,SLB,East Asia & Pacific,Lower middle income,2012,42.9,9.719,15.4
Solomon Islands,SLB,East Asia & Pacific,Lower middle income,2013,44.7,4.196,15.9
Solomon Islands,SLB,East Asia & Pacific,Lower middle income,2014,50.5,12.975,16.4
Solomon Islands,SLB,East Asia & Pacific,Lower middle income,2015,55.1,9.109,17.8
Solomon Islands,SLB,East Asia & Pacific,Lower middle income,2016,58.2,5.626,17.8
Solomon Islands,SLB,East Asia & Pacific,Lower middle income,2017,62.9,8.076,19.2
Solomon Islands,SLB,East Asia & Pacific,Lower middle income,2018,65.8,4.61,19.2
Solomon Islands,SLB,East Asia & Pacific,Lower middle income,2019,69.4,5.471,20.1
Solomon Islands,SLB,East Asia & Pacific,Lower middle income,2020,72.9,5.043,21.5
Solomon Islands,SLB,East Asia & Pacific,Lower middle income,2021,76.3,4.664,21.5
Solomon Islands,SLB,East Asia & Pacific,Lower middle income,2022,76,-0.393,21
Solomon Islands,SLB,East Asia & Pacific,Lower middle income,2023,81.3,6.974,21.5
"Somalia, Fed. Rep.",SOM,Sub-Saharan Africa,Low income,2002,7.4,,3.3
"Somalia, Fed. Rep.",SOM,Sub-Saharan Africa,Low income,2003,9.8,32.432,4.7
"Somalia, Fed. Rep.",SOM,Sub-Saharan Africa,Low income,2004,12.4,26.531,6.2
"Somalia, Fed. Rep.",SOM,Sub-Saharan Africa,Low income,2005,15,20.968,7.6
"Somalia, Fed. Rep.",SOM,Sub-Saharan Africa,Low income,2006,15.2,1.333,7.6
"Somalia, Fed. Rep.",SOM,Sub-Saharan Africa,Low income,2007,20.2,32.895,9.4
"Somalia, Fed. Rep.",SOM,Sub-Saharan Africa,Low income,2008,22.9,13.366,9.4
"Somalia, Fed. Rep.",SOM,Sub-Saharan Africa,Low income,2009,25.5,11.354,10.3
"Somalia, Fed. Rep.",SOM,Sub-Saharan Africa,Low income,2010,52.3,105.098,20.6
"Somalia, Fed. Rep.",SOM,Sub-Saharan Africa,Low income,2011,52,-0.574,18.7
"Somalia, Fed. Rep.",SOM,Sub-Saharan Africa,Low income,2012,51.8,-0.385,17.8
"Somalia, Fed. Rep.",SOM,Sub-Saharan Africa,Low income,2013,51.5,-0.579,17.3
"Somalia, Fed. Rep.",SOM,Sub-Saharan Africa,Low income,2014,51.4,-0.194,16.8
"Somalia, Fed. Rep.",SOM,Sub-Saharan Africa,Low income,2015,51.2,-0.389,15.4
"Somalia, Fed. Rep.",SOM,Sub-Saharan Africa,Low income,2016,51.1,-0.195,15.4
"Somalia, Fed. Rep.",SOM,Sub-Saharan Africa,Low income,2017,52.1,1.957,14.5
"Somalia, Fed. Rep.",SOM,Sub-Saharan Africa,Low income,2018,50.7,-2.687,14
"Somalia, Fed. Rep.",SOM,Sub-Saharan Africa,Low income,2019,49.2,-2.959,13.6
"Somalia, Fed. Rep.",SOM,Sub-Saharan Africa,Low income,2020,49.9,1.423,11.7
"Somalia, Fed. Rep.",SOM,Sub-Saharan Africa,Low income,2021,49.3,-1.202,11.2
"Somalia, Fed. Rep.",SOM,Sub-Saharan Africa,Low income,2022,48.9,-0.811,8.9
"Somalia, Fed. Rep.",SOM,Sub-Saharan Africa,Low income,2023,50.3,2.863,7
South Africa,ZAF,Sub-Saharan Africa,Upper middle income,2002,76.7,,32.2
South Africa,ZAF,Sub-Saharan Africa,Upper middle income,2003,78.8,2.738,34.1
South Africa,ZAF,Sub-Saharan Africa,Upper middle income,2004,80.6,2.284,33.6
South Africa,ZAF,Sub-Saharan Africa,Upper middle income,2005,80.8,0.248,33.2
South Africa,ZAF,Sub-Saharan Africa,Upper middle income,2006,80.7,-0.124,32.7
South Africa,ZAF,Sub-Saharan Africa,Upper middle income,2007,82,1.611,33.3
South Africa,ZAF,Sub-Saharan Africa,Upper middle income,2008,81.9,-0.122,31.5
South Africa,ZAF,Sub-Saharan Africa,Upper middle income,2009,82.6,0.855,31.8
South Africa,ZAF,Sub-Saharan Africa,Upper middle income,2010,82.8,0.242,30.8
South Africa,ZAF,Sub-Saharan Africa,Upper middle income,2011,83.6,0.966,30.8
South Africa,ZAF,Sub-Saharan Africa,Upper middle income,2012,85.2,1.914,30.8
South Africa,ZAF,Sub-Saharan Africa,Upper middle income,2013,85.2,0,29.9
South Africa,ZAF,Sub-Saharan Africa,Upper middle income,2014,85.9,0.822,29.4
South Africa,ZAF,Sub-Saharan Africa,Upper middle income,2015,85.3,-0.698,27.6
South Africa,ZAF,Sub-Saharan Africa,Upper middle income,2016,83.9,-1.641,26.2
South Africa,ZAF,Sub-Saharan Africa,Upper middle income,2017,84.4,0.596,25.2
South Africa,ZAF,Sub-Saharan Africa,Upper middle income,2018,84.7,0.355,25.2
South Africa,ZAF,Sub-Saharan Africa,Upper middle income,2019,85,0.354,25.2
South Africa,ZAF,Sub-Saharan Africa,Upper middle income,2020,90,5.882,26.6
South Africa,ZAF,Sub-Saharan Africa,Upper middle income,2021,89.3,-0.778,26.2
South Africa,ZAF,Sub-Saharan Africa,Upper middle income,2022,86.5,-3.135,24.8
South Africa,ZAF,Sub-Saharan Africa,Upper middle income,2023,87.7,1.387,24.3
South Sudan,SSD,Sub-Saharan Africa,Low income,2007,0.8,,0
South Sudan,SSD,Sub-Saharan Africa,Low income,2008,1.3,62.5,0
South Sudan,SSD,Sub-Saharan Africa,Low income,2009,3,130.769,0.5
South Sudan,SSD,Sub-Saharan Africa,Low income,2010,1.5,-50,0
South Sudan,SSD,Sub-Saharan Africa,Low income,2011,2.8,86.667,0
South Sudan,SSD,Sub-Saharan Africa,Low income,2012,3.3,17.857,0
South Sudan,SSD,Sub-Saharan Africa,Low income,2013,3.8,15.152,0
South Sudan,SSD,Sub-Saharan Africa,Low income,2014,4.3,13.158,0
South Sudan,SSD,Sub-Saharan Africa,Low income,2015,4.8,11.628,0
South Sudan,SSD,Sub-Saharan Africa,Low income,2016,5.3,10.417,0
South Sudan,SSD,Sub-Saharan Africa,Low income,2017,4.2,-20.755,0
South Sudan,SSD,Sub-Saharan Africa,Low income,2018,6.3,50,0
South Sudan,SSD,Sub-Saharan Africa,Low income,2019,6.8,7.937,0
South Sudan,SSD,Sub-Saharan Africa,Low income,2020,7.3,7.353,0
South Sudan,SSD,Sub-Saharan Africa,Low income,2021,7.7,5.479,0
South Sudan,SSD,Sub-Saharan Africa,Low income,2022,8.4,9.091,0
South Sudan,SSD,Sub-Saharan Africa,Low income,2023,5.4,-35.714,0
Spain,ESP,Europe & Central Asia,High income,2002,100,,69.2
Spain,ESP,Europe & Central Asia,High income,2003,100,0,70.6
Spain,ESP,Europe & Central Asia,High income,2004,100,0,72
Spain,ESP,Europe & Central Asia,High income,2005,100,0,73.5
Spain,ESP,Europe & Central Asia,High income,2006,100,0,71.6
Spain,ESP,Europe & Central Asia,High income,2007,100,0,70
Spain,ESP,Europe & Central Asia,High income,2008,100,0,68.5
Spain,ESP,Europe & Central Asia,High income,2009,100,0,68.7
Spain,ESP,Europe & Central Asia,High income,2010,100,0,65.9
Spain,ESP,Europe & Central Asia,High income,2011,100,0,67.3
Spain,ESP,Europe & Central Asia,High income,2012,100,0,64.5
Spain,ESP,Europe & Central Asia,High income,2013,100,0,63.6
Spain,ESP,Europe & Central Asia,High income,2014,100,0,59.8
Spain,ESP,Europe & Central Asia,High income,2015,100,0,59.8
Spain,ESP,Europe & Central Asia,High income,2016,100,0,57.9
Spain,ESP,Europe & Central Asia,High income,2017,100,0,52.8
Spain,ESP,Europe & Central Asia,High income,2018,100,0,53.7
Spain,ESP,Europe & Central Asia,High income,2019,100,0,50.9
Spain,ESP,Europe & Central Asia,High income,2020,100,0,48.6
Spain,ESP,Europe & Central Asia,High income,2021,100,0,43
Spain,ESP,Europe & Central Asia,High income,2022,100,0,38.8
Spain,ESP,Europe & Central Asia,High income,2023,100,0,40.7
Sri Lanka,LKA,South Asia,Upper middle income,2002,80.7,,34.6
Sri Lanka,LKA,South Asia,Upper middle income,2003,75,-7.063,30.3
Sri Lanka,LKA,South Asia,Upper middle income,2004,76.5,2,30.8
Sri Lanka,LKA,South Asia,Upper middle income,2005,78.1,2.092,30.8
Sri Lanka,LKA,South Asia,Upper middle income,2006,82,4.994,33.2
Sri Lanka,LKA,South Asia,Upper middle income,2007,80,-2.439,31
Sri Lanka,LKA,South Asia,Upper middle income,2008,82.9,3.625,32.9
Sri Lanka,LKA,South Asia,Upper middle income,2009,87.1,5.066,36.9
Sri Lanka,LKA,South Asia,Upper middle income,2010,85.3,-2.067,32.2
Sri Lanka,LKA,South Asia,Upper middle income,2011,87.8,2.931,32.7
Sri Lanka,LKA,South Asia,Upper middle income,2012,87,-0.911,31.8
Sri Lanka,LKA,South Asia,Upper middle income,2013,90.2,3.678,34.6
Sri Lanka,LKA,South Asia,Upper middle income,2014,92.7,2.772,36.4
Sri Lanka,LKA,South Asia,Upper middle income,2015,94.3,1.726,36.9
Sri Lanka,LKA,South Asia,Upper middle income,2016,97.5,3.393,39.3
Sri Lanka,LKA,South Asia,Upper middle income,2017,97.5,0,38.3
Sri Lanka,LKA,South Asia,Upper middle income,2018,99.6,2.154,43.5
Sri Lanka,LKA,South Asia,Upper middle income,2019,99.8,0.201,45.3
Sri Lanka,LKA,South Asia,Upper middle income,2020,100,0.2,48.6
Sri Lanka,LKA,South Asia,Upper middle income,2021,100,0,43
Sri Lanka,LKA,South Asia,Upper middle income,2022,100,0,38.8
Sri Lanka,LKA,South Asia,Upper middle income,2023,100,0,40.7
St. Kitts and Nevis,KNA,Latin America & Caribbean,High income,2002,95.8,,47.9
St. Kitts and Nevis,KNA,Latin America & Caribbean,High income,2003,96,0.209,48.3
St. Kitts and Nevis,KNA,Latin America & Caribbean,High income,2004,96.3,0.312,47.9
St. Kitts and Nevis,KNA,Latin America & Caribbean,High income,2005,96.5,0.208,48.3
St. Kitts and Nevis,KNA,Latin America & Caribbean,High income,2006,96.7,0.207,46
St. Kitts and Nevis,KNA,Latin America & Caribbean,High income,2007,97,0.31,48.4
St. Kitts and Nevis,KNA,Latin America & Caribbean,High income,2008,97.3,0.309,47.4
St. Kitts and Nevis,KNA,Latin America & Caribbean,High income,2009,97.6,0.308,46.3
St. Kitts and Nevis,KNA,Latin America & Caribbean,High income,2010,99.8,2.254,63.6
St. Kitts and Nevis,KNA,Latin America & Caribbean,High income,2011,100,0.2,67.3
St. Kitts and Nevis,KNA,Latin America & Caribbean,High income,2012,100,0,64.5
St. Kitts and Nevis,KNA,Latin America & Caribbean,High income,2013,100,0,63.6
St. Kitts and Nevis,KNA,Latin America & Caribbean,High income,2014,100,0,59.8
St. Kitts and Nevis,KNA,Latin America & Caribbean,High income,2015,100,0,59.8
St. Kitts and Nevis,KNA,Latin America & Caribbean,High income,2016,100,0,57.9
St. Kitts and Nevis,KNA,Latin America & Caribbean,High income,2017,100,0,52.8
St. Kitts and Nevis,KNA,Latin America & Caribbean,High income,2018,100,0,53.7
St. Kitts and Nevis,KNA,Latin America & Caribbean,High income,2019,100,0,50.9
St. Kitts and Nevis,KNA,Latin America & Caribbean,High income,2020,100,0,48.6
St. Kitts and Nevis,KNA,Latin America & Caribbean,High income,2021,100,0,43
St. Kitts and Nevis,KNA,Latin America & Caribbean,High income,2022,100,0,38.8
St. Kitts and Nevis,KNA,Latin America & Caribbean,High income,2023,100,0,40.7
St. Lucia,LCA,Latin America & Caribbean,Upper middle income,2002,87.7,,39.3
St. Lucia,LCA,Latin America & Caribbean,Upper middle income,2003,88.5,0.912,39.3
St. Lucia,LCA,Latin America & Caribbean,Upper middle income,2004,89.3,0.904,39.3
St. Lucia,LCA,Latin America & Caribbean,Upper middle income,2005,90.1,0.896,39.3
St. Lucia,LCA,Latin America & Caribbean,Upper middle income,2006,90.9,0.888,38.9
St. Lucia,LCA,Latin America & Caribbean,Upper middle income,2007,91.8,0.99,41.3
St. Lucia,LCA,Latin America & Caribbean,Upper middle income,2008,92.7,0.98,40.8
St. Lucia,LCA,Latin America & Caribbean,Upper middle income,2009,93.5,0.863,41.1
St. Lucia,LCA,Latin America & Caribbean,Upper middle income,2010,94.2,0.749,41.6
St. Lucia,LCA,Latin America & Caribbean,Upper middle income,2011,95.4,1.274,42.5
St. Lucia,LCA,Latin America & Caribbean,Upper middle income,2012,95.3,-0.105,41.1
St. Lucia,LCA,Latin America & Caribbean,Upper middle income,2013,97.2,1.994,42.5
St. Lucia,LCA,Latin America & Caribbean,Upper middle income,2014,98.1,0.926,43.9
St. Lucia,LCA,Latin America & Caribbean,Upper middle income,2015,99,0.917,45.8
St. Lucia,LCA,Latin America & Caribbean,Upper middle income,2016,99.8,0.808,52.8
St. Lucia,LCA,Latin America & Caribbean,Upper middle income,2017,99.9,0.1,49.5
St. Lucia,LCA,Latin America & Caribbean,Upper middle income,2018,100,0.1,53.7
St. Lucia,LCA,Latin America & Caribbean,Upper middle income,2019,100,0,50.9
St. Lucia,LCA,Latin America & Caribbean,Upper middle income,2020,100,0,48.6
St. Lucia,LCA,Latin America & Caribbean,Upper middle income,2021,100,0,43
St. Lucia,LCA,Latin America & Caribbean,Upper middle income,2022,100,0,38.8
St. Lucia,LCA,Latin America & Caribbean,Upper middle income,2023,100,0,40.7
St. Martin (French part),MAF,Latin America & Caribbean,High income,2002,99.9,,66.8
St. Martin (French part),MAF,Latin America & Caribbean,High income,2003,99.8,-0.1,66.4
St. Martin (French part),MAF,Latin America & Caribbean,High income,2004,99.8,0,67.8
St. Martin (French part),MAF,Latin America & Caribbean,High income,2005,99.7,-0.1,65.4
St. Martin (French part),MAF,Latin America & Caribbean,High income,2006,99.7,0,64.9
St. Martin (French part),MAF,Latin America & Caribbean,High income,2007,99.7,0,64.8
St. Martin (French part),MAF,Latin America & Caribbean,High income,2008,99.7,0,62.9
St. Martin (French part),MAF,Latin America & Caribbean,High income,2009,99.7,0,64
St. Martin (French part),MAF,Latin America & Caribbean,High income,2010,100,0.301,65.9
St. Martin (French part),MAF,Latin America & Caribbean,High income,2011,100,0,67.3
St. Martin (French part),MAF,Latin America & Caribbean,High income,2012,100,0,64.5
St. Martin (French part),MAF,Latin America & Caribbean,High income,2013,100,0,63.6
St. Martin (French part),MAF,Latin America & Caribbean,High income,2014,100,0,59.8
St. Martin (French part),MAF,Latin America & Caribbean,High income,2015,100,0,59.8
St. Martin (French part),MAF,Latin America & Caribbean,High income,2016,100,0,57.9
St. Martin (French part),MAF,Latin America & Caribbean,High income,2017,100,0,52.8
St. Martin (French part),MAF,Latin America & Caribbean,High income,2018,100,0,53.7
St. Martin (French part),MAF,Latin America & Caribbean,High income,2019,100,0,50.9
St. Martin (French part),MAF,Latin America & Caribbean,High income,2020,100,0,48.6
St. Martin (French part),MAF,Latin America & Caribbean,High income,2021,100,0,43
St. Martin (French part),MAF,Latin America & Caribbean,High income,2022,100,0,38.8
St. Martin (French part),MAF,Latin America & Caribbean,High income,2023,100,0,40.7
St. Vincent and the Grenadines,VCT,Latin America & Caribbean,Upper middle income,2002,82.4,,36
St. Vincent and the Grenadines,VCT,Latin America & Caribbean,Upper middle income,2003,83.7,1.578,35.5
St. Vincent and the Grenadines,VCT,Latin America & Caribbean,Upper middle income,2004,84.9,1.434,35.5
St. Vincent and the Grenadines,VCT,Latin America & Caribbean,Upper middle income,2005,86.2,1.531,36.5
St. Vincent and the Grenadines,VCT,Latin America & Caribbean,Upper middle income,2006,87.5,1.508,35.5
St. Vincent and the Grenadines,VCT,Latin America & Caribbean,Upper middle income,2007,88.8,1.486,37.6
St. Vincent and the Grenadines,VCT,Latin America & Caribbean,Upper middle income,2008,90.1,1.464,37.6
St. Vincent and the Grenadines,VCT,Latin America & Caribbean,Upper middle income,2009,91.4,1.443,39.7
St. Vincent and the Grenadines,VCT,Latin America & Caribbean,Upper middle income,2010,92.7,1.422,39.3
St. Vincent and the Grenadines,VCT,Latin America & Caribbean,Upper middle income,2011,94.1,1.51,39.7
St. Vincent and the Grenadines,VCT,Latin America & Caribbean,Upper middle income,2012,95.4,1.382,41.6
St. Vincent and the Grenadines,VCT,Latin America & Caribbean,Upper middle income,2013,96.8,1.468,41.6
St. Vincent and the Grenadines,VCT,Latin America & Caribbean,Upper middle income,2014,98.1,1.343,43.9
St. Vincent and the Grenadines,VCT,Latin America & Caribbean,Upper middle income,2015,99.4,1.325,49.1
St. Vincent and the Grenadines,VCT,Latin America & Caribbean,Upper middle income,2016,99.7,0.302,49.5
St. Vincent and the Grenadines,VCT,Latin America & Caribbean,Upper middle income,2017,100,0.301,52.8
St. Vincent and the Grenadines,VCT,Latin America & Caribbean,Upper middle income,2018,100,0,53.7
St. Vincent and the Grenadines,VCT,Latin America & Caribbean,Upper middle income,2019,100,0,50.9
St. Vincent and the Grenadines,VCT,Latin America & Caribbean,Upper middle income,2020,100,0,48.6
St. Vincent and the Grenadines,VCT,Latin America & Caribbean,Upper middle income,2021,100,0,43
St. Vincent and the Grenadines,VCT,Latin America & Caribbean,Upper middle income,2022,100,0,38.8
St. Vincent and the Grenadines,VCT,Latin America & Caribbean,Upper middle income,2023,100,0,40.7
Sudan,SDN,Sub-Saharan Africa,Low income,2002,29.7,,15.6
Sudan,SDN,Sub-Saharan Africa,Low income,2003,29.9,0.673,15.6
Sudan,SDN,Sub-Saharan Africa,Low income,2004,30.2,1.003,14.2
Sudan,SDN,Sub-Saharan Africa,Low income,2005,30.5,0.993,13.7
Sudan,SDN,Sub-Saharan Africa,Low income,2006,30.8,0.984,13.7
Sudan,SDN,Sub-Saharan Africa,Low income,2007,31.1,0.974,13.1
Sudan,SDN,Sub-Saharan Africa,Low income,2008,20,-35.691,8.5
Sudan,SDN,Sub-Saharan Africa,Low income,2009,29,45,12.6
Sudan,SDN,Sub-Saharan Africa,Low income,2010,36,24.138,14
Sudan,SDN,Sub-Saharan Africa,Low income,2011,38.3,6.389,14
Sudan,SDN,Sub-Saharan Africa,Low income,2012,40.7,6.266,13.6
Sudan,SDN,Sub-Saharan Africa,Low income,2013,43.1,5.897,15
Sudan,SDN,Sub-Saharan Africa,Low income,2014,44.9,4.176,14.5
Sudan,SDN,Sub-Saharan Africa,Low income,2015,48,6.904,15
Sudan,SDN,Sub-Saharan Africa,Low income,2016,50.5,5.208,15
Sudan,SDN,Sub-Saharan Africa,Low income,2017,53,4.95,15.4
Sudan,SDN,Sub-Saharan Africa,Low income,2018,55.3,4.34,15.4
Sudan,SDN,Sub-Saharan Africa,Low income,2019,57.6,4.159,15.9
Sudan,SDN,Sub-Saharan Africa,Low income,2020,59.7,3.646,15.9
Sudan,SDN,Sub-Saharan Africa,Low income,2021,61.8,3.518,15.9
Sudan,SDN,Sub-Saharan Africa,Low income,2022,63.2,2.265,15.9
Sudan,SDN,Sub-Saharan Africa,Low income,2023,66,4.43,16.8
Suriname,SUR,Latin America & Caribbean,Upper middle income,2002,95.2,,46
Suriname,SUR,Latin America & Caribbean,Upper middle income,2003,95.1,-0.105,45.5
Suriname,SUR,Latin America & Caribbean,Upper middle income,2004,95,-0.105,45
Suriname,SUR,Latin America & Caribbean,Upper middle income,2005,94.9,-0.105,44.5
Suriname,SUR,Latin America & Caribbean,Upper middle income,2006,91,-4.11,39.3
Suriname,SUR,Latin America & Caribbean,Upper middle income,2007,94.7,4.066,44.1
Suriname,SUR,Latin America & Caribbean,Upper middle income,2008,94.7,0,43.2
Suriname,SUR,Latin America & Caribbean,Upper middle income,2009,94.6,-0.106,42.5
Suriname,SUR,Latin America & Caribbean,Upper middle income,2010,91.2,-3.594,36.9
Suriname,SUR,Latin America & Caribbean,Upper middle income,2011,94.6,3.728,40.7
Suriname,SUR,Latin America & Caribbean,Upper middle income,2012,94.6,0,40.2
Suriname,SUR,Latin America & Caribbean,Upper middle income,2013,94.6,0,38.3
Suriname,SUR,Latin America & Caribbean,Upper middle income,2014,94.6,0,38.3
Suriname,SUR,Latin America & Caribbean,Upper middle income,2015,95,0.423,37.9
Suriname,SUR,Latin America & Caribbean,Upper middle income,2016,95.8,0.842,36.4
Suriname,SUR,Latin America & Caribbean,Upper middle income,2017,96.6,0.835,36.4
Suriname,SUR,Latin America & Caribbean,Upper middle income,2018,97.4,0.828,36.9
Suriname,SUR,Latin America & Caribbean,Upper middle income,2019,97.9,0.513,36.4
Suriname,SUR,Latin America & Caribbean,Upper middle income,2020,98.4,0.511,36.4
Suriname,SUR,Latin America & Caribbean,Upper middle income,2021,98.8,0.407,35.5
Suriname,SUR,Latin America & Caribbean,Upper middle income,2022,99,0.202,34.1
Suriname,SUR,Latin America & Caribbean,Upper middle income,2023,99.6,0.606,36.9
Sweden,SWE,Europe & Central Asia,High income,2002,100,,69.2
Sweden,SWE,Europe & Central Asia,High income,2003,100,0,70.6
Sweden,SWE,Europe & Central Asia,High income,2004,100,0,72
Sweden,SWE,Europe & Central Asia,High income,2005,100,0,73.5
Sweden,SWE,Europe & Central Asia,High income,2006,100,0,71.6
Sweden,SWE,Europe & Central Asia,High income,2007,100,0,70
Sweden,SWE,Europe & Central Asia,High income,2008,100,0,68.5
Sweden,SWE,Europe & Central Asia,High income,2009,100,0,68.7
Sweden,SWE,Europe & Central Asia,High income,2010,100,0,65.9
Sweden,SWE,Europe & Central Asia,High income,2011,100,0,67.3
Sweden,SWE,Europe & Central Asia,High income,2012,100,0,64.5
Sweden,SWE,Europe & Central Asia,High income,2013,100,0,63.6
Sweden,SWE,Europe & Central Asia,High income,2014,100,0,59.8
Sweden,SWE,Europe & Central Asia,High income,2015,100,0,59.8
Sweden,SWE,Europe & Central Asia,High income,2016,100,0,57.9
Sweden,SWE,Europe & Central Asia,High income,2017,100,0,52.8
Sweden,SWE,Europe & Central Asia,High income,2018,100,0,53.7
Sweden,SWE,Europe & Central Asia,High income,2019,100,0,50.9
Sweden,SWE,Europe & Central Asia,High income,2020,100,0,48.6
Sweden,SWE,Europe & Central Asia,High income,2021,100,0,43
Sweden,SWE,Europe & Central Asia,High income,2022,100,0,38.8
Sweden,SWE,Europe & Central Asia,High income,2023,100,0,40.7
Switzerland,CHE,Europe & Central Asia,High income,2002,100,,69.2
Switzerland,CHE,Europe & Central Asia,High income,2003,100,0,70.6
Switzerland,CHE,Europe & Central Asia,High income,2004,100,0,72
Switzerland,CHE,Europe & Central Asia,High income,2005,100,0,73.5
Switzerland,CHE,Europe & Central Asia,High income,2006,100,0,71.6
Switzerland,CHE,Europe & Central Asia,High income,2007,100,0,70
Switzerland,CHE,Europe & Central Asia,High income,2008,100,0,68.5
Switzerland,CHE,Europe & Central Asia,High income,2009,100,0,68.7
Switzerland,CHE,Europe & Central Asia,High income,2010,100,0,65.9
Switzerland,CHE,Europe & Central Asia,High income,2011,100,0,67.3
Switzerland,CHE,Europe & Central Asia,High income,2012,100,0,64.5
Switzerland,CHE,Europe & Central Asia,High income,2013,100,0,63.6
Switzerland,CHE,Europe & Central Asia,High income,2014,100,0,59.8
Switzerland,CHE,Europe & Central Asia,High income,2015,100,0,59.8
Switzerland,CHE,Europe & Central Asia,High income,2016,100,0,57.9
Switzerland,CHE,Europe & Central Asia,High income,2017,100,0,52.8
Switzerland,CHE,Europe & Central Asia,High income,2018,100,0,53.7
Switzerland,CHE,Europe & Central Asia,High income,2019,100,0,50.9
Switzerland,CHE,Europe & Central Asia,High income,2020,100,0,48.6
Switzerland,CHE,Europe & Central Asia,High income,2021,100,0,43
Switzerland,CHE,Europe & Central Asia,High income,2022,100,0,38.8
Switzerland,CHE,Europe & Central Asia,High income,2023,100,0,40.7
Syrian Arab Republic,SYR,"Middle East, North Africa, Afghanistan & Pakistan",Low income,2002,86.6,,36.5
Syrian Arab Republic,SYR,"Middle East, North Africa, Afghanistan & Pakistan",Low income,2003,92.6,6.928,43.1
Syrian Arab Republic,SYR,"Middle East, North Africa, Afghanistan & Pakistan",Low income,2004,92.3,-0.324,43.6
Syrian Arab Republic,SYR,"Middle East, North Africa, Afghanistan & Pakistan",Low income,2005,92,-0.325,42.7
Syrian Arab Republic,SYR,"Middle East, North Africa, Afghanistan & Pakistan",Low income,2006,99.5,8.152,62.1
Syrian Arab Republic,SYR,"Middle East, North Africa, Afghanistan & Pakistan",Low income,2007,91.5,-8.04,40.4
Syrian Arab Republic,SYR,"Middle East, North Africa, Afghanistan & Pakistan",Low income,2008,91.3,-0.219,39.4
Syrian Arab Republic,SYR,"Middle East, North Africa, Afghanistan & Pakistan",Low income,2009,91.1,-0.219,38.8
Syrian Arab Republic,SYR,"Middle East, North Africa, Afghanistan & Pakistan",Low income,2010,92.7,1.756,39.3
Syrian Arab Republic,SYR,"Middle East, North Africa, Afghanistan & Pakistan",Low income,2011,91.5,-1.294,37.4
Syrian Arab Republic,SYR,"Middle East, North Africa, Afghanistan & Pakistan",Low income,2012,90.7,-0.874,35.5
Syrian Arab Republic,SYR,"Middle East, North Africa, Afghanistan & Pakistan",Low income,2013,90.4,-0.331,35
Syrian Arab Republic,SYR,"Middle East, North Africa, Afghanistan & Pakistan",Low income,2014,90.2,-0.221,33.6
Syrian Arab Republic,SYR,"Middle East, North Africa, Afghanistan & Pakistan",Low income,2015,90,-0.222,31.3
Syrian Arab Republic,SYR,"Middle East, North Africa, Afghanistan & Pakistan",Low income,2016,89.8,-0.222,29.4
Syrian Arab Republic,SYR,"Middle East, North Africa, Afghanistan & Pakistan",Low income,2017,89.6,-0.223,29.4
Syrian Arab Republic,SYR,"Middle East, North Africa, Afghanistan & Pakistan",Low income,2018,86,-4.018,26.6
Syrian Arab Republic,SYR,"Middle East, North Africa, Afghanistan & Pakistan",Low income,2019,89.2,3.721,26.2
Syrian Arab Republic,SYR,"Middle East, North Africa, Afghanistan & Pakistan",Low income,2020,89,-0.224,25.7
Syrian Arab Republic,SYR,"Middle East, North Africa, Afghanistan & Pakistan",Low income,2021,88.8,-0.225,25.7
Syrian Arab Republic,SYR,"Middle East, North Africa, Afghanistan & Pakistan",Low income,2022,89,0.225,25.7
Syrian Arab Republic,SYR,"Middle East, North Africa, Afghanistan & Pakistan",Low income,2023,88.4,-0.674,25.2
Tajikistan,TJK,Europe & Central Asia,Lower middle income,2002,99,,57.8
Tajikistan,TJK,Europe & Central Asia,Lower middle income,2003,100,1.01,70.6
Tajikistan,TJK,Europe & Central Asia,Lower middle income,2004,98.5,-1.5,55
Tajikistan,TJK,Europe & Central Asia,Lower middle income,2005,99.3,0.812,61.6
Tajikistan,TJK,Europe & Central Asia,Lower middle income,2006,98.6,-0.705,51.7
Tajikistan,TJK,Europe & Central Asia,Lower middle income,2007,98.6,0,54.5
Tajikistan,TJK,Europe & Central Asia,Lower middle income,2008,98.6,0,52.6
Tajikistan,TJK,Europe & Central Asia,Lower middle income,2009,99,0.406,52.8
Tajikistan,TJK,Europe & Central Asia,Lower middle income,2010,98.8,-0.202,50
Tajikistan,TJK,Europe & Central Asia,Lower middle income,2011,98.9,0.101,50
Tajikistan,TJK,Europe & Central Asia,Lower middle income,2012,99.1,0.202,49.5
Tajikistan,TJK,Europe & Central Asia,Lower middle income,2013,99,-0.101,47.7
Tajikistan,TJK,Europe & Central Asia,Lower middle income,2014,99.1,0.101,47.2
Tajikistan,TJK,Europe & Central Asia,Lower middle income,2015,98,-1.11,42.1
Tajikistan,TJK,Europe & Central Asia,Lower middle income,2016,99.3,1.327,45.8
Tajikistan,TJK,Europe & Central Asia,Lower middle income,2017,99.3,0,43.9
Tajikistan,TJK,Europe & Central Asia,Lower middle income,2018,99.3,0,42.1
Tajikistan,TJK,Europe & Central Asia,Lower middle income,2019,99.4,0.101,41.1
Tajikistan,TJK,Europe & Central Asia,Lower middle income,2020,99.5,0.101,39.3
Tajikistan,TJK,Europe & Central Asia,Lower middle income,2021,99.6,0.101,37.4
Tajikistan,TJK,Europe & Central Asia,Lower middle income,2022,100,0.402,38.8
Tajikistan,TJK,Europe & Central Asia,Lower middle income,2023,100,0,40.7
Tanzania,TZA,Sub-Saharan Africa,Lower middle income,2002,10.7,,7.1
Tanzania,TZA,Sub-Saharan Africa,Lower middle income,2003,11.1,3.738,6.2
Tanzania,TZA,Sub-Saharan Africa,Lower middle income,2004,11.4,2.703,5.2
Tanzania,TZA,Sub-Saharan Africa,Lower middle income,2005,13.8,21.053,6.2
Tanzania,TZA,Sub-Saharan Africa,Lower middle income,2006,14.9,7.971,7.1
Tanzania,TZA,Sub-Saharan Africa,Lower middle income,2007,15.9,6.711,8
Tanzania,TZA,Sub-Saharan Africa,Lower middle income,2008,11.5,-27.673,3.8
Tanzania,TZA,Sub-Saharan Africa,Lower middle income,2009,11.2,-2.609,3.7
Tanzania,TZA,Sub-Saharan Africa,Lower middle income,2010,14.8,32.143,6.5
Tanzania,TZA,Sub-Saharan Africa,Lower middle income,2011,14.2,-4.054,4.2
Tanzania,TZA,Sub-Saharan Africa,Lower middle income,2012,15.3,7.746,4.2
Tanzania,TZA,Sub-Saharan Africa,Lower middle income,2013,16.4,7.19,6.5
Tanzania,TZA,Sub-Saharan Africa,Lower middle income,2014,23.5,43.293,7
Tanzania,TZA,Sub-Saharan Africa,Lower middle income,2015,26.2,11.489,7.5
Tanzania,TZA,Sub-Saharan Africa,Lower middle income,2016,32.8,25.191,7.5
Tanzania,TZA,Sub-Saharan Africa,Lower middle income,2017,32.1,-2.134,6.5
Tanzania,TZA,Sub-Saharan Africa,Lower middle income,2018,34.9,8.723,6.1
Tanzania,TZA,Sub-Saharan Africa,Lower middle income,2019,37.7,8.023,6.5
Tanzania,TZA,Sub-Saharan Africa,Lower middle income,2020,39.9,5.836,6.5
Tanzania,TZA,Sub-Saharan Africa,Lower middle income,2021,42.7,7.018,7
Tanzania,TZA,Sub-Saharan Africa,Lower middle income,2022,45.8,7.26,6.5
Tanzania,TZA,Sub-Saharan Africa,Lower middle income,2023,48.3,5.459,6.5
Thailand,THA,East Asia & Pacific,Upper middle income,2002,91,,43.1
Thailand,THA,East Asia & Pacific,Upper middle income,2003,91.6,0.659,42.7
Thailand,THA,East Asia & Pacific,Upper middle income,2004,92.2,0.655,43.1
Thailand,THA,East Asia & Pacific,Upper middle income,2005,92.8,0.651,43.6
Thailand,THA,East Asia & Pacific,Upper middle income,2006,99.1,6.789,56.9
Thailand,THA,East Asia & Pacific,Upper middle income,2007,94.1,-5.045,43.7
Thailand,THA,East Asia & Pacific,Upper middle income,2008,94.8,0.744,43.7
Thailand,THA,East Asia & Pacific,Upper middle income,2009,99,4.43,52.8
Thailand,THA,East Asia & Pacific,Upper middle income,2010,99.7,0.707,61.7
Thailand,THA,East Asia & Pacific,Upper middle income,2011,99.3,-0.401,55.6
Thailand,THA,East Asia & Pacific,Upper middle income,2012,99.1,-0.201,49.5
Thailand,THA,East Asia & Pacific,Upper middle income,2013,99.4,0.303,51.4
Thailand,THA,East Asia & Pacific,Upper middle income,2014,99.5,0.101,50.5
Thailand,THA,East Asia & Pacific,Upper middle income,2015,99.6,0.101,51.9
Thailand,THA,East Asia & Pacific,Upper middle income,2016,99.9,0.301,54.2
Thailand,THA,East Asia & Pacific,Upper middle income,2017,99.9,0,49.5
Thailand,THA,East Asia & Pacific,Upper middle income,2018,99.8,-0.1,47.2
Thailand,THA,East Asia & Pacific,Upper middle income,2019,99.9,0.1,48.1
Thailand,THA,East Asia & Pacific,Upper middle income,2020,100,0.1,48.6
Thailand,THA,East Asia & Pacific,Upper middle income,2021,100,0,43
Thailand,THA,East Asia & Pacific,Upper middle income,2022,99.9,-0.1,36.9
Thailand,THA,East Asia & Pacific,Upper middle income,2023,100,0.1,40.7
Timor-Leste,TLS,East Asia & Pacific,Lower middle income,2002,24.1,,13.3
Timor-Leste,TLS,East Asia & Pacific,Lower middle income,2003,27.7,14.938,14.2
Timor-Leste,TLS,East Asia & Pacific,Lower middle income,2004,30.4,9.747,14.7
Timor-Leste,TLS,East Asia & Pacific,Lower middle income,2005,33.5,10.197,15.2
Timor-Leste,TLS,East Asia & Pacific,Lower middle income,2006,36.7,9.552,16.6
Timor-Leste,TLS,East Asia & Pacific,Lower middle income,2007,36.6,-0.272,15.5
Timor-Leste,TLS,East Asia & Pacific,Lower middle income,2008,43.1,17.76,18.8
Timor-Leste,TLS,East Asia & Pacific,Lower middle income,2009,46.3,7.425,19.2
Timor-Leste,TLS,East Asia & Pacific,Lower middle income,2010,38,-17.927,15
Timor-Leste,TLS,East Asia & Pacific,Lower middle income,2011,52.7,38.684,19.2
Timor-Leste,TLS,East Asia & Pacific,Lower middle income,2012,56,6.262,21.5
Timor-Leste,TLS,East Asia & Pacific,Lower middle income,2013,59.2,5.714,21.5
Timor-Leste,TLS,East Asia & Pacific,Lower middle income,2014,62.4,5.405,21.5
Timor-Leste,TLS,East Asia & Pacific,Lower middle income,2015,67.3,7.853,22.4
Timor-Leste,TLS,East Asia & Pacific,Lower middle income,2016,76.5,13.67,25.2
Timor-Leste,TLS,East Asia & Pacific,Lower middle income,2017,79.5,3.922,24.8
Timor-Leste,TLS,East Asia & Pacific,Lower middle income,2018,85.2,7.17,25.7
Timor-Leste,TLS,East Asia & Pacific,Lower middle income,2019,90.6,6.338,28
Timor-Leste,TLS,East Asia & Pacific,Lower middle income,2020,96,5.96,30.8
Timor-Leste,TLS,East Asia & Pacific,Lower middle income,2021,100,4.167,43
Timor-Leste,TLS,East Asia & Pacific,Lower middle income,2022,99.7,-0.3,36
Timor-Leste,TLS,East Asia & Pacific,Lower middle income,2023,100,0.301,40.7
Togo,TGO,Sub-Saharan Africa,Lower middle income,2002,21.3,,11.8
Togo,TGO,Sub-Saharan Africa,Lower middle income,2003,23,7.981,11.8
Togo,TGO,Sub-Saharan Africa,Lower middle income,2004,24.8,7.826,12.3
Togo,TGO,Sub-Saharan Africa,Lower middle income,2005,26.5,6.855,12.3
Togo,TGO,Sub-Saharan Africa,Lower middle income,2006,27.9,5.283,12.3
Togo,TGO,Sub-Saharan Africa,Lower middle income,2007,30,7.527,12.7
Togo,TGO,Sub-Saharan Africa,Lower middle income,2008,31.8,6,13.6
Togo,TGO,Sub-Saharan Africa,Lower middle income,2009,33.7,5.975,14.5
Togo,TGO,Sub-Saharan Africa,Lower middle income,2010,30.8,-8.605,11.2
Togo,TGO,Sub-Saharan Africa,Lower middle income,2011,39.7,28.896,15
Togo,TGO,Sub-Saharan Africa,Lower middle income,2012,39.1,-1.511,13.1
Togo,TGO,Sub-Saharan Africa,Lower middle income,2013,41,4.859,14
Togo,TGO,Sub-Saharan Africa,Lower middle income,2014,45.7,11.463,15
Togo,TGO,Sub-Saharan Africa,Lower middle income,2015,44.7,-2.188,14
Togo,TGO,Sub-Saharan Africa,Lower middle income,2016,46.8,4.698,13.6
Togo,TGO,Sub-Saharan Africa,Lower middle income,2017,48,2.564,13.6
Togo,TGO,Sub-Saharan Africa,Lower middle income,2018,50,4.167,13.6
Togo,TGO,Sub-Saharan Africa,Lower middle income,2019,52.5,5,14.5
Togo,TGO,Sub-Saharan Africa,Lower middle income,2020,54.1,3.048,15
Togo,TGO,Sub-Saharan Africa,Lower middle income,2021,55.7,2.957,15
Togo,TGO,Sub-Saharan Africa,Lower middle income,2022,57.2,2.693,15
Togo,TGO,Sub-Saharan Africa,Lower middle income,2023,59.2,3.497,14
Tonga,TON,East Asia & Pacific,Upper middle income,2002,87,,37.9
Tonga,TON,East Asia & Pacific,Upper middle income,2003,87.6,0.69,37.9
Tonga,TON,East Asia & Pacific,Upper middle income,2004,88.3,0.799,38.4
Tonga,TON,East Asia & Pacific,Upper middle income,2005,89,0.793,38.9
Tonga,TON,East Asia & Pacific,Upper middle income,2006,92.3,3.708,41.7
Tonga,TON,East Asia & Pacific,Upper middle income,2007,90.5,-1.95,39
Tonga,TON,East Asia & Pacific,Upper middle income,2008,91.2,0.773,39
Tonga,TON,East Asia & Pacific,Upper middle income,2009,92,0.877,40.2
Tonga,TON,East Asia & Pacific,Upper middle income,2010,92.8,0.87,40.2
Tonga,TON,East Asia & Pacific,Upper middle income,2011,92.2,-0.647,38.3
Tonga,TON,East Asia & Pacific,Upper middle income,2012,92.8,0.651,37.9
Tonga,TON,East Asia & Pacific,Upper middle income,2013,95.1,2.478,39.7
Tonga,TON,East Asia & Pacific,Upper middle income,2014,95.9,0.841,39.7
Tonga,TON,East Asia & Pacific,Upper middle income,2015,100,4.275,59.8
Tonga,TON,East Asia & Pacific,Upper middle income,2016,97,-3,37.9
Tonga,TON,East Asia & Pacific,Upper middle income,2017,98.2,1.237,40.7
Tonga,TON,East Asia & Pacific,Upper middle income,2018,99,0.815,41.1
Tonga,TON,East Asia & Pacific,Upper middle income,2019,98.4,-0.606,36.9
Tonga,TON,East Asia & Pacific,Upper middle income,2020,99.9,1.524,44.4
Tonga,TON,East Asia & Pacific,Upper middle income,2021,100,0.1,43
Tonga,TON,East Asia & Pacific,Upper middle income,2022,100,0,38.8
Tonga,TON,East Asia & Pacific,Upper middle income,2023,100,0,40.7
Trinidad and Tobago,TTO,Latin America & Caribbean,High income,2002,96.5,,49.3
Trinidad and Tobago,TTO,Latin America & Caribbean,High income,2003,96.7,0.207,49.8
Trinidad and Tobago,TTO,Latin America & Caribbean,High income,2004,96.8,0.103,49.3
Trinidad and Tobago,TTO,Latin America & Caribbean,High income,2005,95,-1.86,45
Trinidad and Tobago,TTO,Latin America & Caribbean,High income,2006,100,5.263,71.6
Trinidad and Tobago,TTO,Latin America & Caribbean,High income,2007,100,0,70
Trinidad and Tobago,TTO,Latin America & Caribbean,High income,2008,100,0,68.5
Trinidad and Tobago,TTO,Latin America & Caribbean,High income,2009,99,-1,52.8
Trinidad and Tobago,TTO,Latin America & Caribbean,High income,2010,100,1.01,65.9
Trinidad and Tobago,TTO,Latin America & Caribbean,High income,2011,97.5,-2.5,45.8
Trinidad and Tobago,TTO,Latin America & Caribbean,High income,2012,100,2.564,64.5
Trinidad and Tobago,TTO,Latin America & Caribbean,High income,2013,100,0,63.6
Trinidad and Tobago,TTO,Latin America & Caribbean,High income,2014,100,0,59.8
Trinidad and Tobago,TTO,Latin America & Caribbean,High income,2015,100,0,59.8
Trinidad and Tobago,TTO,Latin America & Caribbean,High income,2016,100,0,57.9
Trinidad and Tobago,TTO,Latin America & Caribbean,High income,2017,100,0,52.8
Trinidad and Tobago,TTO,Latin America & Caribbean,High income,2018,100,0,53.7
Trinidad and Tobago,TTO,Latin America & Caribbean,High income,2019,100,0,50.9
Trinidad and Tobago,TTO,Latin America & Caribbean,High income,2020,100,0,48.6
Trinidad and Tobago,TTO,Latin America & Caribbean,High income,2021,100,0,43
Trinidad and Tobago,TTO,Latin America & Caribbean,High income,2022,100,0,38.8
Trinidad and Tobago,TTO,Latin America & Caribbean,High income,2023,98.7,-1.3,33.2
Tunisia,TUN,"Middle East, North Africa, Afghanistan & Pakistan",Lower middle income,2002,97.8,,52.6
Tunisia,TUN,"Middle East, North Africa, Afghanistan & Pakistan",Lower middle income,2003,98.4,0.613,55
Tunisia,TUN,"Middle East, North Africa, Afghanistan & Pakistan",Lower middle income,2004,99,0.61,56.9
Tunisia,TUN,"Middle East, North Africa, Afghanistan & Pakistan",Lower middle income,2005,99.2,0.202,60.7
Tunisia,TUN,"Middle East, North Africa, Afghanistan & Pakistan",Lower middle income,2006,99.4,0.202,59.2
Tunisia,TUN,"Middle East, North Africa, Afghanistan & Pakistan",Lower middle income,2007,99.4,0,61
Tunisia,TUN,"Middle East, North Africa, Afghanistan & Pakistan",Lower middle income,2008,99.4,0,60.1
Tunisia,TUN,"Middle East, North Africa, Afghanistan & Pakistan",Lower middle income,2009,99.5,0.101,60.7
Tunisia,TUN,"Middle East, North Africa, Afghanistan & Pakistan",Lower middle income,2010,99.5,0,57.9
Tunisia,TUN,"Middle East, North Africa, Afghanistan & Pakistan",Lower middle income,2011,99.5,0,57.5
Tunisia,TUN,"Middle East, North Africa, Afghanistan & Pakistan",Lower middle income,2012,99.5,0,54.2
Tunisia,TUN,"Middle East, North Africa, Afghanistan & Pakistan",Lower middle income,2013,99.7,0.201,57.9
Tunisia,TUN,"Middle East, North Africa, Afghanistan & Pakistan",Lower middle income,2014,99.8,0.1,54.7
Tunisia,TUN,"Middle East, North Africa, Afghanistan & Pakistan",Lower middle income,2015,99.9,0.1,56.1
Tunisia,TUN,"Middle East, North Africa, Afghanistan & Pakistan",Lower middle income,2016,100,0.1,57.9
Tunisia,TUN,"Middle East, North Africa, Afghanistan & Pakistan",Lower middle income,2017,100,0,52.8
Tunisia,TUN,"Middle East, North Africa, Afghanistan & Pakistan",Lower middle income,2018,99.8,-0.2,47.2
Tunisia,TUN,"Middle East, North Africa, Afghanistan & Pakistan",Lower middle income,2019,100,0.2,50.9
Tunisia,TUN,"Middle East, North Africa, Afghanistan & Pakistan",Lower middle income,2020,99.9,-0.1,44.4
Tunisia,TUN,"Middle East, North Africa, Afghanistan & Pakistan",Lower middle income,2021,99.9,0,41.6
Tunisia,TUN,"Middle East, North Africa, Afghanistan & Pakistan",Lower middle income,2022,100,0.1,38.8
Tunisia,TUN,"Middle East, North Africa, Afghanistan & Pakistan",Lower middle income,2023,100,0,40.7
Turkiye,TUR,Europe & Central Asia,Upper middle income,2002,99.8,,64.5
Turkiye,TUR,Europe & Central Asia,Upper middle income,2003,99.8,0,66.4
Turkiye,TUR,Europe & Central Asia,Upper middle income,2004,99.7,-0.1,66.4
Turkiye,TUR,Europe & Central Asia,Upper middle income,2005,99.7,0,65.4
Turkiye,TUR,Europe & Central Asia,Upper middle income,2006,99.7,0,64.9
Turkiye,TUR,Europe & Central Asia,Upper middle income,2007,99.7,0,64.8
Turkiye,TUR,Europe & Central Asia,Upper middle income,2008,99.7,0,62.9
Turkiye,TUR,Europe & Central Asia,Upper middle income,2009,99.7,0,64
Turkiye,TUR,Europe & Central Asia,Upper middle income,2010,100,0.301,65.9
Turkiye,TUR,Europe & Central Asia,Upper middle income,2011,100,0,67.3
Turkiye,TUR,Europe & Central Asia,Upper middle income,2012,100,0,64.5
Turkiye,TUR,Europe & Central Asia,Upper middle income,2013,100,0,63.6
Turkiye,TUR,Europe & Central Asia,Upper middle income,2014,100,0,59.8
Turkiye,TUR,Europe & Central Asia,Upper middle income,2015,100,0,59.8
Turkiye,TUR,Europe & Central Asia,Upper middle income,2016,100,0,57.9
Turkiye,TUR,Europe & Central Asia,Upper middle income,2017,100,0,52.8
Turkiye,TUR,Europe & Central Asia,Upper middle income,2018,100,0,53.7
Turkiye,TUR,Europe & Central Asia,Upper middle income,2019,100,0,50.9
Turkiye,TUR,Europe & Central Asia,Upper middle income,2020,100,0,48.6
Turkiye,TUR,Europe & Central Asia,Upper middle income,2021,100,0,43
Turkiye,TUR,Europe & Central Asia,Upper middle income,2022,100,0,38.8
Turkiye,TUR,Europe & Central Asia,Upper middle income,2023,100,0,40.7
Turkmenistan,TKM,Europe & Central Asia,Upper middle income,2002,99.6,,63.5
Turkmenistan,TKM,Europe & Central Asia,Upper middle income,2003,99.6,0,65.4
Turkmenistan,TKM,Europe & Central Asia,Upper middle income,2004,99.5,-0.1,64.5
Turkmenistan,TKM,Europe & Central Asia,Upper middle income,2005,99.5,0,64.5
Turkmenistan,TKM,Europe & Central Asia,Upper middle income,2006,99.8,0.302,68.2
Turkmenistan,TKM,Europe & Central Asia,Upper middle income,2007,99.6,-0.2,63.8
Turkmenistan,TKM,Europe & Central Asia,Upper middle income,2008,99.6,0,62
Turkmenistan,TKM,Europe & Central Asia,Upper middle income,2009,99.7,0.1,64
Turkmenistan,TKM,Europe & Central Asia,Upper middle income,2010,100,0.301,65.9
Turkmenistan,TKM,Europe & Central Asia,Upper middle income,2011,99.8,-0.2,64.5
Turkmenistan,TKM,Europe & Central Asia,Upper middle income,2012,99.9,0.1,62.1
Turkmenistan,TKM,Europe & Central Asia,Upper middle income,2013,99.9,0,60.7
Turkmenistan,TKM,Europe & Central Asia,Upper middle income,2014,100,0.1,59.8
Turkmenistan,TKM,Europe & Central Asia,Upper middle income,2015,100,0,59.8
Turkmenistan,TKM,Europe & Central Asia,Upper middle income,2016,100,0,57.9
Turkmenistan,TKM,Europe & Central Asia,Upper middle income,2017,100,0,52.8
Turkmenistan,TKM,Europe & Central Asia,Upper middle income,2018,100,0,53.7
Turkmenistan,TKM,Europe & Central Asia,Upper middle income,2019,99.9,-0.1,48.1
Turkmenistan,TKM,Europe & Central Asia,Upper middle income,2020,100,0.1,48.6
Turkmenistan,TKM,Europe & Central Asia,Upper middle income,2021,100,0,43
Turkmenistan,TKM,Europe & Central Asia,Upper middle income,2022,100,0,38.8
Turkmenistan,TKM,Europe & Central Asia,Upper middle income,2023,100,0,40.7
Turks and Caicos Islands,TCA,Latin America & Caribbean,High income,2002,95.2,,46
Turks and Caicos Islands,TCA,Latin America & Caribbean,High income,2003,95.4,0.21,47.4
Turks and Caicos Islands,TCA,Latin America & Caribbean,High income,2004,95.7,0.314,47.4
Turks and Caicos Islands,TCA,Latin America & Caribbean,High income,2005,96,0.313,47.4
Turks and Caicos Islands,TCA,Latin America & Caribbean,High income,2006,96.2,0.208,44.1
Turks and Caicos Islands,TCA,Latin America & Caribbean,High income,2007,96.6,0.416,46.5
Turks and Caicos Islands,TCA,Latin America & Caribbean,High income,2008,96.9,0.311,46.5
Turks and Caicos Islands,TCA,Latin America & Caribbean,High income,2009,100,3.199,68.7
Turks and Caicos Islands,TCA,Latin America & Caribbean,High income,2010,100,0,65.9
Turks and Caicos Islands,TCA,Latin America & Caribbean,High income,2011,100,0,67.3
Turks and Caicos Islands,TCA,Latin America & Caribbean,High income,2012,93.1,-6.9,38.3
Turks and Caicos Islands,TCA,Latin America & Caribbean,High income,2013,100,7.411,63.6
Turks and Caicos Islands,TCA,Latin America & Caribbean,High income,2014,100,0,59.8
Turks and Caicos Islands,TCA,Latin America & Caribbean,High income,2015,100,0,59.8
Turks and Caicos Islands,TCA,Latin America & Caribbean,High income,2016,100,0,57.9
Turks and Caicos Islands,TCA,Latin America & Caribbean,High income,2017,100,0,52.8
Turks and Caicos Islands,TCA,Latin America & Caribbean,High income,2018,100,0,53.7
Turks and Caicos Islands,TCA,Latin America & Caribbean,High income,2019,100,0,50.9
Turks and Caicos Islands,TCA,Latin America & Caribbean,High income,2020,99.4,-0.6,37.9
Turks and Caicos Islands,TCA,Latin America & Caribbean,High income,2021,100,0.604,43
Turks and Caicos Islands,TCA,Latin America & Caribbean,High income,2022,99.9,-0.1,36.9
Turks and Caicos Islands,TCA,Latin America & Caribbean,High income,2023,100,0.1,40.7
Tuvalu,TUV,East Asia & Pacific,Upper middle income,2002,94.6,,44.5
Tuvalu,TUV,East Asia & Pacific,Upper middle income,2003,95.1,0.529,45.5
Tuvalu,TUV,East Asia & Pacific,Upper middle income,2004,95.3,0.21,46
Tuvalu,TUV,East Asia & Pacific,Upper middle income,2005,95.5,0.21,45.5
Tuvalu,TUV,East Asia & Pacific,Upper middle income,2006,95.7,0.209,42.2
Tuvalu,TUV,East Asia & Pacific,Upper middle income,2007,96.7,1.045,46.9
Tuvalu,TUV,East Asia & Pacific,Upper middle income,2008,96.2,-0.517,44.1
Tuvalu,TUV,East Asia & Pacific,Upper middle income,2009,96.5,0.312,43.9
Tuvalu,TUV,East Asia & Pacific,Upper middle income,2010,96.7,0.207,43.9
Tuvalu,TUV,East Asia & Pacific,Upper middle income,2011,97,0.31,44.9
Tuvalu,TUV,East Asia & Pacific,Upper middle income,2012,97.7,0.722,45.3
Tuvalu,TUV,East Asia & Pacific,Upper middle income,2013,97.6,-0.102,43.5
Tuvalu,TUV,East Asia & Pacific,Upper middle income,2014,97.9,0.307,43
Tuvalu,TUV,East Asia & Pacific,Upper middle income,2015,98.1,0.204,42.5
Tuvalu,TUV,East Asia & Pacific,Upper middle income,2016,97.3,-0.815,38.3
Tuvalu,TUV,East Asia & Pacific,Upper middle income,2017,98.7,1.439,41.6
Tuvalu,TUV,East Asia & Pacific,Upper middle income,2018,99,0.304,41.1
Tuvalu,TUV,East Asia & Pacific,Upper middle income,2019,99.7,0.707,43.9
Tuvalu,TUV,East Asia & Pacific,Upper middle income,2020,99.4,-0.301,37.9
Tuvalu,TUV,East Asia & Pacific,Upper middle income,2021,99.7,0.302,38.8
Tuvalu,TUV,East Asia & Pacific,Upper middle income,2022,100,0.301,38.8
Tuvalu,TUV,East Asia & Pacific,Upper middle income,2023,100,0,40.7
Uganda,UGA,Sub-Saharan Africa,Low income,2002,7.8,,4.3
Uganda,UGA,Sub-Saharan Africa,Low income,2003,10.5,34.615,5.7
Uganda,UGA,Sub-Saharan Africa,Low income,2004,11.6,10.476,5.7
Uganda,UGA,Sub-Saharan Africa,Low income,2005,8.9,-23.276,3.8
Uganda,UGA,Sub-Saharan Africa,Low income,2006,9,1.124,1.9
Uganda,UGA,Sub-Saharan Africa,Low income,2007,14.8,64.444,6.6
Uganda,UGA,Sub-Saharan Africa,Low income,2008,15.9,7.432,7
Uganda,UGA,Sub-Saharan Africa,Low income,2009,10,-37.107,3.3
Uganda,UGA,Sub-Saharan Africa,Low income,2010,12.1,21,4.2
Uganda,UGA,Sub-Saharan Africa,Low income,2011,14.6,20.661,6.1
Uganda,UGA,Sub-Saharan Africa,Low income,2012,20.5,40.411,7
Uganda,UGA,Sub-Saharan Africa,Low income,2013,13.9,-32.195,3.7
Uganda,UGA,Sub-Saharan Africa,Low income,2014,20.4,46.763,6.1
Uganda,UGA,Sub-Saharan Africa,Low income,2015,18.5,-9.314,4.7
Uganda,UGA,Sub-Saharan Africa,Low income,2016,26.7,44.324,6.5
Uganda,UGA,Sub-Saharan Africa,Low income,2017,32.4,21.348,7
Uganda,UGA,Sub-Saharan Africa,Low income,2018,41.9,29.321,8.4
Uganda,UGA,Sub-Saharan Africa,Low income,2019,41.3,-1.432,7.5
Uganda,UGA,Sub-Saharan Africa,Low income,2020,42.1,1.937,7.5
Uganda,UGA,Sub-Saharan Africa,Low income,2021,45.2,7.363,7.5
Uganda,UGA,Sub-Saharan Africa,Low income,2022,47.1,4.204,7
Uganda,UGA,Sub-Saharan Africa,Low income,2023,51.5,9.342,10.3
Ukraine,UKR,Europe & Central Asia,Upper middle income,2002,99.3,,60.7
Ukraine,UKR,Europe & Central Asia,Upper middle income,2003,99.3,0,63
Ukraine,UKR,Europe & Central Asia,Upper middle income,2004,99.4,0.101,62.6
Ukraine,UKR,Europe & Central Asia,Upper middle income,2005,99.9,0.503,70.6
Ukraine,UKR,Europe & Central Asia,Upper middle income,2006,99.5,-0.4,62.1
Ukraine,UKR,Europe & Central Asia,Upper middle income,2007,99.8,0.302,68.1
Ukraine,UKR,Europe & Central Asia,Upper middle income,2008,99.8,0,66.2
Ukraine,UKR,Europe & Central Asia,Upper middle income,2009,99.9,0.1,66.8
Ukraine,UKR,Europe & Central Asia,Upper middle income,2010,100,0.1,65.9
Ukraine,UKR,Europe & Central Asia,Upper middle income,2011,100,0,67.3
Ukraine,UKR,Europe & Central Asia,Upper middle income,2012,99.9,-0.1,62.1
Ukraine,UKR,Europe & Central Asia,Upper middle income,2013,100,0.1,63.6
Ukraine,UKR,Europe & Central Asia,Upper middle income,2014,100,0,59.8
Ukraine,UKR,Europe & Central Asia,Upper middle income,2015,100,0,59.8
Ukraine,UKR,Europe & Central Asia,Upper middle income,2016,100,0,57.9
Ukraine,UKR,Europe & Central Asia,Upper middle income,2017,100,0,52.8
Ukraine,UKR,Europe & Central Asia,Upper middle income,2018,100,0,53.7
Ukraine,UKR,Europe & Central Asia,Upper middle income,2019,100,0,50.9
Ukraine,UKR,Europe & Central Asia,Upper middle income,2020,100,0,48.6
Ukraine,UKR,Europe & Central Asia,Upper middle income,2021,100,0,43
Ukraine,UKR,Europe & Central Asia,Upper middle income,2022,100,0,38.8
Ukraine,UKR,Europe & Central Asia,Upper middle income,2023,100,0,40.7
United Arab Emirates,ARE,"Middle East, North Africa, Afghanistan & Pakistan",High income,2002,100,,69.2
United Arab Emirates,ARE,"Middle East, North Africa, Afghanistan & Pakistan",High income,2003,100,0,70.6
United Arab Emirates,ARE,"Middle East, North Africa, Afghanistan & Pakistan",High income,2004,100,0,72
United Arab Emirates,ARE,"Middle East, North Africa, Afghanistan & Pakistan",High income,2005,100,0,73.5
United Arab Emirates,ARE,"Middle East, North Africa, Afghanistan & Pakistan",High income,2006,100,0,71.6
United Arab Emirates,ARE,"Middle East, North Africa, Afghanistan & Pakistan",High income,2007,100,0,70
United Arab Emirates,ARE,"Middle East, North Africa, Afghanistan & Pakistan",High income,2008,100,0,68.5
United Arab Emirates,ARE,"Middle East, North Africa, Afghanistan & Pakistan",High income,2009,100,0,68.7
United Arab Emirates,ARE,"Middle East, North Africa, Afghanistan & Pakistan",High income,2010,100,0,65.9
United Arab Emirates,ARE,"Middle East, North Africa, Afghanistan & Pakistan",High income,2011,100,0,67.3
United Arab Emirates,ARE,"Middle East, North Africa, Afghanistan & Pakistan",High income,2012,100,0,64.5
United Arab Emirates,ARE,"Middle East, North Africa, Afghanistan & Pakistan",High income,2013,100,0,63.6
United Arab Emirates,ARE,"Middle East, North Africa, Afghanistan & Pakistan",High income,2014,100,0,59.8
United Arab Emirates,ARE,"Middle East, North Africa, Afghanistan & Pakistan",High income,2015,100,0,59.8
United Arab Emirates,ARE,"Middle East, North Africa, Afghanistan & Pakistan",High income,2016,100,0,57.9
United Arab Emirates,ARE,"Middle East, North Africa, Afghanistan & Pakistan",High income,2017,100,0,52.8
United Arab Emirates,ARE,"Middle East, North Africa, Afghanistan & Pakistan",High income,2018,100,0,53.7
United Arab Emirates,ARE,"Middle East, North Africa, Afghanistan & Pakistan",High income,2019,100,0,50.9
United Arab Emirates,ARE,"Middle East, North Africa, Afghanistan & Pakistan",High income,2020,100,0,48.6
United Arab Emirates,ARE,"Middle East, North Africa, Afghanistan & Pakistan",High income,2021,100,0,43
United Arab Emirates,ARE,"Middle East, North Africa, Afghanistan & Pakistan",High income,2022,100,0,38.8
United Arab Emirates,ARE,"Middle East, North Africa, Afghanistan & Pakistan",High income,2023,100,0,40.7
United Kingdom,GBR,Europe & Central Asia,High income,2002,100,,69.2
United Kingdom,GBR,Europe & Central Asia,High income,2003,100,0,70.6
United Kingdom,GBR,Europe & Central Asia,High income,2004,100,0,72
United Kingdom,GBR,Europe & Central Asia,High income,2005,100,0,73.5
United Kingdom,GBR,Europe & Central Asia,High income,2006,100,0,71.6
United Kingdom,GBR,Europe & Central Asia,High income,2007,100,0,70
United Kingdom,GBR,Europe & Central Asia,High income,2008,100,0,68.5
United Kingdom,GBR,Europe & Central Asia,High income,2009,100,0,68.7
United Kingdom,GBR,Europe & Central Asia,High income,2010,100,0,65.9
United Kingdom,GBR,Europe & Central Asia,High income,2011,100,0,67.3
United Kingdom,GBR,Europe & Central Asia,High income,2012,100,0,64.5
United Kingdom,GBR,Europe & Central Asia,High income,2013,100,0,63.6
United Kingdom,GBR,Europe & Central Asia,High income,2014,100,0,59.8
United Kingdom,GBR,Europe & Central Asia,High income,2015,100,0,59.8
United Kingdom,GBR,Europe & Central Asia,High income,2016,100,0,57.9
United Kingdom,GBR,Europe & Central Asia,High income,2017,100,0,52.8
United Kingdom,GBR,Europe & Central Asia,High income,2018,100,0,53.7
United Kingdom,GBR,Europe & Central Asia,High income,2019,100,0,50.9
United Kingdom,GBR,Europe & Central Asia,High income,2020,100,0,48.6
United Kingdom,GBR,Europe & Central Asia,High income,2021,100,0,43
United Kingdom,GBR,Europe & Central Asia,High income,2022,100,0,38.8
United Kingdom,GBR,Europe & Central Asia,High income,2023,100,0,40.7
United States,USA,North America,High income,2002,100,,69.2
United States,USA,North America,High income,2003,100,0,70.6
United States,USA,North America,High income,2004,100,0,72
United States,USA,North America,High income,2005,100,0,73.5
United States,USA,North America,High income,2006,100,0,71.6
United States,USA,North America,High income,2007,100,0,70
United States,USA,North America,High income,2008,100,0,68.5
United States,USA,North America,High income,2009,100,0,68.7
United States,USA,North America,High income,2010,100,0,65.9
United States,USA,North America,High income,2011,100,0,67.3
United States,USA,North America,High income,2012,100,0,64.5
United States,USA,North America,High income,2013,100,0,63.6
United States,USA,North America,High income,2014,100,0,59.8
United States,USA,North America,High income,2015,100,0,59.8
United States,USA,North America,High income,2016,100,0,57.9
United States,USA,North America,High income,2017,100,0,52.8
United States,USA,North America,High income,2018,100,0,53.7
United States,USA,North America,High income,2019,100,0,50.9
United States,USA,North America,High income,2020,100,0,48.6
United States,USA,North America,High income,2021,100,0,43
United States,USA,North America,High income,2022,100,0,38.8
United States,USA,North America,High income,2023,100,0,40.7
Uruguay,URY,Latin America & Caribbean,High income,2002,97.8,,52.6
Uruguay,URY,Latin America & Caribbean,High income,2003,97.9,0.102,52.6
Uruguay,URY,Latin America & Caribbean,High income,2004,98,0.102,53.1
Uruguay,URY,Latin America & Caribbean,High income,2005,98,0,53.1
Uruguay,URY,Latin America & Caribbean,High income,2006,98.5,0.51,51.2
Uruguay,URY,Latin America & Caribbean,High income,2007,98.7,0.203,54.9
Uruguay,URY,Latin America & Caribbean,High income,2008,98.8,0.101,53.1
Uruguay,URY,Latin America & Caribbean,High income,2009,99.1,0.304,55.1
Uruguay,URY,Latin America & Caribbean,High income,2010,99.3,0.202,55.1
Uruguay,URY,Latin America & Caribbean,High income,2011,99.2,-0.101,54.2
Uruguay,URY,Latin America & Caribbean,High income,2012,99.6,0.403,57.9
Uruguay,URY,Latin America & Caribbean,High income,2013,99.6,0,54.7
Uruguay,URY,Latin America & Caribbean,High income,2014,99.7,0.1,51.9
Uruguay,URY,Latin America & Caribbean,High income,2015,99.7,0,52.8
Uruguay,URY,Latin America & Caribbean,High income,2016,99.7,0,49.5
Uruguay,URY,Latin America & Caribbean,High income,2017,99.8,0.1,47.7
Uruguay,URY,Latin America & Caribbean,High income,2018,99.8,0,47.2
Uruguay,URY,Latin America & Caribbean,High income,2019,99.9,0.1,48.1
Uruguay,URY,Latin America & Caribbean,High income,2020,100,0.1,48.6
Uruguay,URY,Latin America & Caribbean,High income,2021,100,0,43
Uruguay,URY,Latin America & Caribbean,High income,2022,100,0,38.8
Uruguay,URY,Latin America & Caribbean,High income,2023,100,0,40.7
Uzbekistan,UZB,Europe & Central Asia,Lower middle income,2002,99.7,,64
Uzbekistan,UZB,Europe & Central Asia,Lower middle income,2003,99.5,-0.201,64.9
Uzbekistan,UZB,Europe & Central Asia,Lower middle income,2004,99.5,0,64.5
Uzbekistan,UZB,Europe & Central Asia,Lower middle income,2005,99.4,-0.101,62.1
Uzbekistan,UZB,Europe & Central Asia,Lower middle income,2006,99.5,0.101,62.1
Uzbekistan,UZB,Europe & Central Asia,Lower middle income,2007,99.5,0,62.4
Uzbekistan,UZB,Europe & Central Asia,Lower middle income,2008,99.5,0,61
Uzbekistan,UZB,Europe & Central Asia,Lower middle income,2009,99.5,0,60.7
Uzbekistan,UZB,Europe & Central Asia,Lower middle income,2010,99.6,0.101,60.7
Uzbekistan,UZB,Europe & Central Asia,Lower middle income,2011,99.7,0.1,60.7
Uzbekistan,UZB,Europe & Central Asia,Lower middle income,2012,99.7,0,58.9
Uzbekistan,UZB,Europe & Central Asia,Lower middle income,2013,99.8,0.1,59.8
Uzbekistan,UZB,Europe & Central Asia,Lower middle income,2014,99.8,0,54.7
Uzbekistan,UZB,Europe & Central Asia,Lower middle income,2015,99.9,0.1,56.1
Uzbekistan,UZB,Europe & Central Asia,Lower middle income,2016,99.9,0,54.2
Uzbekistan,UZB,Europe & Central Asia,Lower middle income,2017,100,0.1,52.8
Uzbekistan,UZB,Europe & Central Asia,Lower middle income,2018,100,0,53.7
Uzbekistan,UZB,Europe & Central Asia,Lower middle income,2019,100,0,50.9
Uzbekistan,UZB,Europe & Central Asia,Lower middle income,2020,100,0,48.6
Uzbekistan,UZB,Europe & Central Asia,Lower middle income,2021,99.9,-0.1,41.6
Uzbekistan,UZB,Europe & Central Asia,Lower middle income,2022,100,0.1,38.8
Uzbekistan,UZB,Europe & Central Asia,Lower middle income,2023,100,0,40.7
Vanuatu,VUT,East Asia & Pacific,Lower middle income,2002,25.7,,13.7
Vanuatu,VUT,East Asia & Pacific,Lower middle income,2003,27.5,7.004,13.7
Vanuatu,VUT,East Asia & Pacific,Lower middle income,2004,29.2,6.182,13.7
Vanuatu,VUT,East Asia & Pacific,Lower middle income,2005,31,6.164,14.7
Vanuatu,VUT,East Asia & Pacific,Lower middle income,2006,26.4,-14.839,10.4
Vanuatu,VUT,East Asia & Pacific,Lower middle income,2007,33.6,27.273,14.1
Vanuatu,VUT,East Asia & Pacific,Lower middle income,2008,36.5,8.631,14.6
Vanuatu,VUT,East Asia & Pacific,Lower middle income,2009,33.3,-8.767,14
Vanuatu,VUT,East Asia & Pacific,Lower middle income,2010,44.1,32.432,17.3
Vanuatu,VUT,East Asia & Pacific,Lower middle income,2011,42,-4.762,16.4
Vanuatu,VUT,East Asia & Pacific,Lower middle income,2012,43.9,4.524,15.9
Vanuatu,VUT,East Asia & Pacific,Lower middle income,2013,31.7,-27.79,9.3
Vanuatu,VUT,East Asia & Pacific,Lower middle income,2014,49.1,54.89,15.9
Vanuatu,VUT,East Asia & Pacific,Lower middle income,2015,52.3,6.517,16.4
Vanuatu,VUT,East Asia & Pacific,Lower middle income,2016,57.8,10.516,17.3
Vanuatu,VUT,East Asia & Pacific,Lower middle income,2017,62.8,8.651,18.7
Vanuatu,VUT,East Asia & Pacific,Lower middle income,2018,61.6,-1.911,17.3
Vanuatu,VUT,East Asia & Pacific,Lower middle income,2019,64.5,4.708,17.3
Vanuatu,VUT,East Asia & Pacific,Lower middle income,2020,67.3,4.341,18.7
Vanuatu,VUT,East Asia & Pacific,Lower middle income,2021,70,4.012,18.7
Vanuatu,VUT,East Asia & Pacific,Lower middle income,2022,70,0,18.2
Vanuatu,VUT,East Asia & Pacific,Lower middle income,2023,61.6,-12,15
"Venezuela, RB",VEN,Latin America & Caribbean,Lower middle income,2002,99.8,,64.5
"Venezuela, RB",VEN,Latin America & Caribbean,Lower middle income,2003,95.7,-4.108,47.9
"Venezuela, RB",VEN,Latin America & Caribbean,Lower middle income,2004,99.1,3.553,59.7
"Venezuela, RB",VEN,Latin America & Caribbean,Lower middle income,2005,98.8,-0.303,55.9
"Venezuela, RB",VEN,Latin America & Caribbean,Lower middle income,2006,99.3,0.506,58.8
"Venezuela, RB",VEN,Latin America & Caribbean,Lower middle income,2007,98.9,-0.403,57.3
"Venezuela, RB",VEN,Latin America & Caribbean,Lower middle income,2008,98.9,0,54.5
"Venezuela, RB",VEN,Latin America & Caribbean,Lower middle income,2009,99,0.101,52.8
"Venezuela, RB",VEN,Latin America & Caribbean,Lower middle income,2010,99.1,0.101,53.3
"Venezuela, RB",VEN,Latin America & Caribbean,Lower middle income,2011,98.8,-0.303,49.5
"Venezuela, RB",VEN,Latin America & Caribbean,Lower middle income,2012,99.3,0.506,51.9
"Venezuela, RB",VEN,Latin America & Caribbean,Lower middle income,2013,99.4,0.101,51.4
"Venezuela, RB",VEN,Latin America & Caribbean,Lower middle income,2014,100,0.604,59.8
"Venezuela, RB",VEN,Latin America & Caribbean,Lower middle income,2015,100,0,59.8
"Venezuela, RB",VEN,Latin America & Caribbean,Lower middle income,2016,99.4,-0.6,46.7
"Venezuela, RB",VEN,Latin America & Caribbean,Lower middle income,2017,99.2,-0.201,43
"Venezuela, RB",VEN,Latin America & Caribbean,Lower middle income,2018,99.9,0.706,50.5
"Venezuela, RB",VEN,Latin America & Caribbean,Lower middle income,2019,99.8,-0.1,45.3
"Venezuela, RB",VEN,Latin America & Caribbean,Lower middle income,2020,99.9,0.1,44.4
"Venezuela, RB",VEN,Latin America & Caribbean,Lower middle income,2021,100,0.1,43
"Venezuela, RB",VEN,Latin America & Caribbean,Lower middle income,2022,100,0,38.8
"Venezuela, RB",VEN,Latin America & Caribbean,Lower middle income,2023,100,0,40.7
Viet Nam,VNM,East Asia & Pacific,Upper middle income,2002,89.1,,40.8
Viet Nam,VNM,East Asia & Pacific,Upper middle income,2003,90.3,1.347,41.7
Viet Nam,VNM,East Asia & Pacific,Upper middle income,2004,91,0.775,41.7
Viet Nam,VNM,East Asia & Pacific,Upper middle income,2005,96.1,5.604,47.9
Viet Nam,VNM,East Asia & Pacific,Upper middle income,2006,96,-0.104,43.6
Viet Nam,VNM,East Asia & Pacific,Upper middle income,2007,93.1,-3.021,43.2
Viet Nam,VNM,East Asia & Pacific,Upper middle income,2008,93.8,0.752,42.7
Viet Nam,VNM,East Asia & Pacific,Upper middle income,2009,96.1,2.452,43
Viet Nam,VNM,East Asia & Pacific,Upper middle income,2010,97.4,1.353,45.8
Viet Nam,VNM,East Asia & Pacific,Upper middle income,2011,99,1.643,50.9
Viet Nam,VNM,East Asia & Pacific,Upper middle income,2012,97.9,-1.111,46.7
Viet Nam,VNM,East Asia & Pacific,Upper middle income,2013,98.5,0.613,46.3
Viet Nam,VNM,East Asia & Pacific,Upper middle income,2014,99.2,0.711,47.7
Viet Nam,VNM,East Asia & Pacific,Upper middle income,2015,99.3,0.101,47.7
Viet Nam,VNM,East Asia & Pacific,Upper middle income,2016,99.2,-0.101,44.9
Viet Nam,VNM,East Asia & Pacific,Upper middle income,2017,100,0.806,52.8
Viet Nam,VNM,East Asia & Pacific,Upper middle income,2018,100,0,53.7
Viet Nam,VNM,East Asia & Pacific,Upper middle income,2019,99.4,-0.6,41.1
Viet Nam,VNM,East Asia & Pacific,Upper middle income,2020,99.8,0.402,43.9
Viet Nam,VNM,East Asia & Pacific,Upper middle income,2021,100,0.2,43
Viet Nam,VNM,East Asia & Pacific,Upper middle income,2022,100,0,38.8
Viet Nam,VNM,East Asia & Pacific,Upper middle income,2023,99.8,-0.2,38.8
Virgin Islands (U.S.),VIR,Latin America & Caribbean,High income,2002,100,,69.2
Virgin Islands (U.S.),VIR,Latin America & Caribbean,High income,2003,100,0,70.6
Virgin Islands (U.S.),VIR,Latin America & Caribbean,High income,2004,100,0,72
Virgin Islands (U.S.),VIR,Latin America & Caribbean,High income,2005,100,0,73.5
Virgin Islands (U.S.),VIR,Latin America & Caribbean,High income,2006,100,0,71.6
Virgin Islands (U.S.),VIR,Latin America & Caribbean,High income,2007,100,0,70
Virgin Islands (U.S.),VIR,Latin America & Caribbean,High income,2008,100,0,68.5
Virgin Islands (U.S.),VIR,Latin America & Caribbean,High income,2009,100,0,68.7
Virgin Islands (U.S.),VIR,Latin America & Caribbean,High income,2010,100,0,65.9
Virgin Islands (U.S.),VIR,Latin America & Caribbean,High income,2011,100,0,67.3
Virgin Islands (U.S.),VIR,Latin America & Caribbean,High income,2012,100,0,64.5
Virgin Islands (U.S.),VIR,Latin America & Caribbean,High income,2013,100,0,63.6
Virgin Islands (U.S.),VIR,Latin America & Caribbean,High income,2014,100,0,59.8
Virgin Islands (U.S.),VIR,Latin America & Caribbean,High income,2015,100,0,59.8
Virgin Islands (U.S.),VIR,Latin America & Caribbean,High income,2016,100,0,57.9
Virgin Islands (U.S.),VIR,Latin America & Caribbean,High income,2017,100,0,52.8
Virgin Islands (U.S.),VIR,Latin America & Caribbean,High income,2018,100,0,53.7
Virgin Islands (U.S.),VIR,Latin America & Caribbean,High income,2019,100,0,50.9
Virgin Islands (U.S.),VIR,Latin America & Caribbean,High income,2020,100,0,48.6
Virgin Islands (U.S.),VIR,Latin America & Caribbean,High income,2021,100,0,43
Virgin Islands (U.S.),VIR,Latin America & Caribbean,High income,2022,100,0,38.8
Virgin Islands (U.S.),VIR,Latin America & Caribbean,High income,2023,100,0,40.7
West Bank and Gaza,PSE,"Middle East, North Africa, Afghanistan & Pakistan",Lower middle income,2002,99.2,,60.2
West Bank and Gaza,PSE,"Middle East, North Africa, Afghanistan & Pakistan",Lower middle income,2003,99.1,-0.101,61.1
West Bank and Gaza,PSE,"Middle East, North Africa, Afghanistan & Pakistan",Lower middle income,2004,99.5,0.404,64.5
West Bank and Gaza,PSE,"Middle East, North Africa, Afghanistan & Pakistan",Lower middle income,2005,99.6,0.101,64.9
West Bank and Gaza,PSE,"Middle East, North Africa, Afghanistan & Pakistan",Lower middle income,2006,99.7,0.1,64.9
West Bank and Gaza,PSE,"Middle East, North Africa, Afghanistan & Pakistan",Lower middle income,2007,98.8,-0.903,56.3
West Bank and Gaza,PSE,"Middle East, North Africa, Afghanistan & Pakistan",Lower middle income,2008,99.8,1.012,66.2
West Bank and Gaza,PSE,"Middle East, North Africa, Afghanistan & Pakistan",Lower middle income,2009,99.9,0.1,66.8
West Bank and Gaza,PSE,"Middle East, North Africa, Afghanistan & Pakistan",Lower middle income,2010,99.9,0,65
West Bank and Gaza,PSE,"Middle East, North Africa, Afghanistan & Pakistan",Lower middle income,2011,99.7,-0.2,60.7
West Bank and Gaza,PSE,"Middle East, North Africa, Afghanistan & Pakistan",Lower middle income,2012,99.8,0.1,60.3
West Bank and Gaza,PSE,"Middle East, North Africa, Afghanistan & Pakistan",Lower middle income,2013,99.9,0.1,60.7
West Bank and Gaza,PSE,"Middle East, North Africa, Afghanistan & Pakistan",Lower middle income,2014,99.9,0,58.4
West Bank and Gaza,PSE,"Middle East, North Africa, Afghanistan & Pakistan",Lower middle income,2015,99.9,0,56.1
West Bank and Gaza,PSE,"Middle East, North Africa, Afghanistan & Pakistan",Lower middle income,2016,100,0.1,57.9
West Bank and Gaza,PSE,"Middle East, North Africa, Afghanistan & Pakistan",Lower middle income,2017,99.9,-0.1,49.5
West Bank and Gaza,PSE,"Middle East, North Africa, Afghanistan & Pakistan",Lower middle income,2018,100,0.1,53.7
West Bank and Gaza,PSE,"Middle East, North Africa, Afghanistan & Pakistan",Lower middle income,2019,100,0,50.9
West Bank and Gaza,PSE,"Middle East, North Africa, Afghanistan & Pakistan",Lower middle income,2020,100,0,48.6
West Bank and Gaza,PSE,"Middle East, North Africa, Afghanistan & Pakistan",Lower middle income,2021,100,0,43
West Bank and Gaza,PSE,"Middle East, North Africa, Afghanistan & Pakistan",Lower middle income,2022,100,0,38.8
West Bank and Gaza,PSE,"Middle East, North Africa, Afghanistan & Pakistan",Lower middle income,2023,100,0,40.7
"Yemen, Rep.",YEM,"Middle East, North Africa, Afghanistan & Pakistan",Low income,2002,51.5,,25.1
"Yemen, Rep.",YEM,"Middle East, North Africa, Afghanistan & Pakistan",Low income,2003,52.6,2.136,24.6
"Yemen, Rep.",YEM,"Middle East, North Africa, Afghanistan & Pakistan",Low income,2004,49.6,-5.703,22.3
"Yemen, Rep.",YEM,"Middle East, North Africa, Afghanistan & Pakistan",Low income,2005,54.8,10.484,22.7
"Yemen, Rep.",YEM,"Middle East, North Africa, Afghanistan & Pakistan",Low income,2006,55.8,1.825,23.2
"Yemen, Rep.",YEM,"Middle East, North Africa, Afghanistan & Pakistan",Low income,2007,57.2,2.509,24.4
"Yemen, Rep.",YEM,"Middle East, North Africa, Afghanistan & Pakistan",Low income,2008,58.4,2.098,23.5
"Yemen, Rep.",YEM,"Middle East, North Africa, Afghanistan & Pakistan",Low income,2009,59.6,2.055,24.3
"Yemen, Rep.",YEM,"Middle East, North Africa, Afghanistan & Pakistan",Low income,2010,60.8,2.013,23.4
"Yemen, Rep.",YEM,"Middle East, North Africa, Afghanistan & Pakistan",Low income,2011,62,1.974,23.4
"Yemen, Rep.",YEM,"Middle East, North Africa, Afghanistan & Pakistan",Low income,2012,52.4,-15.484,18.2
"Yemen, Rep.",YEM,"Middle East, North Africa, Afghanistan & Pakistan",Low income,2013,75.6,44.275,25.7
"Yemen, Rep.",YEM,"Middle East, North Africa, Afghanistan & Pakistan",Low income,2014,66.1,-12.566,23.4
"Yemen, Rep.",YEM,"Middle East, North Africa, Afghanistan & Pakistan",Low income,2015,67.4,1.967,23.4
"Yemen, Rep.",YEM,"Middle East, North Africa, Afghanistan & Pakistan",Low income,2016,68.9,2.226,22.4
"Yemen, Rep.",YEM,"Middle East, North Africa, Afghanistan & Pakistan",Low income,2017,79.2,14.949,24.3
"Yemen, Rep.",YEM,"Middle East, North Africa, Afghanistan & Pakistan",Low income,2018,62,-21.717,17.8
"Yemen, Rep.",YEM,"Middle East, North Africa, Afghanistan & Pakistan",Low income,2019,72.8,17.419,22
"Yemen, Rep.",YEM,"Middle East, North Africa, Afghanistan & Pakistan",Low income,2020,73.9,1.511,22
"Yemen, Rep.",YEM,"Middle East, North Africa, Afghanistan & Pakistan",Low income,2021,74.9,1.353,21
"Yemen, Rep.",YEM,"Middle East, North Africa, Afghanistan & Pakistan",Low income,2022,76,1.469,21
"Yemen, Rep.",YEM,"Middle East, North Africa, Afghanistan & Pakistan",Low income,2023,83.6,10,22.4
Zambia,ZMB,Sub-Saharan Africa,Lower middle income,2002,17.4,,10.4
Zambia,ZMB,Sub-Saharan Africa,Lower middle income,2003,18.5,6.322,9.5
Zambia,ZMB,Sub-Saharan Africa,Lower middle income,2004,20.3,9.73,10.4
Zambia,ZMB,Sub-Saharan Africa,Lower middle income,2005,23.3,14.778,10.9
Zambia,ZMB,Sub-Saharan Africa,Lower middle income,2006,24.1,3.433,10
Zambia,ZMB,Sub-Saharan Africa,Lower middle income,2007,18.5,-23.237,8.9
Zambia,ZMB,Sub-Saharan Africa,Lower middle income,2008,25.7,38.919,10.8
Zambia,ZMB,Sub-Saharan Africa,Lower middle income,2009,26.6,3.502,11.7
Zambia,ZMB,Sub-Saharan Africa,Lower middle income,2010,22,-17.293,8.9
Zambia,ZMB,Sub-Saharan Africa,Lower middle income,2011,28.3,28.636,8.9
Zambia,ZMB,Sub-Saharan Africa,Lower middle income,2012,29.2,3.18,9.8
Zambia,ZMB,Sub-Saharan Africa,Lower middle income,2013,30.1,3.082,8.4
Zambia,ZMB,Sub-Saharan Africa,Lower middle income,2014,27.9,-7.309,8.9
Zambia,ZMB,Sub-Saharan Africa,Lower middle income,2015,31.1,11.47,8.9
Zambia,ZMB,Sub-Saharan Africa,Lower middle income,2016,35.4,13.826,8.9
Zambia,ZMB,Sub-Saharan Africa,Lower middle income,2017,40.3,13.842,9.8
Zambia,ZMB,Sub-Saharan Africa,Lower middle income,2018,40.2,-0.248,7.9
Zambia,ZMB,Sub-Saharan Africa,Lower middle income,2019,43,6.965,8.4
Zambia,ZMB,Sub-Saharan Africa,Lower middle income,2020,44.6,3.721,7.9
Zambia,ZMB,Sub-Saharan Africa,Lower middle income,2021,46.7,4.709,7.9
Zambia,ZMB,Sub-Saharan Africa,Lower middle income,2022,47.8,2.355,7.9
Zambia,ZMB,Sub-Saharan Africa,Lower middle income,2023,51.1,6.904,7.9
Zimbabwe,ZWE,Sub-Saharan Africa,Lower middle income,2002,34.2,,18
Zimbabwe,ZWE,Sub-Saharan Africa,Lower middle income,2003,35.1,2.632,18
Zimbabwe,ZWE,Sub-Saharan Africa,Lower middle income,2004,35.6,1.425,18
Zimbabwe,ZWE,Sub-Saharan Africa,Lower middle income,2005,36.1,1.404,17.5
Zimbabwe,ZWE,Sub-Saharan Africa,Lower middle income,2006,37.2,3.047,17.1
Zimbabwe,ZWE,Sub-Saharan Africa,Lower middle income,2007,37.2,0,16.4
Zimbabwe,ZWE,Sub-Saharan Africa,Lower middle income,2008,37.7,1.344,15.5
Zimbabwe,ZWE,Sub-Saharan Africa,Lower middle income,2009,43.4,15.119,17.8
Zimbabwe,ZWE,Sub-Saharan Africa,Lower middle income,2010,38.9,-10.369,15.4
Zimbabwe,ZWE,Sub-Saharan Africa,Lower middle income,2011,36.9,-5.141,12.1
Zimbabwe,ZWE,Sub-Saharan Africa,Lower middle income,2012,44,19.241,16.4
Zimbabwe,ZWE,Sub-Saharan Africa,Lower middle income,2013,40.6,-7.727,13.6
Zimbabwe,ZWE,Sub-Saharan Africa,Lower middle income,2014,32.3,-20.443,9.8
Zimbabwe,ZWE,Sub-Saharan Africa,Lower middle income,2015,33.7,4.334,9.8
Zimbabwe,ZWE,Sub-Saharan Africa,Lower middle income,2016,42.5,26.113,12.1
Zimbabwe,ZWE,Sub-Saharan Africa,Lower middle income,2017,44,3.529,11.7
Zimbabwe,ZWE,Sub-Saharan Africa,Lower middle income,2018,45.4,3.182,11.2
Zimbabwe,ZWE,Sub-Saharan Africa,Lower middle income,2019,46.7,2.863,11.2
Zimbabwe,ZWE,Sub-Saharan Africa,Lower middle income,2020,52.7,12.848,14.5
Zimbabwe,ZWE,Sub-Saharan Africa,Lower middle income,2021,49,-7.021,10.7
Zimbabwe,ZWE,Sub-Saharan Africa,Lower middle income,2022,50.1,2.245,10.7
Zimbabwe,ZWE,Sub-Saharan Africa,Lower middle income,2023,62,23.752,15.4
