country,iso3,region,income_group,year,value,pct_change_yoy,percentile_rank
Afghanistan,AFG,"Middle East, North Africa, Afghanistan & Pakistan",Low income,2002,-2.13018459999999,,1.1
Afghanistan,AFG,"Middle East, North Africa, Afghanistan & Pakistan",Low income,2003,-1.9591576,8.029,2.7
Afghanistan,AFG,"Middle East, North Africa, Afghanistan & Pakistan",Low income,2004,-1.6058112,18.036,4.1
Afghanistan,AFG,"Middle East, North Africa, Afghanistan & Pakistan",Low income,2005,-1.6164082,-0.66,3.1
Afghanistan,AFG,"Middle East, North Africa, Afghanistan & Pakistan",Low income,2006,-1.491989,7.697,4.6
Afghanistan,AFG,"Middle East, North Africa, Afghanistan & Pakistan",Low income,2007,-1.5097036,-1.187,4
Afghanistan,AFG,"Middle East, North Africa, Afghanistan & Pakistan",Low income,2008,-1.5659451,-3.725,3.5
Afghanistan,AFG,"Middle East, North Africa, Afghanistan & Pakistan",Low income,2009,-1.5140426,3.314,4
Afghanistan,AFG,"Middle East, North Africa, Afghanistan & Pakistan",Low income,2010,-1.4285697,5.645,6
Afghanistan,AFG,"Middle East, North Africa, Afghanistan & Pakistan",Low income,2011,-1.4373007,-0.611,5.9
Afghanistan,AFG,"Middle East, North Africa, Afghanistan & Pakistan",Low income,2012,-1.2540947,12.747,8.4
Afghanistan,AFG,"Middle East, North Africa, Afghanistan & Pakistan",Low income,2013,-1.282454,-2.261,8.9
Afghanistan,AFG,"Middle East, North Africa, Afghanistan & Pakistan",Low income,2014,-1.1832846,7.733,9.4
Afghanistan,AFG,"Middle East, North Africa, Afghanistan & Pakistan",Low income,2015,-1.06718849999999,9.811,10.8
Afghanistan,AFG,"Middle East, North Africa, Afghanistan & Pakistan",Low income,2016,-1.36089939999999,-27.522,6.4
Afghanistan,AFG,"Middle East, North Africa, Afghanistan & Pakistan",Low income,2017,-1.4164481,-4.082,4.9
Afghanistan,AFG,"Middle East, North Africa, Afghanistan & Pakistan",Low income,2018,-1.3029823,8.011,6.4
Afghanistan,AFG,"Middle East, North Africa, Afghanistan & Pakistan",Low income,2019,-1.2762178,2.054,7.4
Afghanistan,AFG,"Middle East, North Africa, Afghanistan & Pakistan",Low income,2020,-1.3026506,-2.071,8.3
Afghanistan,AFG,"Middle East, North Africa, Afghanistan & Pakistan",Low income,2021,-1.40994469999999,-8.237,5.9
Afghanistan,AFG,"Middle East, North Africa, Afghanistan & Pakistan",Low income,2022,-1.4229756,-0.924,4.9
Afghanistan,AFG,"Middle East, North Africa, Afghanistan & Pakistan",Low income,2023,-1.43056079999999,-0.533,6.4
Albania,ALB,Europe & Central Asia,Upper middle income,2002,-0.4325555,,39.6
Albania,ALB,Europe & Central Asia,Upper middle income,2003,-0.4162418,3.771,40.1
Albania,ALB,Europe & Central Asia,Upper middle income,2004,-0.287862,30.843,48.7
Albania,ALB,Europe & Central Asia,Upper middle income,2005,-0.355651799999999,-23.549,44.4
Albania,ALB,Europe & Central Asia,Upper middle income,2006,-0.1313664,63.063,52.8
Albania,ALB,Europe & Central Asia,Upper middle income,2007,-0.00691089999999999,94.739,54.5
Albania,ALB,Europe & Central Asia,Upper middle income,2008,0.0382242,653.1,55.5
Albania,ALB,Europe & Central Asia,Upper middle income,2009,0.1276639,233.987,56.2
Albania,ALB,Europe & Central Asia,Upper middle income,2010,0.1073455,-15.916,57.2
Albania,ALB,Europe & Central Asia,Upper middle income,2011,0.053824,-49.859,56.9
Albania,ALB,Europe & Central Asia,Upper middle income,2012,-0.0835796999999999,-255.283,53
Albania,ALB,Europe & Central Asia,Upper middle income,2013,-0.0639441999999999,23.493,53
Albania,ALB,Europe & Central Asia,Upper middle income,2014,0.056535,188.413,56.4
Albania,ALB,Europe & Central Asia,Upper middle income,2015,0.0444083,-21.45,52.9
Albania,ALB,Europe & Central Asia,Upper middle income,2016,0.0642829999999999,44.754,55.4
Albania,ALB,Europe & Central Asia,Upper middle income,2017,0.1105237,71.933,58.3
Albania,ALB,Europe & Central Asia,Upper middle income,2018,0.1139598,3.109,60.8
Albania,ALB,Europe & Central Asia,Upper middle income,2019,0.0917374,-19.5,57.4
Albania,ALB,Europe & Central Asia,Upper middle income,2020,-0.0195592999999999,-121.321,53.9
Albania,ALB,Europe & Central Asia,Upper middle income,2021,-0.0049463,74.711,54.9
Albania,ALB,Europe & Central Asia,Upper middle income,2022,0.0155769,414.92,56.4
Albania,ALB,Europe & Central Asia,Upper middle income,2023,0.0632513,306.058,56.4
Algeria,DZA,"Middle East, North Africa, Afghanistan & Pakistan",Upper middle income,2002,-0.6972374,,31.9
Algeria,DZA,"Middle East, North Africa, Afghanistan & Pakistan",Upper middle income,2003,-0.708902199999999,-1.673,28.6
Algeria,DZA,"Middle East, North Africa, Afghanistan & Pakistan",Upper middle income,2004,-0.609134,14.074,31.8
Algeria,DZA,"Middle East, North Africa, Afghanistan & Pakistan",Upper middle income,2005,-0.6243901,-2.505,28.1
Algeria,DZA,"Middle East, North Africa, Afghanistan & Pakistan",Upper middle income,2006,-0.5132168,17.805,32.5
Algeria,DZA,"Middle East, North Africa, Afghanistan & Pakistan",Upper middle income,2007,-0.4402714,14.213,36.9
Algeria,DZA,"Middle East, North Africa, Afghanistan & Pakistan",Upper middle income,2008,-0.566299099999999,-28.625,29
Algeria,DZA,"Middle East, North Africa, Afghanistan & Pakistan",Upper middle income,2009,-0.7719014,-36.306,22.9
Algeria,DZA,"Middle East, North Africa, Afghanistan & Pakistan",Upper middle income,2010,-0.9696248,-25.615,15.9
Algeria,DZA,"Middle East, North Africa, Afghanistan & Pakistan",Upper middle income,2011,-1.13479399999999,-17.034,12.4
Algeria,DZA,"Middle East, North Africa, Afghanistan & Pakistan",Upper middle income,2012,-1.088001,4.123,11.9
Algeria,DZA,"Middle East, North Africa, Afghanistan & Pakistan",Upper middle income,2013,-0.799061399999999,26.557,25.7
Algeria,DZA,"Middle East, North Africa, Afghanistan & Pakistan",Upper middle income,2014,-1.0284052,-28.702,12.9
Algeria,DZA,"Middle East, North Africa, Afghanistan & Pakistan",Upper middle income,2015,-0.910741399999999,11.441,15.7
Algeria,DZA,"Middle East, North Africa, Afghanistan & Pakistan",Upper middle income,2016,-0.9245888,-1.52,13.7
Algeria,DZA,"Middle East, North Africa, Afghanistan & Pakistan",Upper middle income,2017,-0.945913999999999,-2.306,12.3
Algeria,DZA,"Middle East, North Africa, Afghanistan & Pakistan",Upper middle income,2018,-1.0402376,-9.972,12.3
Algeria,DZA,"Middle East, North Africa, Afghanistan & Pakistan",Upper middle income,2019,-1.1291834,-8.551,11.3
Algeria,DZA,"Middle East, North Africa, Afghanistan & Pakistan",Upper middle income,2020,-1.08103289999999,4.264,11.3
Algeria,DZA,"Middle East, North Africa, Afghanistan & Pakistan",Upper middle income,2021,-0.9720042,10.086,13.2
Algeria,DZA,"Middle East, North Africa, Afghanistan & Pakistan",Upper middle income,2022,-0.8782506,9.645,18.6
Algeria,DZA,"Middle East, North Africa, Afghanistan & Pakistan",Upper middle income,2023,-0.7856434,10.545,22.5
American Samoa,ASM,East Asia & Pacific,High income,2004,0.0975081,,60.5
American Samoa,ASM,East Asia & Pacific,High income,2005,0.5798426,494.661,69.9
American Samoa,ASM,East Asia & Pacific,High income,2006,0.5760551,-0.653,70.6
American Samoa,ASM,East Asia & Pacific,High income,2007,0.5826494,1.145,68.7
American Samoa,ASM,East Asia & Pacific,High income,2008,0.5797248,-0.502,69
American Samoa,ASM,East Asia & Pacific,High income,2009,0.5758069,-0.676,69.7
American Samoa,ASM,East Asia & Pacific,High income,2010,0.5759582,0.026,68.2
American Samoa,ASM,East Asia & Pacific,High income,2011,0.5770316,0.186,70.3
American Samoa,ASM,East Asia & Pacific,High income,2012,0.5653036,-2.032,68.8
American Samoa,ASM,East Asia & Pacific,High income,2013,0.5635653,-0.307,69.3
American Samoa,ASM,East Asia & Pacific,High income,2014,0.1453016,-74.217,60.4
American Samoa,ASM,East Asia & Pacific,High income,2015,0.1563708,7.618,57.8
American Samoa,ASM,East Asia & Pacific,High income,2016,0.1589592,1.655,60.3
American Samoa,ASM,East Asia & Pacific,High income,2017,-0.0750966,-147.243,50
American Samoa,ASM,East Asia & Pacific,High income,2018,-0.0739706,1.499,51.5
American Samoa,ASM,East Asia & Pacific,High income,2019,-0.0709177,4.127,50
American Samoa,ASM,East Asia & Pacific,High income,2020,0.3974735,660.472,68.6
American Samoa,ASM,East Asia & Pacific,High income,2021,0.3953827,-0.526,68.1
American Samoa,ASM,East Asia & Pacific,High income,2022,0.3898105,-1.409,67.6
American Samoa,ASM,East Asia & Pacific,High income,2023,0.3904042,0.152,67.2
Andorra,AND,Europe & Central Asia,High income,2002,1.6467614,,90.1
Andorra,AND,Europe & Central Asia,High income,2003,1.6468435,0.005,90.7
Andorra,AND,Europe & Central Asia,High income,2004,1.2599548,-23.493,87.7
Andorra,AND,Europe & Central Asia,High income,2005,1.6454186,30.593,91.3
Andorra,AND,Europe & Central Asia,High income,2006,1.641631,-0.23,91.4
Andorra,AND,Europe & Central Asia,High income,2007,1.6482254,0.402,92.4
Andorra,AND,Europe & Central Asia,High income,2008,1.6453008,-0.177,92.5
Andorra,AND,Europe & Central Asia,High income,2009,1.6413829,-0.238,94
Andorra,AND,Europe & Central Asia,High income,2010,1.6415342,0.009,94.5
Andorra,AND,Europe & Central Asia,High income,2011,1.8202037,10.884,96.5
Andorra,AND,Europe & Central Asia,High income,2012,1.8084758,-0.644,95.5
Andorra,AND,Europe & Central Asia,High income,2013,1.8067375,-0.096,96
Andorra,AND,Europe & Central Asia,High income,2014,1.0924802,-39.533,87.1
Andorra,AND,Europe & Central Asia,High income,2015,1.1035494,1.013,85.3
Andorra,AND,Europe & Central Asia,High income,2016,1.1061377,0.235,86.3
Andorra,AND,Europe & Central Asia,High income,2017,1.3456712,21.655,88.2
Andorra,AND,Europe & Central Asia,High income,2018,1.3467972,0.084,88.2
Andorra,AND,Europe & Central Asia,High income,2019,1.3498501,0.227,87.7
Andorra,AND,Europe & Central Asia,High income,2020,1.1078572,-17.927,86.3
Andorra,AND,Europe & Central Asia,High income,2021,1.1057664,-0.189,85.3
Andorra,AND,Europe & Central Asia,High income,2022,1.1001942,-0.504,85.3
Andorra,AND,Europe & Central Asia,High income,2023,1.100788,0.054,85.3
Angola,AGO,Sub-Saharan Africa,Lower middle income,2002,-1.6064493,,6
Angola,AGO,Sub-Saharan Africa,Lower middle income,2003,-1.64379189999999,-2.325,6
Angola,AGO,Sub-Saharan Africa,Lower middle income,2004,-1.42910619999999,13.06,7.7
Angola,AGO,Sub-Saharan Africa,Lower middle income,2005,-1.4091843,1.394,7.1
Angola,AGO,Sub-Saharan Africa,Lower middle income,2006,-1.0973468,22.129,14.7
Angola,AGO,Sub-Saharan Africa,Lower middle income,2007,-1.072509,2.263,15.2
Angola,AGO,Sub-Saharan Africa,Lower middle income,2008,-1.0819619,-0.881,14
Angola,AGO,Sub-Saharan Africa,Lower middle income,2009,-1.0724612,0.878,15.4
Angola,AGO,Sub-Saharan Africa,Lower middle income,2010,-1.08506299999999,-1.175,12.4
Angola,AGO,Sub-Saharan Africa,Lower middle income,2011,-1.1090351,-2.209,13.4
Angola,AGO,Sub-Saharan Africa,Lower middle income,2012,-1.0374151,6.458,15.3
Angola,AGO,Sub-Saharan Africa,Lower middle income,2013,-1.0979742,-5.837,11.9
Angola,AGO,Sub-Saharan Africa,Lower middle income,2014,-1.02714519999999,6.451,13.4
Angola,AGO,Sub-Saharan Africa,Lower middle income,2015,-1.0904945,-6.168,10.3
Angola,AGO,Sub-Saharan Africa,Lower middle income,2016,-1.18042349999999,-8.247,9.3
Angola,AGO,Sub-Saharan Africa,Lower middle income,2017,-1.17998849999999,0.037,9.8
Angola,AGO,Sub-Saharan Africa,Lower middle income,2018,-1.06243929999999,9.962,11.8
Angola,AGO,Sub-Saharan Africa,Lower middle income,2019,-0.9960854,6.245,11.8
Angola,AGO,Sub-Saharan Africa,Lower middle income,2020,-1.0388818,-4.296,12.3
Angola,AGO,Sub-Saharan Africa,Lower middle income,2021,-0.8486184,18.314,18.6
Angola,AGO,Sub-Saharan Africa,Lower middle income,2022,-0.8618821,-1.563,19.1
Angola,AGO,Sub-Saharan Africa,Lower middle income,2023,-0.904342,-4.926,16.2
Antigua and Barbuda,ATG,Latin America & Caribbean,High income,2002,0.5811854,,69.8
Antigua and Barbuda,ATG,Latin America & Caribbean,High income,2003,0.5812675,0.014,68.7
Antigua and Barbuda,ATG,Latin America & Caribbean,High income,2004,0.237861,-59.079,64.6
Antigua and Barbuda,ATG,Latin America & Caribbean,High income,2005,0.3477914,46.216,64.8
Antigua and Barbuda,ATG,Latin America & Caribbean,High income,2006,0.3450567,-0.786,65.5
Antigua and Barbuda,ATG,Latin America & Caribbean,High income,2007,0.3498179,1.38,63.6
Antigua and Barbuda,ATG,Latin America & Caribbean,High income,2008,0.3477063,-0.604,63
Antigua and Barbuda,ATG,Latin America & Caribbean,High income,2009,0.3448775,-0.814,62.7
Antigua and Barbuda,ATG,Latin America & Caribbean,High income,2010,0.5759582,67.004,68.2
Antigua and Barbuda,ATG,Latin America & Caribbean,High income,2011,0.5770316,0.186,70.3
Antigua and Barbuda,ATG,Latin America & Caribbean,High income,2012,0.5653036,-2.032,68.8
Antigua and Barbuda,ATG,Latin America & Caribbean,High income,2013,0.5635653,-0.307,69.3
Antigua and Barbuda,ATG,Latin America & Caribbean,High income,2014,0.3820965,-32.2,69.8
Antigua and Barbuda,ATG,Latin America & Caribbean,High income,2015,0.2063206,-46.003,60.8
Antigua and Barbuda,ATG,Latin America & Caribbean,High income,2016,0.2076412,0.64,62.7
Antigua and Barbuda,ATG,Latin America & Caribbean,High income,2017,0.218442,5.202,64.7
Antigua and Barbuda,ATG,Latin America & Caribbean,High income,2018,0.484595,121.841,71.6
Antigua and Barbuda,ATG,Latin America & Caribbean,High income,2019,0.5787682,19.433,73
Antigua and Barbuda,ATG,Latin America & Caribbean,High income,2020,0.576116,-0.458,74
Antigua and Barbuda,ATG,Latin America & Caribbean,High income,2021,0.5644068,-2.032,73
Antigua and Barbuda,ATG,Latin America & Caribbean,High income,2022,0.4644715,-17.706,70.6
Antigua and Barbuda,ATG,Latin America & Caribbean,High income,2023,0.6218901,33.892,75
Argentina,ARG,Latin America & Caribbean,Upper middle income,2002,-0.9549711,,19.8
Argentina,ARG,Latin America & Caribbean,Upper middle income,2003,-0.846393899999999,11.37,24.2
Argentina,ARG,Latin America & Caribbean,Upper middle income,2004,-0.6710565,20.716,28.2
Argentina,ARG,Latin America & Caribbean,Upper middle income,2005,-0.5984456,10.82,30.1
Argentina,ARG,Latin America & Caribbean,Upper middle income,2006,-0.6421161,-7.297,24.4
Argentina,ARG,Latin America & Caribbean,Upper middle income,2007,-0.6471966,-0.791,24.7
Argentina,ARG,Latin America & Caribbean,Upper middle income,2008,-0.6633654,-2.498,26
Argentina,ARG,Latin America & Caribbean,Upper middle income,2009,-0.779930999999999,-17.572,21.9
Argentina,ARG,Latin America & Caribbean,Upper middle income,2010,-0.7577834,2.84,23.4
Argentina,ARG,Latin America & Caribbean,Upper middle income,2011,-0.7069559,6.707,27.7
Argentina,ARG,Latin America & Caribbean,Upper middle income,2012,-0.841032599999999,-18.965,21.8
Argentina,ARG,Latin America & Caribbean,Upper middle income,2013,-0.835456,0.663,23.3
Argentina,ARG,Latin America & Caribbean,Upper middle income,2014,-1.012746,-21.221,13.9
Argentina,ARG,Latin America & Caribbean,Upper middle income,2015,-0.7973254,21.271,20.1
Argentina,ARG,Latin America & Caribbean,Upper middle income,2016,-0.2527044,68.306,43.1
Argentina,ARG,Latin America & Caribbean,Upper middle income,2017,-0.1203619,52.37,47.5
Argentina,ARG,Latin America & Caribbean,Upper middle income,2018,-0.190133499999999,-57.968,45.6
Argentina,ARG,Latin America & Caribbean,Upper middle income,2019,-0.449108299999999,-136.207,36.8
Argentina,ARG,Latin America & Caribbean,Upper middle income,2020,-0.5471843,-21.838,34.3
Argentina,ARG,Latin America & Caribbean,Upper middle income,2021,-0.584024299999999,-6.733,31.9
Argentina,ARG,Latin America & Caribbean,Upper middle income,2022,-0.5792423,0.819,32.8
Argentina,ARG,Latin America & Caribbean,Upper middle income,2023,-0.5065132,12.556,35.3
Armenia,ARM,Europe & Central Asia,Upper middle income,2002,-0.0563245,,54.9
Armenia,ARM,Europe & Central Asia,Upper middle income,2003,0.1777389,415.562,59.9
Armenia,ARM,Europe & Central Asia,Upper middle income,2004,0.1844339,3.767,63.6
Armenia,ARM,Europe & Central Asia,Upper middle income,2005,0.1206063,-34.607,58.7
Armenia,ARM,Europe & Central Asia,Upper middle income,2006,0.2208144,83.087,59.9
Armenia,ARM,Europe & Central Asia,Upper middle income,2007,0.2437484,10.386,61.1
Armenia,ARM,Europe & Central Asia,Upper middle income,2008,0.3914686,60.604,64.5
Armenia,ARM,Europe & Central Asia,Upper middle income,2009,0.4085992,4.376,65.2
Armenia,ARM,Europe & Central Asia,Upper middle income,2010,0.3844424,-5.912,63.2
Armenia,ARM,Europe & Central Asia,Upper middle income,2011,0.3710118,-3.494,63.9
Armenia,ARM,Europe & Central Asia,Upper middle income,2012,0.4081354,10.006,65.3
Armenia,ARM,Europe & Central Asia,Upper middle income,2013,0.3441588,-15.675,64.9
Armenia,ARM,Europe & Central Asia,Upper middle income,2014,0.1234003,-64.144,59.4
Armenia,ARM,Europe & Central Asia,Upper middle income,2015,0.2129025,72.53,61.8
Armenia,ARM,Europe & Central Asia,Upper middle income,2016,0.2424884,13.896,64.2
Armenia,ARM,Europe & Central Asia,Upper middle income,2017,0.2658499,9.634,65.7
Armenia,ARM,Europe & Central Asia,Upper middle income,2018,0.2852478,7.297,65.2
Armenia,ARM,Europe & Central Asia,Upper middle income,2019,0.2583707,-9.422,64.7
Armenia,ARM,Europe & Central Asia,Upper middle income,2020,0.2080999,-19.457,63.2
Armenia,ARM,Europe & Central Asia,Upper middle income,2021,0.1972098,-5.233,62.3
Armenia,ARM,Europe & Central Asia,Upper middle income,2022,0.0783259999999999,-60.283,57.8
Armenia,ARM,Europe & Central Asia,Upper middle income,2023,0.0964411,23.128,58.8
Aruba,ABW,Latin America & Caribbean,High income,2004,0.7433115,,75.9
Aruba,ABW,Latin America & Caribbean,High income,2005,1.1126306,49.686,79.1
Aruba,ABW,Latin America & Caribbean,High income,2006,1.1088431,-0.34,80.2
Aruba,ABW,Latin America & Caribbean,High income,2007,1.1154374,0.595,81.3
Aruba,ABW,Latin America & Caribbean,High income,2008,1.1125128,-0.262,82.5
Aruba,ABW,Latin America & Caribbean,High income,2009,1.4683748,31.987,90.5
Aruba,ABW,Latin America & Caribbean,High income,2010,1.4684441,0.005,91
Aruba,ABW,Latin America & Caribbean,High income,2011,1.4689355,0.033,90.6
Aruba,ABW,Latin America & Caribbean,High income,2012,1.4635658,-0.366,90.1
Aruba,ABW,Latin America & Caribbean,High income,2013,1.4627699,-0.054,90.1
Aruba,ABW,Latin America & Caribbean,High income,2014,1.2441605,-14.945,88.6
Aruba,ABW,Latin America & Caribbean,High income,2015,1.3576467,9.122,90.2
Aruba,ABW,Latin America & Caribbean,High income,2016,1.3588318,0.087,89.2
Aruba,ABW,Latin America & Caribbean,High income,2017,1.2660605,-6.827,87.3
Aruba,ABW,Latin America & Caribbean,High income,2018,0.9845005,-22.239,82.4
Aruba,ABW,Latin America & Caribbean,High income,2019,0.9858983,0.142,82.4
Aruba,ABW,Latin America & Caribbean,High income,2020,0.9835183,-0.241,83.3
Aruba,ABW,Latin America & Caribbean,High income,2021,0.9825611,-0.097,82.8
Aruba,ABW,Latin America & Caribbean,High income,2022,0.9800098,-0.26,83.3
Aruba,ABW,Latin America & Caribbean,High income,2023,0.9802816,0.028,82.8
Australia,AUS,East Asia & Pacific,High income,2002,1.5665051,,89.6
Australia,AUS,East Asia & Pacific,High income,2003,1.7471457,11.531,92.9
Australia,AUS,East Asia & Pacific,High income,2004,1.8799852,7.603,95.9
Australia,AUS,East Asia & Pacific,High income,2005,1.8022988,-4.132,94.4
Australia,AUS,East Asia & Pacific,High income,2006,1.8169421,0.812,97
Australia,AUS,East Asia & Pacific,High income,2007,1.8241496,0.397,96
Australia,AUS,East Asia & Pacific,High income,2008,1.8514548,1.497,98.5
Australia,AUS,East Asia & Pacific,High income,2009,1.7676719,-4.525,97.5
Australia,AUS,East Asia & Pacific,High income,2010,1.6844562,-4.708,95.5
Australia,AUS,East Asia & Pacific,High income,2011,1.8396635,9.214,97.5
Australia,AUS,East Asia & Pacific,High income,2012,1.9300031,4.911,97.5
Australia,AUS,East Asia & Pacific,High income,2013,1.8805423,-2.563,97
Australia,AUS,East Asia & Pacific,High income,2014,1.7469317,-7.105,97
Australia,AUS,East Asia & Pacific,High income,2015,1.7397648,-0.41,95.1
Australia,AUS,East Asia & Pacific,High income,2016,1.8140649,4.271,97.1
Australia,AUS,East Asia & Pacific,High income,2017,1.8256736,0.64,96.1
Australia,AUS,East Asia & Pacific,High income,2018,1.828177,0.137,97.1
Australia,AUS,East Asia & Pacific,High income,2019,1.8466041,1.008,97.1
Australia,AUS,East Asia & Pacific,High income,2020,1.7684279,-4.234,97.1
Australia,AUS,East Asia & Pacific,High income,2021,1.7860103,0.994,97.1
Australia,AUS,East Asia & Pacific,High income,2022,1.8002733,0.799,97.5
Australia,AUS,East Asia & Pacific,High income,2023,1.8131125,0.713,97.5
Austria,AUT,Europe & Central Asia,High income,2002,1.7379563,,92.9
Austria,AUT,Europe & Central Asia,High income,2003,1.7125603,-1.461,92.3
Austria,AUT,Europe & Central Asia,High income,2004,1.6393033,-4.278,92.3
Austria,AUT,Europe & Central Asia,High income,2005,1.7536506,6.975,93.4
Austria,AUT,Europe & Central Asia,High income,2006,1.8071966,3.053,96.4
Austria,AUT,Europe & Central Asia,High income,2007,1.8293257,1.224,96.5
Austria,AUT,Europe & Central Asia,High income,2008,1.68265,-8.018,94
Austria,AUT,Europe & Central Asia,High income,2009,1.5818903,-5.988,92.5
Austria,AUT,Europe & Central Asia,High income,2010,1.6301795,3.053,93
Austria,AUT,Europe & Central Asia,High income,2011,1.5512902,-4.839,92.6
Austria,AUT,Europe & Central Asia,High income,2012,1.5292054,-1.424,92.1
Austria,AUT,Europe & Central Asia,High income,2013,1.4173873,-7.312,88.6
Austria,AUT,Europe & Central Asia,High income,2014,1.3187394,-6.96,90.1
Austria,AUT,Europe & Central Asia,High income,2015,1.2822536,-2.767,88.2
Austria,AUT,Europe & Central Asia,High income,2016,1.3915836,8.526,89.7
Austria,AUT,Europe & Central Asia,High income,2017,1.4202869,2.063,89.7
Austria,AUT,Europe & Central Asia,High income,2018,1.530712,7.775,92.2
Austria,AUT,Europe & Central Asia,High income,2019,1.5588698,1.84,92.2
Austria,AUT,Europe & Central Asia,High income,2020,1.4737069,-5.463,91.7
Austria,AUT,Europe & Central Asia,High income,2021,1.4481822,-1.732,90.2
Austria,AUT,Europe & Central Asia,High income,2022,1.4011869,-3.245,89.2
Austria,AUT,Europe & Central Asia,High income,2023,1.4120974,0.779,90.7
Azerbaijan,AZE,Europe & Central Asia,Upper middle income,2002,-0.781750699999999,,28.6
Azerbaijan,AZE,Europe & Central Asia,Upper middle income,2003,-0.635559499999999,18.7,32.4
Azerbaijan,AZE,Europe & Central Asia,Upper middle income,2004,-0.621781199999999,2.168,31.3
Azerbaijan,AZE,Europe & Central Asia,Upper middle income,2005,-0.542242,12.792,33.7
Azerbaijan,AZE,Europe & Central Asia,Upper middle income,2006,-0.488286,9.951,36
Azerbaijan,AZE,Europe & Central Asia,Upper middle income,2007,-0.4496343,7.916,35.4
Azerbaijan,AZE,Europe & Central Asia,Upper middle income,2008,-0.3763567,16.297,41
Azerbaijan,AZE,Europe & Central Asia,Upper middle income,2009,-0.3326616,11.61,43.8
Azerbaijan,AZE,Europe & Central Asia,Upper middle income,2010,-0.4634625,-39.32,34.8
Azerbaijan,AZE,Europe & Central Asia,Upper middle income,2011,-0.4419223,4.648,37.6
Azerbaijan,AZE,Europe & Central Asia,Upper middle income,2012,-0.489390799999999,-10.741,37.6
Azerbaijan,AZE,Europe & Central Asia,Upper middle income,2013,-0.389969499999999,20.315,42.1
Azerbaijan,AZE,Europe & Central Asia,Upper middle income,2014,-0.2770165,28.965,44.6
Azerbaijan,AZE,Europe & Central Asia,Upper middle income,2015,-0.261817099999999,5.487,45.1
Azerbaijan,AZE,Europe & Central Asia,Upper middle income,2016,-0.216678799999999,17.24,46.1
Azerbaijan,AZE,Europe & Central Asia,Upper middle income,2017,-0.185369999999999,14.449,44.1
Azerbaijan,AZE,Europe & Central Asia,Upper middle income,2018,-0.2005079,-8.166,44.6
Azerbaijan,AZE,Europe & Central Asia,Upper middle income,2019,-0.1045151,47.875,48
Azerbaijan,AZE,Europe & Central Asia,Upper middle income,2020,-0.1055885,-1.027,51
Azerbaijan,AZE,Europe & Central Asia,Upper middle income,2021,-0.0594814,43.667,51.5
Azerbaijan,AZE,Europe & Central Asia,Upper middle income,2022,-0.0606320999999999,-1.935,53.9
Azerbaijan,AZE,Europe & Central Asia,Upper middle income,2023,0.0432245,171.29,54.9
"Bahamas, The",BHS,Latin America & Caribbean,High income,2002,1.3472868,,86.3
"Bahamas, The",BHS,Latin America & Caribbean,High income,2003,1.2503186,-7.197,84.6
"Bahamas, The",BHS,Latin America & Caribbean,High income,2004,1.0762152,-13.925,83.6
"Bahamas, The",BHS,Latin America & Caribbean,High income,2005,1.2495403,16.105,83.2
"Bahamas, The",BHS,Latin America & Caribbean,High income,2006,1.1782693,-5.704,83.8
"Bahamas, The",BHS,Latin America & Caribbean,High income,2007,1.1818715,0.306,84.3
"Bahamas, The",BHS,Latin America & Caribbean,High income,2008,1.1802739,-0.135,84
"Bahamas, The",BHS,Latin America & Caribbean,High income,2009,0.7563823,-35.915,73.1
"Bahamas, The",BHS,Latin America & Caribbean,High income,2010,0.6386137,-15.57,71.1
"Bahamas, The",BHS,Latin America & Caribbean,High income,2011,0.5800603,-9.169,71.8
"Bahamas, The",BHS,Latin America & Caribbean,High income,2012,0.5761701,-0.671,70.8
"Bahamas, The",BHS,Latin America & Caribbean,High income,2013,0.4393561,-23.745,66.8
"Bahamas, The",BHS,Latin America & Caribbean,High income,2014,0.3567767,-18.796,67.3
"Bahamas, The",BHS,Latin America & Caribbean,High income,2015,0.1858547,-47.907,60.3
"Bahamas, The",BHS,Latin America & Caribbean,High income,2016,0.2183789,17.5,63.2
"Bahamas, The",BHS,Latin America & Caribbean,High income,2017,0.0716726,-67.18,55.4
"Bahamas, The",BHS,Latin America & Caribbean,High income,2018,0.1415783,97.535,61.8
"Bahamas, The",BHS,Latin America & Caribbean,High income,2019,-0.00398039999999999,-102.811,54.4
"Bahamas, The",BHS,Latin America & Caribbean,High income,2020,-0.0114288999999999,-187.129,54.4
"Bahamas, The",BHS,Latin America & Caribbean,High income,2021,-0.020375,-78.276,53.9
"Bahamas, The",BHS,Latin America & Caribbean,High income,2022,-0.0671185,-229.416,52.5
"Bahamas, The",BHS,Latin America & Caribbean,High income,2023,-0.0942177999999999,-40.375,51
Bahrain,BHR,"Middle East, North Africa, Afghanistan & Pakistan",High income,2002,0.801861,,73.6
Bahrain,BHR,"Middle East, North Africa, Afghanistan & Pakistan",High income,2003,0.8143363,1.556,73.1
Bahrain,BHR,"Middle East, North Africa, Afghanistan & Pakistan",High income,2004,0.8293334,1.842,79
Bahrain,BHR,"Middle East, North Africa, Afghanistan & Pakistan",High income,2005,0.8246032,-0.57,75.5
Bahrain,BHR,"Middle East, North Africa, Afghanistan & Pakistan",High income,2006,0.8170927,-0.911,75.6
Bahrain,BHR,"Middle East, North Africa, Afghanistan & Pakistan",High income,2007,0.9343915,14.356,76.8
Bahrain,BHR,"Middle East, North Africa, Afghanistan & Pakistan",High income,2008,0.807801,-13.548,75
Bahrain,BHR,"Middle East, North Africa, Afghanistan & Pakistan",High income,2009,0.8294237,2.677,75.6
Bahrain,BHR,"Middle East, North Africa, Afghanistan & Pakistan",High income,2010,0.8816129,6.292,77.6
Bahrain,BHR,"Middle East, North Africa, Afghanistan & Pakistan",High income,2011,0.9001858,2.107,78.7
Bahrain,BHR,"Middle East, North Africa, Afghanistan & Pakistan",High income,2012,0.8032498,-10.768,75.7
Bahrain,BHR,"Middle East, North Africa, Afghanistan & Pakistan",High income,2013,0.819964,2.081,76.2
Bahrain,BHR,"Middle East, North Africa, Afghanistan & Pakistan",High income,2014,0.6266024,-23.582,75.7
Bahrain,BHR,"Middle East, North Africa, Afghanistan & Pakistan",High income,2015,0.7369814,17.615,76.5
Bahrain,BHR,"Middle East, North Africa, Afghanistan & Pakistan",High income,2016,0.5338814,-27.558,70.6
Bahrain,BHR,"Middle East, North Africa, Afghanistan & Pakistan",High income,2017,0.4961675,-7.064,71.1
Bahrain,BHR,"Middle East, North Africa, Afghanistan & Pakistan",High income,2018,0.4964201,0.051,72.1
Bahrain,BHR,"Middle East, North Africa, Afghanistan & Pakistan",High income,2019,0.5202512,4.801,72.5
Bahrain,BHR,"Middle East, North Africa, Afghanistan & Pakistan",High income,2020,0.5553824,6.753,73.5
Bahrain,BHR,"Middle East, North Africa, Afghanistan & Pakistan",High income,2021,0.7964885,43.413,77.5
Bahrain,BHR,"Middle East, North Africa, Afghanistan & Pakistan",High income,2022,0.8697953,9.204,81.4
Bahrain,BHR,"Middle East, North Africa, Afghanistan & Pakistan",High income,2023,0.9096095,4.577,81.4
Bangladesh,BGD,South Asia,Lower middle income,2002,-1.122179,,15.9
Bangladesh,BGD,South Asia,Lower middle income,2003,-1.0667105,4.943,19.2
Bangladesh,BGD,South Asia,Lower middle income,2004,-1.11731469999999,-4.744,14.4
Bangladesh,BGD,South Asia,Lower middle income,2005,-0.9816339,12.143,17.3
Bangladesh,BGD,South Asia,Lower middle income,2006,-0.8740542,10.959,19.8
Bangladesh,BGD,South Asia,Lower middle income,2007,-0.8672299,0.781,19.2
Bangladesh,BGD,South Asia,Lower middle income,2008,-0.8632719,0.456,19.5
Bangladesh,BGD,South Asia,Lower middle income,2009,-0.805300999999999,6.715,20.9
Bangladesh,BGD,South Asia,Lower middle income,2010,-0.8368896,-3.923,21.4
Bangladesh,BGD,South Asia,Lower middle income,2011,-0.8270946,1.17,21.8
Bangladesh,BGD,South Asia,Lower middle income,2012,-0.978781999999999,-18.34,17.3
Bangladesh,BGD,South Asia,Lower middle income,2013,-0.9494963,2.992,18.3
Bangladesh,BGD,South Asia,Lower middle income,2014,-0.8964974,5.582,17.3
Bangladesh,BGD,South Asia,Lower middle income,2015,-0.776809499999999,13.351,21.6
Bangladesh,BGD,South Asia,Lower middle income,2016,-0.7592301,2.263,21.6
Bangladesh,BGD,South Asia,Lower middle income,2017,-0.7430899,2.126,21.6
Bangladesh,BGD,South Asia,Lower middle income,2018,-0.7854912,-5.706,20.6
Bangladesh,BGD,South Asia,Lower middle income,2019,-0.8895369,-13.246,14.7
Bangladesh,BGD,South Asia,Lower middle income,2020,-0.8942304,-0.528,15.7
Bangladesh,BGD,South Asia,Lower middle income,2021,-0.871176499999999,2.578,17.2
Bangladesh,BGD,South Asia,Lower middle income,2022,-0.9240476,-6.069,16.7
Bangladesh,BGD,South Asia,Lower middle income,2023,-0.9009111,2.504,16.7
Barbados,BRB,Latin America & Caribbean,High income,2002,1.2326453,,83.5
Barbados,BRB,Latin America & Caribbean,High income,2003,1.2327046,0.005,84.1
Barbados,BRB,Latin America & Caribbean,High income,2004,0.8827743,-28.387,80
Barbados,BRB,Latin America & Caribbean,High income,2005,1.2632409,43.099,84.7
Barbados,BRB,Latin America & Caribbean,High income,2006,1.0234606,-18.981,78.7
Barbados,BRB,Latin America & Caribbean,High income,2007,1.1426371,11.644,82.8
Barbados,BRB,Latin America & Caribbean,High income,2008,1.1039726,-3.384,82
Barbados,BRB,Latin America & Caribbean,High income,2009,0.7681543,-30.419,73.6
Barbados,BRB,Latin America & Caribbean,High income,2010,0.6270269,-18.372,70.6
Barbados,BRB,Latin America & Caribbean,High income,2011,0.7575873,20.822,75.7
Barbados,BRB,Latin America & Caribbean,High income,2012,0.6839117,-9.725,72.8
Barbados,BRB,Latin America & Caribbean,High income,2013,0.6885383,0.676,72.3
Barbados,BRB,Latin America & Caribbean,High income,2014,0.364218,-47.103,67.8
Barbados,BRB,Latin America & Caribbean,High income,2015,0.5798223,59.196,72.1
Barbados,BRB,Latin America & Caribbean,High income,2016,0.539714,-6.917,71.1
Barbados,BRB,Latin America & Caribbean,High income,2017,0.449052,-16.798,70.1
Barbados,BRB,Latin America & Caribbean,High income,2018,0.4221577,-5.989,69.6
Barbados,BRB,Latin America & Caribbean,High income,2019,0.3609854,-14.49,68.1
Barbados,BRB,Latin America & Caribbean,High income,2020,0.401461,11.213,70.1
Barbados,BRB,Latin America & Caribbean,High income,2021,0.4761062,18.593,71.6
Barbados,BRB,Latin America & Caribbean,High income,2022,0.4039531,-15.155,69.6
Barbados,BRB,Latin America & Caribbean,High income,2023,0.429255,6.264,69.1
Belarus,BLR,Europe & Central Asia,Upper middle income,2002,-1.5130464,,7.1
Belarus,BLR,Europe & Central Asia,Upper middle income,2003,-1.44712589999999,4.357,9.9
Belarus,BLR,Europe & Central Asia,Upper middle income,2004,-1.2155677,16.001,11.8
Belarus,BLR,Europe & Central Asia,Upper middle income,2005,-1.2547914,-3.227,10.2
Belarus,BLR,Europe & Central Asia,Upper middle income,2006,-1.6115017,-28.428,3
Belarus,BLR,Europe & Central Asia,Upper middle income,2007,-1.5355625,4.712,3.5
Belarus,BLR,Europe & Central Asia,Upper middle income,2008,-1.219009,20.615,10
Belarus,BLR,Europe & Central Asia,Upper middle income,2009,-1.19544119999999,1.933,8.5
Belarus,BLR,Europe & Central Asia,Upper middle income,2010,-1.1710193,2.043,10
Belarus,BLR,Europe & Central Asia,Upper middle income,2011,-1.3322808,-13.771,7.4
Belarus,BLR,Europe & Central Asia,Upper middle income,2012,-1.0299101,22.696,15.8
Belarus,BLR,Europe & Central Asia,Upper middle income,2013,-1.0356233,-0.555,15.3
Belarus,BLR,Europe & Central Asia,Upper middle income,2014,-0.8946824,13.609,17.8
Belarus,BLR,Europe & Central Asia,Upper middle income,2015,-1.0025727,-12.059,11.8
Belarus,BLR,Europe & Central Asia,Upper middle income,2016,-0.914265099999999,8.808,14.2
Belarus,BLR,Europe & Central Asia,Upper middle income,2017,-0.8816836,3.564,15.2
Belarus,BLR,Europe & Central Asia,Upper middle income,2018,-0.7883245,10.589,20.1
Belarus,BLR,Europe & Central Asia,Upper middle income,2019,-0.5076275,35.607,34.3
Belarus,BLR,Europe & Central Asia,Upper middle income,2020,-0.6830906,-34.565,29.4
Belarus,BLR,Europe & Central Asia,Upper middle income,2021,-0.7942597,-16.274,22.1
Belarus,BLR,Europe & Central Asia,Upper middle income,2022,-1.0760793,-35.482,11.8
Belarus,BLR,Europe & Central Asia,Upper middle income,2023,-1.175204,-9.212,11.3
Belgium,BEL,Europe & Central Asia,High income,2002,1.494585,,88.5
Belgium,BEL,Europe & Central Asia,High income,2003,1.5002632,0.38,89.6
Belgium,BEL,Europe & Central Asia,High income,2004,1.384593,-7.71,89.7
Belgium,BEL,Europe & Central Asia,High income,2005,1.412689,2.029,87.2
Belgium,BEL,Europe & Central Asia,High income,2006,1.453742,2.906,87.3
Belgium,BEL,Europe & Central Asia,High income,2007,1.4648803,0.766,87.4
Belgium,BEL,Europe & Central Asia,High income,2008,1.2424396,-15.185,86
Belgium,BEL,Europe & Central Asia,High income,2009,1.1712766,-5.728,84.1
Belgium,BEL,Europe & Central Asia,High income,2010,1.1312828,-3.415,84.6
Belgium,BEL,Europe & Central Asia,High income,2011,1.0640569,-5.942,83.7
Belgium,BEL,Europe & Central Asia,High income,2012,1.1007296,3.446,83.7
Belgium,BEL,Europe & Central Asia,High income,2013,1.1209955,1.841,84.7
Belgium,BEL,Europe & Central Asia,High income,2014,0.9346005,-16.628,82.2
Belgium,BEL,Europe & Central Asia,High income,2015,1.1764063,25.873,86.3
Belgium,BEL,Europe & Central Asia,High income,2016,1.3239138,12.539,88.2
Belgium,BEL,Europe & Central Asia,High income,2017,1.2707575,-4.015,87.7
Belgium,BEL,Europe & Central Asia,High income,2018,1.2683788,-0.187,87.7
Belgium,BEL,Europe & Central Asia,High income,2019,1.2890183,1.627,87.3
Belgium,BEL,Europe & Central Asia,High income,2020,1.3238216,2.7,88.7
Belgium,BEL,Europe & Central Asia,High income,2021,1.3954035,5.407,88.7
Belgium,BEL,Europe & Central Asia,High income,2022,1.4079657,0.9,89.7
Belgium,BEL,Europe & Central Asia,High income,2023,1.2914096,-8.278,88.2
Belize,BLZ,Latin America & Caribbean,Upper middle income,2002,0.2788169,,64.3
Belize,BLZ,Latin America & Caribbean,Upper middle income,2003,0.2788763,0.021,64.3
Belize,BLZ,Latin America & Caribbean,Upper middle income,2004,-0.0833187,-129.877,55.4
Belize,BLZ,Latin America & Caribbean,Upper middle income,2005,0.0728263,187.407,56.6
Belize,BLZ,Latin America & Caribbean,Upper middle income,2006,-0.256857,-452.698,47.7
Belize,BLZ,Latin America & Caribbean,Upper middle income,2007,-0.2546231,0.87,46
Belize,BLZ,Latin America & Caribbean,Upper middle income,2008,-0.242615399999999,4.716,48
Belize,BLZ,Latin America & Caribbean,Upper middle income,2009,-0.2465423,-1.619,46.3
Belize,BLZ,Latin America & Caribbean,Upper middle income,2010,-0.1986764,19.415,47.3
Belize,BLZ,Latin America & Caribbean,Upper middle income,2011,-0.2862027,-44.055,45
Belize,BLZ,Latin America & Caribbean,Upper middle income,2012,-0.3279258,-14.578,46
Belize,BLZ,Latin America & Caribbean,Upper middle income,2013,-0.328449799999999,-0.16,45
Belize,BLZ,Latin America & Caribbean,Upper middle income,2014,-0.5535223,-68.526,34.2
Belize,BLZ,Latin America & Caribbean,Upper middle income,2015,-0.5037448,8.993,34.3
Belize,BLZ,Latin America & Caribbean,Upper middle income,2016,-0.4649404,7.703,32.4
Belize,BLZ,Latin America & Caribbean,Upper middle income,2017,-0.5395473,-16.047,31.4
Belize,BLZ,Latin America & Caribbean,Upper middle income,2018,-0.663063499999999,-22.893,27.9
Belize,BLZ,Latin America & Caribbean,Upper middle income,2019,-0.574924099999999,13.293,29.9
Belize,BLZ,Latin America & Caribbean,Upper middle income,2020,-0.5762528,-0.231,32.8
Belize,BLZ,Latin America & Caribbean,Upper middle income,2021,-0.6067267,-5.288,30.9
Belize,BLZ,Latin America & Caribbean,Upper middle income,2022,-0.617476,-1.772,31.4
Belize,BLZ,Latin America & Caribbean,Upper middle income,2023,-0.493012699999999,20.157,36.3
Benin,BEN,Sub-Saharan Africa,Lower middle income,2002,-0.555995,,36.8
Benin,BEN,Sub-Saharan Africa,Lower middle income,2003,-0.5559617,0.006,36.3
Benin,BEN,Sub-Saharan Africa,Lower middle income,2004,-0.6079913,-9.358,32.3
Benin,BEN,Sub-Saharan Africa,Lower middle income,2005,-0.4866853,19.952,37.2
Benin,BEN,Sub-Saharan Africa,Lower middle income,2006,-0.4800831,1.357,37.1
Benin,BEN,Sub-Saharan Africa,Lower middle income,2007,-0.466746599999999,2.778,33.8
Benin,BEN,Sub-Saharan Africa,Lower middle income,2008,-0.5357423,-14.782,30.5
Benin,BEN,Sub-Saharan Africa,Lower middle income,2009,-0.4130317,22.905,37.8
Benin,BEN,Sub-Saharan Africa,Lower middle income,2010,-0.4195411,-1.576,36.8
Benin,BEN,Sub-Saharan Africa,Lower middle income,2011,-0.4622483,-10.18,36.1
Benin,BEN,Sub-Saharan Africa,Lower middle income,2012,-0.5416802,-17.184,31.7
Benin,BEN,Sub-Saharan Africa,Lower middle income,2013,-0.5705637,-5.332,33.2
Benin,BEN,Sub-Saharan Africa,Lower middle income,2014,-0.5574079,2.306,33.7
Benin,BEN,Sub-Saharan Africa,Lower middle income,2015,-0.538424999999999,3.406,31.9
Benin,BEN,Sub-Saharan Africa,Lower middle income,2016,-0.4684046,13.005,31.9
Benin,BEN,Sub-Saharan Africa,Lower middle income,2017,-0.457321,2.366,32.8
Benin,BEN,Sub-Saharan Africa,Lower middle income,2018,-0.451924599999999,1.18,34.8
Benin,BEN,Sub-Saharan Africa,Lower middle income,2019,-0.4897407,-8.368,35.3
Benin,BEN,Sub-Saharan Africa,Lower middle income,2020,-0.436359599999999,10.9,38.2
Benin,BEN,Sub-Saharan Africa,Lower middle income,2021,-0.3792796,13.081,39.2
Benin,BEN,Sub-Saharan Africa,Lower middle income,2022,-0.2859729,24.601,43.6
Benin,BEN,Sub-Saharan Africa,Lower middle income,2023,-0.2359682,17.486,45.1
Bermuda,BMU,North America,High income,2002,1.4691657,,87.9
Bermuda,BMU,North America,High income,2003,1.4692477,0.006,87.9
Bermuda,BMU,North America,High income,2004,1.1594961,-21.082,86.2
Bermuda,BMU,North America,High income,2005,1.4678229,26.591,88.3
Bermuda,BMU,North America,High income,2006,1.4640353,-0.258,87.8
Bermuda,BMU,North America,High income,2007,1.4706297,0.45,87.9
Bermuda,BMU,North America,High income,2008,1.4677051,-0.199,89.5
Bermuda,BMU,North America,High income,2009,1.4637871,-0.267,89.6
Bermuda,BMU,North America,High income,2010,1.4639385,0.01,90
Bermuda,BMU,North America,High income,2011,1.4650118,0.073,90.1
Bermuda,BMU,North America,High income,2012,1.4532839,-0.801,89.1
Bermuda,BMU,North America,High income,2013,1.4515456,-0.12,89.6
Bermuda,BMU,North America,High income,2014,0.6188909,-57.363,74.8
Bermuda,BMU,North America,High income,2015,0.6299601,1.789,74
Bermuda,BMU,North America,High income,2016,0.8693433,38,78.4
Bermuda,BMU,North America,High income,2017,0.8720819,0.315,77.9
Bermuda,BMU,North America,High income,2018,0.8732079,0.129,78.4
Bermuda,BMU,North America,High income,2019,0.8762608,0.35,78.4
Bermuda,BMU,North America,High income,2020,0.8710628,-0.593,79.9
Bermuda,BMU,North America,High income,2021,0.868972,-0.24,80.4
Bermuda,BMU,North America,High income,2022,0.8633998,-0.641,79.9
Bermuda,BMU,North America,High income,2023,0.6271987,-27.357,75.5
Bhutan,BTN,South Asia,Lower middle income,2002,-0.1291983,,53.3
Bhutan,BTN,South Asia,Lower middle income,2003,0.2260756,274.983,62.6
Bhutan,BTN,South Asia,Lower middle income,2004,-0.6532395,-388.947,29.2
Bhutan,BTN,South Asia,Lower middle income,2005,-0.1572539,75.927,53.1
Bhutan,BTN,South Asia,Lower middle income,2006,-0.486986,-209.681,36.5
Bhutan,BTN,South Asia,Lower middle income,2007,-0.4721196,3.053,33.3
Bhutan,BTN,South Asia,Lower middle income,2008,-0.557140499999999,-18.008,29.5
Bhutan,BTN,South Asia,Lower middle income,2009,-0.841758,-51.085,19.4
Bhutan,BTN,South Asia,Lower middle income,2010,-0.867229399999999,-3.026,19.9
Bhutan,BTN,South Asia,Lower middle income,2011,-0.8648393,0.276,20.3
Bhutan,BTN,South Asia,Lower middle income,2012,-0.8397388,2.902,22.3
Bhutan,BTN,South Asia,Lower middle income,2013,-0.8405889,-0.101,22.3
Bhutan,BTN,South Asia,Lower middle income,2014,-0.727548099999999,13.448,26.2
Bhutan,BTN,South Asia,Lower middle income,2015,-0.401577299999999,44.804,37.3
Bhutan,BTN,South Asia,Lower middle income,2016,-0.344325999999999,14.257,40.7
Bhutan,BTN,South Asia,Lower middle income,2017,-0.1285626,62.663,46.6
Bhutan,BTN,South Asia,Lower middle income,2018,-0.0472384,63.256,52.9
Bhutan,BTN,South Asia,Lower middle income,2019,-0.0695533,-47.239,51
Bhutan,BTN,South Asia,Lower middle income,2020,-0.0309429,55.512,53.4
Bhutan,BTN,South Asia,Lower middle income,2021,-0.0451337,-45.861,52.9
Bhutan,BTN,South Asia,Lower middle income,2022,-0.109357799999999,-142.297,49.5
Bhutan,BTN,South Asia,Lower middle income,2023,-0.109245,0.103,50
Bolivia,BOL,Latin America & Caribbean,Lower middle income,2002,-0.158954999999999,,51.6
Bolivia,BOL,Latin America & Caribbean,Lower middle income,2003,-0.1149383,27.691,52.2
Bolivia,BOL,Latin America & Caribbean,Lower middle income,2004,-0.1589524,-38.294,51.8
Bolivia,BOL,Latin America & Caribbean,Lower middle income,2005,-0.3222565,-102.738,45.9
Bolivia,BOL,Latin America & Caribbean,Lower middle income,2006,-0.6627217,-105.65,22.8
Bolivia,BOL,Latin America & Caribbean,Lower middle income,2007,-0.7718798,-16.471,21.2
Bolivia,BOL,Latin America & Caribbean,Lower middle income,2008,-0.808172799999999,-4.702,20.5
Bolivia,BOL,Latin America & Caribbean,Lower middle income,2009,-0.8805278,-8.953,18.4
Bolivia,BOL,Latin America & Caribbean,Lower middle income,2010,-0.8393752,4.674,20.9
Bolivia,BOL,Latin America & Caribbean,Lower middle income,2011,-0.799982699999999,4.693,23.3
Bolivia,BOL,Latin America & Caribbean,Lower middle income,2012,-0.8690743,-8.637,20.8
Bolivia,BOL,Latin America & Caribbean,Lower middle income,2013,-0.856648299999999,1.43,21.3
Bolivia,BOL,Latin America & Caribbean,Lower middle income,2014,-0.8423377,1.671,19.8
Bolivia,BOL,Latin America & Caribbean,Lower middle income,2015,-0.8213682,2.489,18.6
Bolivia,BOL,Latin America & Caribbean,Lower middle income,2016,-0.8393587,-2.19,17.6
Bolivia,BOL,Latin America & Caribbean,Lower middle income,2017,-0.829255299999999,1.204,17.2
Bolivia,BOL,Latin America & Caribbean,Lower middle income,2018,-0.8485465,-2.326,15.7
Bolivia,BOL,Latin America & Caribbean,Lower middle income,2019,-0.9755809,-14.971,12.3
Bolivia,BOL,Latin America & Caribbean,Lower middle income,2020,-1.0510123,-7.732,11.8
Bolivia,BOL,Latin America & Caribbean,Lower middle income,2021,-1.117001,-6.279,11.3
Bolivia,BOL,Latin America & Caribbean,Lower middle income,2022,-1.13735149999999,-1.822,11.3
Bolivia,BOL,Latin America & Caribbean,Lower middle income,2023,-1.1594687,-1.945,11.8
Bosnia and Herzegovina,BIH,Europe & Central Asia,Upper middle income,2002,-0.725529299999999,,30.8
Bosnia and Herzegovina,BIH,Europe & Central Asia,Upper middle income,2003,-0.489429199999999,32.542,37.9
Bosnia and Herzegovina,BIH,Europe & Central Asia,Upper middle income,2004,-0.3930802,19.686,44.6
Bosnia and Herzegovina,BIH,Europe & Central Asia,Upper middle income,2005,-0.384305199999999,2.232,42.3
Bosnia and Herzegovina,BIH,Europe & Central Asia,Upper middle income,2006,-0.302689999999999,21.237,46.2
Bosnia and Herzegovina,BIH,Europe & Central Asia,Upper middle income,2007,-0.2740336,9.467,44.9
Bosnia and Herzegovina,BIH,Europe & Central Asia,Upper middle income,2008,-0.207967799999999,24.109,48.5
Bosnia and Herzegovina,BIH,Europe & Central Asia,Upper middle income,2009,-0.208602999999999,-0.305,47.3
Bosnia and Herzegovina,BIH,Europe & Central Asia,Upper middle income,2010,-0.2413666,-15.706,46.3
Bosnia and Herzegovina,BIH,Europe & Central Asia,Upper middle income,2011,-0.2715825,-12.519,47
Bosnia and Herzegovina,BIH,Europe & Central Asia,Upper middle income,2012,-0.205219999999999,24.435,50
Bosnia and Herzegovina,BIH,Europe & Central Asia,Upper middle income,2013,-0.2013766,1.873,50
Bosnia and Herzegovina,BIH,Europe & Central Asia,Upper middle income,2014,-0.1859247,7.673,48.5
Bosnia and Herzegovina,BIH,Europe & Central Asia,Upper middle income,2015,-0.2509226,-34.959,45.6
Bosnia and Herzegovina,BIH,Europe & Central Asia,Upper middle income,2016,-0.2439076,2.796,43.6
Bosnia and Herzegovina,BIH,Europe & Central Asia,Upper middle income,2017,-0.1684447,30.939,44.6
Bosnia and Herzegovina,BIH,Europe & Central Asia,Upper middle income,2018,-0.3157976,-87.479,40.2
Bosnia and Herzegovina,BIH,Europe & Central Asia,Upper middle income,2019,-0.3767077,-19.288,38.2
Bosnia and Herzegovina,BIH,Europe & Central Asia,Upper middle income,2020,-0.3741576,0.677,40.2
Bosnia and Herzegovina,BIH,Europe & Central Asia,Upper middle income,2021,-0.3797619,-1.498,38.7
Bosnia and Herzegovina,BIH,Europe & Central Asia,Upper middle income,2022,-0.3795221,0.063,41.2
Bosnia and Herzegovina,BIH,Europe & Central Asia,Upper middle income,2023,-0.3476707,8.393,42.6
Botswana,BWA,Sub-Saharan Africa,Upper middle income,2002,0.9057581,,76.9
Botswana,BWA,Sub-Saharan Africa,Upper middle income,2003,0.8864773,-2.129,74.2
Botswana,BWA,Sub-Saharan Africa,Upper middle income,2004,0.7209508,-18.672,75.4
Botswana,BWA,Sub-Saharan Africa,Upper middle income,2005,0.8046831,11.614,75
Botswana,BWA,Sub-Saharan Africa,Upper middle income,2006,0.6285938,-21.883,71.1
Botswana,BWA,Sub-Saharan Africa,Upper middle income,2007,0.6526476,3.827,71.2
Botswana,BWA,Sub-Saharan Africa,Upper middle income,2008,0.7587681,16.26,73.5
Botswana,BWA,Sub-Saharan Africa,Upper middle income,2009,0.7844959,3.391,74.1
Botswana,BWA,Sub-Saharan Africa,Upper middle income,2010,0.8006087,2.054,74.6
Botswana,BWA,Sub-Saharan Africa,Upper middle income,2011,0.7899782,-1.328,76.2
Botswana,BWA,Sub-Saharan Africa,Upper middle income,2012,0.8758155,10.866,78.2
Botswana,BWA,Sub-Saharan Africa,Upper middle income,2013,0.7803101,-10.905,75.2
Botswana,BWA,Sub-Saharan Africa,Upper middle income,2014,0.7233534,-7.299,77.7
Botswana,BWA,Sub-Saharan Africa,Upper middle income,2015,0.6069256,-16.096,73
Botswana,BWA,Sub-Saharan Africa,Upper middle income,2016,0.6279767,3.468,72.5
Botswana,BWA,Sub-Saharan Africa,Upper middle income,2017,0.5386963,-14.217,72.5
Botswana,BWA,Sub-Saharan Africa,Upper middle income,2018,0.5568633,3.372,73
Botswana,BWA,Sub-Saharan Africa,Upper middle income,2019,0.4296886,-22.838,70.1
Botswana,BWA,Sub-Saharan Africa,Upper middle income,2020,0.3891703,-9.43,68.1
Botswana,BWA,Sub-Saharan Africa,Upper middle income,2021,0.459995,18.199,71.1
Botswana,BWA,Sub-Saharan Africa,Upper middle income,2022,0.4849039,5.415,71.6
Botswana,BWA,Sub-Saharan Africa,Upper middle income,2023,0.446548,-7.91,70.1
Brazil,BRA,Latin America & Caribbean,Upper middle income,2002,0.0920433,,57.7
Brazil,BRA,Latin America & Caribbean,Upper middle income,2003,0.188343,104.624,60.4
Brazil,BRA,Latin America & Caribbean,Upper middle income,2004,0.0364364,-80.654,58.5
Brazil,BRA,Latin America & Caribbean,Upper middle income,2005,0.0948275,160.255,57.1
Brazil,BRA,Latin America & Caribbean,Upper middle income,2006,0.0008242,-99.131,54.3
Brazil,BRA,Latin America & Caribbean,Upper middle income,2007,-0.0432525999999999,-5347.828,53.5
Brazil,BRA,Latin America & Caribbean,Upper middle income,2008,0.1558475,460.319,57
Brazil,BRA,Latin America & Caribbean,Upper middle income,2009,0.1497206,-3.931,56.7
Brazil,BRA,Latin America & Caribbean,Upper middle income,2010,0.1900322,26.925,59.2
Brazil,BRA,Latin America & Caribbean,Upper middle income,2011,0.1885087,-0.802,58.9
Brazil,BRA,Latin America & Caribbean,Upper middle income,2012,0.1894102,0.478,59.9
Brazil,BRA,Latin America & Caribbean,Upper middle income,2013,0.1300154,-31.358,58.4
Brazil,BRA,Latin America & Caribbean,Upper middle income,2014,-0.0364999,-128.074,53
Brazil,BRA,Latin America & Caribbean,Upper middle income,2015,-0.0963301999999999,-163.919,50.5
Brazil,BRA,Latin America & Caribbean,Upper middle income,2016,-0.0962291,0.105,50
Brazil,BRA,Latin America & Caribbean,Upper middle income,2017,-0.106341399999999,-10.509,49.5
Brazil,BRA,Latin America & Caribbean,Upper middle income,2018,-0.244291999999999,-129.724,42.6
Brazil,BRA,Latin America & Caribbean,Upper middle income,2019,-0.099421,59.302,49
Brazil,BRA,Latin America & Caribbean,Upper middle income,2020,-0.1518853,-52.77,46.1
Brazil,BRA,Latin America & Caribbean,Upper middle income,2021,-0.1510718,0.536,48.5
Brazil,BRA,Latin America & Caribbean,Upper middle income,2022,-0.1989311,-31.68,46.6
Brazil,BRA,Latin America & Caribbean,Upper middle income,2023,-0.2359869,-18.627,44.6
Brunei Darussalam,BRN,East Asia & Pacific,High income,2002,1.2956322,,85.7
Brunei Darussalam,BRN,East Asia & Pacific,High income,2003,1.1730273,-9.463,80.2
Brunei Darussalam,BRN,East Asia & Pacific,High income,2004,0.7918227,-32.498,77.9
Brunei Darussalam,BRN,East Asia & Pacific,High income,2005,1.1720432,48.018,81.6
Brunei Darussalam,BRN,East Asia & Pacific,High income,2006,1.1694272,-0.223,83.2
Brunei Darussalam,BRN,East Asia & Pacific,High income,2007,1.1739818,0.389,83.8
Brunei Darussalam,BRN,East Asia & Pacific,High income,2008,0.949121,-19.154,78.5
Brunei Darussalam,BRN,East Asia & Pacific,High income,2009,1.0232638,7.812,81.6
Brunei Darussalam,BRN,East Asia & Pacific,High income,2010,1.0035146,-1.93,82.6
Brunei Darussalam,BRN,East Asia & Pacific,High income,2011,1.0180884,1.452,82.2
Brunei Darussalam,BRN,East Asia & Pacific,High income,2012,0.9898506,-2.774,82.2
Brunei Darussalam,BRN,East Asia & Pacific,High income,2013,1.0783592,8.942,83.7
Brunei Darussalam,BRN,East Asia & Pacific,High income,2014,1.0142248,-5.947,84.7
Brunei Darussalam,BRN,East Asia & Pacific,High income,2015,0.9482167,-6.508,80.4
Brunei Darussalam,BRN,East Asia & Pacific,High income,2016,0.7803651,-17.702,76.5
Brunei Darussalam,BRN,East Asia & Pacific,High income,2017,0.8630799,10.6,77.5
Brunei Darussalam,BRN,East Asia & Pacific,High income,2018,0.8702446,0.83,77.9
Brunei Darussalam,BRN,East Asia & Pacific,High income,2019,0.8013123,-7.921,77
Brunei Darussalam,BRN,East Asia & Pacific,High income,2020,0.8099842,1.082,77.9
Brunei Darussalam,BRN,East Asia & Pacific,High income,2021,0.86713,7.055,79.9
Brunei Darussalam,BRN,East Asia & Pacific,High income,2022,0.8654815,-0.19,80.9
Brunei Darussalam,BRN,East Asia & Pacific,High income,2023,0.8078928,-6.654,79.4
Bulgaria,BGR,Europe & Central Asia,High income,2002,0.3857171,,65.4
Bulgaria,BGR,Europe & Central Asia,High income,2003,0.5244916,35.978,68.1
Bulgaria,BGR,Europe & Central Asia,High income,2004,0.5420783,3.353,70.8
Bulgaria,BGR,Europe & Central Asia,High income,2005,0.6353859,17.213,70.9
Bulgaria,BGR,Europe & Central Asia,High income,2006,0.5521691,-13.097,69.5
Bulgaria,BGR,Europe & Central Asia,High income,2007,0.5972288,8.16,69.2
Bulgaria,BGR,Europe & Central Asia,High income,2008,0.62931,5.372,70.5
Bulgaria,BGR,Europe & Central Asia,High income,2009,0.5008737,-20.409,67.2
Bulgaria,BGR,Europe & Central Asia,High income,2010,0.4826727,-3.634,65.2
Bulgaria,BGR,Europe & Central Asia,High income,2011,0.3293894,-31.757,62.9
Bulgaria,BGR,Europe & Central Asia,High income,2012,0.3314826,0.635,64.9
Bulgaria,BGR,Europe & Central Asia,High income,2013,0.2963471,-10.6,64.4
Bulgaria,BGR,Europe & Central Asia,High income,2014,0.3082609,4.02,66.8
Bulgaria,BGR,Europe & Central Asia,High income,2015,0.4178283,35.544,69.1
Bulgaria,BGR,Europe & Central Asia,High income,2016,0.5564144,33.168,71.6
Bulgaria,BGR,Europe & Central Asia,High income,2017,0.5379574,-3.317,72.1
Bulgaria,BGR,Europe & Central Asia,High income,2018,0.4816346,-10.47,70.6
Bulgaria,BGR,Europe & Central Asia,High income,2019,0.4580563,-4.895,70.6
Bulgaria,BGR,Europe & Central Asia,High income,2020,0.3077122,-32.822,67.6
Bulgaria,BGR,Europe & Central Asia,High income,2021,0.3229289,4.945,66.2
Bulgaria,BGR,Europe & Central Asia,High income,2022,0.2475956,-23.328,64.7
Bulgaria,BGR,Europe & Central Asia,High income,2023,0.351784,42.08,66.7
Burkina Faso,BFA,Sub-Saharan Africa,Low income,2002,-0.1921245,,49.5
Burkina Faso,BFA,Sub-Saharan Africa,Low income,2003,-0.279226,-45.336,45.6
Burkina Faso,BFA,Sub-Saharan Africa,Low income,2004,-0.632198599999999,-126.411,29.7
Burkina Faso,BFA,Sub-Saharan Africa,Low income,2005,-0.645759299999999,-2.145,26
Burkina Faso,BFA,Sub-Saharan Africa,Low income,2006,-0.509289099999999,21.133,33
Burkina Faso,BFA,Sub-Saharan Africa,Low income,2007,-0.4141766,18.676,39.4
Burkina Faso,BFA,Sub-Saharan Africa,Low income,2008,-0.2003633,51.624,49.5
Burkina Faso,BFA,Sub-Saharan Africa,Low income,2009,-0.1701373,15.086,48.3
Burkina Faso,BFA,Sub-Saharan Africa,Low income,2010,-0.158146999999999,7.047,48.3
Burkina Faso,BFA,Sub-Saharan Africa,Low income,2011,-0.192947099999999,-22.005,49.5
Burkina Faso,BFA,Sub-Saharan Africa,Low income,2012,-0.246521599999999,-27.766,48.5
Burkina Faso,BFA,Sub-Saharan Africa,Low income,2013,-0.2644979,-7.292,47
Burkina Faso,BFA,Sub-Saharan Africa,Low income,2014,-0.352730899999999,-33.359,42.1
Burkina Faso,BFA,Sub-Saharan Africa,Low income,2015,-0.4192478,-18.858,36.3
Burkina Faso,BFA,Sub-Saharan Africa,Low income,2016,-0.425305,-1.445,35.3
Burkina Faso,BFA,Sub-Saharan Africa,Low income,2017,-0.415901199999999,2.211,35.3
Burkina Faso,BFA,Sub-Saharan Africa,Low income,2018,-0.423763899999999,-1.891,36.3
Burkina Faso,BFA,Sub-Saharan Africa,Low income,2019,-0.4675262,-10.327,36.3
Burkina Faso,BFA,Sub-Saharan Africa,Low income,2020,-0.4990944,-6.752,35.3
Burkina Faso,BFA,Sub-Saharan Africa,Low income,2021,-0.4590282,8.028,36.8
Burkina Faso,BFA,Sub-Saharan Africa,Low income,2022,-0.497673999999999,-8.419,35.3
Burkina Faso,BFA,Sub-Saharan Africa,Low income,2023,-0.4822862,3.092,36.8
Burundi,BDI,Sub-Saharan Africa,Low income,2002,-1.42310729999999,,8.8
Burundi,BDI,Sub-Saharan Africa,Low income,2003,-1.43268129999999,-0.673,10.4
Burundi,BDI,Sub-Saharan Africa,Low income,2004,-1.2194663,14.882,11.3
Burundi,BDI,Sub-Saharan Africa,Low income,2005,-1.1965385,1.88,11.7
Burundi,BDI,Sub-Saharan Africa,Low income,2006,-1.1055913,7.601,14.2
Burundi,BDI,Sub-Saharan Africa,Low income,2007,-1.0994268,0.558,13.6
Burundi,BDI,Sub-Saharan Africa,Low income,2008,-1.0984439,0.089,13.5
Burundi,BDI,Sub-Saharan Africa,Low income,2009,-1.04555699999999,4.815,15.9
Burundi,BDI,Sub-Saharan Africa,Low income,2010,-1.02492729999999,1.973,14.9
Burundi,BDI,Sub-Saharan Africa,Low income,2011,-0.974507799999999,4.919,16.8
Burundi,BDI,Sub-Saharan Africa,Low income,2012,-0.925571199999999,5.022,18.8
Burundi,BDI,Sub-Saharan Africa,Low income,2013,-0.975190999999999,-5.361,17.3
Burundi,BDI,Sub-Saharan Africa,Low income,2014,-0.859611399999999,11.852,19.3
Burundi,BDI,Sub-Saharan Africa,Low income,2015,-0.877409999999999,-2.071,17.2
Burundi,BDI,Sub-Saharan Africa,Low income,2016,-0.8927645,-1.75,15.7
Burundi,BDI,Sub-Saharan Africa,Low income,2017,-0.8542464,4.314,16.2
Burundi,BDI,Sub-Saharan Africa,Low income,2018,-0.9758328,-14.233,12.7
Burundi,BDI,Sub-Saharan Africa,Low income,2019,-0.926177799999999,5.088,13.2
Burundi,BDI,Sub-Saharan Africa,Low income,2020,-1.0171598,-9.823,13.2
Burundi,BDI,Sub-Saharan Africa,Low income,2021,-1.00004119999999,1.683,12.7
Burundi,BDI,Sub-Saharan Africa,Low income,2022,-0.9203619,7.968,17.2
Burundi,BDI,Sub-Saharan Africa,Low income,2023,-0.882728,4.089,17.6
Cabo Verde,CPV,Sub-Saharan Africa,Upper middle income,2002,-0.234915699999999,,47.8
Cabo Verde,CPV,Sub-Saharan Africa,Upper middle income,2003,-0.2348563,0.025,49.5
Cabo Verde,CPV,Sub-Saharan Africa,Upper middle income,2004,-0.454127599999999,-93.364,40.5
Cabo Verde,CPV,Sub-Saharan Africa,Upper middle income,2005,-0.3681731,18.927,43.4
Cabo Verde,CPV,Sub-Saharan Africa,Upper middle income,2006,-0.300431499999999,18.399,46.7
Cabo Verde,CPV,Sub-Saharan Africa,Upper middle income,2007,-0.199633999999999,33.551,48
Cabo Verde,CPV,Sub-Saharan Africa,Upper middle income,2008,-0.1384274,30.659,51.5
Cabo Verde,CPV,Sub-Saharan Africa,Upper middle income,2009,-0.0620019,55.21,51.7
Cabo Verde,CPV,Sub-Saharan Africa,Upper middle income,2010,-0.1195222,-92.772,49.8
Cabo Verde,CPV,Sub-Saharan Africa,Upper middle income,2011,-0.0077972,93.476,55
Cabo Verde,CPV,Sub-Saharan Africa,Upper middle income,2012,-0.0338918999999999,-334.668,53.5
Cabo Verde,CPV,Sub-Saharan Africa,Upper middle income,2013,-0.1824181,-438.235,50.5
Cabo Verde,CPV,Sub-Saharan Africa,Upper middle income,2014,-0.1956659,-7.262,48
Cabo Verde,CPV,Sub-Saharan Africa,Upper middle income,2015,-0.213468,-9.098,46.6
Cabo Verde,CPV,Sub-Saharan Africa,Upper middle income,2016,-0.1817907,14.839,47.1
Cabo Verde,CPV,Sub-Saharan Africa,Upper middle income,2017,-0.1391468,23.458,46.1
Cabo Verde,CPV,Sub-Saharan Africa,Upper middle income,2018,-0.207029699999999,-48.785,44.1
Cabo Verde,CPV,Sub-Saharan Africa,Upper middle income,2019,-0.054116,73.861,52.9
Cabo Verde,CPV,Sub-Saharan Africa,Upper middle income,2020,0.00220269999999999,104.07,54.9
Cabo Verde,CPV,Sub-Saharan Africa,Upper middle income,2021,0.0657809,2886.376,57.4
Cabo Verde,CPV,Sub-Saharan Africa,Upper middle income,2022,0.0965552,46.783,59.8
Cabo Verde,CPV,Sub-Saharan Africa,Upper middle income,2023,0.0966797,0.129,59.3
Cambodia,KHM,East Asia & Pacific,Lower middle income,2002,-0.2523816,,45.1
Cambodia,KHM,East Asia & Pacific,Lower middle income,2003,-0.2523591,0.009,47.8
Cambodia,KHM,East Asia & Pacific,Lower middle income,2004,-0.408007199999999,-61.677,43.1
Cambodia,KHM,East Asia & Pacific,Lower middle income,2005,-0.5046565,-23.688,35.2
Cambodia,KHM,East Asia & Pacific,Lower middle income,2006,-0.525645599999999,-4.159,31.5
Cambodia,KHM,East Asia & Pacific,Lower middle income,2007,-0.4484834,14.68,35.9
Cambodia,KHM,East Asia & Pacific,Lower middle income,2008,-0.4508525,-0.528,35.5
Cambodia,KHM,East Asia & Pacific,Lower middle income,2009,-0.4303625,4.545,36.3
Cambodia,KHM,East Asia & Pacific,Lower middle income,2010,-0.411989799999999,4.269,37.8
Cambodia,KHM,East Asia & Pacific,Lower middle income,2011,-0.660577299999999,-60.338,28.7
Cambodia,KHM,East Asia & Pacific,Lower middle income,2012,-0.516539899999999,21.805,33.2
Cambodia,KHM,East Asia & Pacific,Lower middle income,2013,-0.491139699999999,4.917,36.1
Cambodia,KHM,East Asia & Pacific,Lower middle income,2014,-0.6121749,-24.644,31.7
Cambodia,KHM,East Asia & Pacific,Lower middle income,2015,-0.6326758,-3.349,28.9
Cambodia,KHM,East Asia & Pacific,Lower middle income,2016,-0.567275899999999,10.337,29.9
Cambodia,KHM,East Asia & Pacific,Lower middle income,2017,-0.603996499999999,-6.473,28.9
Cambodia,KHM,East Asia & Pacific,Lower middle income,2018,-0.5908086,2.183,30.9
Cambodia,KHM,East Asia & Pacific,Lower middle income,2019,-0.6492291,-9.888,27
Cambodia,KHM,East Asia & Pacific,Lower middle income,2020,-0.696444,-7.272,27.9
Cambodia,KHM,East Asia & Pacific,Lower middle income,2021,-0.6885401,1.135,27
Cambodia,KHM,East Asia & Pacific,Lower middle income,2022,-0.6946692,-0.89,27
Cambodia,KHM,East Asia & Pacific,Lower middle income,2023,-0.676237299999999,2.653,28.4
Cameroon,CMR,Sub-Saharan Africa,Lower middle income,2002,-1.1092138,,16.5
Cameroon,CMR,Sub-Saharan Africa,Lower middle income,2003,-1.1127486,-0.319,18.7
Cameroon,CMR,Sub-Saharan Africa,Lower middle income,2004,-0.807093499999999,27.468,22.6
Cameroon,CMR,Sub-Saharan Africa,Lower middle income,2005,-0.798053399999999,1.12,21.4
Cameroon,CMR,Sub-Saharan Africa,Lower middle income,2006,-0.79836,-0.038,21.3
Cameroon,CMR,Sub-Saharan Africa,Lower middle income,2007,-0.7119493,10.824,22.7
Cameroon,CMR,Sub-Saharan Africa,Lower middle income,2008,-0.708679899999999,0.459,24.5
Cameroon,CMR,Sub-Saharan Africa,Lower middle income,2009,-0.737478499999999,-4.064,24.9
Cameroon,CMR,Sub-Saharan Africa,Lower middle income,2010,-0.7502651,-1.734,23.9
Cameroon,CMR,Sub-Saharan Africa,Lower middle income,2011,-0.814931499999999,-8.619,22.3
Cameroon,CMR,Sub-Saharan Africa,Lower middle income,2012,-0.9033095,-10.845,19.8
Cameroon,CMR,Sub-Saharan Africa,Lower middle income,2013,-0.918762499999999,-1.711,19.8
Cameroon,CMR,Sub-Saharan Africa,Lower middle income,2014,-0.8083541,12.017,21.8
Cameroon,CMR,Sub-Saharan Africa,Lower middle income,2015,-0.7586864,6.144,22.1
Cameroon,CMR,Sub-Saharan Africa,Lower middle income,2016,-0.7135794,5.945,23.5
Cameroon,CMR,Sub-Saharan Africa,Lower middle income,2017,-0.7908965,-10.835,18.1
Cameroon,CMR,Sub-Saharan Africa,Lower middle income,2018,-0.774601499999999,2.06,21.1
Cameroon,CMR,Sub-Saharan Africa,Lower middle income,2019,-0.7732119,0.179,20.6
Cameroon,CMR,Sub-Saharan Africa,Lower middle income,2020,-0.7462458,3.488,23
Cameroon,CMR,Sub-Saharan Africa,Lower middle income,2021,-0.816719899999999,-9.444,21.6
Cameroon,CMR,Sub-Saharan Africa,Lower middle income,2022,-0.754941299999999,7.564,25
Cameroon,CMR,Sub-Saharan Africa,Lower middle income,2023,-0.739391399999999,2.06,25.5
Canada,CAN,North America,High income,2002,1.7568887,,93.4
Canada,CAN,North America,High income,2003,1.6789119,-4.438,91.2
Canada,CAN,North America,High income,2004,1.6899655,0.658,93.3
Canada,CAN,North America,High income,2005,1.7709616,4.793,93.9
Canada,CAN,North America,High income,2006,1.7177452,-3.005,93.4
Canada,CAN,North America,High income,2007,1.6474877,-4.09,91.9
Canada,CAN,North America,High income,2008,1.6723661,1.51,93.5
Canada,CAN,North America,High income,2009,1.6450966,-1.631,94.5
Canada,CAN,North America,High income,2010,1.6328448,-0.745,93.5
Canada,CAN,North America,High income,2011,1.5988621,-2.081,93.6
Canada,CAN,North America,High income,2012,1.7284567,8.105,93.6
Canada,CAN,North America,High income,2013,1.7532264,1.433,93.6
Canada,CAN,North America,High income,2014,1.6824307,-4.038,95
Canada,CAN,North America,High income,2015,1.6588804,-1.4,93.1
Canada,CAN,North America,High income,2016,1.7705123,6.729,95.6
Canada,CAN,North America,High income,2017,1.8439556,4.148,97.5
Canada,CAN,North America,High income,2018,1.642282,-10.937,92.6
Canada,CAN,North America,High income,2019,1.6826483,2.458,94.1
Canada,CAN,North America,High income,2020,1.5928788,-5.335,93.6
Canada,CAN,North America,High income,2021,1.6316738,2.436,94.6
Canada,CAN,North America,High income,2022,1.6322148,0.033,94.6
Canada,CAN,North America,High income,2023,1.572456,-3.661,93.6
Cayman Islands,CYM,Latin America & Caribbean,High income,2002,1.6467614,,90.1
Cayman Islands,CYM,Latin America & Caribbean,High income,2003,1.4692477,-10.78,87.9
Cayman Islands,CYM,Latin America & Caribbean,High income,2004,1.1451449,-22.059,85.1
Cayman Islands,CYM,Latin America & Caribbean,High income,2005,1.4678229,28.178,88.3
Cayman Islands,CYM,Latin America & Caribbean,High income,2006,1.4640353,-0.258,87.8
Cayman Islands,CYM,Latin America & Caribbean,High income,2007,1.4706297,0.45,87.9
Cayman Islands,CYM,Latin America & Caribbean,High income,2008,1.2901089,-12.275,87
Cayman Islands,CYM,Latin America & Caribbean,High income,2009,1.2676128,-1.744,86.1
Cayman Islands,CYM,Latin America & Caribbean,High income,2010,1.2676821,0.005,86.1
Cayman Islands,CYM,Latin America & Caribbean,High income,2011,1.2681736,0.039,86.6
Cayman Islands,CYM,Latin America & Caribbean,High income,2012,1.2628039,-0.423,86.6
Cayman Islands,CYM,Latin America & Caribbean,High income,2013,1.262008,-0.063,86.6
Cayman Islands,CYM,Latin America & Caribbean,High income,2014,0.9620849,-23.766,82.7
Cayman Islands,CYM,Latin America & Caribbean,High income,2015,0.967153,0.527,80.9
Cayman Islands,CYM,Latin America & Caribbean,High income,2016,0.9683381,0.123,81.4
Cayman Islands,CYM,Latin America & Caribbean,High income,2017,0.969592,0.129,82.4
Cayman Islands,CYM,Latin America & Caribbean,High income,2018,1.0785257,11.235,84.3
Cayman Islands,CYM,Latin America & Caribbean,High income,2019,1.0799235,0.13,84.8
Cayman Islands,CYM,Latin America & Caribbean,High income,2020,1.0775435,-0.22,84.8
Cayman Islands,CYM,Latin America & Caribbean,High income,2021,1.0765863,-0.089,84.3
Cayman Islands,CYM,Latin America & Caribbean,High income,2022,1.074035,-0.237,84.8
Cayman Islands,CYM,Latin America & Caribbean,High income,2023,1.0743068,0.025,84.8
Central African Republic,CAF,Sub-Saharan Africa,Low income,2002,-1.4143077,,9.3
Central African Republic,CAF,Sub-Saharan Africa,Low income,2003,-1.55865609999999,-10.206,6.6
Central African Republic,CAF,Sub-Saharan Africa,Low income,2004,-1.1684303,25.036,13.8
Central African Republic,CAF,Sub-Saharan Africa,Low income,2005,-1.3252678,-13.423,8.7
Central African Republic,CAF,Sub-Saharan Africa,Low income,2006,-1.3418318,-1.25,7.1
Central African Republic,CAF,Sub-Saharan Africa,Low income,2007,-1.29699649999999,3.341,9.1
Central African Republic,CAF,Sub-Saharan Africa,Low income,2008,-1.29744709999999,-0.035,7
Central African Republic,CAF,Sub-Saharan Africa,Low income,2009,-1.1709528,9.749,9.5
Central African Republic,CAF,Sub-Saharan Africa,Low income,2010,-1.1011777,5.959,11.9
Central African Republic,CAF,Sub-Saharan Africa,Low income,2011,-1.1159256,-1.339,12.9
Central African Republic,CAF,Sub-Saharan Africa,Low income,2012,-1.1406329,-2.214,10.9
Central African Republic,CAF,Sub-Saharan Africa,Low income,2013,-1.4160967,-24.15,6.4
Central African Republic,CAF,Sub-Saharan Africa,Low income,2014,-1.51844619999999,-7.228,5
Central African Republic,CAF,Sub-Saharan Africa,Low income,2015,-1.51735929999999,0.072,3.9
Central African Republic,CAF,Sub-Saharan Africa,Low income,2016,-1.4327731,5.575,4.4
Central African Republic,CAF,Sub-Saharan Africa,Low income,2017,-1.4177784,1.047,4.4
Central African Republic,CAF,Sub-Saharan Africa,Low income,2018,-1.36776269999999,3.528,5.4
Central African Republic,CAF,Sub-Saharan Africa,Low income,2019,-1.36738239999999,0.028,5.4
Central African Republic,CAF,Sub-Saharan Africa,Low income,2020,-1.365152,0.163,6.4
Central African Republic,CAF,Sub-Saharan Africa,Low income,2021,-1.3937882,-2.098,6.4
Central African Republic,CAF,Sub-Saharan Africa,Low income,2022,-1.36948269999999,1.744,6.4
Central African Republic,CAF,Sub-Saharan Africa,Low income,2023,-1.3283436,3.004,6.9
Chad,TCD,Sub-Saharan Africa,Low income,2002,-1.04194189999999,,17
Chad,TCD,Sub-Saharan Africa,Low income,2003,-1.1759627,-12.863,16.5
Chad,TCD,Sub-Saharan Africa,Low income,2004,-0.99722,15.2,17.9
Chad,TCD,Sub-Saharan Africa,Low income,2005,-1.2715808,-27.513,9.2
Chad,TCD,Sub-Saharan Africa,Low income,2006,-1.2042054,5.299,11.2
Chad,TCD,Sub-Saharan Africa,Low income,2007,-1.20383329999999,0.031,10.1
Chad,TCD,Sub-Saharan Africa,Low income,2008,-1.2303822,-2.205,9
Chad,TCD,Sub-Saharan Africa,Low income,2009,-1.18069619999999,4.038,9
Chad,TCD,Sub-Saharan Africa,Low income,2010,-1.2069765,-2.226,8.5
Chad,TCD,Sub-Saharan Africa,Low income,2011,-1.2004469,0.541,8.9
Chad,TCD,Sub-Saharan Africa,Low income,2012,-1.2158533,-1.283,9.9
Chad,TCD,Sub-Saharan Africa,Low income,2013,-1.22437019999999,-0.7,9.9
Chad,TCD,Sub-Saharan Africa,Low income,2014,-1.1659712,4.77,9.9
Chad,TCD,Sub-Saharan Africa,Low income,2015,-1.150013,1.369,8.3
Chad,TCD,Sub-Saharan Africa,Low income,2016,-1.14236,0.665,9.8
Chad,TCD,Sub-Saharan Africa,Low income,2017,-1.09164939999999,4.439,10.8
Chad,TCD,Sub-Saharan Africa,Low income,2018,-1.124001,-2.964,11.3
Chad,TCD,Sub-Saharan Africa,Low income,2019,-1.151166,-2.417,10.8
Chad,TCD,Sub-Saharan Africa,Low income,2020,-1.1473695,0.33,10.8
Chad,TCD,Sub-Saharan Africa,Low income,2021,-1.0888251,5.102,11.8
Chad,TCD,Sub-Saharan Africa,Low income,2022,-1.0433507,4.176,12.7
Chad,TCD,Sub-Saharan Africa,Low income,2023,-1.083941,-3.89,12.3
Chile,CHL,Latin America & Caribbean,High income,2002,1.4956102,,89
Chile,CHL,Latin America & Caribbean,High income,2003,1.5852046,5.99,90.1
Chile,CHL,Latin America & Caribbean,High income,2004,1.4889358,-6.073,91.3
Chile,CHL,Latin America & Caribbean,High income,2005,1.6182059,8.682,90.3
Chile,CHL,Latin America & Caribbean,High income,2006,1.5971585,-1.301,90.9
Chile,CHL,Latin America & Caribbean,High income,2007,1.5927258,-0.278,91.4
Chile,CHL,Latin America & Caribbean,High income,2008,1.5972845,0.286,91.5
Chile,CHL,Latin America & Caribbean,High income,2009,1.5580218,-2.458,92
Chile,CHL,Latin America & Caribbean,High income,2010,1.4678973,-5.785,90.5
Chile,CHL,Latin America & Caribbean,High income,2011,1.4886588,1.414,91.6
Chile,CHL,Latin America & Caribbean,High income,2012,1.5473793,3.945,92.6
Chile,CHL,Latin America & Caribbean,High income,2013,1.5014762,-2.967,92.1
Chile,CHL,Latin America & Caribbean,High income,2014,1.3238528,-11.83,90.6
Chile,CHL,Latin America & Caribbean,High income,2015,1.2230295,-7.616,87.7
Chile,CHL,Latin America & Caribbean,High income,2016,1.2761322,4.342,87.3
Chile,CHL,Latin America & Caribbean,High income,2017,1.2402076,-2.815,86.3
Chile,CHL,Latin America & Caribbean,High income,2018,1.1753875,-5.227,86.3
Chile,CHL,Latin America & Caribbean,High income,2019,1.0772532,-8.349,84.3
Chile,CHL,Latin America & Caribbean,High income,2020,0.8902664,-17.358,80.9
Chile,CHL,Latin America & Caribbean,High income,2021,0.8736894,-1.862,81.4
Chile,CHL,Latin America & Caribbean,High income,2022,0.8278003,-5.252,78.9
Chile,CHL,Latin America & Caribbean,High income,2023,0.8474903,2.379,80.4
China,CHN,East Asia & Pacific,Upper middle income,2002,-0.6181034,,33
China,CHN,East Asia & Pacific,Upper middle income,2003,-0.5718516,7.483,35.7
China,CHN,East Asia & Pacific,Upper middle income,2004,-0.3199809,44.045,47.2
China,CHN,East Asia & Pacific,Upper middle income,2005,-0.275588599999999,13.873,48
China,CHN,East Asia & Pacific,Upper middle income,2006,-0.1592207,42.225,51.8
China,CHN,East Asia & Pacific,Upper middle income,2007,-0.1438419,9.659,51
China,CHN,East Asia & Pacific,Upper middle income,2008,-0.0727936,49.393,53.5
China,CHN,East Asia & Pacific,Upper middle income,2009,-0.139326099999999,-91.399,49.8
China,CHN,East Asia & Pacific,Upper middle income,2010,-0.1275767,8.433,49.3
China,CHN,East Asia & Pacific,Upper middle income,2011,-0.0991737999999999,22.263,51.5
China,CHN,East Asia & Pacific,Upper middle income,2012,-0.2489079,-150.982,48
China,CHN,East Asia & Pacific,Upper middle income,2013,-0.262571999999999,-5.49,47.5
China,CHN,East Asia & Pacific,Upper middle income,2014,-0.1691285,35.588,49
China,CHN,East Asia & Pacific,Upper middle income,2015,-0.1789518,-5.808,48
China,CHN,East Asia & Pacific,Upper middle income,2016,-0.147913799999999,17.344,49
China,CHN,East Asia & Pacific,Upper middle income,2017,-0.0708427,52.105,51
China,CHN,East Asia & Pacific,Upper middle income,2018,-0.0905581,-27.83,51
China,CHN,East Asia & Pacific,Upper middle income,2019,-0.0619233999999999,31.62,52
China,CHN,East Asia & Pacific,Upper middle income,2020,-0.0666201,-7.585,52.9
China,CHN,East Asia & Pacific,Upper middle income,2021,-0.0246937,62.934,53.4
China,CHN,East Asia & Pacific,Upper middle income,2022,-0.0908271,-267.815,50.5
China,CHN,East Asia & Pacific,Upper middle income,2023,-0.0818839,9.846,51.5
Colombia,COL,Latin America & Caribbean,Upper middle income,2002,-0.0425074,,55.5
Colombia,COL,Latin America & Caribbean,Upper middle income,2003,-0.0177115999999999,58.333,54.4
Colombia,COL,Latin America & Caribbean,Upper middle income,2004,-0.0323592,-82.701,57.4
Colombia,COL,Latin America & Caribbean,Upper middle income,2005,0.0559858,273.014,56.1
Colombia,COL,Latin America & Caribbean,Upper middle income,2006,0.0977446,74.588,55.8
Colombia,COL,Latin America & Caribbean,Upper middle income,2007,0.1335011,36.582,58.1
Colombia,COL,Latin America & Caribbean,Upper middle income,2008,0.2356723,76.532,59
Colombia,COL,Latin America & Caribbean,Upper middle income,2009,0.0558239,-76.313,55.2
Colombia,COL,Latin America & Caribbean,Upper middle income,2010,0.056311,0.873,56.2
Colombia,COL,Latin America & Caribbean,Upper middle income,2011,0.2180915,287.298,60.4
Colombia,COL,Latin America & Caribbean,Upper middle income,2012,0.221908,1.75,61.4
Colombia,COL,Latin America & Caribbean,Upper middle income,2013,0.2360812,6.387,62.4
Colombia,COL,Latin America & Caribbean,Upper middle income,2014,0.2562707,8.552,65.3
Colombia,COL,Latin America & Caribbean,Upper middle income,2015,0.3094832,20.764,67.2
Colombia,COL,Latin America & Caribbean,Upper middle income,2016,0.2729462,-11.806,66.7
Colombia,COL,Latin America & Caribbean,Upper middle income,2017,0.1683573,-38.319,62.3
Colombia,COL,Latin America & Caribbean,Upper middle income,2018,0.108854,-35.343,60.3
Colombia,COL,Latin America & Caribbean,Upper middle income,2019,0.2323351,113.437,63.7
Colombia,COL,Latin America & Caribbean,Upper middle income,2020,0.160839,-30.773,60.8
Colombia,COL,Latin America & Caribbean,Upper middle income,2021,0.2365791,47.091,64.7
Colombia,COL,Latin America & Caribbean,Upper middle income,2022,0.1864213,-21.201,62.3
Colombia,COL,Latin America & Caribbean,Upper middle income,2023,0.1365735,-26.739,60.8
Comoros,COM,Sub-Saharan Africa,Lower middle income,2002,-1.0171786,,18.1
Comoros,COM,Sub-Saharan Africa,Lower middle income,2003,-1.3722884,-34.911,12.1
Comoros,COM,Sub-Saharan Africa,Lower middle income,2004,-1.51512119999999,-10.408,6.7
Comoros,COM,Sub-Saharan Africa,Lower middle income,2005,-1.52176539999999,-0.439,4.6
Comoros,COM,Sub-Saharan Africa,Lower middle income,2006,-1.4136606,7.104,5.6
Comoros,COM,Sub-Saharan Africa,Lower middle income,2007,-1.3710517,3.014,6.6
Comoros,COM,Sub-Saharan Africa,Lower middle income,2008,-1.4944894,-9.003,4
Comoros,COM,Sub-Saharan Africa,Lower middle income,2009,-1.5317309,-2.492,3.5
Comoros,COM,Sub-Saharan Africa,Lower middle income,2010,-1.4802115,3.363,5
Comoros,COM,Sub-Saharan Africa,Lower middle income,2011,-1.46831129999999,0.804,5
Comoros,COM,Sub-Saharan Africa,Lower middle income,2012,-1.4250109,2.949,4.5
Comoros,COM,Sub-Saharan Africa,Lower middle income,2013,-1.3969175,1.971,6.9
Comoros,COM,Sub-Saharan Africa,Lower middle income,2014,-1.2510772,10.44,8.4
Comoros,COM,Sub-Saharan Africa,Lower middle income,2015,-1.2404562,0.849,7.8
Comoros,COM,Sub-Saharan Africa,Lower middle income,2016,-1.223077,1.401,8.3
Comoros,COM,Sub-Saharan Africa,Lower middle income,2017,-1.222602,0.039,8.8
Comoros,COM,Sub-Saharan Africa,Lower middle income,2018,-1.2410959,-1.513,8.8
Comoros,COM,Sub-Saharan Africa,Lower middle income,2019,-1.2136277,2.213,9.8
Comoros,COM,Sub-Saharan Africa,Lower middle income,2020,-1.2775189,-5.264,9.3
Comoros,COM,Sub-Saharan Africa,Lower middle income,2021,-1.330504,-4.148,7.4
Comoros,COM,Sub-Saharan Africa,Lower middle income,2022,-1.2493257,6.101,9.3
Comoros,COM,Sub-Saharan Africa,Lower middle income,2023,-1.2848742,-2.845,7.4
"Congo, Dem. Rep.",COD,Sub-Saharan Africa,Low income,2002,-2.1119395,,2.2
"Congo, Dem. Rep.",COD,Sub-Saharan Africa,Low income,2003,-1.95322969999999,7.515,3.3
"Congo, Dem. Rep.",COD,Sub-Saharan Africa,Low income,2004,-1.584863,18.859,5.1
"Congo, Dem. Rep.",COD,Sub-Saharan Africa,Low income,2005,-1.4232756,10.196,6.6
"Congo, Dem. Rep.",COD,Sub-Saharan Africa,Low income,2006,-1.3213475,7.162,8.1
"Congo, Dem. Rep.",COD,Sub-Saharan Africa,Low income,2007,-1.3241062,-0.209,8.6
"Congo, Dem. Rep.",COD,Sub-Saharan Africa,Low income,2008,-1.3709836,-3.54,6.5
"Congo, Dem. Rep.",COD,Sub-Saharan Africa,Low income,2009,-1.4234993,-3.831,6.5
"Congo, Dem. Rep.",COD,Sub-Saharan Africa,Low income,2010,-1.45614319999999,-2.293,5.5
"Congo, Dem. Rep.",COD,Sub-Saharan Africa,Low income,2011,-1.4304309,1.766,6.4
"Congo, Dem. Rep.",COD,Sub-Saharan Africa,Low income,2012,-1.4086777,1.521,5.9
"Congo, Dem. Rep.",COD,Sub-Saharan Africa,Low income,2013,-1.2472691,11.458,9.4
"Congo, Dem. Rep.",COD,Sub-Saharan Africa,Low income,2014,-1.2192687,2.245,8.9
"Congo, Dem. Rep.",COD,Sub-Saharan Africa,Low income,2015,-1.265019,-3.752,7.4
"Congo, Dem. Rep.",COD,Sub-Saharan Africa,Low income,2016,-1.207594,4.539,8.8
"Congo, Dem. Rep.",COD,Sub-Saharan Africa,Low income,2017,-1.281525,-6.122,7.8
"Congo, Dem. Rep.",COD,Sub-Saharan Africa,Low income,2018,-1.2952622,-1.072,6.9
"Congo, Dem. Rep.",COD,Sub-Saharan Africa,Low income,2019,-1.3641956,-5.322,5.9
"Congo, Dem. Rep.",COD,Sub-Saharan Africa,Low income,2020,-1.36869589999999,-0.33,5.9
"Congo, Dem. Rep.",COD,Sub-Saharan Africa,Low income,2021,-1.3231263,3.329,8.3
"Congo, Dem. Rep.",COD,Sub-Saharan Africa,Low income,2022,-1.3074062,1.188,7.8
"Congo, Dem. Rep.",COD,Sub-Saharan Africa,Low income,2023,-1.2580246,3.777,8.8
"Congo, Rep.",COG,Sub-Saharan Africa,Lower middle income,2002,-0.9134471,,22.5
"Congo, Rep.",COG,Sub-Saharan Africa,Lower middle income,2003,-1.113389,-21.889,18.1
"Congo, Rep.",COG,Sub-Saharan Africa,Lower middle income,2004,-0.967939,13.064,19
"Congo, Rep.",COG,Sub-Saharan Africa,Lower middle income,2005,-1.197862,-23.754,11.2
"Congo, Rep.",COG,Sub-Saharan Africa,Lower middle income,2006,-1.1127562,7.105,13.7
"Congo, Rep.",COG,Sub-Saharan Africa,Lower middle income,2007,-1.08663819999999,2.347,14.6
"Congo, Rep.",COG,Sub-Saharan Africa,Lower middle income,2008,-1.1425067,-5.141,11.5
"Congo, Rep.",COG,Sub-Saharan Africa,Lower middle income,2009,-1.1476222,-0.448,10.9
"Congo, Rep.",COG,Sub-Saharan Africa,Lower middle income,2010,-1.1313015,1.422,10.4
"Congo, Rep.",COG,Sub-Saharan Africa,Lower middle income,2011,-1.1564755,-2.225,10.9
"Congo, Rep.",COG,Sub-Saharan Africa,Lower middle income,2012,-1.1262868,2.61,11.4
"Congo, Rep.",COG,Sub-Saharan Africa,Lower middle income,2013,-1.0833788,3.81,12.9
"Congo, Rep.",COG,Sub-Saharan Africa,Lower middle income,2014,-1.0410129,3.911,12.4
"Congo, Rep.",COG,Sub-Saharan Africa,Lower middle income,2015,-0.9831998,5.554,12.7
"Congo, Rep.",COG,Sub-Saharan Africa,Lower middle income,2016,-1.06324589999999,-8.141,10.8
"Congo, Rep.",COG,Sub-Saharan Africa,Lower middle income,2017,-1.18652,-11.594,9.3
"Congo, Rep.",COG,Sub-Saharan Africa,Lower middle income,2018,-1.1717606,1.244,9.8
"Congo, Rep.",COG,Sub-Saharan Africa,Lower middle income,2019,-1.2153336,-3.719,9.3
"Congo, Rep.",COG,Sub-Saharan Africa,Lower middle income,2020,-1.32058079999999,-8.66,7.4
"Congo, Rep.",COG,Sub-Saharan Africa,Lower middle income,2021,-1.1613755,12.056,10.3
"Congo, Rep.",COG,Sub-Saharan Africa,Lower middle income,2022,-1.2181294,-4.887,10.3
"Congo, Rep.",COG,Sub-Saharan Africa,Lower middle income,2023,-1.1865166,2.595,10.8
Costa Rica,CRI,Latin America & Caribbean,High income,2002,0.3237584,,64.8
Costa Rica,CRI,Latin America & Caribbean,High income,2003,0.3996287,23.434,65.4
Costa Rica,CRI,Latin America & Caribbean,High income,2004,0.5795472,45.021,71.8
Costa Rica,CRI,Latin America & Caribbean,High income,2005,0.6683094,15.316,72.4
Costa Rica,CRI,Latin America & Caribbean,High income,2006,0.5506422,-17.607,69
Costa Rica,CRI,Latin America & Caribbean,High income,2007,0.6107519,10.916,69.7
Costa Rica,CRI,Latin America & Caribbean,High income,2008,0.7521592,23.153,72.5
Costa Rica,CRI,Latin America & Caribbean,High income,2009,0.7307018,-2.853,72.1
Costa Rica,CRI,Latin America & Caribbean,High income,2010,0.6253571,-14.417,70.1
Costa Rica,CRI,Latin America & Caribbean,High income,2011,0.5711371,-8.67,69.8
Costa Rica,CRI,Latin America & Caribbean,High income,2012,0.6859128,20.096,73.3
Costa Rica,CRI,Latin America & Caribbean,High income,2013,0.7356994,7.258,74.3
Costa Rica,CRI,Latin America & Caribbean,High income,2014,0.524805,-28.666,73.3
Costa Rica,CRI,Latin America & Caribbean,High income,2015,0.6166595,17.503,73.5
Costa Rica,CRI,Latin America & Caribbean,High income,2016,0.6548876,6.199,74
Costa Rica,CRI,Latin America & Caribbean,High income,2017,0.5457847,-16.66,73
Costa Rica,CRI,Latin America & Caribbean,High income,2018,0.6513804,19.348,74.5
Costa Rica,CRI,Latin America & Caribbean,High income,2019,0.6689887,2.703,74
Costa Rica,CRI,Latin America & Caribbean,High income,2020,0.5391413,-19.41,73
Costa Rica,CRI,Latin America & Caribbean,High income,2021,0.5605961,3.979,72.5
Costa Rica,CRI,Latin America & Caribbean,High income,2022,0.5923863,5.671,73.5
Costa Rica,CRI,Latin America & Caribbean,High income,2023,0.5745299,-3.014,73
Cote d'Ivoire,CIV,Sub-Saharan Africa,Lower middle income,2002,-0.568995199999999,,35.7
Cote d'Ivoire,CIV,Sub-Saharan Africa,Lower middle income,2003,-0.655776199999999,-15.252,31.3
Cote d'Ivoire,CIV,Sub-Saharan Africa,Lower middle income,2004,-1.1803905,-79.999,13.3
Cote d'Ivoire,CIV,Sub-Saharan Africa,Lower middle income,2005,-1.115689,5.481,15.3
Cote d'Ivoire,CIV,Sub-Saharan Africa,Lower middle income,2006,-0.951191599999999,14.744,17.3
Cote d'Ivoire,CIV,Sub-Saharan Africa,Lower middle income,2007,-0.965976899999999,-1.554,17.2
Cote d'Ivoire,CIV,Sub-Saharan Africa,Lower middle income,2008,-0.9337031,3.341,17.5
Cote d'Ivoire,CIV,Sub-Saharan Africa,Lower middle income,2009,-0.8970193,3.929,17.9
Cote d'Ivoire,CIV,Sub-Saharan Africa,Lower middle income,2010,-0.9544514,-6.403,17.4
Cote d'Ivoire,CIV,Sub-Saharan Africa,Lower middle income,2011,-0.9415677,1.35,17.3
Cote d'Ivoire,CIV,Sub-Saharan Africa,Lower middle income,2012,-0.797894,15.259,23.8
Cote d'Ivoire,CIV,Sub-Saharan Africa,Lower middle income,2013,-0.7101269,11,29.7
Cote d'Ivoire,CIV,Sub-Saharan Africa,Lower middle income,2014,-0.5486818,22.735,34.7
Cote d'Ivoire,CIV,Sub-Saharan Africa,Lower middle income,2015,-0.4458059,18.75,34.8
Cote d'Ivoire,CIV,Sub-Saharan Africa,Lower middle income,2016,-0.4435669,0.502,33.8
Cote d'Ivoire,CIV,Sub-Saharan Africa,Lower middle income,2017,-0.4052154,8.646,35.8
Cote d'Ivoire,CIV,Sub-Saharan Africa,Lower middle income,2018,-0.297267,26.64,41.2
Cote d'Ivoire,CIV,Sub-Saharan Africa,Lower middle income,2019,-0.3160613,-6.322,41.2
Cote d'Ivoire,CIV,Sub-Saharan Africa,Lower middle income,2020,-0.321199499999999,-1.626,42.6
Cote d'Ivoire,CIV,Sub-Saharan Africa,Lower middle income,2021,-0.289141,9.981,43.1
Cote d'Ivoire,CIV,Sub-Saharan Africa,Lower middle income,2022,-0.2155259,25.46,45.6
Cote d'Ivoire,CIV,Sub-Saharan Africa,Lower middle income,2023,-0.1888771,12.365,47.1
Croatia,HRV,Europe & Central Asia,High income,2002,0.1337803,,60.4
Croatia,HRV,Europe & Central Asia,High income,2003,0.2966067,121.712,64.8
Croatia,HRV,Europe & Central Asia,High income,2004,0.3767629,27.024,67.7
Croatia,HRV,Europe & Central Asia,High income,2005,0.4102091,8.877,65.8
Croatia,HRV,Europe & Central Asia,High income,2006,0.320862,-21.781,64.5
Croatia,HRV,Europe & Central Asia,High income,2007,0.3734092,16.377,64.6
Croatia,HRV,Europe & Central Asia,High income,2008,0.3535157,-5.328,63.5
Croatia,HRV,Europe & Central Asia,High income,2009,0.3771578,6.688,63.2
Croatia,HRV,Europe & Central Asia,High income,2010,0.3131224,-16.978,61.7
Croatia,HRV,Europe & Central Asia,High income,2011,0.2745086,-12.332,61.9
Croatia,HRV,Europe & Central Asia,High income,2012,0.2064496,-24.793,60.4
Croatia,HRV,Europe & Central Asia,High income,2013,0.2263801,9.654,60.4
Croatia,HRV,Europe & Central Asia,High income,2014,0.1190738,-47.401,58.4
Croatia,HRV,Europe & Central Asia,High income,2015,0.1462806,22.849,57.4
Croatia,HRV,Europe & Central Asia,High income,2016,0.180344,23.286,61.8
Croatia,HRV,Europe & Central Asia,High income,2017,0.2956415,63.932,67.2
Croatia,HRV,Europe & Central Asia,High income,2018,0.3955931,33.808,68.6
Croatia,HRV,Europe & Central Asia,High income,2019,0.38478,-2.733,68.6
Croatia,HRV,Europe & Central Asia,High income,2020,0.2017786,-47.56,62.7
Croatia,HRV,Europe & Central Asia,High income,2021,0.3318001,64.438,66.7
Croatia,HRV,Europe & Central Asia,High income,2022,0.2993308,-9.786,66.7
Croatia,HRV,Europe & Central Asia,High income,2023,0.4438308,48.274,69.6
Cuba,CUB,Latin America & Caribbean,Upper middle income,2002,-1.3912185,,11.5
Cuba,CUB,Latin America & Caribbean,Upper middle income,2003,-1.5224175,-9.431,7.7
Cuba,CUB,Latin America & Caribbean,Upper middle income,2004,-1.65343519999999,-8.606,3.1
Cuba,CUB,Latin America & Caribbean,Upper middle income,2005,-1.4526301,12.145,5.6
Cuba,CUB,Latin America & Caribbean,Upper middle income,2006,-1.4641993,-0.796,5.1
Cuba,CUB,Latin America & Caribbean,Upper middle income,2007,-1.4627264,0.101,4.5
Cuba,CUB,Latin America & Caribbean,Upper middle income,2008,-1.42371159999999,2.667,5
Cuba,CUB,Latin America & Caribbean,Upper middle income,2009,-1.452883,-2.049,5.5
Cuba,CUB,Latin America & Caribbean,Upper middle income,2010,-1.6241742,-11.79,3
Cuba,CUB,Latin America & Caribbean,Upper middle income,2011,-1.6239119,0.016,2.5
Cuba,CUB,Latin America & Caribbean,Upper middle income,2012,-1.38237189999999,14.874,6.9
Cuba,CUB,Latin America & Caribbean,Upper middle income,2013,-1.3468561,2.569,8.4
Cuba,CUB,Latin America & Caribbean,Upper middle income,2014,-1.0973937,18.522,10.4
Cuba,CUB,Latin America & Caribbean,Upper middle income,2015,-0.9848517,10.255,12.3
Cuba,CUB,Latin America & Caribbean,Upper middle income,2016,-1.1406888,-15.823,10.3
Cuba,CUB,Latin America & Caribbean,Upper middle income,2017,-1.14007709999999,0.054,10.3
Cuba,CUB,Latin America & Caribbean,Upper middle income,2018,-1.2250246,-7.451,9.3
Cuba,CUB,Latin America & Caribbean,Upper middle income,2019,-1.2243427,0.056,8.8
Cuba,CUB,Latin America & Caribbean,Upper middle income,2020,-1.2255038,-0.095,10.3
Cuba,CUB,Latin America & Caribbean,Upper middle income,2021,-1.1730802,4.278,9.3
Cuba,CUB,Latin America & Caribbean,Upper middle income,2022,-1.1673033,0.492,10.8
Cuba,CUB,Latin America & Caribbean,Upper middle income,2023,-1.2309526,-5.453,9.8
Cyprus,CYP,Europe & Central Asia,High income,2002,1.1794514,,82.4
Cyprus,CYP,Europe & Central Asia,High income,2003,1.1794786,0.002,81.9
Cyprus,CYP,Europe & Central Asia,High income,2004,1.1809581,0.125,86.7
Cyprus,CYP,Europe & Central Asia,High income,2005,1.3793496,16.799,86.7
Cyprus,CYP,Europe & Central Asia,High income,2006,1.5065795,9.224,89.8
Cyprus,CYP,Europe & Central Asia,High income,2007,1.5150845,0.565,88.9
Cyprus,CYP,Europe & Central Asia,High income,2008,1.4877748,-1.803,90
Cyprus,CYP,Europe & Central Asia,High income,2009,1.4052045,-5.55,88.1
Cyprus,CYP,Europe & Central Asia,High income,2010,1.4438511,2.75,89.6
Cyprus,CYP,Europe & Central Asia,High income,2011,1.2151122,-15.842,85.6
Cyprus,CYP,Europe & Central Asia,High income,2012,1.0369259,-14.664,83.2
Cyprus,CYP,Europe & Central Asia,High income,2013,0.8202721,-20.894,76.7
Cyprus,CYP,Europe & Central Asia,High income,2014,0.9876497,20.405,83.2
Cyprus,CYP,Europe & Central Asia,High income,2015,0.9934827,0.591,82.4
Cyprus,CYP,Europe & Central Asia,High income,2016,0.98056,-1.301,82.4
Cyprus,CYP,Europe & Central Asia,High income,2017,0.9695105,-1.127,81.9
Cyprus,CYP,Europe & Central Asia,High income,2018,0.9434584,-2.687,81.4
Cyprus,CYP,Europe & Central Asia,High income,2019,1.0395499,10.185,83.8
Cyprus,CYP,Europe & Central Asia,High income,2020,0.8979194,-13.624,81.9
Cyprus,CYP,Europe & Central Asia,High income,2021,0.8484873,-5.505,79.4
Cyprus,CYP,Europe & Central Asia,High income,2022,0.7331313,-13.595,76.5
Cyprus,CYP,Europe & Central Asia,High income,2023,0.7722603,5.337,77.9
Czechia,CZE,Europe & Central Asia,High income,2002,1.0712985,,80.2
Czechia,CZE,Europe & Central Asia,High income,2003,1.1756611,9.742,80.8
Czechia,CZE,Europe & Central Asia,High income,2004,1.0252511,-12.794,81.5
Czechia,CZE,Europe & Central Asia,High income,2005,1.1663188,13.759,81.1
Czechia,CZE,Europe & Central Asia,High income,2006,1.1629233,-0.291,82.7
Czechia,CZE,Europe & Central Asia,High income,2007,1.1204236,-3.655,82.3
Czechia,CZE,Europe & Central Asia,High income,2008,1.1737593,4.76,83.5
Czechia,CZE,Europe & Central Asia,High income,2009,1.1533862,-1.736,83.6
Czechia,CZE,Europe & Central Asia,High income,2010,1.1026865,-4.396,84.1
Czechia,CZE,Europe & Central Asia,High income,2011,1.0263037,-6.927,82.7
Czechia,CZE,Europe & Central Asia,High income,2012,0.9257526,-9.797,79.2
Czechia,CZE,Europe & Central Asia,High income,2013,0.947901,2.392,80.2
Czechia,CZE,Europe & Central Asia,High income,2014,0.812549,-14.279,79.2
Czechia,CZE,Europe & Central Asia,High income,2015,0.9885827,21.664,81.4
Czechia,CZE,Europe & Central Asia,High income,2016,0.9408369,-4.83,79.9
Czechia,CZE,Europe & Central Asia,High income,2017,1.1404044,21.212,84.8
Czechia,CZE,Europe & Central Asia,High income,2018,1.1466245,0.545,85.3
Czechia,CZE,Europe & Central Asia,High income,2019,1.1215213,-2.189,85.8
Czechia,CZE,Europe & Central Asia,High income,2020,1.0899444,-2.816,85.3
Czechia,CZE,Europe & Central Asia,High income,2021,1.2403943,13.803,87.3
Czechia,CZE,Europe & Central Asia,High income,2022,1.3279348,7.057,87.7
Czechia,CZE,Europe & Central Asia,High income,2023,1.2275231,-7.561,87.3
Denmark,DNK,Europe & Central Asia,High income,2002,1.9732043,,97.3
Denmark,DNK,Europe & Central Asia,High income,2003,2.0385773,3.313,97.8
Denmark,DNK,Europe & Central Asia,High income,2004,1.966761,-3.523,99.5
Denmark,DNK,Europe & Central Asia,High income,2005,2.0111821,2.259,99.5
Denmark,DNK,Europe & Central Asia,High income,2006,2.1622319,7.51,99.5
Denmark,DNK,Europe & Central Asia,High income,2007,2.1560402,-0.286,100
Denmark,DNK,Europe & Central Asia,High income,2008,2.0346156,-5.632,99
Denmark,DNK,Europe & Central Asia,High income,2009,2.0312873,-0.164,100
Denmark,DNK,Europe & Central Asia,High income,2010,1.9388202,-4.552,98.5
Denmark,DNK,Europe & Central Asia,High income,2011,1.9897696,2.628,99.5
Denmark,DNK,Europe & Central Asia,High income,2012,1.8221563,-8.424,96.5
Denmark,DNK,Europe & Central Asia,High income,2013,1.8256852,0.194,96.5
Denmark,DNK,Europe & Central Asia,High income,2014,1.6614901,-8.994,94.1
Denmark,DNK,Europe & Central Asia,High income,2015,1.7644765,6.198,95.6
Denmark,DNK,Europe & Central Asia,High income,2016,1.7589174,-0.315,95.1
Denmark,DNK,Europe & Central Asia,High income,2017,1.7913698,1.845,95.6
Denmark,DNK,Europe & Central Asia,High income,2018,1.8428455,2.874,97.5
Denmark,DNK,Europe & Central Asia,High income,2019,1.9335346,4.921,98
Denmark,DNK,Europe & Central Asia,High income,2020,1.9761315,2.203,99.5
Denmark,DNK,Europe & Central Asia,High income,2021,1.9974993,1.081,99
Denmark,DNK,Europe & Central Asia,High income,2022,2.020588,1.156,99.5
Denmark,DNK,Europe & Central Asia,High income,2023,1.9894408,-1.541,99.5
Djibouti,DJI,"Middle East, North Africa, Afghanistan & Pakistan",Lower middle income,2002,-0.6202151,,32.4
Djibouti,DJI,"Middle East, North Africa, Afghanistan & Pakistan",Lower middle income,2003,-0.6201557,0.01,34.1
Djibouti,DJI,"Middle East, North Africa, Afghanistan & Pakistan",Lower middle income,2004,-0.719135,-15.96,26.2
Djibouti,DJI,"Middle East, North Africa, Afghanistan & Pakistan",Lower middle income,2005,-0.6615989,8.001,25
Djibouti,DJI,"Middle East, North Africa, Afghanistan & Pakistan",Lower middle income,2006,-0.685702399999999,-3.643,22.3
Djibouti,DJI,"Middle East, North Africa, Afghanistan & Pakistan",Lower middle income,2007,-0.6700554,2.282,24.2
Djibouti,DJI,"Middle East, North Africa, Afghanistan & Pakistan",Lower middle income,2008,-0.694494899999999,-3.647,25
Djibouti,DJI,"Middle East, North Africa, Afghanistan & Pakistan",Lower middle income,2009,-0.709365599999999,-2.141,25.9
Djibouti,DJI,"Middle East, North Africa, Afghanistan & Pakistan",Lower middle income,2010,-0.7631836,-7.587,22.9
Djibouti,DJI,"Middle East, North Africa, Afghanistan & Pakistan",Lower middle income,2011,-0.7534194,1.279,25.7
Djibouti,DJI,"Middle East, North Africa, Afghanistan & Pakistan",Lower middle income,2012,-0.689775799999999,8.447,29.2
Djibouti,DJI,"Middle East, North Africa, Afghanistan & Pakistan",Lower middle income,2013,-0.753186199999999,-9.193,27.2
Djibouti,DJI,"Middle East, North Africa, Afghanistan & Pakistan",Lower middle income,2014,-0.7204568,4.345,27.2
Djibouti,DJI,"Middle East, North Africa, Afghanistan & Pakistan",Lower middle income,2015,-0.7293921,-1.24,24.5
Djibouti,DJI,"Middle East, North Africa, Afghanistan & Pakistan",Lower middle income,2016,-0.715720799999999,1.874,23
Djibouti,DJI,"Middle East, North Africa, Afghanistan & Pakistan",Lower middle income,2017,-0.6812526,4.816,25.5
Djibouti,DJI,"Middle East, North Africa, Afghanistan & Pakistan",Lower middle income,2018,-0.7398709,-8.604,24
Djibouti,DJI,"Middle East, North Africa, Afghanistan & Pakistan",Lower middle income,2019,-0.772907799999999,-4.465,21.1
Djibouti,DJI,"Middle East, North Africa, Afghanistan & Pakistan",Lower middle income,2020,-0.830967799999999,-7.512,19.1
Djibouti,DJI,"Middle East, North Africa, Afghanistan & Pakistan",Lower middle income,2021,-0.7686696,7.497,22.5
Djibouti,DJI,"Middle East, North Africa, Afghanistan & Pakistan",Lower middle income,2022,-0.769363799999999,-0.09,23
Djibouti,DJI,"Middle East, North Africa, Afghanistan & Pakistan",Lower middle income,2023,-0.788349299999999,-2.468,22.1
Dominica,DMA,Latin America & Caribbean,Upper middle income,2002,0.9363777,,78.6
Dominica,DMA,Latin America & Caribbean,Upper middle income,2003,0.9364598,0.009,75.3
Dominica,DMA,Latin America & Caribbean,Upper middle income,2004,0.403647,-56.896,69.2
Dominica,DMA,Latin America & Caribbean,Upper middle income,2005,0.3518486,-12.833,65.3
Dominica,DMA,Latin America & Caribbean,Upper middle income,2006,0.4931566,40.162,67.5
Dominica,DMA,Latin America & Caribbean,Upper middle income,2007,0.579344,17.477,67.7
Dominica,DMA,Latin America & Caribbean,Upper middle income,2008,0.4506076,-22.221,66.5
Dominica,DMA,Latin America & Caribbean,Upper middle income,2009,0.4713158,4.596,66.2
Dominica,DMA,Latin America & Caribbean,Upper middle income,2010,0.5839169,23.891,69.7
Dominica,DMA,Latin America & Caribbean,Upper middle income,2011,0.4752437,-18.611,66.3
Dominica,DMA,Latin America & Caribbean,Upper middle income,2012,0.521512,9.736,67.8
Dominica,DMA,Latin America & Caribbean,Upper middle income,2013,0.5208123,-0.134,68.3
Dominica,DMA,Latin America & Caribbean,Upper middle income,2014,0.3779611,-27.429,68.8
Dominica,DMA,Latin America & Caribbean,Upper middle income,2015,0.2329832,-38.358,63.2
Dominica,DMA,Latin America & Caribbean,Upper middle income,2016,0.2337346,0.323,63.7
Dominica,DMA,Latin America & Caribbean,Upper middle income,2017,0.174223,-25.461,63.2
Dominica,DMA,Latin America & Caribbean,Upper middle income,2018,0.159295,-8.568,63.2
Dominica,DMA,Latin America & Caribbean,Upper middle income,2019,0.1189288,-25.341,60.3
Dominica,DMA,Latin America & Caribbean,Upper middle income,2020,0.1541986,29.656,60.3
Dominica,DMA,Latin America & Caribbean,Upper middle income,2021,0.1493075,-3.172,59.8
Dominica,DMA,Latin America & Caribbean,Upper middle income,2022,0.1471658,-1.434,60.8
Dominica,DMA,Latin America & Caribbean,Upper middle income,2023,0.1538033,4.51,61.8
Dominican Republic,DOM,Latin America & Caribbean,Upper middle income,2002,-0.3065061,,44.5
Dominican Republic,DOM,Latin America & Caribbean,Upper middle income,2003,-0.399766299999999,-30.427,40.7
Dominican Republic,DOM,Latin America & Caribbean,Upper middle income,2004,-0.4212814,-5.382,42.1
Dominican Republic,DOM,Latin America & Caribbean,Upper middle income,2005,-0.3099229,26.433,46.9
Dominican Republic,DOM,Latin America & Caribbean,Upper middle income,2006,-0.1685648,45.611,51.3
Dominican Republic,DOM,Latin America & Caribbean,Upper middle income,2007,-0.1633439,3.097,49.5
Dominican Republic,DOM,Latin America & Caribbean,Upper middle income,2008,-0.1349632,17.375,52
Dominican Republic,DOM,Latin America & Caribbean,Upper middle income,2009,-0.1389206,-2.932,50.2
Dominican Republic,DOM,Latin America & Caribbean,Upper middle income,2010,-0.0661851,52.358,51.7
Dominican Republic,DOM,Latin America & Caribbean,Upper middle income,2011,-0.1878076,-183.761,50
Dominican Republic,DOM,Latin America & Caribbean,Upper middle income,2012,-0.1849073,1.544,50.5
Dominican Republic,DOM,Latin America & Caribbean,Upper middle income,2013,-0.1742221,5.779,51.5
Dominican Republic,DOM,Latin America & Caribbean,Upper middle income,2014,-0.1490567,14.444,49.5
Dominican Republic,DOM,Latin America & Caribbean,Upper middle income,2015,-0.0898717,39.706,51
Dominican Republic,DOM,Latin America & Caribbean,Upper middle income,2016,-0.065041,27.629,51
Dominican Republic,DOM,Latin America & Caribbean,Upper middle income,2017,-0.1071549,-64.75,49
Dominican Republic,DOM,Latin America & Caribbean,Upper middle income,2018,-0.1446846,-35.024,49
Dominican Republic,DOM,Latin America & Caribbean,Upper middle income,2019,-0.1017681,29.662,48.5
Dominican Republic,DOM,Latin America & Caribbean,Upper middle income,2020,-0.0974015999999999,4.291,51.5
Dominican Republic,DOM,Latin America & Caribbean,Upper middle income,2021,-0.0103431,89.381,54.4
Dominican Republic,DOM,Latin America & Caribbean,Upper middle income,2022,-0.0598314999999999,-478.468,54.4
Dominican Republic,DOM,Latin America & Caribbean,Upper middle income,2023,0.0485044,181.068,55.4
Ecuador,ECU,Latin America & Caribbean,Upper middle income,2002,-0.8296019,,26.4
Ecuador,ECU,Latin America & Caribbean,Upper middle income,2003,-0.760929499999999,8.278,26.4
Ecuador,ECU,Latin America & Caribbean,Upper middle income,2004,-0.7975237,-4.809,23.1
Ecuador,ECU,Latin America & Caribbean,Upper middle income,2005,-0.8610709,-7.968,19.9
Ecuador,ECU,Latin America & Caribbean,Upper middle income,2006,-0.9164806,-6.435,18.3
Ecuador,ECU,Latin America & Caribbean,Upper middle income,2007,-0.944539799999999,-3.062,18.2
Ecuador,ECU,Latin America & Caribbean,Upper middle income,2008,-1.1198786,-18.563,12.5
Ecuador,ECU,Latin America & Caribbean,Upper middle income,2009,-1.2985597,-15.955,7
Ecuador,ECU,Latin America & Caribbean,Upper middle income,2010,-1.2560471,3.274,7.5
Ecuador,ECU,Latin America & Caribbean,Upper middle income,2011,-1.1368099,9.493,11.4
Ecuador,ECU,Latin America & Caribbean,Upper middle income,2012,-0.9981981,12.193,16.8
Ecuador,ECU,Latin America & Caribbean,Upper middle income,2013,-0.8297139,16.879,23.8
Ecuador,ECU,Latin America & Caribbean,Upper middle income,2014,-0.760396899999999,8.354,23.8
Ecuador,ECU,Latin America & Caribbean,Upper middle income,2015,-0.9664965,-27.104,13.2
Ecuador,ECU,Latin America & Caribbean,Upper middle income,2016,-0.8667598,10.319,16.7
Ecuador,ECU,Latin America & Caribbean,Upper middle income,2017,-0.937257,-8.133,13.2
Ecuador,ECU,Latin America & Caribbean,Upper middle income,2018,-0.8243339,12.048,17.6
Ecuador,ECU,Latin America & Caribbean,Upper middle income,2019,-0.731576999999999,11.252,22.5
Ecuador,ECU,Latin America & Caribbean,Upper middle income,2020,-0.7359599,-0.599,23.5
Ecuador,ECU,Latin America & Caribbean,Upper middle income,2021,-0.5551263,24.571,33.3
Ecuador,ECU,Latin America & Caribbean,Upper middle income,2022,-0.4783493,13.831,35.8
Ecuador,ECU,Latin America & Caribbean,Upper middle income,2023,-0.5994798,-25.323,32.4
"Egypt, Arab Rep.",EGY,"Middle East, North Africa, Afghanistan & Pakistan",Lower middle income,2002,-0.547403299999999,,37.4
"Egypt, Arab Rep.",EGY,"Middle East, North Africa, Afghanistan & Pakistan",Lower middle income,2003,-0.581943099999999,-6.31,35.2
"Egypt, Arab Rep.",EGY,"Middle East, North Africa, Afghanistan & Pakistan",Lower middle income,2004,-0.595660899999999,-2.357,33.3
"Egypt, Arab Rep.",EGY,"Middle East, North Africa, Afghanistan & Pakistan",Lower middle income,2005,-0.4997625,16.099,35.7
"Egypt, Arab Rep.",EGY,"Middle East, North Africa, Afghanistan & Pakistan",Lower middle income,2006,-0.3747774,25.009,42.1
"Egypt, Arab Rep.",EGY,"Middle East, North Africa, Afghanistan & Pakistan",Lower middle income,2007,-0.179064199999999,52.221,49
"Egypt, Arab Rep.",EGY,"Middle East, North Africa, Afghanistan & Pakistan",Lower middle income,2008,-0.109208599999999,39.011,53
"Egypt, Arab Rep.",EGY,"Middle East, North Africa, Afghanistan & Pakistan",Lower middle income,2009,-0.0191401,82.474,52.7
"Egypt, Arab Rep.",EGY,"Middle East, North Africa, Afghanistan & Pakistan",Lower middle income,2010,-0.0846898,-342.473,50.7
"Egypt, Arab Rep.",EGY,"Middle East, North Africa, Afghanistan & Pakistan",Lower middle income,2011,-0.2206717,-160.565,48
"Egypt, Arab Rep.",EGY,"Middle East, North Africa, Afghanistan & Pakistan",Lower middle income,2012,-0.5120719,-132.051,34.7
"Egypt, Arab Rep.",EGY,"Middle East, North Africa, Afghanistan & Pakistan",Lower middle income,2013,-0.738630799999999,-44.244,28.2
"Egypt, Arab Rep.",EGY,"Middle East, North Africa, Afghanistan & Pakistan",Lower middle income,2014,-0.7425351,-0.529,25.7
"Egypt, Arab Rep.",EGY,"Middle East, North Africa, Afghanistan & Pakistan",Lower middle income,2015,-0.7363711,0.83,24
"Egypt, Arab Rep.",EGY,"Middle East, North Africa, Afghanistan & Pakistan",Lower middle income,2016,-0.7670926,-4.172,21.1
"Egypt, Arab Rep.",EGY,"Middle East, North Africa, Afghanistan & Pakistan",Lower middle income,2017,-0.7082554,7.67,22.1
"Egypt, Arab Rep.",EGY,"Middle East, North Africa, Afghanistan & Pakistan",Lower middle income,2018,-0.742675299999999,-4.86,23.5
"Egypt, Arab Rep.",EGY,"Middle East, North Africa, Afghanistan & Pakistan",Lower middle income,2019,-0.7028437,5.363,24
"Egypt, Arab Rep.",EGY,"Middle East, North Africa, Afghanistan & Pakistan",Lower middle income,2020,-0.6355909,9.569,30.9
"Egypt, Arab Rep.",EGY,"Middle East, North Africa, Afghanistan & Pakistan",Lower middle income,2021,-0.5701379,10.298,32.8
"Egypt, Arab Rep.",EGY,"Middle East, North Africa, Afghanistan & Pakistan",Lower middle income,2022,-0.6685017,-17.253,28.9
"Egypt, Arab Rep.",EGY,"Middle East, North Africa, Afghanistan & Pakistan",Lower middle income,2023,-0.5731672,14.261,33.3
El Salvador,SLV,Latin America & Caribbean,Upper middle income,2002,-0.0238134999999999,,56
El Salvador,SLV,Latin America & Caribbean,Upper middle income,2003,0.0454783,290.977,56.6
El Salvador,SLV,Latin America & Caribbean,Upper middle income,2004,0.4169353,816.779,69.7
El Salvador,SLV,Latin America & Caribbean,Upper middle income,2005,0.4294159,2.993,66.8
El Salvador,SLV,Latin America & Caribbean,Upper middle income,2006,0.2227931,-48.117,60.4
El Salvador,SLV,Latin America & Caribbean,Upper middle income,2007,0.2663139,19.534,61.6
El Salvador,SLV,Latin America & Caribbean,Upper middle income,2008,0.3961521,48.754,65
El Salvador,SLV,Latin America & Caribbean,Upper middle income,2009,0.5413163,36.644,68.7
El Salvador,SLV,Latin America & Caribbean,Upper middle income,2010,0.4860596,-10.208,65.7
El Salvador,SLV,Latin America & Caribbean,Upper middle income,2011,0.4552317,-6.342,65.8
El Salvador,SLV,Latin America & Caribbean,Upper middle income,2012,0.2304693,-49.373,61.9
El Salvador,SLV,Latin America & Caribbean,Upper middle income,2013,0.2347388,1.853,61.9
El Salvador,SLV,Latin America & Caribbean,Upper middle income,2014,0.1904279,-18.877,63.4
El Salvador,SLV,Latin America & Caribbean,Upper middle income,2015,0.1043314,-45.212,56.4
El Salvador,SLV,Latin America & Caribbean,Upper middle income,2016,-0.0119876,-111.49,52.9
El Salvador,SLV,Latin America & Caribbean,Upper middle income,2017,-0.063322,-428.229,51.5
El Salvador,SLV,Latin America & Caribbean,Upper middle income,2018,-0.0241538,61.856,53.4
El Salvador,SLV,Latin America & Caribbean,Upper middle income,2019,-0.0559227999999999,-131.528,52.5
El Salvador,SLV,Latin America & Caribbean,Upper middle income,2020,-0.0750467,-34.197,52.5
El Salvador,SLV,Latin America & Caribbean,Upper middle income,2021,-0.2893204,-285.52,42.6
El Salvador,SLV,Latin America & Caribbean,Upper middle income,2022,-0.3858311,-33.358,40.2
El Salvador,SLV,Latin America & Caribbean,Upper middle income,2023,-0.3189964,17.322,43.1
Equatorial Guinea,GNQ,Sub-Saharan Africa,Upper middle income,2002,-1.513755,,6.6
Equatorial Guinea,GNQ,Sub-Saharan Africa,Upper middle income,2003,-1.5137231,0.002,8.2
Equatorial Guinea,GNQ,Sub-Saharan Africa,Upper middle income,2004,-1.584987,-4.708,4.6
Equatorial Guinea,GNQ,Sub-Saharan Africa,Upper middle income,2005,-1.6099789,-1.577,4.1
Equatorial Guinea,GNQ,Sub-Saharan Africa,Upper middle income,2006,-1.568346,2.586,4.1
Equatorial Guinea,GNQ,Sub-Saharan Africa,Upper middle income,2007,-1.574244,-0.376,3
Equatorial Guinea,GNQ,Sub-Saharan Africa,Upper middle income,2008,-1.58336639999999,-0.579,3
Equatorial Guinea,GNQ,Sub-Saharan Africa,Upper middle income,2009,-1.5345535,3.083,3
Equatorial Guinea,GNQ,Sub-Saharan Africa,Upper middle income,2010,-1.59766189999999,-4.112,3.5
Equatorial Guinea,GNQ,Sub-Saharan Africa,Upper middle income,2011,-1.57908989999999,1.162,4
Equatorial Guinea,GNQ,Sub-Saharan Africa,Upper middle income,2012,-1.6259788,-2.969,3
Equatorial Guinea,GNQ,Sub-Saharan Africa,Upper middle income,2013,-1.6351215,-0.562,2.5
Equatorial Guinea,GNQ,Sub-Saharan Africa,Upper middle income,2014,-1.5390838,5.873,4.5
Equatorial Guinea,GNQ,Sub-Saharan Africa,Upper middle income,2015,-1.5095134,1.921,4.4
Equatorial Guinea,GNQ,Sub-Saharan Africa,Upper middle income,2016,-1.398269,7.37,5.9
Equatorial Guinea,GNQ,Sub-Saharan Africa,Upper middle income,2017,-1.3973309,0.067,5.4
Equatorial Guinea,GNQ,Sub-Saharan Africa,Upper middle income,2018,-1.4958505,-7.051,4.4
Equatorial Guinea,GNQ,Sub-Saharan Africa,Upper middle income,2019,-1.443702,3.486,4.9
Equatorial Guinea,GNQ,Sub-Saharan Africa,Upper middle income,2020,-1.4963872,-3.649,4.9
Equatorial Guinea,GNQ,Sub-Saharan Africa,Upper middle income,2021,-1.4969104,-0.035,4.4
Equatorial Guinea,GNQ,Sub-Saharan Africa,Upper middle income,2022,-1.2793839,14.532,8.3
Equatorial Guinea,GNQ,Sub-Saharan Africa,Upper middle income,2023,-1.2792354,0.012,8.3
Eritrea,ERI,Sub-Saharan Africa,Low income,2002,-1.347227,,14.3
Eritrea,ERI,Sub-Saharan Africa,Low income,2003,-1.3471875,0.003,14.3
Eritrea,ERI,Sub-Saharan Africa,Low income,2004,-1.4023085,-4.092,8.2
Eritrea,ERI,Sub-Saharan Africa,Low income,2005,-1.4663613,-4.568,5.1
Eritrea,ERI,Sub-Saharan Africa,Low income,2006,-1.6974664,-15.76,2.5
Eritrea,ERI,Sub-Saharan Africa,Low income,2007,-1.724751,-1.607,2.5
Eritrea,ERI,Sub-Saharan Africa,Low income,2008,-1.7256451,-0.052,2.5
Eritrea,ERI,Sub-Saharan Africa,Low income,2009,-1.7900528,-3.732,2.5
Eritrea,ERI,Sub-Saharan Africa,Low income,2010,-1.8738187,-4.68,0.5
Eritrea,ERI,Sub-Saharan Africa,Low income,2011,-1.87367889999999,0.007,0.5
Eritrea,ERI,Sub-Saharan Africa,Low income,2012,-1.8952942,-1.154,1
Eritrea,ERI,Sub-Saharan Africa,Low income,2013,-1.9571541,-3.264,1
Eritrea,ERI,Sub-Saharan Africa,Low income,2014,-1.9053624,2.646,1.5
Eritrea,ERI,Sub-Saharan Africa,Low income,2015,-1.8843157,1.105,1.5
Eritrea,ERI,Sub-Saharan Africa,Low income,2016,-1.92438579999999,-2.127,1.5
Eritrea,ERI,Sub-Saharan Africa,Low income,2017,-1.9095327,0.772,1.5
Eritrea,ERI,Sub-Saharan Africa,Low income,2018,-1.9132827,-0.196,2
Eritrea,ERI,Sub-Saharan Africa,Low income,2019,-1.9646637,-2.685,2
Eritrea,ERI,Sub-Saharan Africa,Low income,2020,-1.95704219999999,0.388,1
Eritrea,ERI,Sub-Saharan Africa,Low income,2021,-1.98880149999999,-1.623,0.5
Eritrea,ERI,Sub-Saharan Africa,Low income,2022,-1.9894957,-0.035,0
Eritrea,ERI,Sub-Saharan Africa,Low income,2023,-2.0283618,-1.954,0
Estonia,EST,Europe & Central Asia,High income,2002,1.2735971,,84.6
Estonia,EST,Europe & Central Asia,High income,2003,1.409916,10.703,86.3
Estonia,EST,Europe & Central Asia,High income,2004,1.4031382,-0.481,90.3
Estonia,EST,Europe & Central Asia,High income,2005,1.470992,4.836,89.3
Estonia,EST,Europe & Central Asia,High income,2006,1.5502801,5.39,90.4
Estonia,EST,Europe & Central Asia,High income,2007,1.5488484,-0.092,90.4
Estonia,EST,Europe & Central Asia,High income,2008,1.5384652,-0.67,91
Estonia,EST,Europe & Central Asia,High income,2009,1.4138316,-8.101,89.1
Estonia,EST,Europe & Central Asia,High income,2010,1.4148898,0.075,88.1
Estonia,EST,Europe & Central Asia,High income,2011,1.4413017,1.867,89.1
Estonia,EST,Europe & Central Asia,High income,2012,1.458717,1.208,89.6
Estonia,EST,Europe & Central Asia,High income,2013,1.46505,0.434,90.6
Estonia,EST,Europe & Central Asia,High income,2014,1.5190269,3.684,91.6
Estonia,EST,Europe & Central Asia,High income,2015,1.5695561,3.326,92.2
Estonia,EST,Europe & Central Asia,High income,2016,1.6068172,2.374,92.2
Estonia,EST,Europe & Central Asia,High income,2017,1.5192028,-5.453,91.7
Estonia,EST,Europe & Central Asia,High income,2018,1.431181,-5.794,89.7
Estonia,EST,Europe & Central Asia,High income,2019,1.5431575,7.824,91.7
Estonia,EST,Europe & Central Asia,High income,2020,1.4919949,-3.315,92.2
Estonia,EST,Europe & Central Asia,High income,2021,1.5595497,4.528,91.7
Estonia,EST,Europe & Central Asia,High income,2022,1.5410127,-1.189,92.6
Estonia,EST,Europe & Central Asia,High income,2023,1.4519904,-5.777,92.2
Eswatini,SWZ,Sub-Saharan Africa,Lower middle income,2002,-0.3633489,,41.8
Eswatini,SWZ,Sub-Saharan Africa,Lower middle income,2003,-0.3632896,0.016,41.8
Eswatini,SWZ,Sub-Saharan Africa,Lower middle income,2004,-0.7472683,-105.695,24.6
Eswatini,SWZ,Sub-Saharan Africa,Lower middle income,2005,-0.633500899999999,15.224,27
Eswatini,SWZ,Sub-Saharan Africa,Lower middle income,2006,-0.435037099999999,31.328,38.6
Eswatini,SWZ,Sub-Saharan Africa,Lower middle income,2007,-0.561879,-29.157,27.3
Eswatini,SWZ,Sub-Saharan Africa,Lower middle income,2008,-0.4101381,27.006,39.5
Eswatini,SWZ,Sub-Saharan Africa,Lower middle income,2009,-0.395206699999999,3.641,39.8
Eswatini,SWZ,Sub-Saharan Africa,Lower middle income,2010,-0.402933899999999,-1.955,38.8
Eswatini,SWZ,Sub-Saharan Africa,Lower middle income,2011,-0.445625799999999,-10.595,37.1
Eswatini,SWZ,Sub-Saharan Africa,Lower middle income,2012,-0.4144504,6.996,41.6
Eswatini,SWZ,Sub-Saharan Africa,Lower middle income,2013,-0.293597999999999,29.16,45.5
Eswatini,SWZ,Sub-Saharan Africa,Lower middle income,2014,-0.380591399999999,-29.63,41.1
Eswatini,SWZ,Sub-Saharan Africa,Lower middle income,2015,-0.3859781,-1.415,38.2
Eswatini,SWZ,Sub-Saharan Africa,Lower middle income,2016,-0.4170142,-8.041,36.3
Eswatini,SWZ,Sub-Saharan Africa,Lower middle income,2017,-0.3867846,7.249,36.8
Eswatini,SWZ,Sub-Saharan Africa,Lower middle income,2018,-0.5010658,-29.546,32.4
Eswatini,SWZ,Sub-Saharan Africa,Lower middle income,2019,-0.5229659,-4.371,32.4
Eswatini,SWZ,Sub-Saharan Africa,Lower middle income,2020,-0.524157499999999,-0.228,34.8
Eswatini,SWZ,Sub-Saharan Africa,Lower middle income,2021,-0.5237379,0.08,34.3
Eswatini,SWZ,Sub-Saharan Africa,Lower middle income,2022,-0.621976499999999,-18.757,30.4
Eswatini,SWZ,Sub-Saharan Africa,Lower middle income,2023,-0.6218515,0.02,30.9
Ethiopia,ETH,Sub-Saharan Africa,Low income,2002,-1.3980025,,10.4
Ethiopia,ETH,Sub-Saharan Africa,Low income,2003,-1.34926139999999,3.486,13.7
Ethiopia,ETH,Sub-Saharan Africa,Low income,2004,-0.926960399999999,31.299,20
Ethiopia,ETH,Sub-Saharan Africa,Low income,2005,-0.932236,-0.569,19.4
Ethiopia,ETH,Sub-Saharan Africa,Low income,2006,-0.821209299999999,11.91,20.8
Ethiopia,ETH,Sub-Saharan Africa,Low income,2007,-0.7600859,7.443,21.7
Ethiopia,ETH,Sub-Saharan Africa,Low income,2008,-0.719405299999999,5.352,24
Ethiopia,ETH,Sub-Saharan Africa,Low income,2009,-0.7819149,-8.689,21.4
Ethiopia,ETH,Sub-Saharan Africa,Low income,2010,-0.7207448,7.823,26.4
Ethiopia,ETH,Sub-Saharan Africa,Low income,2011,-0.861597699999999,-19.543,20.8
Ethiopia,ETH,Sub-Saharan Africa,Low income,2012,-0.917400999999999,-6.477,19.3
Ethiopia,ETH,Sub-Saharan Africa,Low income,2013,-1.06822369999999,-16.44,13.9
Ethiopia,ETH,Sub-Saharan Africa,Low income,2014,-0.9043825,15.338,16.8
Ethiopia,ETH,Sub-Saharan Africa,Low income,2015,-0.902880599999999,0.166,16.2
Ethiopia,ETH,Sub-Saharan Africa,Low income,2016,-0.9613611,-6.477,12.3
Ethiopia,ETH,Sub-Saharan Africa,Low income,2017,-0.898545399999999,6.534,14.7
Ethiopia,ETH,Sub-Saharan Africa,Low income,2018,-0.846342199999999,5.81,16.2
Ethiopia,ETH,Sub-Saharan Africa,Low income,2019,-0.828078099999999,2.158,18.1
Ethiopia,ETH,Sub-Saharan Africa,Low income,2020,-0.8158694,1.474,20.6
Ethiopia,ETH,Sub-Saharan Africa,Low income,2021,-0.7684521,5.812,23
Ethiopia,ETH,Sub-Saharan Africa,Low income,2022,-0.7815691,-1.707,22.5
Ethiopia,ETH,Sub-Saharan Africa,Low income,2023,-0.8373693,-7.14,20.1
Fiji,FJI,East Asia & Pacific,Upper middle income,2002,0.1503837,,61.5
Fiji,FJI,East Asia & Pacific,Upper middle income,2003,-0.2348563,-256.171,49.5
Fiji,FJI,East Asia & Pacific,Upper middle income,2004,-0.7796048,-231.95,23.6
Fiji,FJI,East Asia & Pacific,Upper middle income,2005,-0.4191163,46.24,39.8
Fiji,FJI,East Asia & Pacific,Upper middle income,2006,-0.3302406,21.205,45.2
Fiji,FJI,East Asia & Pacific,Upper middle income,2007,-0.453905,-37.447,34.8
Fiji,FJI,East Asia & Pacific,Upper middle income,2008,-0.841319399999999,-85.351,20
Fiji,FJI,East Asia & Pacific,Upper middle income,2009,-1.07783189999999,-28.112,14.4
Fiji,FJI,East Asia & Pacific,Upper middle income,2010,-0.8730854,18.996,19.4
Fiji,FJI,East Asia & Pacific,Upper middle income,2011,-0.7969782,8.717,23.8
Fiji,FJI,East Asia & Pacific,Upper middle income,2012,-0.7927599,0.529,24.3
Fiji,FJI,East Asia & Pacific,Upper middle income,2013,-0.7220821,8.915,29.2
Fiji,FJI,East Asia & Pacific,Upper middle income,2014,-0.246157799999999,65.91,47
Fiji,FJI,East Asia & Pacific,Upper middle income,2015,-0.239896299999999,2.544,46.1
Fiji,FJI,East Asia & Pacific,Upper middle income,2016,-0.2026016,15.546,46.6
Fiji,FJI,East Asia & Pacific,Upper middle income,2017,-0.2010525,0.765,42.6
Fiji,FJI,East Asia & Pacific,Upper middle income,2018,-0.2004155,0.317,45.1
Fiji,FJI,East Asia & Pacific,Upper middle income,2019,0.152716,176.2,61.8
Fiji,FJI,East Asia & Pacific,Upper middle income,2020,-0.1526032,-199.926,45.6
Fiji,FJI,East Asia & Pacific,Upper middle income,2021,-0.0698337,54.238,51
Fiji,FJI,East Asia & Pacific,Upper middle income,2022,-0.0999849,-43.176,50
Fiji,FJI,East Asia & Pacific,Upper middle income,2023,-0.0997581999999999,0.227,50.5
Finland,FIN,Europe & Central Asia,High income,2002,2.0914156,,99.5
Finland,FIN,Europe & Central Asia,High income,2003,2.1438361,2.506,100
Finland,FIN,Europe & Central Asia,High income,2004,1.891508,-11.77,96.9
Finland,FIN,Europe & Central Asia,High income,2005,1.9787475,4.612,99
Finland,FIN,Europe & Central Asia,High income,2006,1.9145723,-3.243,97.5
Finland,FIN,Europe & Central Asia,High income,2007,1.7544417,-8.364,93.9
Finland,FIN,Europe & Central Asia,High income,2008,1.7666189,0.694,96
Finland,FIN,Europe & Central Asia,High income,2009,1.9463818,10.176,98.5
Finland,FIN,Europe & Central Asia,High income,2010,1.9607069,0.736,99
Finland,FIN,Europe & Central Asia,High income,2011,1.9132285,-2.421,98
Finland,FIN,Europe & Central Asia,High income,2012,2.0005462,4.564,99
Finland,FIN,Europe & Central Asia,High income,2013,1.9418273,-2.935,98.5
Finland,FIN,Europe & Central Asia,High income,2014,1.8789118,-3.24,98
Finland,FIN,Europe & Central Asia,High income,2015,1.8686997,-0.544,98.5
Finland,FIN,Europe & Central Asia,High income,2016,1.8147025,-2.89,97.5
Finland,FIN,Europe & Central Asia,High income,2017,1.8324158,0.976,96.6
Finland,FIN,Europe & Central Asia,High income,2018,1.8525188,1.097,98
Finland,FIN,Europe & Central Asia,High income,2019,1.9937531,7.624,99
Finland,FIN,Europe & Central Asia,High income,2020,1.9717616,-1.103,99
Finland,FIN,Europe & Central Asia,High income,2021,2.0110043,1.99,99.5
Finland,FIN,Europe & Central Asia,High income,2022,1.9092509,-5.06,99
Finland,FIN,Europe & Central Asia,High income,2023,1.8669036,-2.218,98.5
France,FRA,Europe & Central Asia,High income,2002,1.1081742,,80.8
France,FRA,Europe & Central Asia,High income,2003,1.3314758,20.15,85.7
France,FRA,Europe & Central Asia,High income,2004,1.3099942,-1.613,88.7
France,FRA,Europe & Central Asia,High income,2005,1.3267578,1.28,86.2
France,FRA,Europe & Central Asia,High income,2006,1.3022689,-1.846,86.3
France,FRA,Europe & Central Asia,High income,2007,1.3437547,3.186,86.9
France,FRA,Europe & Central Asia,High income,2008,1.3061458,-2.799,87.5
France,FRA,Europe & Central Asia,High income,2009,1.1753528,-10.014,85.1
France,FRA,Europe & Central Asia,High income,2010,1.2341536,5.003,85.6
France,FRA,Europe & Central Asia,High income,2011,1.108929,-10.147,84.2
France,FRA,Europe & Central Asia,High income,2012,1.1365688,2.492,85.1
France,FRA,Europe & Central Asia,High income,2013,1.1440293,0.656,85.1
France,FRA,Europe & Central Asia,High income,2014,1.0322133,-9.774,85.6
France,FRA,Europe & Central Asia,High income,2015,1.1137263,7.897,85.8
France,FRA,Europe & Central Asia,High income,2016,1.1025649,-1.002,85.8
France,FRA,Europe & Central Asia,High income,2017,1.2328687,11.818,85.8
France,FRA,Europe & Central Asia,High income,2018,1.2678981,2.841,87.3
France,FRA,Europe & Central Asia,High income,2019,1.4571643,14.928,89.7
France,FRA,Europe & Central Asia,High income,2020,1.2588514,-13.61,87.7
France,FRA,Europe & Central Asia,High income,2021,1.2843889,2.029,87.7
France,FRA,Europe & Central Asia,High income,2022,1.2688944,-1.206,87.3
France,FRA,Europe & Central Asia,High income,2023,1.2327254,-2.85,87.7
Gabon,GAB,Sub-Saharan Africa,Upper middle income,2002,-0.167312799999999,,50.5
Gabon,GAB,Sub-Saharan Africa,Upper middle income,2003,-0.2828663,-69.064,44.5
Gabon,GAB,Sub-Saharan Africa,Upper middle income,2004,-0.625024,-120.961,30.8
Gabon,GAB,Sub-Saharan Africa,Upper middle income,2005,-0.4182339,33.085,40.3
Gabon,GAB,Sub-Saharan Africa,Upper middle income,2006,-0.5483222,-31.104,30.5
Gabon,GAB,Sub-Saharan Africa,Upper middle income,2007,-0.4859785,11.37,31.3
Gabon,GAB,Sub-Saharan Africa,Upper middle income,2008,-0.4264347,12.252,38
Gabon,GAB,Sub-Saharan Africa,Upper middle income,2009,-0.463772199999999,-8.756,33.8
Gabon,GAB,Sub-Saharan Africa,Upper middle income,2010,-0.411489899999999,11.273,38.3
Gabon,GAB,Sub-Saharan Africa,Upper middle income,2011,-0.5188594,-26.093,32.2
Gabon,GAB,Sub-Saharan Africa,Upper middle income,2012,-0.5270081,-1.571,32.2
Gabon,GAB,Sub-Saharan Africa,Upper middle income,2013,-0.6584268,-24.937,30.7
Gabon,GAB,Sub-Saharan Africa,Upper middle income,2014,-0.6875047,-4.416,28.7
Gabon,GAB,Sub-Saharan Africa,Upper middle income,2015,-0.6567197,4.478,27.9
Gabon,GAB,Sub-Saharan Africa,Upper middle income,2016,-0.6099754,7.118,28.4
Gabon,GAB,Sub-Saharan Africa,Upper middle income,2017,-0.622216,-2.007,28.4
Gabon,GAB,Sub-Saharan Africa,Upper middle income,2018,-0.756495599999999,-21.581,23
Gabon,GAB,Sub-Saharan Africa,Upper middle income,2019,-0.8766721,-15.886,15.2
Gabon,GAB,Sub-Saharan Africa,Upper middle income,2020,-0.8995732,-2.612,15.2
Gabon,GAB,Sub-Saharan Africa,Upper middle income,2021,-0.832492799999999,7.457,19.6
Gabon,GAB,Sub-Saharan Africa,Upper middle income,2022,-0.760076299999999,8.699,24.5
Gabon,GAB,Sub-Saharan Africa,Upper middle income,2023,-0.7404782,2.578,25
"Gambia, The",GMB,Sub-Saharan Africa,Low income,2002,-0.4522597,,39
"Gambia, The",GMB,Sub-Saharan Africa,Low income,2003,-0.183557499999999,59.413,50.5
"Gambia, The",GMB,Sub-Saharan Africa,Low income,2004,-0.6314569,-244.01,30.3
"Gambia, The",GMB,Sub-Saharan Africa,Low income,2005,-0.635504499999999,-0.641,26.5
"Gambia, The",GMB,Sub-Saharan Africa,Low income,2006,-0.492806099999999,22.454,35.5
"Gambia, The",GMB,Sub-Saharan Africa,Low income,2007,-0.446266799999999,9.444,36.4
"Gambia, The",GMB,Sub-Saharan Africa,Low income,2008,-0.481174599999999,-7.822,33.5
"Gambia, The",GMB,Sub-Saharan Africa,Low income,2009,-0.4801698,0.209,33.3
"Gambia, The",GMB,Sub-Saharan Africa,Low income,2010,-0.539204799999999,-12.295,30.3
"Gambia, The",GMB,Sub-Saharan Africa,Low income,2011,-0.5046122,6.415,32.7
"Gambia, The",GMB,Sub-Saharan Africa,Low income,2012,-0.4463311,11.55,39.1
"Gambia, The",GMB,Sub-Saharan Africa,Low income,2013,-0.62969,-41.081,31.7
"Gambia, The",GMB,Sub-Saharan Africa,Low income,2014,-0.617325599999999,1.964,31.2
"Gambia, The",GMB,Sub-Saharan Africa,Low income,2015,-0.6927682,-12.221,26.5
"Gambia, The",GMB,Sub-Saharan Africa,Low income,2016,-0.636904599999999,8.064,27.9
"Gambia, The",GMB,Sub-Saharan Africa,Low income,2017,-0.560059499999999,12.065,30.4
"Gambia, The",GMB,Sub-Saharan Africa,Low income,2018,-0.7118009,-27.094,25.5
"Gambia, The",GMB,Sub-Saharan Africa,Low income,2019,-0.6967552,2.114,24.5
"Gambia, The",GMB,Sub-Saharan Africa,Low income,2020,-0.70407,-1.05,27
"Gambia, The",GMB,Sub-Saharan Africa,Low income,2021,-0.754535499999999,-7.168,24
"Gambia, The",GMB,Sub-Saharan Africa,Low income,2022,-0.673555,10.732,27.9
"Gambia, The",GMB,Sub-Saharan Africa,Low income,2023,-0.63169,6.216,30.4
Georgia,GEO,Europe & Central Asia,Upper middle income,2002,-0.8537636,,24.2
Georgia,GEO,Europe & Central Asia,Upper middle income,2003,-0.627920599999999,26.453,33
Georgia,GEO,Europe & Central Asia,Upper middle income,2004,-0.5058687,19.437,37.9
Georgia,GEO,Europe & Central Asia,Upper middle income,2005,-0.3366145,33.458,44.9
Georgia,GEO,Europe & Central Asia,Upper middle income,2006,0.1418185,142.131,56.9
Georgia,GEO,Europe & Central Asia,Upper middle income,2007,0.4072045,187.131,66.7
Georgia,GEO,Europe & Central Asia,Upper middle income,2008,0.5765405,41.585,68.5
Georgia,GEO,Europe & Central Asia,Upper middle income,2009,0.5740788,-0.427,69.2
Georgia,GEO,Europe & Central Asia,Upper middle income,2010,0.64397,12.174,71.6
Georgia,GEO,Europe & Central Asia,Upper middle income,2011,0.715806,11.155,72.8
Georgia,GEO,Europe & Central Asia,Upper middle income,2012,0.6933446,-3.138,73.8
Georgia,GEO,Europe & Central Asia,Upper middle income,2013,0.7283063,5.042,73.3
Georgia,GEO,Europe & Central Asia,Upper middle income,2014,0.819501,12.521,79.7
Georgia,GEO,Europe & Central Asia,Upper middle income,2015,0.8099349,-1.167,78.4
Georgia,GEO,Europe & Central Asia,Upper middle income,2016,0.9448319,16.655,80.4
Georgia,GEO,Europe & Central Asia,Upper middle income,2017,0.9415641,-0.346,80.4
Georgia,GEO,Europe & Central Asia,Upper middle income,2018,0.8011622,-14.912,77.5
Georgia,GEO,Europe & Central Asia,Upper middle income,2019,0.8781482,9.609,79.4
Georgia,GEO,Europe & Central Asia,Upper middle income,2020,0.8062149,-8.191,77.5
Georgia,GEO,Europe & Central Asia,Upper middle income,2021,0.8431074,4.576,78.9
Georgia,GEO,Europe & Central Asia,Upper middle income,2022,0.7730594,-8.308,77.5
Georgia,GEO,Europe & Central Asia,Upper middle income,2023,0.8085223,4.587,79.9
Germany,DEU,Europe & Central Asia,High income,2002,1.6601953,,91.8
Germany,DEU,Europe & Central Asia,High income,2003,1.4997507,-9.664,89
Germany,DEU,Europe & Central Asia,High income,2004,1.4377554,-4.134,90.8
Germany,DEU,Europe & Central Asia,High income,2005,1.5056287,4.721,89.8
Germany,DEU,Europe & Central Asia,High income,2006,1.5062382,0.04,89.3
Germany,DEU,Europe & Central Asia,High income,2007,1.5280349,1.447,89.9
Germany,DEU,Europe & Central Asia,High income,2008,1.3519451,-11.524,88
Germany,DEU,Europe & Central Asia,High income,2009,1.4048295,3.912,87.6
Germany,DEU,Europe & Central Asia,High income,2010,1.4217684,1.206,88.6
Germany,DEU,Europe & Central Asia,High income,2011,1.472517,3.569,91.1
Germany,DEU,Europe & Central Asia,High income,2012,1.5033775,2.096,91.1
Germany,DEU,Europe & Central Asia,High income,2013,1.4776207,-1.713,91.1
Germany,DEU,Europe & Central Asia,High income,2014,1.5568299,5.361,92.1
Germany,DEU,Europe & Central Asia,High income,2015,1.6412186,5.421,92.6
Germany,DEU,Europe & Central Asia,High income,2016,1.6895096,2.942,93.6
Germany,DEU,Europe & Central Asia,High income,2017,1.6946666,0.305,94.6
Germany,DEU,Europe & Central Asia,High income,2018,1.6795515,-0.892,94.6
Germany,DEU,Europe & Central Asia,High income,2019,1.6651379,-0.858,93.6
Germany,DEU,Europe & Central Asia,High income,2020,1.5622145,-6.181,93.1
Germany,DEU,Europe & Central Asia,High income,2021,1.6129105,3.245,93.1
Germany,DEU,Europe & Central Asia,High income,2022,1.5636199,-3.056,93.1
Germany,DEU,Europe & Central Asia,High income,2023,1.4741969,-5.719,92.6
Ghana,GHA,Sub-Saharan Africa,Lower middle income,2002,-0.7400067,,29.7
Ghana,GHA,Sub-Saharan Africa,Lower middle income,2003,-0.6965098,5.878,30.2
Ghana,GHA,Sub-Saharan Africa,Lower middle income,2004,-0.4937082,29.117,39
Ghana,GHA,Sub-Saharan Africa,Lower middle income,2005,-0.2995163,39.333,47.4
Ghana,GHA,Sub-Saharan Africa,Lower middle income,2006,-0.085492,71.457,53.8
Ghana,GHA,Sub-Saharan Africa,Lower middle income,2007,-0.0650193999999999,23.947,53
Ghana,GHA,Sub-Saharan Africa,Lower middle income,2008,-0.0288747,55.591,55
Ghana,GHA,Sub-Saharan Africa,Lower middle income,2009,0.005539,119.183,53.2
Ghana,GHA,Sub-Saharan Africa,Lower middle income,2010,-0.00732509999999999,-232.246,53.7
Ghana,GHA,Sub-Saharan Africa,Lower middle income,2011,-0.0260614999999999,-255.784,54.5
Ghana,GHA,Sub-Saharan Africa,Lower middle income,2012,-0.0164951,36.707,54
Ghana,GHA,Sub-Saharan Africa,Lower middle income,2013,-0.0348948,-111.546,54
Ghana,GHA,Sub-Saharan Africa,Lower middle income,2014,-0.1382604,-296.221,51
Ghana,GHA,Sub-Saharan Africa,Lower middle income,2015,-0.1261719,8.743,50
Ghana,GHA,Sub-Saharan Africa,Lower middle income,2016,-0.2411721,-91.146,44.1
Ghana,GHA,Sub-Saharan Africa,Lower middle income,2017,-0.1635273,32.195,45.1
Ghana,GHA,Sub-Saharan Africa,Lower middle income,2018,-0.168820499999999,-3.237,47.1
Ghana,GHA,Sub-Saharan Africa,Lower middle income,2019,-0.1935344,-14.639,44.1
Ghana,GHA,Sub-Saharan Africa,Lower middle income,2020,-0.1601259,17.262,45.1
Ghana,GHA,Sub-Saharan Africa,Lower middle income,2021,-0.1880837,-17.46,45.6
Ghana,GHA,Sub-Saharan Africa,Lower middle income,2022,-0.1621235,13.802,48
Ghana,GHA,Sub-Saharan Africa,Lower middle income,2023,-0.159406,1.676,49
Greece,GRC,Europe & Central Asia,High income,2002,0.9240858,,77.5
Greece,GRC,Europe & Central Asia,High income,2003,0.9381859,1.526,76.4
Greece,GRC,Europe & Central Asia,High income,2004,0.7570919,-19.303,76.4
Greece,GRC,Europe & Central Asia,High income,2005,0.838431,10.744,76
Greece,GRC,Europe & Central Asia,High income,2006,0.8213828,-2.033,76.1
Greece,GRC,Europe & Central Asia,High income,2007,0.8309751,1.168,75.3
Greece,GRC,Europe & Central Asia,High income,2008,0.7646918,-7.977,74
Greece,GRC,Europe & Central Asia,High income,2009,0.6473105,-15.35,71.1
Greece,GRC,Europe & Central Asia,High income,2010,0.434872,-32.819,64.2
Greece,GRC,Europe & Central Asia,High income,2011,0.273721,-37.057,61.4
Greece,GRC,Europe & Central Asia,High income,2012,0.144625,-47.163,57.4
Greece,GRC,Europe & Central Asia,High income,2013,0.2747397,89.967,63.4
Greece,GRC,Europe & Central Asia,High income,2014,0.1536974,-44.057,61.9
Greece,GRC,Europe & Central Asia,High income,2015,0.2363589,53.782,63.7
Greece,GRC,Europe & Central Asia,High income,2016,0.1504686,-36.339,58.8
Greece,GRC,Europe & Central Asia,High income,2017,0.156796,4.205,61.3
Greece,GRC,Europe & Central Asia,High income,2018,0.2867976,82.911,65.7
Greece,GRC,Europe & Central Asia,High income,2019,0.4186735,45.982,69.6
Greece,GRC,Europe & Central Asia,High income,2020,0.4420625,5.586,71.1
Greece,GRC,Europe & Central Asia,High income,2021,0.3962921,-10.354,69.1
Greece,GRC,Europe & Central Asia,High income,2022,0.4212368,6.295,70.1
Greece,GRC,Europe & Central Asia,High income,2023,0.5145808,22.16,71.6
Greenland,GRL,Europe & Central Asia,High income,2009,1.5081069,,91
Greenland,GRL,Europe & Central Asia,High income,2010,1.5082149,0.007,91.5
Greenland,GRL,Europe & Central Asia,High income,2011,1.5089813,0.051,92.1
Greenland,GRL,Europe & Central Asia,High income,2012,1.5006076,-0.555,90.6
Greenland,GRL,Europe & Central Asia,High income,2013,1.4993665,-0.083,91.6
Greenland,GRL,Europe & Central Asia,High income,2014,1.4966011,-0.184,91.1
Greenland,GRL,Europe & Central Asia,High income,2015,1.5045044,0.528,91.2
Greenland,GRL,Europe & Central Asia,High income,2016,1.5063525,0.123,90.7
Greenland,GRL,Europe & Central Asia,High income,2017,1.5083079,0.13,90.7
Greenland,GRL,Europe & Central Asia,High income,2018,1.5091118,0.053,91.2
Greenland,GRL,Europe & Central Asia,High income,2019,1.5112916,0.144,90.2
Greenland,GRL,Europe & Central Asia,High income,2020,1.5075802,-0.246,92.6
Greenland,GRL,Europe & Central Asia,High income,2021,1.5060874,-0.099,91.2
Greenland,GRL,Europe & Central Asia,High income,2022,1.3554833,-10,88.7
Greenland,GRL,Europe & Central Asia,High income,2023,1.3559072,0.031,89.2
Grenada,GRD,Latin America & Caribbean,Upper middle income,2002,0.4035897,,65.9
Grenada,GRD,Latin America & Caribbean,Upper middle income,2003,0.4036718,0.02,65.9
Grenada,GRD,Latin America & Caribbean,Upper middle income,2004,0.1135212,-71.878,61.5
Grenada,GRD,Latin America & Caribbean,Upper middle income,2005,0.1376019,21.213,59.7
Grenada,GRD,Latin America & Caribbean,Upper middle income,2006,0.2074943,50.793,59.4
Grenada,GRD,Latin America & Caribbean,Upper middle income,2007,0.210146,1.278,59.6
Grenada,GRD,Latin America & Caribbean,Upper middle income,2008,0.20897,-0.56,58
Grenada,GRD,Latin America & Caribbean,Upper middle income,2009,0.2174237,4.045,57.7
Grenada,GRD,Latin America & Caribbean,Upper middle income,2010,0.3118208,43.416,61.2
Grenada,GRD,Latin America & Caribbean,Upper middle income,2011,0.2356602,-24.424,60.9
Grenada,GRD,Latin America & Caribbean,Upper middle income,2012,0.2309441,-2.001,62.4
Grenada,GRD,Latin America & Caribbean,Upper middle income,2013,0.2302451,-0.303,60.9
Grenada,GRD,Latin America & Caribbean,Upper middle income,2014,0.0620513,-73.05,57.4
Grenada,GRD,Latin America & Caribbean,Upper middle income,2015,0.075533,21.727,54.9
Grenada,GRD,Latin America & Caribbean,Upper middle income,2016,0.0762839,0.994,55.9
Grenada,GRD,Latin America & Caribbean,Upper middle income,2017,-0.0486777,-163.811,52
Grenada,GRD,Latin America & Caribbean,Upper middle income,2018,-0.1478545,-203.742,48.5
Grenada,GRD,Latin America & Caribbean,Upper middle income,2019,-0.1308406,11.507,46.6
Grenada,GRD,Latin America & Caribbean,Upper middle income,2020,-0.1239178,5.291,49
Grenada,GRD,Latin America & Caribbean,Upper middle income,2021,-0.0492583,60.249,52.5
Grenada,GRD,Latin America & Caribbean,Upper middle income,2022,-0.040791,17.19,55.4
Grenada,GRD,Latin America & Caribbean,Upper middle income,2023,0.053522,231.21,55.9
Guam,GUM,East Asia & Pacific,High income,2004,0.3845321,,68.2
Guam,GUM,East Asia & Pacific,High income,2005,0.7574388,96.977,73
Guam,GUM,East Asia & Pacific,High income,2006,0.7536512,-0.5,74.6
Guam,GUM,East Asia & Pacific,High income,2007,0.7602456,0.875,74.2
Guam,GUM,East Asia & Pacific,High income,2008,0.7573209,-0.385,73
Guam,GUM,East Asia & Pacific,High income,2009,0.5758069,-23.968,69.7
Guam,GUM,East Asia & Pacific,High income,2010,0.5759582,0.026,68.2
Guam,GUM,East Asia & Pacific,High income,2011,0.5770316,0.186,70.3
Guam,GUM,East Asia & Pacific,High income,2012,0.5653036,-2.032,68.8
Guam,GUM,East Asia & Pacific,High income,2013,0.5635653,-0.307,69.3
Guam,GUM,East Asia & Pacific,High income,2014,0.1453016,-74.217,60.4
Guam,GUM,East Asia & Pacific,High income,2015,0.1563708,7.618,57.8
Guam,GUM,East Asia & Pacific,High income,2016,-0.0778353,-149.776,50.5
Guam,GUM,East Asia & Pacific,High income,2017,-0.0750966,3.519,50
Guam,GUM,East Asia & Pacific,High income,2018,-0.0739706,1.499,51.5
Guam,GUM,East Asia & Pacific,High income,2019,-0.0709177,4.127,50
Guam,GUM,East Asia & Pacific,High income,2020,0.3974735,660.472,68.6
Guam,GUM,East Asia & Pacific,High income,2021,0.3953827,-0.526,68.1
Guam,GUM,East Asia & Pacific,High income,2022,0.3898105,-1.409,67.6
Guam,GUM,East Asia & Pacific,High income,2023,0.3904042,0.152,67.2
Guatemala,GTM,Latin America & Caribbean,Upper middle income,2002,-0.247575,,46.2
Guatemala,GTM,Latin America & Caribbean,Upper middle income,2003,-0.282426199999999,-14.077,45.1
Guatemala,GTM,Latin America & Caribbean,Upper middle income,2004,-0.363852299999999,-28.831,45.6
Guatemala,GTM,Latin America & Caribbean,Upper middle income,2005,-0.4528577,-24.462,38.3
Guatemala,GTM,Latin America & Caribbean,Upper middle income,2006,-0.3463887,23.51,43.7
Guatemala,GTM,Latin America & Caribbean,Upper middle income,2007,-0.3840826,-10.882,40.4
Guatemala,GTM,Latin America & Caribbean,Upper middle income,2008,-0.3507392,8.681,43
Guatemala,GTM,Latin America & Caribbean,Upper middle income,2009,-0.3833444,-9.296,41.3
Guatemala,GTM,Latin America & Caribbean,Upper middle income,2010,-0.363829399999999,5.091,40.3
Guatemala,GTM,Latin America & Caribbean,Upper middle income,2011,-0.3920435,-7.755,41.6
Guatemala,GTM,Latin America & Caribbean,Upper middle income,2012,-0.465229699999999,-18.668,38.6
Guatemala,GTM,Latin America & Caribbean,Upper middle income,2013,-0.505690899999999,-8.697,35.6
Guatemala,GTM,Latin America & Caribbean,Upper middle income,2014,-0.4728187,6.5,36.6
Guatemala,GTM,Latin America & Caribbean,Upper middle income,2015,-0.404694399999999,14.408,36.8
Guatemala,GTM,Latin America & Caribbean,Upper middle income,2016,-0.356197899999999,11.983,39.7
Guatemala,GTM,Latin America & Caribbean,Upper middle income,2017,-0.451575699999999,-26.777,33.8
Guatemala,GTM,Latin America & Caribbean,Upper middle income,2018,-0.3907315,13.474,37.3
Guatemala,GTM,Latin America & Caribbean,Upper middle income,2019,-0.423147799999999,-8.296,37.3
Guatemala,GTM,Latin America & Caribbean,Upper middle income,2020,-0.3770766,10.888,39.7
Guatemala,GTM,Latin America & Caribbean,Upper middle income,2021,-0.385992799999999,-2.365,38.2
Guatemala,GTM,Latin America & Caribbean,Upper middle income,2022,-0.3817018,1.112,40.7
Guatemala,GTM,Latin America & Caribbean,Upper middle income,2023,-0.408294899999999,-6.967,38.7
Guinea,GIN,Sub-Saharan Africa,Lower middle income,2002,-1.49914519999999,,8.2
Guinea,GIN,Sub-Saharan Africa,Lower middle income,2003,-1.6449991,-9.729,5.5
Guinea,GIN,Sub-Saharan Africa,Lower middle income,2004,-1.108769,32.598,15.9
Guinea,GIN,Sub-Saharan Africa,Lower middle income,2005,-0.972591299999999,12.282,18.4
Guinea,GIN,Sub-Saharan Africa,Lower middle income,2006,-1.12845479999999,-16.026,13.2
Guinea,GIN,Sub-Saharan Africa,Lower middle income,2007,-1.15321919999999,-2.195,11.6
Guinea,GIN,Sub-Saharan Africa,Lower middle income,2008,-1.2030653,-4.322,10.5
Guinea,GIN,Sub-Saharan Africa,Lower middle income,2009,-1.1598167,3.595,10
Guinea,GIN,Sub-Saharan Africa,Lower middle income,2010,-1.1130312,4.034,11.4
Guinea,GIN,Sub-Saharan Africa,Lower middle income,2011,-1.0667906,4.154,13.9
Guinea,GIN,Sub-Saharan Africa,Lower middle income,2012,-1.0451097,2.032,14.4
Guinea,GIN,Sub-Saharan Africa,Lower middle income,2013,-1.1032004,-5.558,11.4
Guinea,GIN,Sub-Saharan Africa,Lower middle income,2014,-1.0866483,1.5,11.4
Guinea,GIN,Sub-Saharan Africa,Lower middle income,2015,-0.8658766,20.317,17.6
Guinea,GIN,Sub-Saharan Africa,Lower middle income,2016,-0.828718699999999,4.291,18.1
Guinea,GIN,Sub-Saharan Africa,Lower middle income,2017,-0.7873519,4.992,19.6
Guinea,GIN,Sub-Saharan Africa,Lower middle income,2018,-0.802823699999999,-1.965,18.6
Guinea,GIN,Sub-Saharan Africa,Lower middle income,2019,-0.792774299999999,1.252,19.6
Guinea,GIN,Sub-Saharan Africa,Lower middle income,2020,-0.826735999999999,-4.284,20.1
Guinea,GIN,Sub-Saharan Africa,Lower middle income,2021,-0.912789299999999,-10.409,15.2
Guinea,GIN,Sub-Saharan Africa,Lower middle income,2022,-0.960537699999999,-5.231,15.7
Guinea,GIN,Sub-Saharan Africa,Lower middle income,2023,-0.959765699999999,0.08,14.2
Guinea-Bissau,GNB,Sub-Saharan Africa,Low income,2002,-0.932740399999999,,20.9
Guinea-Bissau,GNB,Sub-Saharan Africa,Low income,2003,-0.9326955,0.005,21.4
Guinea-Bissau,GNB,Sub-Saharan Africa,Low income,2004,-1.45954039999999,-56.486,7.2
Guinea-Bissau,GNB,Sub-Saharan Africa,Low income,2005,-1.1307137,22.529,14.3
Guinea-Bissau,GNB,Sub-Saharan Africa,Low income,2006,-1.0362433,8.355,15.7
Guinea-Bissau,GNB,Sub-Saharan Africa,Low income,2007,-1.087842,-4.979,14.1
Guinea-Bissau,GNB,Sub-Saharan Africa,Low income,2008,-1.12093469999999,-3.042,12
Guinea-Bissau,GNB,Sub-Saharan Africa,Low income,2009,-1.1156837,0.468,12.4
Guinea-Bissau,GNB,Sub-Saharan Africa,Low income,2010,-1.0805874,3.146,12.9
Guinea-Bissau,GNB,Sub-Saharan Africa,Low income,2011,-1.13496929999999,-5.033,11.9
Guinea-Bissau,GNB,Sub-Saharan Africa,Low income,2012,-1.3284026,-17.043,7.9
Guinea-Bissau,GNB,Sub-Saharan Africa,Low income,2013,-1.3739272,-3.427,7.9
Guinea-Bissau,GNB,Sub-Saharan Africa,Low income,2014,-1.2728339,7.358,7.9
Guinea-Bissau,GNB,Sub-Saharan Africa,Low income,2015,-1.295315,-1.766,6.9
Guinea-Bissau,GNB,Sub-Saharan Africa,Low income,2016,-1.2618137,2.586,7.8
Guinea-Bissau,GNB,Sub-Saharan Africa,Low income,2017,-1.2299468,2.525,8.3
Guinea-Bissau,GNB,Sub-Saharan Africa,Low income,2018,-1.2523992,-1.825,7.8
Guinea-Bissau,GNB,Sub-Saharan Africa,Low income,2019,-1.25198039999999,0.033,8.3
Guinea-Bissau,GNB,Sub-Saharan Africa,Low income,2020,-1.2914875,-3.156,8.8
Guinea-Bissau,GNB,Sub-Saharan Africa,Low income,2021,-1.3114711,-1.547,8.8
Guinea-Bissau,GNB,Sub-Saharan Africa,Low income,2022,-1.31223539999999,-0.058,7.4
Guinea-Bissau,GNB,Sub-Saharan Africa,Low income,2023,-1.2474915,4.934,9.3
Guyana,GUY,Latin America & Caribbean,High income,2002,-0.4582205,,38.5
Guyana,GUY,Latin America & Caribbean,High income,2003,-0.3197717,30.214,43.4
Guyana,GUY,Latin America & Caribbean,High income,2004,-0.427609099999999,-33.723,41.5
Guyana,GUY,Latin America & Caribbean,High income,2005,-0.5511484,-28.891,33.2
Guyana,GUY,Latin America & Caribbean,High income,2006,-0.5011745,9.067,34
Guyana,GUY,Latin America & Caribbean,High income,2007,-0.542173599999999,-8.181,27.8
Guyana,GUY,Latin America & Caribbean,High income,2008,-0.5363036,1.083,30
Guyana,GUY,Latin America & Caribbean,High income,2009,-0.585365799999999,-9.148,27.9
Guyana,GUY,Latin America & Caribbean,High income,2010,-0.557920499999999,4.689,28.9
Guyana,GUY,Latin America & Caribbean,High income,2011,-0.6387181,-14.482,29.2
Guyana,GUY,Latin America & Caribbean,High income,2012,-0.624864099999999,2.169,30.7
Guyana,GUY,Latin America & Caribbean,High income,2013,-0.5773702,7.601,32.7
Guyana,GUY,Latin America & Caribbean,High income,2014,-0.5788286,-0.253,33.2
Guyana,GUY,Latin America & Caribbean,High income,2015,-0.5358252,7.429,32.4
Guyana,GUY,Latin America & Caribbean,High income,2016,-0.3884311,27.508,39.2
Guyana,GUY,Latin America & Caribbean,High income,2017,-0.370790399999999,4.542,37.7
Guyana,GUY,Latin America & Caribbean,High income,2018,-0.4646567,-25.315,34.3
Guyana,GUY,Latin America & Caribbean,High income,2019,-0.5433513,-16.936,31.9
Guyana,GUY,Latin America & Caribbean,High income,2020,-0.5877644,-8.174,31.9
Guyana,GUY,Latin America & Caribbean,High income,2021,-0.5733425,2.454,32.4
Guyana,GUY,Latin America & Caribbean,High income,2022,-0.647654699999999,-12.961,29.9
Guyana,GUY,Latin America & Caribbean,High income,2023,-0.6656004,-2.771,29.9
Haiti,HTI,Latin America & Caribbean,Lower middle income,2002,-1.4033472,,9.9
Haiti,HTI,Latin America & Caribbean,Lower middle income,2003,-1.4084017,-0.36,11
Haiti,HTI,Latin America & Caribbean,Lower middle income,2004,-1.5227931,-8.122,6.2
Haiti,HTI,Latin America & Caribbean,Lower middle income,2005,-1.4080527,7.535,7.7
Haiti,HTI,Latin America & Caribbean,Lower middle income,2006,-0.9314555,33.848,17.8
Haiti,HTI,Latin America & Caribbean,Lower middle income,2007,-0.951658,-2.169,17.7
Haiti,HTI,Latin America & Caribbean,Lower middle income,2008,-0.8671247,8.883,19
Haiti,HTI,Latin America & Caribbean,Lower middle income,2009,-0.872823199999999,-0.657,18.9
Haiti,HTI,Latin America & Caribbean,Lower middle income,2010,-1.1168745,-27.961,10.9
Haiti,HTI,Latin America & Caribbean,Lower middle income,2011,-1.20311449999999,-7.722,8.4
Haiti,HTI,Latin America & Caribbean,Lower middle income,2012,-1.2257236,-1.879,9.4
Haiti,HTI,Latin America & Caribbean,Lower middle income,2013,-1.2023346,1.908,10.4
Haiti,HTI,Latin America & Caribbean,Lower middle income,2014,-1.31480169999999,-9.354,6.9
Haiti,HTI,Latin America & Caribbean,Lower middle income,2015,-1.3343055,-1.483,6.4
Haiti,HTI,Latin America & Caribbean,Lower middle income,2016,-1.3334701,0.063,6.9
Haiti,HTI,Latin America & Caribbean,Lower middle income,2017,-1.300095,2.503,6.4
Haiti,HTI,Latin America & Caribbean,Lower middle income,2018,-1.24179819999999,4.484,8.3
Haiti,HTI,Latin America & Caribbean,Lower middle income,2019,-1.2718629,-2.421,7.8
Haiti,HTI,Latin America & Caribbean,Lower middle income,2020,-1.30768439999999,-2.816,7.8
Haiti,HTI,Latin America & Caribbean,Lower middle income,2021,-1.4160753,-8.289,5.4
Haiti,HTI,Latin America & Caribbean,Lower middle income,2022,-1.41718639999999,-0.078,5.4
Haiti,HTI,Latin America & Caribbean,Lower middle income,2023,-1.5446242,-8.992,4.4
Honduras,HND,Latin America & Caribbean,Lower middle income,2002,-0.6056737,,34.1
Honduras,HND,Latin America & Caribbean,Lower middle income,2003,-0.6461279,-6.679,31.9
Honduras,HND,Latin America & Caribbean,Lower middle income,2004,-0.562958899999999,12.872,34.4
Honduras,HND,Latin America & Caribbean,Lower middle income,2005,-0.415180999999999,26.25,40.8
Honduras,HND,Latin America & Caribbean,Lower middle income,2006,-0.3831814,7.707,41.6
Honduras,HND,Latin America & Caribbean,Lower middle income,2007,-0.240922,37.126,46.5
Honduras,HND,Latin America & Caribbean,Lower middle income,2008,-0.3195845,-32.651,43.5
Honduras,HND,Latin America & Caribbean,Lower middle income,2009,-0.359063199999999,-12.353,42.3
Honduras,HND,Latin America & Caribbean,Lower middle income,2010,-0.3574873,0.439,41.8
Honduras,HND,Latin America & Caribbean,Lower middle income,2011,-0.2784058,22.121,46
Honduras,HND,Latin America & Caribbean,Lower middle income,2012,-0.3805097,-36.674,43.6
Honduras,HND,Latin America & Caribbean,Lower middle income,2013,-0.4431174,-16.454,37.6
Honduras,HND,Latin America & Caribbean,Lower middle income,2014,-0.5844085,-31.886,32.2
Honduras,HND,Latin America & Caribbean,Lower middle income,2015,-0.5300981,9.293,32.8
Honduras,HND,Latin America & Caribbean,Lower middle income,2016,-0.5949609,-12.236,28.9
Honduras,HND,Latin America & Caribbean,Lower middle income,2017,-0.4499974,24.365,34.3
Honduras,HND,Latin America & Caribbean,Lower middle income,2018,-0.4794427,-6.543,32.8
Honduras,HND,Latin America & Caribbean,Lower middle income,2019,-0.5191215,-8.276,32.8
Honduras,HND,Latin America & Caribbean,Lower middle income,2020,-0.5559791,-7.1,33.3
Honduras,HND,Latin America & Caribbean,Lower middle income,2021,-0.606984299999999,-9.174,30.4
Honduras,HND,Latin America & Caribbean,Lower middle income,2022,-0.6195218,-2.066,30.9
Honduras,HND,Latin America & Caribbean,Lower middle income,2023,-0.681674799999999,-10.032,27.9
"Hong Kong SAR, China",HKG,East Asia & Pacific,High income,2002,1.9407601,,96.2
"Hong Kong SAR, China",HKG,East Asia & Pacific,High income,2003,2.1208781,9.281,99.5
"Hong Kong SAR, China",HKG,East Asia & Pacific,High income,2004,2.0778512,-2.029,100
"Hong Kong SAR, China",HKG,East Asia & Pacific,High income,2005,2.1231917,2.182,100
"Hong Kong SAR, China",HKG,East Asia & Pacific,High income,2006,2.1993983,3.589,100
"Hong Kong SAR, China",HKG,East Asia & Pacific,High income,2007,2.1386548,-2.762,99.5
"Hong Kong SAR, China",HKG,East Asia & Pacific,High income,2008,2.0805872,-2.715,99.5
"Hong Kong SAR, China",HKG,East Asia & Pacific,High income,2009,1.9768332,-4.987,99.5
"Hong Kong SAR, China",HKG,East Asia & Pacific,High income,2010,2.0142091,1.891,100
"Hong Kong SAR, China",HKG,East Asia & Pacific,High income,2011,1.812245,-10.027,96
"Hong Kong SAR, China",HKG,East Asia & Pacific,High income,2012,1.999236,10.318,98.5
"Hong Kong SAR, China",HKG,East Asia & Pacific,High income,2013,1.9677633,-1.574,99
"Hong Kong SAR, China",HKG,East Asia & Pacific,High income,2014,1.9897124,1.115,99
"Hong Kong SAR, China",HKG,East Asia & Pacific,High income,2015,2.1746956,9.297,99.5
"Hong Kong SAR, China",HKG,East Asia & Pacific,High income,2016,2.2314766,2.611,100
"Hong Kong SAR, China",HKG,East Asia & Pacific,High income,2017,2.1917763,-1.779,100
"Hong Kong SAR, China",HKG,East Asia & Pacific,High income,2018,2.2141902,1.023,100
"Hong Kong SAR, China",HKG,East Asia & Pacific,High income,2019,2.0347741,-8.103,99.5
"Hong Kong SAR, China",HKG,East Asia & Pacific,High income,2020,1.8517763,-8.994,98
"Hong Kong SAR, China",HKG,East Asia & Pacific,High income,2021,1.7461556,-5.704,96.1
"Hong Kong SAR, China",HKG,East Asia & Pacific,High income,2022,1.7235844,-1.293,96.1
"Hong Kong SAR, China",HKG,East Asia & Pacific,High income,2023,1.7308843,0.424,96.1
Hungary,HUN,Europe & Central Asia,High income,2002,1.2581679,,84.1
Hungary,HUN,Europe & Central Asia,High income,2003,1.2144198,-3.477,82.4
Hungary,HUN,Europe & Central Asia,High income,2004,1.2155088,0.09,87.2
Hungary,HUN,Europe & Central Asia,High income,2005,1.2519196,2.996,83.7
Hungary,HUN,Europe & Central Asia,High income,2006,1.2767385,1.982,84.8
Hungary,HUN,Europe & Central Asia,High income,2007,1.2913863,1.147,85.9
Hungary,HUN,Europe & Central Asia,High income,2008,1.196409,-7.355,85
Hungary,HUN,Europe & Central Asia,High income,2009,1.1276896,-5.744,83.1
Hungary,HUN,Europe & Central Asia,High income,2010,0.9304828,-17.488,79.1
Hungary,HUN,Europe & Central Asia,High income,2011,0.8949521,-3.819,78.2
Hungary,HUN,Europe & Central Asia,High income,2012,0.7676964,-14.219,75.2
Hungary,HUN,Europe & Central Asia,High income,2013,0.6995175,-8.881,72.8
Hungary,HUN,Europe & Central Asia,High income,2014,0.4352147,-37.784,72.3
Hungary,HUN,Europe & Central Asia,High income,2015,0.5204327,19.581,70.6
Hungary,HUN,Europe & Central Asia,High income,2016,0.4961603,-4.664,70.1
Hungary,HUN,Europe & Central Asia,High income,2017,0.5151311,3.824,71.6
Hungary,HUN,Europe & Central Asia,High income,2018,0.4420607,-14.185,70.1
Hungary,HUN,Europe & Central Asia,High income,2019,0.4598348,4.021,71.1
Hungary,HUN,Europe & Central Asia,High income,2020,0.4381497,-4.716,70.6
Hungary,HUN,Europe & Central Asia,High income,2021,0.4002885,-8.641,70.1
Hungary,HUN,Europe & Central Asia,High income,2022,0.2882324,-27.994,66.2
Hungary,HUN,Europe & Central Asia,High income,2023,0.2375182,-17.595,64.2
Iceland,ISL,Europe & Central Asia,High income,2002,1.6560351,,91.2
Iceland,ISL,Europe & Central Asia,High income,2003,1.7721922,7.014,93.4
Iceland,ISL,Europe & Central Asia,High income,2004,1.7905867,1.038,94.4
Iceland,ISL,Europe & Central Asia,High income,2005,1.8061763,0.871,94.9
Iceland,ISL,Europe & Central Asia,High income,2006,1.7906405,-0.86,94.9
Iceland,ISL,Europe & Central Asia,High income,2007,1.7164203,-4.145,93.4
Iceland,ISL,Europe & Central Asia,High income,2008,1.4200832,-17.265,89
Iceland,ISL,Europe & Central Asia,High income,2009,1.4657913,3.219,90
Iceland,ISL,Europe & Central Asia,High income,2010,0.9751951,-33.47,81.1
Iceland,ISL,Europe & Central Asia,High income,2011,1.148601,17.782,84.7
Iceland,ISL,Europe & Central Asia,High income,2012,1.1846502,3.139,85.6
Iceland,ISL,Europe & Central Asia,High income,2013,1.1472846,-3.154,85.6
Iceland,ISL,Europe & Central Asia,High income,2014,1.1980632,4.426,88.1
Iceland,ISL,Europe & Central Asia,High income,2015,1.2962827,8.198,89.2
Iceland,ISL,Europe & Central Asia,High income,2016,1.2838536,-0.959,87.7
Iceland,ISL,Europe & Central Asia,High income,2017,1.4266014,11.119,90.2
Iceland,ISL,Europe & Central Asia,High income,2018,1.4402955,0.96,90.2
Iceland,ISL,Europe & Central Asia,High income,2019,1.5164097,5.285,90.7
Iceland,ISL,Europe & Central Asia,High income,2020,1.4674124,-3.231,91.2
Iceland,ISL,Europe & Central Asia,High income,2021,1.6297845,11.065,94.1
Iceland,ISL,Europe & Central Asia,High income,2022,1.4250509,-12.562,90.7
Iceland,ISL,Europe & Central Asia,High income,2023,1.3949539,-2.112,89.7
India,IND,South Asia,Lower middle income,2002,-0.389617799999999,,40.7
India,IND,South Asia,Lower middle income,2003,-0.441382,-13.286,39
India,IND,South Asia,Lower middle income,2004,-0.2047551,53.61,50.8
India,IND,South Asia,Lower middle income,2005,-0.177473699999999,13.324,52.6
India,IND,South Asia,Lower middle income,2006,-0.1925709,-8.507,48.7
India,IND,South Asia,Lower middle income,2007,-0.2088541,-8.456,47.5
India,IND,South Asia,Lower middle income,2008,-0.2663175,-27.514,47
India,IND,South Asia,Lower middle income,2009,-0.2438041,8.454,46.8
India,IND,South Asia,Lower middle income,2010,-0.277761,-13.928,45.8
India,IND,South Asia,Lower middle income,2011,-0.3395793,-22.256,42.6
India,IND,South Asia,Lower middle income,2012,-0.3740965,-10.165,44.1
India,IND,South Asia,Lower middle income,2013,-0.3722425,0.496,43.1
India,IND,South Asia,Lower middle income,2014,-0.380901899999999,-2.326,40.6
India,IND,South Asia,Lower middle income,2015,-0.3303195,13.28,41.2
India,IND,South Asia,Lower middle income,2016,-0.2535746,23.234,42.6
India,IND,South Asia,Lower middle income,2017,-0.215826699999999,14.886,41.7
India,IND,South Asia,Lower middle income,2018,-0.1555625,27.922,47.5
India,IND,South Asia,Lower middle income,2019,-0.0981205,36.925,49.5
India,IND,South Asia,Lower middle income,2020,-0.1486534,-51.501,47.5
India,IND,South Asia,Lower middle income,2021,-0.169914899999999,-14.303,46.6
India,IND,South Asia,Lower middle income,2022,-0.087658,48.411,51
India,IND,South Asia,Lower middle income,2023,-0.1271699,-45.075,49.5
Indonesia,IDN,East Asia & Pacific,Upper middle income,2002,-0.5720758,,35.2
Indonesia,IDN,East Asia & Pacific,Upper middle income,2003,-0.5885779,-2.885,34.6
Indonesia,IDN,East Asia & Pacific,Upper middle income,2004,-0.5018689,14.732,38.5
Indonesia,IDN,East Asia & Pacific,Upper middle income,2005,-0.4030391,19.692,41.8
Indonesia,IDN,East Asia & Pacific,Upper middle income,2006,-0.1787479,55.65,50.3
Indonesia,IDN,East Asia & Pacific,Upper middle income,2007,-0.2282939,-27.718,47
Indonesia,IDN,East Asia & Pacific,Upper middle income,2008,-0.1516209,33.585,50.5
Indonesia,IDN,East Asia & Pacific,Upper middle income,2009,-0.1179653,22.197,51.2
Indonesia,IDN,East Asia & Pacific,Upper middle income,2010,-0.1461447,-23.888,48.8
Indonesia,IDN,East Asia & Pacific,Upper middle income,2011,-0.151232199999999,-3.481,51
Indonesia,IDN,East Asia & Pacific,Upper middle income,2012,-0.179268799999999,-18.539,51
Indonesia,IDN,East Asia & Pacific,Upper middle income,2013,-0.0485665,72.909,53.5
Indonesia,IDN,East Asia & Pacific,Upper middle income,2014,0.0028168,105.8,55
Indonesia,IDN,East Asia & Pacific,Upper middle income,2015,-0.1393886,-5048.473,49
Indonesia,IDN,East Asia & Pacific,Upper middle income,2016,0.0343509,124.644,54.9
Indonesia,IDN,East Asia & Pacific,Upper middle income,2017,0.1002062,191.713,57.4
Indonesia,IDN,East Asia & Pacific,Upper middle income,2018,0.0734587999999999,-26.692,57.8
Indonesia,IDN,East Asia & Pacific,Upper middle income,2019,0.1109827,51.082,58.8
Indonesia,IDN,East Asia & Pacific,Upper middle income,2020,0.2247809,102.537,63.7
Indonesia,IDN,East Asia & Pacific,Upper middle income,2021,0.3421673,52.223,67.2
Indonesia,IDN,East Asia & Pacific,Upper middle income,2022,0.2811244,-17.84,65.7
Indonesia,IDN,East Asia & Pacific,Upper middle income,2023,0.3408081,21.23,65.7
"Iran, Islamic Rep.",IRN,"Middle East, North Africa, Afghanistan & Pakistan",Upper middle income,2002,-1.3953366,,11
"Iran, Islamic Rep.",IRN,"Middle East, North Africa, Afghanistan & Pakistan",Upper middle income,2003,-1.3519161,3.112,13.2
"Iran, Islamic Rep.",IRN,"Middle East, North Africa, Afghanistan & Pakistan",Upper middle income,2004,-1.2344334,8.69,10.3
"Iran, Islamic Rep.",IRN,"Middle East, North Africa, Afghanistan & Pakistan",Upper middle income,2005,-1.2647461,-2.456,9.7
"Iran, Islamic Rep.",IRN,"Middle East, North Africa, Afghanistan & Pakistan",Upper middle income,2006,-1.26559209999999,-0.067,9.6
"Iran, Islamic Rep.",IRN,"Middle East, North Africa, Afghanistan & Pakistan",Upper middle income,2007,-1.3434552,-6.152,7.1
"Iran, Islamic Rep.",IRN,"Middle East, North Africa, Afghanistan & Pakistan",Upper middle income,2008,-1.3877209,-3.295,6
"Iran, Islamic Rep.",IRN,"Middle East, North Africa, Afghanistan & Pakistan",Upper middle income,2009,-1.4986655,-7.995,4.5
"Iran, Islamic Rep.",IRN,"Middle East, North Africa, Afghanistan & Pakistan",Upper middle income,2010,-1.42150619999999,5.149,6.5
"Iran, Islamic Rep.",IRN,"Middle East, North Africa, Afghanistan & Pakistan",Upper middle income,2011,-1.1976073,15.751,9.4
"Iran, Islamic Rep.",IRN,"Middle East, North Africa, Afghanistan & Pakistan",Upper middle income,2012,-1.24873909999999,-4.269,8.9
"Iran, Islamic Rep.",IRN,"Middle East, North Africa, Afghanistan & Pakistan",Upper middle income,2013,-1.3745965,-10.079,7.4
"Iran, Islamic Rep.",IRN,"Middle East, North Africa, Afghanistan & Pakistan",Upper middle income,2014,-1.3019342,5.286,7.4
"Iran, Islamic Rep.",IRN,"Middle East, North Africa, Afghanistan & Pakistan",Upper middle income,2015,-1.0907749,16.219,9.8
"Iran, Islamic Rep.",IRN,"Middle East, North Africa, Afghanistan & Pakistan",Upper middle income,2016,-1.05587229999999,3.2,11.3
"Iran, Islamic Rep.",IRN,"Middle East, North Africa, Afghanistan & Pakistan",Upper middle income,2017,-1.08286669999999,-2.557,11.3
"Iran, Islamic Rep.",IRN,"Middle East, North Africa, Afghanistan & Pakistan",Upper middle income,2018,-1.2929956,-19.405,7.4
"Iran, Islamic Rep.",IRN,"Middle East, North Africa, Afghanistan & Pakistan",Upper middle income,2019,-1.36056169999999,-5.226,6.4
"Iran, Islamic Rep.",IRN,"Middle East, North Africa, Afghanistan & Pakistan",Upper middle income,2020,-1.39295869999999,-2.381,5.4
"Iran, Islamic Rep.",IRN,"Middle East, North Africa, Afghanistan & Pakistan",Upper middle income,2021,-1.39362039999999,-0.048,6.9
"Iran, Islamic Rep.",IRN,"Middle East, North Africa, Afghanistan & Pakistan",Upper middle income,2022,-1.3976255,-0.287,5.9
"Iran, Islamic Rep.",IRN,"Middle East, North Africa, Afghanistan & Pakistan",Upper middle income,2023,-1.4684049,-5.064,5.4
Iraq,IRQ,"Middle East, North Africa, Afghanistan & Pakistan",Upper middle income,2002,-1.98339319999999,,3.8
Iraq,IRQ,"Middle East, North Africa, Afghanistan & Pakistan",Upper middle income,2003,-1.5473328,21.986,7.1
Iraq,IRQ,"Middle East, North Africa, Afghanistan & Pakistan",Upper middle income,2004,-1.5796388,-2.088,5.6
Iraq,IRQ,"Middle East, North Africa, Afghanistan & Pakistan",Upper middle income,2005,-1.4331865,9.271,6.1
Iraq,IRQ,"Middle East, North Africa, Afghanistan & Pakistan",Upper middle income,2006,-1.3863282,3.27,6.1
Iraq,IRQ,"Middle East, North Africa, Afghanistan & Pakistan",Upper middle income,2007,-1.3291863,4.122,7.6
Iraq,IRQ,"Middle East, North Africa, Afghanistan & Pakistan",Upper middle income,2008,-1.17136669999999,11.873,11
Iraq,IRQ,"Middle East, North Africa, Afghanistan & Pakistan",Upper middle income,2009,-1.1212805,4.276,11.9
Iraq,IRQ,"Middle East, North Africa, Afghanistan & Pakistan",Upper middle income,2010,-0.9629582,14.12,16.4
Iraq,IRQ,"Middle East, North Africa, Afghanistan & Pakistan",Upper middle income,2011,-0.9193194,4.532,18.8
Iraq,IRQ,"Middle East, North Africa, Afghanistan & Pakistan",Upper middle income,2012,-1.0140703,-10.307,16.3
Iraq,IRQ,"Middle East, North Africa, Afghanistan & Pakistan",Upper middle income,2013,-1.01449489999999,-0.042,16.8
Iraq,IRQ,"Middle East, North Africa, Afghanistan & Pakistan",Upper middle income,2014,-1.07080859999999,-5.551,11.9
Iraq,IRQ,"Middle East, North Africa, Afghanistan & Pakistan",Upper middle income,2015,-1.01794729999999,4.937,11.3
Iraq,IRQ,"Middle East, North Africa, Afghanistan & Pakistan",Upper middle income,2016,-0.9696252,4.747,11.8
Iraq,IRQ,"Middle East, North Africa, Afghanistan & Pakistan",Upper middle income,2017,-1.06927179999999,-10.277,11.8
Iraq,IRQ,"Middle East, North Africa, Afghanistan & Pakistan",Upper middle income,2018,-1.16118109999999,-8.596,10.3
Iraq,IRQ,"Middle East, North Africa, Afghanistan & Pakistan",Upper middle income,2019,-1.1604354,0.064,10.3
Iraq,IRQ,"Middle East, North Africa, Afghanistan & Pakistan",Upper middle income,2020,-1.2511236,-7.815,9.8
Iraq,IRQ,"Middle East, North Africa, Afghanistan & Pakistan",Upper middle income,2021,-1.1622157,7.106,9.8
Iraq,IRQ,"Middle East, North Africa, Afghanistan & Pakistan",Upper middle income,2022,-1.2214123,-5.093,9.8
Iraq,IRQ,"Middle East, North Africa, Afghanistan & Pakistan",Upper middle income,2023,-1.2810271,-4.881,7.8
Ireland,IRL,Europe & Central Asia,High income,2002,1.9727002,,96.7
Ireland,IRL,Europe & Central Asia,High income,2003,1.8929644,-4.042,96.2
Ireland,IRL,Europe & Central Asia,High income,2004,1.7407489,-8.041,93.8
Ireland,IRL,Europe & Central Asia,High income,2005,1.8845907,8.263,96.9
Ireland,IRL,Europe & Central Asia,High income,2006,1.9855895,5.359,98.5
Ireland,IRL,Europe & Central Asia,High income,2007,1.9168528,-3.462,98.5
Ireland,IRL,Europe & Central Asia,High income,2008,1.8240052,-4.844,98
Ireland,IRL,Europe & Central Asia,High income,2009,1.6231073,-11.014,93.5
Ireland,IRL,Europe & Central Asia,High income,2010,1.5589282,-3.954,92.5
Ireland,IRL,Europe & Central Asia,High income,2011,1.441947,-7.504,89.6
Ireland,IRL,Europe & Central Asia,High income,2012,1.5219127,5.546,91.6
Ireland,IRL,Europe & Central Asia,High income,2013,1.5775092,3.653,92.6
Ireland,IRL,Europe & Central Asia,High income,2014,1.655585,4.949,93.6
Ireland,IRL,Europe & Central Asia,High income,2015,1.7242938,4.15,94.6
Ireland,IRL,Europe & Central Asia,High income,2016,1.7059099,-1.066,94.1
Ireland,IRL,Europe & Central Asia,High income,2017,1.5978967,-6.332,92.2
Ireland,IRL,Europe & Central Asia,High income,2018,1.6485933,3.173,93.1
Ireland,IRL,Europe & Central Asia,High income,2019,1.5832688,-3.962,92.6
Ireland,IRL,Europe & Central Asia,High income,2020,1.4657053,-7.425,90.7
Ireland,IRL,Europe & Central Asia,High income,2021,1.621098,10.602,93.6
Ireland,IRL,Europe & Central Asia,High income,2022,1.766517,8.97,97.1
Ireland,IRL,Europe & Central Asia,High income,2023,1.7973082,1.743,96.6
Israel,ISR,"Middle East, North Africa, Afghanistan & Pakistan",High income,2002,0.9944734,,79.7
Israel,ISR,"Middle East, North Africa, Afghanistan & Pakistan",High income,2003,0.936594,-5.82,75.8
Israel,ISR,"Middle East, North Africa, Afghanistan & Pakistan",High income,2004,0.8766531,-6.4,79.5
Israel,ISR,"Middle East, North Africa, Afghanistan & Pakistan",High income,2005,0.9163284,4.526,77.6
Israel,ISR,"Middle East, North Africa, Afghanistan & Pakistan",High income,2006,0.9173152,0.108,77.2
Israel,ISR,"Middle East, North Africa, Afghanistan & Pakistan",High income,2007,1.0188037,11.064,79.3
Israel,ISR,"Middle East, North Africa, Afghanistan & Pakistan",High income,2008,1.048727,2.937,81
Israel,ISR,"Middle East, North Africa, Afghanistan & Pakistan",High income,2009,0.9449838,-9.892,79.6
Israel,ISR,"Middle East, North Africa, Afghanistan & Pakistan",High income,2010,1.0545829,11.598,83.1
Israel,ISR,"Middle East, North Africa, Afghanistan & Pakistan",High income,2011,1.1985341,13.65,85.1
Israel,ISR,"Middle East, North Africa, Afghanistan & Pakistan",High income,2012,1.1065081,-7.678,84.2
Israel,ISR,"Middle East, North Africa, Afghanistan & Pakistan",High income,2013,1.0845921,-1.981,84.2
Israel,ISR,"Middle East, North Africa, Afghanistan & Pakistan",High income,2014,1.039203,-4.185,86.1
Israel,ISR,"Middle East, North Africa, Afghanistan & Pakistan",High income,2015,1.0998742,5.838,84.8
Israel,ISR,"Middle East, North Africa, Afghanistan & Pakistan",High income,2016,1.2410934,12.84,86.8
Israel,ISR,"Middle East, North Africa, Afghanistan & Pakistan",High income,2017,1.21522,-2.085,85.3
Israel,ISR,"Middle East, North Africa, Afghanistan & Pakistan",High income,2018,1.163545,-4.252,85.8
Israel,ISR,"Middle East, North Africa, Afghanistan & Pakistan",High income,2019,1.2416535,6.713,86.8
Israel,ISR,"Middle East, North Africa, Afghanistan & Pakistan",High income,2020,1.1520351,-7.218,87.3
Israel,ISR,"Middle East, North Africa, Afghanistan & Pakistan",High income,2021,1.1753426,2.023,86.8
Israel,ISR,"Middle East, North Africa, Afghanistan & Pakistan",High income,2022,1.1223555,-4.508,86.3
Israel,ISR,"Middle East, North Africa, Afghanistan & Pakistan",High income,2023,1.0540976,-6.082,84.3
Italy,ITA,Europe & Central Asia,High income,2002,0.9037023,,76.4
Italy,ITA,Europe & Central Asia,High income,2003,1.0274005,13.688,78
Italy,ITA,Europe & Central Asia,High income,2004,1.0001336,-2.654,81
Italy,ITA,Europe & Central Asia,High income,2005,0.9062855,-9.384,77
Italy,ITA,Europe & Central Asia,High income,2006,0.9347533,3.141,78.2
Italy,ITA,Europe & Central Asia,High income,2007,0.9144553,-2.171,76.3
Italy,ITA,Europe & Central Asia,High income,2008,0.8886584,-2.821,77
Italy,ITA,Europe & Central Asia,High income,2009,0.7953389,-10.501,74.6
Italy,ITA,Europe & Central Asia,High income,2010,0.7462046,-6.178,74.1
Italy,ITA,Europe & Central Asia,High income,2011,0.4856351,-34.919,66.8
Italy,ITA,Europe & Central Asia,High income,2012,0.4822093,-0.705,67.3
Italy,ITA,Europe & Central Asia,High income,2013,0.4880841,1.218,67.8
Italy,ITA,Europe & Central Asia,High income,2014,0.3783433,-22.484,69.3
Italy,ITA,Europe & Central Asia,High income,2015,0.5869675,55.142,72.5
Italy,ITA,Europe & Central Asia,High income,2016,0.6337422,7.969,73
Italy,ITA,Europe & Central Asia,High income,2017,0.6356778,0.305,74.5
Italy,ITA,Europe & Central Asia,High income,2018,0.5602677,-11.863,73.5
Italy,ITA,Europe & Central Asia,High income,2019,0.7011105,25.138,74.5
Italy,ITA,Europe & Central Asia,High income,2020,0.4717415,-32.715,71.6
Italy,ITA,Europe & Central Asia,High income,2021,0.5735641,21.584,73.5
Italy,ITA,Europe & Central Asia,High income,2022,0.6011866,4.816,74
Italy,ITA,Europe & Central Asia,High income,2023,0.695748,15.729,76.5
Jamaica,JAM,Latin America & Caribbean,Upper middle income,2002,0.1037315,,59.3
Jamaica,JAM,Latin America & Caribbean,Upper middle income,2003,0.1302785,25.592,57.7
Jamaica,JAM,Latin America & Caribbean,Upper middle income,2004,0.1923274,47.628,64.1
Jamaica,JAM,Latin America & Caribbean,Upper middle income,2005,0.2253065,17.147,61.2
Jamaica,JAM,Latin America & Caribbean,Upper middle income,2006,0.2887177,28.144,62.9
Jamaica,JAM,Latin America & Caribbean,Upper middle income,2007,0.3057307,5.893,62.1
Jamaica,JAM,Latin America & Caribbean,Upper middle income,2008,0.2836894,-7.209,60.5
Jamaica,JAM,Latin America & Caribbean,Upper middle income,2009,0.2533509,-10.694,59.2
Jamaica,JAM,Latin America & Caribbean,Upper middle income,2010,0.2536728,0.127,60.2
Jamaica,JAM,Latin America & Caribbean,Upper middle income,2011,0.1950194,-23.122,59.9
Jamaica,JAM,Latin America & Caribbean,Upper middle income,2012,-0.0021633,-101.109,55
Jamaica,JAM,Latin America & Caribbean,Upper middle income,2013,0.0417636,2030.551,55.9
Jamaica,JAM,Latin America & Caribbean,Upper middle income,2014,0.0551423,32.034,55.9
Jamaica,JAM,Latin America & Caribbean,Upper middle income,2015,0.1273892,131.019,56.9
Jamaica,JAM,Latin America & Caribbean,Upper middle income,2016,0.1445195,13.447,57.8
Jamaica,JAM,Latin America & Caribbean,Upper middle income,2017,0.1244681,-13.875,58.8
Jamaica,JAM,Latin America & Caribbean,Upper middle income,2018,0.1473187,18.359,62.7
Jamaica,JAM,Latin America & Caribbean,Upper middle income,2019,0.1355129,-8.014,61.3
Jamaica,JAM,Latin America & Caribbean,Upper middle income,2020,0.0985113,-27.305,58.8
Jamaica,JAM,Latin America & Caribbean,Upper middle income,2021,0.1818115,84.559,61.3
Jamaica,JAM,Latin America & Caribbean,Upper middle income,2022,0.1706852,-6.12,61.8
Jamaica,JAM,Latin America & Caribbean,Upper middle income,2023,0.1485571,-12.964,61.3
Japan,JPN,East Asia & Pacific,High income,2002,0.5483447,,68.7
Japan,JPN,East Asia & Pacific,High income,2003,0.9636418,75.737,76.9
Japan,JPN,East Asia & Pacific,High income,2004,1.0344553,7.349,82.6
Japan,JPN,East Asia & Pacific,High income,2005,1.2239846,18.322,82.7
Japan,JPN,East Asia & Pacific,High income,2006,1.3064725,6.739,86.8
Japan,JPN,East Asia & Pacific,High income,2007,1.2530414,-4.09,85.4
Japan,JPN,East Asia & Pacific,High income,2008,1.2525058,-0.043,86.5
Japan,JPN,East Asia & Pacific,High income,2009,1.224319,-2.25,85.6
Japan,JPN,East Asia & Pacific,High income,2010,1.197376,-2.201,85.1
Japan,JPN,East Asia & Pacific,High income,2011,1.3335982,11.377,87.6
Japan,JPN,East Asia & Pacific,High income,2012,1.4295254,7.193,87.6
Japan,JPN,East Asia & Pacific,High income,2013,1.3594273,-4.904,87.6
Japan,JPN,East Asia & Pacific,High income,2014,1.2994963,-4.409,89.6
Japan,JPN,East Asia & Pacific,High income,2015,1.4111482,8.592,90.7
Japan,JPN,East Asia & Pacific,High income,2016,1.5287918,8.337,91.2
Japan,JPN,East Asia & Pacific,High income,2017,1.3985802,-8.517,89.2
Japan,JPN,East Asia & Pacific,High income,2018,1.364542,-2.434,89.2
Japan,JPN,East Asia & Pacific,High income,2019,1.3886549,1.767,89.2
Japan,JPN,East Asia & Pacific,High income,2020,1.3671823,-1.546,89.7
Japan,JPN,East Asia & Pacific,High income,2021,1.3955783,2.077,89.2
Japan,JPN,East Asia & Pacific,High income,2022,1.4106972,1.083,90.2
Japan,JPN,East Asia & Pacific,High income,2023,1.3978822,-0.908,90.2
Jordan,JOR,"Middle East, North Africa, Afghanistan & Pakistan",Upper middle income,2002,0.0239071,,56.6
Jordan,JOR,"Middle East, North Africa, Afghanistan & Pakistan",Upper middle income,2003,0.2155183,801.482,61.5
Jordan,JOR,"Middle East, North Africa, Afghanistan & Pakistan",Upper middle income,2004,0.3627243,68.303,67.2
Jordan,JOR,"Middle East, North Africa, Afghanistan & Pakistan",Upper middle income,2005,0.3211519,-11.461,63.3
Jordan,JOR,"Middle East, North Africa, Afghanistan & Pakistan",Upper middle income,2006,0.1526239,-52.476,57.9
Jordan,JOR,"Middle East, North Africa, Afghanistan & Pakistan",Upper middle income,2007,0.1566394,2.631,58.6
Jordan,JOR,"Middle East, North Africa, Afghanistan & Pakistan",Upper middle income,2008,0.308494,96.945,61.5
Jordan,JOR,"Middle East, North Africa, Afghanistan & Pakistan",Upper middle income,2009,0.2228716,-27.755,58.2
Jordan,JOR,"Middle East, North Africa, Afghanistan & Pakistan",Upper middle income,2010,0.1073349,-51.84,56.7
Jordan,JOR,"Middle East, North Africa, Afghanistan & Pakistan",Upper middle income,2011,0.1908722,77.829,59.4
Jordan,JOR,"Middle East, North Africa, Afghanistan & Pakistan",Upper middle income,2012,0.1819511,-4.674,59.4
Jordan,JOR,"Middle East, North Africa, Afghanistan & Pakistan",Upper middle income,2013,0.0995895,-45.266,56.9
Jordan,JOR,"Middle East, North Africa, Afghanistan & Pakistan",Upper middle income,2014,0.104591,5.022,57.9
Jordan,JOR,"Middle East, North Africa, Afghanistan & Pakistan",Upper middle income,2015,0.1682906,60.904,58.8
Jordan,JOR,"Middle East, North Africa, Afghanistan & Pakistan",Upper middle income,2016,0.1178125,-29.995,56.9
Jordan,JOR,"Middle East, North Africa, Afghanistan & Pakistan",Upper middle income,2017,0.1335964,13.397,59.8
Jordan,JOR,"Middle East, North Africa, Afghanistan & Pakistan",Upper middle income,2018,0.0851019,-36.299,59.3
Jordan,JOR,"Middle East, North Africa, Afghanistan & Pakistan",Upper middle income,2019,0.159713,87.673,62.3
Jordan,JOR,"Middle East, North Africa, Afghanistan & Pakistan",Upper middle income,2020,0.1930478,20.872,62.3
Jordan,JOR,"Middle East, North Africa, Afghanistan & Pakistan",Upper middle income,2021,0.1917529,-0.671,61.8
Jordan,JOR,"Middle East, North Africa, Afghanistan & Pakistan",Upper middle income,2022,0.2117071,10.406,63.2
Jordan,JOR,"Middle East, North Africa, Afghanistan & Pakistan",Upper middle income,2023,0.3141122,48.371,64.7
Kazakhstan,KAZ,Europe & Central Asia,Upper middle income,2002,-1.01826819999999,,17.6
Kazakhstan,KAZ,Europe & Central Asia,Upper middle income,2003,-0.860515599999999,15.492,23.6
Kazakhstan,KAZ,Europe & Central Asia,Upper middle income,2004,-0.838730099999999,2.532,21.5
Kazakhstan,KAZ,Europe & Central Asia,Upper middle income,2005,-0.5786196,31.012,32.1
Kazakhstan,KAZ,Europe & Central Asia,Upper middle income,2006,-0.427037,26.197,39.1
Kazakhstan,KAZ,Europe & Central Asia,Upper middle income,2007,-0.427709099999999,-0.157,37.9
Kazakhstan,KAZ,Europe & Central Asia,Upper middle income,2008,-0.2820625,34.053,46
Kazakhstan,KAZ,Europe & Central Asia,Upper middle income,2009,-0.397889899999999,-41.064,38.8
Kazakhstan,KAZ,Europe & Central Asia,Upper middle income,2010,-0.3591992,9.724,41.3
Kazakhstan,KAZ,Europe & Central Asia,Upper middle income,2011,-0.311006699999999,13.417,44.1
Kazakhstan,KAZ,Europe & Central Asia,Upper middle income,2012,-0.3353459,-7.826,45.5
Kazakhstan,KAZ,Europe & Central Asia,Upper middle income,2013,-0.3372732,-0.575,44.6
Kazakhstan,KAZ,Europe & Central Asia,Upper middle income,2014,-0.1482337,56.049,50
Kazakhstan,KAZ,Europe & Central Asia,Upper middle income,2015,-0.0714085,51.827,51.5
Kazakhstan,KAZ,Europe & Central Asia,Upper middle income,2016,-0.135354299999999,-89.549,49.5
Kazakhstan,KAZ,Europe & Central Asia,Upper middle income,2017,0.0833098999999999,161.55,56.4
Kazakhstan,KAZ,Europe & Central Asia,Upper middle income,2018,0.0552752,-33.651,56.4
Kazakhstan,KAZ,Europe & Central Asia,Upper middle income,2019,0.112725,103.934,59.3
Kazakhstan,KAZ,Europe & Central Asia,Upper middle income,2020,0.0538787,-52.203,55.9
Kazakhstan,KAZ,Europe & Central Asia,Upper middle income,2021,0.0132367,-75.432,55.4
Kazakhstan,KAZ,Europe & Central Asia,Upper middle income,2022,-0.0640574,-583.938,52.9
Kazakhstan,KAZ,Europe & Central Asia,Upper middle income,2023,0.0054918,108.573,53.9
Kenya,KEN,Sub-Saharan Africa,Lower middle income,2002,-0.2221503,,48.9
Kenya,KEN,Sub-Saharan Africa,Lower middle income,2003,-0.2596713,-16.89,46.7
Kenya,KEN,Sub-Saharan Africa,Lower middle income,2004,-0.398212199999999,-53.352,44.1
Kenya,KEN,Sub-Saharan Africa,Lower middle income,2005,-0.3700978,7.06,42.9
Kenya,KEN,Sub-Saharan Africa,Lower middle income,2006,-0.334414899999999,9.641,44.7
Kenya,KEN,Sub-Saharan Africa,Lower middle income,2007,-0.3186137,4.725,44.4
Kenya,KEN,Sub-Saharan Africa,Lower middle income,2008,-0.3623643,-13.732,42
Kenya,KEN,Sub-Saharan Africa,Lower middle income,2009,-0.3937815,-8.67,40.3
Kenya,KEN,Sub-Saharan Africa,Lower middle income,2010,-0.352640099999999,10.448,42.3
Kenya,KEN,Sub-Saharan Africa,Lower middle income,2011,-0.5228608,-48.27,31.7
Kenya,KEN,Sub-Saharan Africa,Lower middle income,2012,-0.512205399999999,2.038,34.2
Kenya,KEN,Sub-Saharan Africa,Lower middle income,2013,-0.5061369,1.185,35.1
Kenya,KEN,Sub-Saharan Africa,Lower middle income,2014,-0.3260229,35.586,42.6
Kenya,KEN,Sub-Saharan Africa,Lower middle income,2015,-0.28953,11.193,43.6
Kenya,KEN,Sub-Saharan Africa,Lower middle income,2016,-0.227071399999999,21.572,45.6
Kenya,KEN,Sub-Saharan Africa,Lower middle income,2017,-0.1985132,12.577,43.1
Kenya,KEN,Sub-Saharan Africa,Lower middle income,2018,-0.2993553,-50.799,40.7
Kenya,KEN,Sub-Saharan Africa,Lower middle income,2019,-0.3436142,-14.785,40.7
Kenya,KEN,Sub-Saharan Africa,Lower middle income,2020,-0.460141099999999,-33.912,37.3
Kenya,KEN,Sub-Saharan Africa,Lower middle income,2021,-0.424813499999999,7.678,37.7
Kenya,KEN,Sub-Saharan Africa,Lower middle income,2022,-0.3909087,7.981,39.7
Kenya,KEN,Sub-Saharan Africa,Lower middle income,2023,-0.3986548,-1.982,39.7
Kiribati,KIR,East Asia & Pacific,Lower middle income,2004,-0.4621882,,40
Kiribati,KIR,East Asia & Pacific,Lower middle income,2005,-0.9606224,-107.842,18.9
Kiribati,KIR,East Asia & Pacific,Lower middle income,2006,-0.9623162,-0.176,16.2
Kiribati,KIR,East Asia & Pacific,Lower middle income,2007,-1.0026464,-4.191,16.7
Kiribati,KIR,East Asia & Pacific,Lower middle income,2008,-1.0760724,-7.323,14.5
Kiribati,KIR,East Asia & Pacific,Lower middle income,2009,-1.109943,-3.148,13.4
Kiribati,KIR,East Asia & Pacific,Lower middle income,2010,-1.1712064,-5.52,9.5
Kiribati,KIR,East Asia & Pacific,Lower middle income,2011,-1.1695716,0.14,10.4
Kiribati,KIR,East Asia & Pacific,Lower middle income,2012,-1.1799003,-0.883,10.4
Kiribati,KIR,East Asia & Pacific,Lower middle income,2013,-1.180479,-0.049,10.9
Kiribati,KIR,East Asia & Pacific,Lower middle income,2014,-0.6670026,43.497,29.2
Kiribati,KIR,East Asia & Pacific,Lower middle income,2015,-0.6633176,0.552,27.5
Kiribati,KIR,East Asia & Pacific,Lower middle income,2016,-0.6785642,-2.299,25
Kiribati,KIR,East Asia & Pacific,Lower middle income,2017,-0.6776525,0.134,26
Kiribati,KIR,East Asia & Pacific,Lower middle income,2018,-0.6772777,0.055,26.5
Kiribati,KIR,East Asia & Pacific,Lower middle income,2019,-0.5049386,25.446,34.8
Kiribati,KIR,East Asia & Pacific,Lower middle income,2020,-0.5492947,-8.784,33.8
Kiribati,KIR,East Asia & Pacific,Lower middle income,2021,-0.5500931,-0.145,33.8
Kiribati,KIR,East Asia & Pacific,Lower middle income,2022,-0.5337443,2.972,34.3
Kiribati,KIR,East Asia & Pacific,Lower middle income,2023,-0.5997507,-12.367,31.9
"Korea, Dem. People's Rep.",PRK,East Asia & Pacific,Low income,2002,-2.12640549999999,,1.6
"Korea, Dem. People's Rep.",PRK,East Asia & Pacific,Low income,2003,-2.1874501,-2.871,1.6
"Korea, Dem. People's Rep.",PRK,East Asia & Pacific,Low income,2004,-2.1888186,-0.063,0.5
"Korea, Dem. People's Rep.",PRK,East Asia & Pacific,Low income,2005,-2.0646651,5.672,1
"Korea, Dem. People's Rep.",PRK,East Asia & Pacific,Low income,2006,-1.99609599999999,3.321,1.5
"Korea, Dem. People's Rep.",PRK,East Asia & Pacific,Low income,2007,-2.034291,-1.913,1
"Korea, Dem. People's Rep.",PRK,East Asia & Pacific,Low income,2008,-2.0349443,-0.032,1
"Korea, Dem. People's Rep.",PRK,East Asia & Pacific,Low income,2009,-2.2693429,-11.519,0
"Korea, Dem. People's Rep.",PRK,East Asia & Pacific,Low income,2010,-1.8343177,19.17,1
"Korea, Dem. People's Rep.",PRK,East Asia & Pacific,Low income,2011,-1.8375062,-0.174,1.5
"Korea, Dem. People's Rep.",PRK,East Asia & Pacific,Low income,2012,-2.4263935,-32.048,0
"Korea, Dem. People's Rep.",PRK,East Asia & Pacific,Low income,2013,-2.4267817,-0.016,0
"Korea, Dem. People's Rep.",PRK,East Asia & Pacific,Low income,2014,-2.0615378,15.051,0.5
"Korea, Dem. People's Rep.",PRK,East Asia & Pacific,Low income,2015,-2.1049346,-2.105,0
"Korea, Dem. People's Rep.",PRK,East Asia & Pacific,Low income,2016,-2.10435649999999,0.027,0
"Korea, Dem. People's Rep.",PRK,East Asia & Pacific,Low income,2017,-2.1037448,0.029,0
"Korea, Dem. People's Rep.",PRK,East Asia & Pacific,Low income,2018,-2.0268175,3.657,1
"Korea, Dem. People's Rep.",PRK,East Asia & Pacific,Low income,2019,-2.0261356,0.034,1
"Korea, Dem. People's Rep.",PRK,East Asia & Pacific,Low income,2020,-1.9455234,3.979,2
"Korea, Dem. People's Rep.",PRK,East Asia & Pacific,Low income,2021,-1.9459904,-0.024,1
"Korea, Dem. People's Rep.",PRK,East Asia & Pacific,Low income,2022,-1.94723499999999,-0.064,0.5
"Korea, Dem. People's Rep.",PRK,East Asia & Pacific,Low income,2023,-1.8744885,3.736,2
"Korea, Rep.",KOR,East Asia & Pacific,High income,2002,0.6891944,,71.4
"Korea, Rep.",KOR,East Asia & Pacific,High income,2003,0.5898687,-14.412,69.8
"Korea, Rep.",KOR,East Asia & Pacific,High income,2004,0.8058782,36.62,78.5
"Korea, Rep.",KOR,East Asia & Pacific,High income,2005,0.8756782,8.661,76.5
"Korea, Rep.",KOR,East Asia & Pacific,High income,2006,0.785485,-10.3,75.1
"Korea, Rep.",KOR,East Asia & Pacific,High income,2007,0.9818245,24.996,77.8
"Korea, Rep.",KOR,East Asia & Pacific,High income,2008,0.6842496,-30.308,71.5
"Korea, Rep.",KOR,East Asia & Pacific,High income,2009,0.7514494,9.821,72.6
"Korea, Rep.",KOR,East Asia & Pacific,High income,2010,0.8025338,6.798,75.1
"Korea, Rep.",KOR,East Asia & Pacific,High income,2011,0.9312521,16.039,80.2
"Korea, Rep.",KOR,East Asia & Pacific,High income,2012,0.9288607,-0.257,79.7
"Korea, Rep.",KOR,East Asia & Pacific,High income,2013,1.0180914,9.606,83.2
"Korea, Rep.",KOR,East Asia & Pacific,High income,2014,0.9937598,-2.39,83.7
"Korea, Rep.",KOR,East Asia & Pacific,High income,2015,0.996129,0.238,82.8
"Korea, Rep.",KOR,East Asia & Pacific,High income,2016,0.9758957,-2.031,81.9
"Korea, Rep.",KOR,East Asia & Pacific,High income,2017,0.9593042,-1.7,80.9
"Korea, Rep.",KOR,East Asia & Pacific,High income,2018,0.9569194,-0.249,81.9
"Korea, Rep.",KOR,East Asia & Pacific,High income,2019,0.9120155,-4.693,80.4
"Korea, Rep.",KOR,East Asia & Pacific,High income,2020,0.9083199,-0.405,82.4
"Korea, Rep.",KOR,East Asia & Pacific,High income,2021,0.9879995,8.772,83.3
"Korea, Rep.",KOR,East Asia & Pacific,High income,2022,1.01728,2.964,83.8
"Korea, Rep.",KOR,East Asia & Pacific,High income,2023,0.9996554,-1.733,83.8
Kosovo,XKX,Europe & Central Asia,Upper middle income,2008,-0.370205399999999,,41.5
Kosovo,XKX,Europe & Central Asia,Upper middle income,2009,-0.1858215,49.806,47.8
Kosovo,XKX,Europe & Central Asia,Upper middle income,2010,-0.3411711,-83.602,42.8
Kosovo,XKX,Europe & Central Asia,Upper middle income,2011,-0.398874,-16.913,41.1
Kosovo,XKX,Europe & Central Asia,Upper middle income,2012,-0.2195981,44.945,49.5
Kosovo,XKX,Europe & Central Asia,Upper middle income,2013,-0.178281499999999,18.815,51
Kosovo,XKX,Europe & Central Asia,Upper middle income,2014,-0.213368199999999,-19.681,47.5
Kosovo,XKX,Europe & Central Asia,Upper middle income,2015,-0.3315025,-55.366,40.7
Kosovo,XKX,Europe & Central Asia,Upper middle income,2016,-0.254342199999999,23.276,42.2
Kosovo,XKX,Europe & Central Asia,Upper middle income,2017,-0.2101322,17.382,42.2
Kosovo,XKX,Europe & Central Asia,Upper middle income,2018,-0.363327,-72.904,37.7
Kosovo,XKX,Europe & Central Asia,Upper middle income,2019,-0.3751079,-3.243,38.7
Kosovo,XKX,Europe & Central Asia,Upper middle income,2020,-0.3899511,-3.957,39.2
Kosovo,XKX,Europe & Central Asia,Upper middle income,2021,-0.3739534,4.102,39.7
Kosovo,XKX,Europe & Central Asia,Upper middle income,2022,-0.468636799999999,-25.32,36.8
Kosovo,XKX,Europe & Central Asia,Upper middle income,2023,-0.3899858,16.783,40.2
Kuwait,KWT,"Middle East, North Africa, Afghanistan & Pakistan",High income,2002,0.1488541,,61
Kuwait,KWT,"Middle East, North Africa, Afghanistan & Pakistan",High income,2003,0.2014184,35.313,61
Kuwait,KWT,"Middle East, North Africa, Afghanistan & Pakistan",High income,2004,0.3098328,53.825,66.7
Kuwait,KWT,"Middle East, North Africa, Afghanistan & Pakistan",High income,2005,0.4106113,32.527,66.3
Kuwait,KWT,"Middle East, North Africa, Afghanistan & Pakistan",High income,2006,0.2859224,-30.367,62.4
Kuwait,KWT,"Middle East, North Africa, Afghanistan & Pakistan",High income,2007,0.3255243,13.851,63.1
Kuwait,KWT,"Middle East, North Africa, Afghanistan & Pakistan",High income,2008,0.3732248,14.653,64
Kuwait,KWT,"Middle East, North Africa, Afghanistan & Pakistan",High income,2009,0.3831092,2.648,64.7
Kuwait,KWT,"Middle East, North Africa, Afghanistan & Pakistan",High income,2010,0.4485081,17.071,64.7
Kuwait,KWT,"Middle East, North Africa, Afghanistan & Pakistan",High income,2011,0.2857251,-36.294,62.4
Kuwait,KWT,"Middle East, North Africa, Afghanistan & Pakistan",High income,2012,0.1507128,-47.253,57.9
Kuwait,KWT,"Middle East, North Africa, Afghanistan & Pakistan",High income,2013,0.1194098,-20.77,57.9
Kuwait,KWT,"Middle East, North Africa, Afghanistan & Pakistan",High income,2014,-0.0650589,-154.484,52.5
Kuwait,KWT,"Middle East, North Africa, Afghanistan & Pakistan",High income,2015,-0.0254842,60.829,52
Kuwait,KWT,"Middle East, North Africa, Afghanistan & Pakistan",High income,2016,-0.0488498,-91.687,51.5
Kuwait,KWT,"Middle East, North Africa, Afghanistan & Pakistan",High income,2017,-0.0306017,37.356,53.4
Kuwait,KWT,"Middle East, North Africa, Afghanistan & Pakistan",High income,2018,0.0185723,160.69,54.9
Kuwait,KWT,"Middle East, North Africa, Afghanistan & Pakistan",High income,2019,0.1059595,470.524,57.8
Kuwait,KWT,"Middle East, North Africa, Afghanistan & Pakistan",High income,2020,0.1356131,27.986,59.8
Kuwait,KWT,"Middle East, North Africa, Afghanistan & Pakistan",High income,2021,0.1641701,21.058,60.8
Kuwait,KWT,"Middle East, North Africa, Afghanistan & Pakistan",High income,2022,0.2464239,50.103,64.2
Kuwait,KWT,"Middle East, North Africa, Afghanistan & Pakistan",High income,2023,0.3224925,30.869,65.2
Kyrgyz Republic,KGZ,Europe & Central Asia,Lower middle income,2002,-0.1669081,,51.1
Kyrgyz Republic,KGZ,Europe & Central Asia,Lower middle income,2003,0.0197313,111.822,56
Kyrgyz Republic,KGZ,Europe & Central Asia,Lower middle income,2004,-0.2938165,-1589.088,48.2
Kyrgyz Republic,KGZ,Europe & Central Asia,Lower middle income,2005,-0.527278999999999,-79.459,34.2
Kyrgyz Republic,KGZ,Europe & Central Asia,Lower middle income,2006,-0.576399099999999,-9.316,26.9
Kyrgyz Republic,KGZ,Europe & Central Asia,Lower middle income,2007,-0.481161099999999,16.523,32.3
Kyrgyz Republic,KGZ,Europe & Central Asia,Lower middle income,2008,-0.491284299999999,-2.104,33
Kyrgyz Republic,KGZ,Europe & Central Asia,Lower middle income,2009,-0.5702782,-16.079,29.4
Kyrgyz Republic,KGZ,Europe & Central Asia,Lower middle income,2010,-0.472578699999999,17.132,33.8
Kyrgyz Republic,KGZ,Europe & Central Asia,Lower middle income,2011,-0.415269699999999,12.127,40.6
Kyrgyz Republic,KGZ,Europe & Central Asia,Lower middle income,2012,-0.499224,-20.217,37.1
Kyrgyz Republic,KGZ,Europe & Central Asia,Lower middle income,2013,-0.4370868,12.447,38.6
Kyrgyz Republic,KGZ,Europe & Central Asia,Lower middle income,2014,-0.5414534,-23.878,35.1
Kyrgyz Republic,KGZ,Europe & Central Asia,Lower middle income,2015,-0.559684699999999,-3.367,31.4
Kyrgyz Republic,KGZ,Europe & Central Asia,Lower middle income,2016,-0.3906415,30.203,38.7
Kyrgyz Republic,KGZ,Europe & Central Asia,Lower middle income,2017,-0.2937056,24.815,39.7
Kyrgyz Republic,KGZ,Europe & Central Asia,Lower middle income,2018,-0.3502337,-19.247,39.7
Kyrgyz Republic,KGZ,Europe & Central Asia,Lower middle income,2019,-0.4211895,-20.26,37.7
Kyrgyz Republic,KGZ,Europe & Central Asia,Lower middle income,2020,-0.4846177,-15.059,36.8
Kyrgyz Republic,KGZ,Europe & Central Asia,Lower middle income,2021,-0.5122396,-5.7,34.8
Kyrgyz Republic,KGZ,Europe & Central Asia,Lower middle income,2022,-0.5260208,-2.69,34.8
Kyrgyz Republic,KGZ,Europe & Central Asia,Lower middle income,2023,-0.5342741,-1.569,34.8
Lao PDR,LAO,East Asia & Pacific,Lower middle income,2002,-1.3817169,,12.6
Lao PDR,LAO,East Asia & Pacific,Lower middle income,2003,-1.4538744,-5.222,9.3
Lao PDR,LAO,East Asia & Pacific,Lower middle income,2004,-1.3157016,9.504,9.2
Lao PDR,LAO,East Asia & Pacific,Lower middle income,2005,-1.226348,6.791,10.7
Lao PDR,LAO,East Asia & Pacific,Lower middle income,2006,-1.1865629,3.244,11.7
Lao PDR,LAO,East Asia & Pacific,Lower middle income,2007,-1.1761206,0.88,11.1
Lao PDR,LAO,East Asia & Pacific,Lower middle income,2008,-1.0242586,12.912,15.5
Lao PDR,LAO,East Asia & Pacific,Lower middle income,2009,-1.0216488,0.255,16.4
Lao PDR,LAO,East Asia & Pacific,Lower middle income,2010,-0.948435799999999,7.166,17.9
Lao PDR,LAO,East Asia & Pacific,Lower middle income,2011,-0.927360699999999,2.222,18.3
Lao PDR,LAO,East Asia & Pacific,Lower middle income,2012,-0.8473352,8.629,21.3
Lao PDR,LAO,East Asia & Pacific,Lower middle income,2013,-0.8088113,4.546,24.8
Lao PDR,LAO,East Asia & Pacific,Lower middle income,2014,-0.745683299999999,7.805,25.2
Lao PDR,LAO,East Asia & Pacific,Lower middle income,2015,-0.6993587,6.212,25.5
Lao PDR,LAO,East Asia & Pacific,Lower middle income,2016,-0.665338,4.865,25.5
Lao PDR,LAO,East Asia & Pacific,Lower middle income,2017,-0.6856629,-3.055,23.5
Lao PDR,LAO,East Asia & Pacific,Lower middle income,2018,-0.792704499999999,-15.611,19.6
Lao PDR,LAO,East Asia & Pacific,Lower middle income,2019,-0.720662799999999,9.088,23.5
Lao PDR,LAO,East Asia & Pacific,Lower middle income,2020,-0.775701299999999,-7.637,21.6
Lao PDR,LAO,East Asia & Pacific,Lower middle income,2021,-0.742067799999999,4.336,25
Lao PDR,LAO,East Asia & Pacific,Lower middle income,2022,-0.818860399999999,-10.348,20.6
Lao PDR,LAO,East Asia & Pacific,Lower middle income,2023,-0.7700083,5.966,23
Latvia,LVA,Europe & Central Asia,High income,2002,0.8704037,,75.8
Latvia,LVA,Europe & Central Asia,High income,2003,1.0905713,25.295,78.6
Latvia,LVA,Europe & Central Asia,High income,2004,0.9258223,-15.107,80.5
Latvia,LVA,Europe & Central Asia,High income,2005,0.9713104,4.913,78.1
Latvia,LVA,Europe & Central Asia,High income,2006,1.0570369,8.826,79.2
Latvia,LVA,Europe & Central Asia,High income,2007,1.0284669,-2.703,79.8
Latvia,LVA,Europe & Central Asia,High income,2008,1.0165052,-1.163,80.5
Latvia,LVA,Europe & Central Asia,High income,2009,0.9947486,-2.14,80.6
Latvia,LVA,Europe & Central Asia,High income,2010,0.9998903,0.517,82.1
Latvia,LVA,Europe & Central Asia,High income,2011,1.027476,2.759,83.2
Latvia,LVA,Europe & Central Asia,High income,2012,0.9299474,-9.492,80.2
Latvia,LVA,Europe & Central Asia,High income,2013,0.9497473,2.129,80.7
Latvia,LVA,Europe & Central Asia,High income,2014,1.0179488,7.181,85.1
Latvia,LVA,Europe & Central Asia,High income,2015,1.0059047,-1.183,83.3
Latvia,LVA,Europe & Central Asia,High income,2016,0.9858411,-1.995,82.8
Latvia,LVA,Europe & Central Asia,High income,2017,0.9965005,1.081,82.8
Latvia,LVA,Europe & Central Asia,High income,2018,1.0176263,2.12,82.8
Latvia,LVA,Europe & Central Asia,High income,2019,1.0030074,-1.437,83.3
Latvia,LVA,Europe & Central Asia,High income,2020,0.9806216,-2.232,82.8
Latvia,LVA,Europe & Central Asia,High income,2021,1.1028018,12.459,84.8
Latvia,LVA,Europe & Central Asia,High income,2022,0.9590621,-13.034,82.8
Latvia,LVA,Europe & Central Asia,High income,2023,0.9975052,4.008,83.3
Lebanon,LBN,"Middle East, North Africa, Afghanistan & Pakistan",Lower middle income,2002,-0.425407,,40.1
Lebanon,LBN,"Middle East, North Africa, Afghanistan & Pakistan",Lower middle income,2003,-0.3457046,18.736,42.9
Lebanon,LBN,"Middle East, North Africa, Afghanistan & Pakistan",Lower middle income,2004,-0.248585399999999,28.093,49.2
Lebanon,LBN,"Middle East, North Africa, Afghanistan & Pakistan",Lower middle income,2005,-0.2381711,4.189,49
Lebanon,LBN,"Middle East, North Africa, Afghanistan & Pakistan",Lower middle income,2006,-0.2330089,2.167,48.2
Lebanon,LBN,"Middle East, North Africa, Afghanistan & Pakistan",Lower middle income,2007,-0.2612833,-12.134,45.5
Lebanon,LBN,"Middle East, North Africa, Afghanistan & Pakistan",Lower middle income,2008,-0.204520099999999,21.725,49
Lebanon,LBN,"Middle East, North Africa, Afghanistan & Pakistan",Lower middle income,2009,-0.134654599999999,34.161,50.7
Lebanon,LBN,"Middle East, North Africa, Afghanistan & Pakistan",Lower middle income,2010,0.0121012,108.987,54.2
Lebanon,LBN,"Middle East, North Africa, Afghanistan & Pakistan",Lower middle income,2011,-0.2805478,-2418.347,45.5
Lebanon,LBN,"Middle East, North Africa, Afghanistan & Pakistan",Lower middle income,2012,-0.3620584,-29.054,44.6
Lebanon,LBN,"Middle East, North Africa, Afghanistan & Pakistan",Lower middle income,2013,-0.2888629,20.216,46
Lebanon,LBN,"Middle East, North Africa, Afghanistan & Pakistan",Lower middle income,2014,-0.441824599999999,-52.953,38.6
Lebanon,LBN,"Middle East, North Africa, Afghanistan & Pakistan",Lower middle income,2015,-0.3625053,17.953,40.2
Lebanon,LBN,"Middle East, North Africa, Afghanistan & Pakistan",Lower middle income,2016,-0.4156822,-14.669,36.8
Lebanon,LBN,"Middle East, North Africa, Afghanistan & Pakistan",Lower middle income,2017,-0.357388,14.024,38.7
Lebanon,LBN,"Middle East, North Africa, Afghanistan & Pakistan",Lower middle income,2018,-0.470461099999999,-31.639,33.3
Lebanon,LBN,"Middle East, North Africa, Afghanistan & Pakistan",Lower middle income,2019,-0.5611682,-19.28,30.9
Lebanon,LBN,"Middle East, North Africa, Afghanistan & Pakistan",Lower middle income,2020,-0.715552099999999,-27.511,26
Lebanon,LBN,"Middle East, North Africa, Afghanistan & Pakistan",Lower middle income,2021,-0.821736999999999,-14.84,20.6
Lebanon,LBN,"Middle East, North Africa, Afghanistan & Pakistan",Lower middle income,2022,-0.943323199999999,-14.796,16.2
Lebanon,LBN,"Middle East, North Africa, Afghanistan & Pakistan",Lower middle income,2023,-0.912561,3.261,15.2
Lesotho,LSO,Sub-Saharan Africa,Lower middle income,2002,-0.3633489,,41.8
Lesotho,LSO,Sub-Saharan Africa,Lower middle income,2003,-0.5465192,-50.412,36.8
Lesotho,LSO,Sub-Saharan Africa,Lower middle income,2004,-0.732865099999999,-34.097,25.6
Lesotho,LSO,Sub-Saharan Africa,Lower middle income,2005,-0.6306158,13.952,27.6
Lesotho,LSO,Sub-Saharan Africa,Lower middle income,2006,-0.6418986,-1.789,24.9
Lesotho,LSO,Sub-Saharan Africa,Lower middle income,2007,-0.687828099999999,-7.155,23.7
Lesotho,LSO,Sub-Saharan Africa,Lower middle income,2008,-0.529228399999999,23.058,31
Lesotho,LSO,Sub-Saharan Africa,Lower middle income,2009,-0.5280302,0.226,31.3
Lesotho,LSO,Sub-Saharan Africa,Lower middle income,2010,-0.5795946,-9.765,28.4
Lesotho,LSO,Sub-Saharan Africa,Lower middle income,2011,-0.5974921,-3.088,29.7
Lesotho,LSO,Sub-Saharan Africa,Lower middle income,2012,-0.5142951,13.924,33.7
Lesotho,LSO,Sub-Saharan Africa,Lower middle income,2013,-0.3929411,23.596,41.1
Lesotho,LSO,Sub-Saharan Africa,Lower middle income,2014,-0.4431457,-12.777,37.6
Lesotho,LSO,Sub-Saharan Africa,Lower middle income,2015,-0.434587899999999,1.931,35.8
Lesotho,LSO,Sub-Saharan Africa,Lower middle income,2016,-0.441550499999999,-1.602,34.3
Lesotho,LSO,Sub-Saharan Africa,Lower middle income,2017,-0.4168784,5.588,34.8
Lesotho,LSO,Sub-Saharan Africa,Lower middle income,2018,-0.5168768,-23.987,31.9
Lesotho,LSO,Sub-Saharan Africa,Lower middle income,2019,-0.5508683,-6.576,31.4
Lesotho,LSO,Sub-Saharan Africa,Lower middle income,2020,-0.7112968,-29.123,26.5
Lesotho,LSO,Sub-Saharan Africa,Lower middle income,2021,-0.6526333,8.247,28.9
Lesotho,LSO,Sub-Saharan Africa,Lower middle income,2022,-0.5786676,11.333,33.3
Lesotho,LSO,Sub-Saharan Africa,Lower middle income,2023,-0.5644091,2.464,34.3
Liberia,LBR,Sub-Saharan Africa,Low income,2002,-2.03757999999999,,3.3
Liberia,LBR,Sub-Saharan Africa,Low income,2003,-2.1078782,-3.45,2.2
Liberia,LBR,Sub-Saharan Africa,Low income,2004,-1.79161449999999,15.004,2.6
Liberia,LBR,Sub-Saharan Africa,Low income,2005,-1.6674589,6.93,2.6
Liberia,LBR,Sub-Saharan Africa,Low income,2006,-1.32894889999999,20.301,7.6
Liberia,LBR,Sub-Saharan Africa,Low income,2007,-1.3277397,0.091,8.1
Liberia,LBR,Sub-Saharan Africa,Low income,2008,-1.23936579999999,6.656,8.5
Liberia,LBR,Sub-Saharan Africa,Low income,2009,-1.1266945,9.091,11.4
Liberia,LBR,Sub-Saharan Africa,Low income,2010,-1.0577033,6.123,13.4
Liberia,LBR,Sub-Saharan Africa,Low income,2011,-1.1772919,-11.306,9.9
Liberia,LBR,Sub-Saharan Africa,Low income,2012,-1.05962469999999,9.995,13.4
Liberia,LBR,Sub-Saharan Africa,Low income,2013,-1.0524016,0.682,14.4
Liberia,LBR,Sub-Saharan Africa,Low income,2014,-0.8265315,21.462,21.3
Liberia,LBR,Sub-Saharan Africa,Low income,2015,-0.789986699999999,4.421,20.6
Liberia,LBR,Sub-Saharan Africa,Low income,2016,-0.8651692,-9.517,17.2
Liberia,LBR,Sub-Saharan Africa,Low income,2017,-0.8601742,0.577,15.7
Liberia,LBR,Sub-Saharan Africa,Low income,2018,-0.8639309,-0.437,15.2
Liberia,LBR,Sub-Saharan Africa,Low income,2019,-0.9351647,-8.245,12.7
Liberia,LBR,Sub-Saharan Africa,Low income,2020,-0.9601829,-2.675,13.7
Liberia,LBR,Sub-Saharan Africa,Low income,2021,-0.945724799999999,1.506,14.2
Liberia,LBR,Sub-Saharan Africa,Low income,2022,-0.966968199999999,-2.246,15.2
Liberia,LBR,Sub-Saharan Africa,Low income,2023,-0.9050469,6.404,15.7
Libya,LBY,"Middle East, North Africa, Afghanistan & Pakistan",Upper middle income,2002,-1.6910017,,5.5
Libya,LBY,"Middle East, North Africa, Afghanistan & Pakistan",Upper middle income,2003,-1.6909816,0.001,4.9
Libya,LBY,"Middle East, North Africa, Afghanistan & Pakistan",Upper middle income,2004,-1.38101909999999,18.33,8.7
Libya,LBY,"Middle East, North Africa, Afghanistan & Pakistan",Upper middle income,2005,-1.3536844,1.979,8.2
Libya,LBY,"Middle East, North Africa, Afghanistan & Pakistan",Upper middle income,2006,-1.2786635,5.542,9.1
Libya,LBY,"Middle East, North Africa, Afghanistan & Pakistan",Upper middle income,2007,-1.1435433,10.567,12.1
Libya,LBY,"Middle East, North Africa, Afghanistan & Pakistan",Upper middle income,2008,-0.975572799999999,14.689,16.5
Libya,LBY,"Middle East, North Africa, Afghanistan & Pakistan",Upper middle income,2009,-1.1573267,-18.63,10.4
Libya,LBY,"Middle East, North Africa, Afghanistan & Pakistan",Upper middle income,2010,-1.2492866,-7.946,8
Libya,LBY,"Middle East, North Africa, Afghanistan & Pakistan",Upper middle income,2011,-1.4491899,-16.001,5.4
Libya,LBY,"Middle East, North Africa, Afghanistan & Pakistan",Upper middle income,2012,-1.34726909999999,7.033,7.4
Libya,LBY,"Middle East, North Africa, Afghanistan & Pakistan",Upper middle income,2013,-1.5750015,-16.903,3
Libya,LBY,"Middle East, North Africa, Afghanistan & Pakistan",Upper middle income,2014,-1.94609029999999,-23.561,1
Libya,LBY,"Middle East, North Africa, Afghanistan & Pakistan",Upper middle income,2015,-2.0211489,-3.857,1
Libya,LBY,"Middle East, North Africa, Afghanistan & Pakistan",Upper middle income,2016,-2.1039014,-4.094,0.5
Libya,LBY,"Middle East, North Africa, Afghanistan & Pakistan",Upper middle income,2017,-1.9779852,5.985,1
Libya,LBY,"Middle East, North Africa, Afghanistan & Pakistan",Upper middle income,2018,-2.0627355,-4.285,0.5
Libya,LBY,"Middle East, North Africa, Afghanistan & Pakistan",Upper middle income,2019,-2.0416816,1.021,0.5
Libya,LBY,"Middle East, North Africa, Afghanistan & Pakistan",Upper middle income,2020,-1.9895714,2.552,0.5
Libya,LBY,"Middle East, North Africa, Afghanistan & Pakistan",Upper middle income,2021,-1.9018167,4.411,2
Libya,LBY,"Middle East, North Africa, Afghanistan & Pakistan",Upper middle income,2022,-1.90307039999999,-0.066,2
Libya,LBY,"Middle East, North Africa, Afghanistan & Pakistan",Upper middle income,2023,-1.82178479999999,4.271,2.5
Liechtenstein,LIE,Europe & Central Asia,High income,2002,1.8243575,,95.1
Liechtenstein,LIE,Europe & Central Asia,High income,2003,1.8244396,0.005,94
Liechtenstein,LIE,Europe & Central Asia,High income,2004,1.3030083,-28.58,88.2
Liechtenstein,LIE,Europe & Central Asia,High income,2005,1.8230147,39.908,95.4
Liechtenstein,LIE,Europe & Central Asia,High income,2006,1.641631,-9.95,91.4
Liechtenstein,LIE,Europe & Central Asia,High income,2007,1.6482254,0.402,92.4
Liechtenstein,LIE,Europe & Central Asia,High income,2008,1.6453008,-0.177,92.5
Liechtenstein,LIE,Europe & Central Asia,High income,2009,1.7123155,4.073,96
Liechtenstein,LIE,Europe & Central Asia,High income,2010,1.7123847,0.004,96
Liechtenstein,LIE,Europe & Central Asia,High income,2011,1.7128762,0.029,94.1
Liechtenstein,LIE,Europe & Central Asia,High income,2012,1.7419622,1.698,94.1
Liechtenstein,LIE,Europe & Central Asia,High income,2013,1.7659616,1.378,94.6
Liechtenstein,LIE,Europe & Central Asia,High income,2014,1.5568901,-11.839,92.6
Liechtenstein,LIE,Europe & Central Asia,High income,2015,1.5612025,0.277,91.7
Liechtenstein,LIE,Europe & Central Asia,High income,2016,1.5622108,0.065,91.7
Liechtenstein,LIE,Europe & Central Asia,High income,2017,1.6555279,5.973,93.6
Liechtenstein,LIE,Europe & Central Asia,High income,2018,1.6559665,0.026,93.6
Liechtenstein,LIE,Europe & Central Asia,High income,2019,1.6571558,0.072,93.1
Liechtenstein,LIE,Europe & Central Asia,High income,2020,1.6551308,-0.122,95.1
Liechtenstein,LIE,Europe & Central Asia,High income,2021,1.5620662,-5.623,92.2
Liechtenstein,LIE,Europe & Central Asia,High income,2022,1.5352187,-1.719,92.2
Liechtenstein,LIE,Europe & Central Asia,High income,2023,1.53545,0.015,93.1
Lithuania,LTU,Europe & Central Asia,High income,2002,0.9361025,,78
Lithuania,LTU,Europe & Central Asia,High income,2003,1.1760281,25.63,81.3
Lithuania,LTU,Europe & Central Asia,High income,2004,1.0391911,-11.636,83.1
Lithuania,LTU,Europe & Central Asia,High income,2005,1.0774748,3.684,78.6
Lithuania,LTU,Europe & Central Asia,High income,2006,1.120892,4.03,81.2
Lithuania,LTU,Europe & Central Asia,High income,2007,1.0779591,-3.83,80.8
Lithuania,LTU,Europe & Central Asia,High income,2008,1.0138857,-5.944,80
Lithuania,LTU,Europe & Central Asia,High income,2009,0.9445431,-6.839,79.1
Lithuania,LTU,Europe & Central Asia,High income,2010,0.9389202,-0.595,80.1
Lithuania,LTU,Europe & Central Asia,High income,2011,0.9138081,-2.675,79.2
Lithuania,LTU,Europe & Central Asia,High income,2012,1.0029205,9.752,82.7
Lithuania,LTU,Europe & Central Asia,High income,2013,1.0155294,1.257,82.7
Lithuania,LTU,Europe & Central Asia,High income,2014,1.0103786,-0.507,84.2
Lithuania,LTU,Europe & Central Asia,High income,2015,1.1895249,17.731,87.3
Lithuania,LTU,Europe & Central Asia,High income,2016,1.0789062,-9.299,85.3
Lithuania,LTU,Europe & Central Asia,High income,2017,1.0760082,-0.269,83.8
Lithuania,LTU,Europe & Central Asia,High income,2018,1.0635821,-1.155,83.8
Lithuania,LTU,Europe & Central Asia,High income,2019,0.9756202,-8.27,81.9
Lithuania,LTU,Europe & Central Asia,High income,2020,0.8963652,-8.124,81.4
Lithuania,LTU,Europe & Central Asia,High income,2021,1.1708848,30.626,86.3
Lithuania,LTU,Europe & Central Asia,High income,2022,1.1852774,1.229,86.8
Lithuania,LTU,Europe & Central Asia,High income,2023,1.2128759,2.328,86.8
Luxembourg,LUX,Europe & Central Asia,High income,2002,2.2598289,,100
Luxembourg,LUX,Europe & Central Asia,High income,2003,2.0999602,-7.074,98.9
Luxembourg,LUX,Europe & Central Asia,High income,2004,1.9324248,-7.978,99
Luxembourg,LUX,Europe & Central Asia,High income,2005,1.8854201,-2.432,97.4
Luxembourg,LUX,Europe & Central Asia,High income,2006,1.7537989,-6.981,93.9
Luxembourg,LUX,Europe & Central Asia,High income,2007,1.7793235,1.455,94.9
Luxembourg,LUX,Europe & Central Asia,High income,2008,1.6975144,-4.598,94.5
Luxembourg,LUX,Europe & Central Asia,High income,2009,1.7052538,0.456,95.5
Luxembourg,LUX,Europe & Central Asia,High income,2010,1.7207932,0.911,97
Luxembourg,LUX,Europe & Central Asia,High income,2011,1.8390106,6.87,97
Luxembourg,LUX,Europe & Central Asia,High income,2012,1.7520668,-4.728,94.6
Luxembourg,LUX,Europe & Central Asia,High income,2013,1.7748859,1.302,95
Luxembourg,LUX,Europe & Central Asia,High income,2014,1.5852947,-10.682,93.1
Luxembourg,LUX,Europe & Central Asia,High income,2015,1.6718385,5.459,93.6
Luxembourg,LUX,Europe & Central Asia,High income,2016,1.7201424,2.889,94.6
Luxembourg,LUX,Europe & Central Asia,High income,2017,1.6392801,-4.701,93.1
Luxembourg,LUX,Europe & Central Asia,High income,2018,1.7344219,5.804,95.1
Luxembourg,LUX,Europe & Central Asia,High income,2019,1.7336486,-0.045,95.1
Luxembourg,LUX,Europe & Central Asia,High income,2020,1.8008159,3.874,97.5
Luxembourg,LUX,Europe & Central Asia,High income,2021,1.8555011,3.037,98.5
Luxembourg,LUX,Europe & Central Asia,High income,2022,1.8671503,0.628,98.5
Luxembourg,LUX,Europe & Central Asia,High income,2023,1.8374052,-1.593,98
"Macao SAR, China",MAC,East Asia & Pacific,High income,2002,0.7587815,,73.1
"Macao SAR, China",MAC,East Asia & Pacific,High income,2003,1.2916516,70.227,85.2
"Macao SAR, China",MAC,East Asia & Pacific,High income,2004,1.0303355,-20.231,82.1
"Macao SAR, China",MAC,East Asia & Pacific,High income,2005,1.2902267,25.224,85.2
"Macao SAR, China",MAC,East Asia & Pacific,High income,2006,1.2864392,-0.294,85.3
"Macao SAR, China",MAC,East Asia & Pacific,High income,2007,1.1154374,-13.293,81.3
"Macao SAR, China",MAC,East Asia & Pacific,High income,2008,1.1579521,3.811,83
"Macao SAR, China",MAC,East Asia & Pacific,High income,2009,1.4091345,21.692,88.6
"Macao SAR, China",MAC,East Asia & Pacific,High income,2010,1.4338701,1.755,89.1
"Macao SAR, China",MAC,East Asia & Pacific,High income,2011,1.4342883,0.029,88.6
"Macao SAR, China",MAC,East Asia & Pacific,High income,2012,1.4297193,-0.319,88.1
"Macao SAR, China",MAC,East Asia & Pacific,High income,2013,1.4290421,-0.047,89.1
"Macao SAR, China",MAC,East Asia & Pacific,High income,2014,1.7042835,19.261,95.5
"Macao SAR, China",MAC,East Asia & Pacific,High income,2015,1.7085958,0.253,94.1
"Macao SAR, China",MAC,East Asia & Pacific,High income,2016,1.617354,-5.34,92.6
"Macao SAR, China",MAC,East Asia & Pacific,High income,2017,1.6184209,0.066,92.6
"Macao SAR, China",MAC,East Asia & Pacific,High income,2018,1.5266096,-5.673,91.7
"Macao SAR, China",MAC,East Asia & Pacific,High income,2019,1.527799,0.078,91.2
"Macao SAR, China",MAC,East Asia & Pacific,High income,2020,1.4335238,-6.171,90.2
"Macao SAR, China",MAC,East Asia & Pacific,High income,2021,1.4327093,-0.057,89.7
"Macao SAR, China",MAC,East Asia & Pacific,High income,2022,1.4305385,-0.152,91.2
"Macao SAR, China",MAC,East Asia & Pacific,High income,2023,1.4307698,0.016,91.7
Madagascar,MDG,Sub-Saharan Africa,Low income,2002,-0.3440795,,42.9
Madagascar,MDG,Sub-Saharan Africa,Low income,2003,-0.382073,-11.042,41.2
Madagascar,MDG,Sub-Saharan Africa,Low income,2004,-0.5454591,-42.763,35.9
Madagascar,MDG,Sub-Saharan Africa,Low income,2005,-0.455103,16.565,37.8
Madagascar,MDG,Sub-Saharan Africa,Low income,2006,-0.4229158,7.073,39.6
Madagascar,MDG,Sub-Saharan Africa,Low income,2007,-0.375112,11.303,40.9
Madagascar,MDG,Sub-Saharan Africa,Low income,2008,-0.4327952,-15.378,37.5
Madagascar,MDG,Sub-Saharan Africa,Low income,2009,-0.5707981,-31.886,28.9
Madagascar,MDG,Sub-Saharan Africa,Low income,2010,-0.7429887,-30.167,25.9
Madagascar,MDG,Sub-Saharan Africa,Low income,2011,-0.7428343,0.021,26.7
Madagascar,MDG,Sub-Saharan Africa,Low income,2012,-0.7533594,-1.417,26.2
Madagascar,MDG,Sub-Saharan Africa,Low income,2013,-0.8753209,-16.189,20.3
Madagascar,MDG,Sub-Saharan Africa,Low income,2014,-0.8934656,-2.073,18.3
Madagascar,MDG,Sub-Saharan Africa,Low income,2015,-0.878050799999999,1.725,16.7
Madagascar,MDG,Sub-Saharan Africa,Low income,2016,-0.7997983,8.912,19.1
Madagascar,MDG,Sub-Saharan Africa,Low income,2017,-0.793997499999999,0.725,17.6
Madagascar,MDG,Sub-Saharan Africa,Low income,2018,-0.8901794,-12.114,14.7
Madagascar,MDG,Sub-Saharan Africa,Low income,2019,-0.8495415,4.565,17.2
Madagascar,MDG,Sub-Saharan Africa,Low income,2020,-0.8711152,-2.539,17.6
Madagascar,MDG,Sub-Saharan Africa,Low income,2021,-0.8689985,0.243,17.6
Madagascar,MDG,Sub-Saharan Africa,Low income,2022,-0.831308199999999,4.337,20.1
Madagascar,MDG,Sub-Saharan Africa,Low income,2023,-0.8500495,-2.254,19.1
Malawi,MWI,Sub-Saharan Africa,Low income,2002,-0.763470499999999,,29.1
Malawi,MWI,Sub-Saharan Africa,Low income,2003,-0.701136299999999,8.165,29.7
Malawi,MWI,Sub-Saharan Africa,Low income,2004,-0.7103803,-1.318,27.2
Malawi,MWI,Sub-Saharan Africa,Low income,2005,-0.572481,19.412,32.7
Malawi,MWI,Sub-Saharan Africa,Low income,2006,-0.5598848,2.2,28.9
Malawi,MWI,Sub-Saharan Africa,Low income,2007,-0.5110094,8.73,29.3
Malawi,MWI,Sub-Saharan Africa,Low income,2008,-0.528103,-3.345,31.5
Malawi,MWI,Sub-Saharan Africa,Low income,2009,-0.566613599999999,-7.292,29.9
Malawi,MWI,Sub-Saharan Africa,Low income,2010,-0.3917746,30.857,39.3
Malawi,MWI,Sub-Saharan Africa,Low income,2011,-0.4812109,-22.829,34.7
Malawi,MWI,Sub-Saharan Africa,Low income,2012,-0.7275328,-51.188,27.7
Malawi,MWI,Sub-Saharan Africa,Low income,2013,-0.7635909,-4.956,26.2
Malawi,MWI,Sub-Saharan Africa,Low income,2014,-0.722596599999999,5.369,26.7
Malawi,MWI,Sub-Saharan Africa,Low income,2015,-0.749752899999999,-3.758,23
Malawi,MWI,Sub-Saharan Africa,Low income,2016,-0.7414888,1.102,22.1
Malawi,MWI,Sub-Saharan Africa,Low income,2017,-0.6848017,7.645,24
Malawi,MWI,Sub-Saharan Africa,Low income,2018,-0.6718156,1.896,27
Malawi,MWI,Sub-Saharan Africa,Low income,2019,-0.6631094,1.296,25.5
Malawi,MWI,Sub-Saharan Africa,Low income,2020,-0.733428499999999,-10.604,24
Malawi,MWI,Sub-Saharan Africa,Low income,2021,-0.6948634,5.258,25.5
Malawi,MWI,Sub-Saharan Africa,Low income,2022,-0.669774,3.611,28.4
Malawi,MWI,Sub-Saharan Africa,Low income,2023,-0.7064862,-5.481,27.5
Malaysia,MYS,East Asia & Pacific,Upper middle income,2002,0.5675736,,69.2
Malaysia,MYS,East Asia & Pacific,Upper middle income,2003,0.7165569,26.249,71.4
Malaysia,MYS,East Asia & Pacific,Upper middle income,2004,0.5752968,-19.714,71.3
Malaysia,MYS,East Asia & Pacific,Upper middle income,2005,0.5598434,-2.686,68.4
Malaysia,MYS,East Asia & Pacific,Upper middle income,2006,0.6788802,21.263,72.1
Malaysia,MYS,East Asia & Pacific,Upper middle income,2007,0.7212038,6.234,72.7
Malaysia,MYS,East Asia & Pacific,Upper middle income,2008,0.6129115,-15.015,70
Malaysia,MYS,East Asia & Pacific,Upper middle income,2009,0.5057859,-17.478,67.7
Malaysia,MYS,East Asia & Pacific,Upper middle income,2010,0.6535173,29.208,72.1
Malaysia,MYS,East Asia & Pacific,Upper middle income,2011,0.5248523,-19.688,67.8
Malaysia,MYS,East Asia & Pacific,Upper middle income,2012,0.754922,43.835,74.8
Malaysia,MYS,East Asia & Pacific,Upper middle income,2013,0.844693,11.891,77.2
Malaysia,MYS,East Asia & Pacific,Upper middle income,2014,0.8827965,4.511,81.2
Malaysia,MYS,East Asia & Pacific,Upper middle income,2015,0.7623928,-13.639,77
Malaysia,MYS,East Asia & Pacific,Upper middle income,2016,0.729094,-4.368,75
Malaysia,MYS,East Asia & Pacific,Upper middle income,2017,0.7662252,5.093,77
Malaysia,MYS,East Asia & Pacific,Upper middle income,2018,0.7479363,-2.387,76.5
Malaysia,MYS,East Asia & Pacific,Upper middle income,2019,0.755754,1.045,75.5
Malaysia,MYS,East Asia & Pacific,Upper middle income,2020,0.637551,-15.64,75
Malaysia,MYS,East Asia & Pacific,Upper middle income,2021,0.7295908,14.436,75
Malaysia,MYS,East Asia & Pacific,Upper middle income,2022,0.6557654,-10.119,74.5
Malaysia,MYS,East Asia & Pacific,Upper middle income,2023,0.588407,-10.272,73.5
Maldives,MDV,South Asia,Upper middle income,2002,0.9363777,,78.6
Maldives,MDV,South Asia,Upper middle income,2003,0.7588636,-18.958,72.5
Maldives,MDV,South Asia,Upper middle income,2004,-0.2323375,-130.617,50.3
Maldives,MDV,South Asia,Upper middle income,2005,0.1085007,146.7,58.2
Maldives,MDV,South Asia,Upper middle income,2006,0.1070557,-1.332,56.3
Maldives,MDV,South Asia,Upper middle income,2007,0.0233535,-78.186,55.1
Maldives,MDV,South Asia,Upper middle income,2008,-0.2754608,-1279.527,46.5
Maldives,MDV,South Asia,Upper middle income,2009,-0.282926399999999,-2.71,45.3
Maldives,MDV,South Asia,Upper middle income,2010,-0.173058799999999,38.833,47.8
Maldives,MDV,South Asia,Upper middle income,2011,-0.245051499999999,-41.6,47.5
Maldives,MDV,South Asia,Upper middle income,2012,-0.2539345,-3.625,47.5
Maldives,MDV,South Asia,Upper middle income,2013,-0.275600199999999,-8.532,46.5
Maldives,MDV,South Asia,Upper middle income,2014,-0.2630012,4.571,45.5
Maldives,MDV,South Asia,Upper middle income,2015,-0.3073858,-16.876,42.6
Maldives,MDV,South Asia,Upper middle income,2016,-0.228403,25.695,45.1
Maldives,MDV,South Asia,Upper middle income,2017,-0.227357299999999,0.458,41.2
Maldives,MDV,South Asia,Upper middle income,2018,-0.2269273,0.189,43.1
Maldives,MDV,South Asia,Upper middle income,2019,-0.225761599999999,0.514,43.1
Maldives,MDV,South Asia,Upper middle income,2020,-0.3494424,-54.784,42.2
Maldives,MDV,South Asia,Upper middle income,2021,-0.2598203,25.647,43.6
Maldives,MDV,South Asia,Upper middle income,2022,-0.3523685,-35.62,42.2
Maldives,MDV,South Asia,Upper middle income,2023,-0.3521418,0.064,42.2
Mali,MLI,Sub-Saharan Africa,Low income,2002,-0.5189047,,37.9
Mali,MLI,Sub-Saharan Africa,Low income,2003,-0.5066862,2.355,37.4
Mali,MLI,Sub-Saharan Africa,Low income,2004,-0.4898009,3.332,39.5
Mali,MLI,Sub-Saharan Africa,Low income,2005,-0.405335899999999,17.245,41.3
Mali,MLI,Sub-Saharan Africa,Low income,2006,-0.4109408,-1.383,40.1
Mali,MLI,Sub-Saharan Africa,Low income,2007,-0.3268622,20.46,42.9
Mali,MLI,Sub-Saharan Africa,Low income,2008,-0.351534299999999,-7.548,42.5
Mali,MLI,Sub-Saharan Africa,Low income,2009,-0.391741,-11.437,40.8
Mali,MLI,Sub-Saharan Africa,Low income,2010,-0.5175337,-32.111,31.3
Mali,MLI,Sub-Saharan Africa,Low income,2011,-0.4706606,9.057,35.1
Mali,MLI,Sub-Saharan Africa,Low income,2012,-0.5259218,-11.741,32.7
Mali,MLI,Sub-Saharan Africa,Low income,2013,-0.6307686,-19.936,31.2
Mali,MLI,Sub-Saharan Africa,Low income,2014,-0.6481828,-2.761,30.2
Mali,MLI,Sub-Saharan Africa,Low income,2015,-0.5110576,21.155,33.8
Mali,MLI,Sub-Saharan Africa,Low income,2016,-0.561468899999999,-9.864,30.9
Mali,MLI,Sub-Saharan Africa,Low income,2017,-0.5653398,-0.689,29.4
Mali,MLI,Sub-Saharan Africa,Low income,2018,-0.6149817,-8.781,29.4
Mali,MLI,Sub-Saharan Africa,Low income,2019,-0.6559592,-6.663,26
Mali,MLI,Sub-Saharan Africa,Low income,2020,-0.7294119,-11.198,24.5
Mali,MLI,Sub-Saharan Africa,Low income,2021,-0.6697155,8.184,27.9
Mali,MLI,Sub-Saharan Africa,Low income,2022,-0.7107857,-6.132,26.5
Mali,MLI,Sub-Saharan Africa,Low income,2023,-0.7441068,-4.688,24.5
Malta,MLT,"Middle East, North Africa, Afghanistan & Pakistan",High income,2002,1.1118698,,81.3
Malta,MLT,"Middle East, North Africa, Afghanistan & Pakistan",High income,2003,1.2282799,10.47,83.5
Malta,MLT,"Middle East, North Africa, Afghanistan & Pakistan",High income,2004,1.1172908,-9.036,84.1
Malta,MLT,"Middle East, North Africa, Afghanistan & Pakistan",High income,2005,1.1386504,1.912,80.6
Malta,MLT,"Middle East, North Africa, Afghanistan & Pakistan",High income,2006,1.293102,13.564,85.8
Malta,MLT,"Middle East, North Africa, Afghanistan & Pakistan",High income,2007,1.320609,2.127,86.4
Malta,MLT,"Middle East, North Africa, Afghanistan & Pakistan",High income,2008,1.3577334,2.811,88.5
Malta,MLT,"Middle East, North Africa, Afghanistan & Pakistan",High income,2009,1.3200741,-2.774,87.1
Malta,MLT,"Middle East, North Africa, Afghanistan & Pakistan",High income,2010,1.3373913,1.312,87.1
Malta,MLT,"Middle East, North Africa, Afghanistan & Pakistan",High income,2011,1.2161781,-9.063,86.1
Malta,MLT,"Middle East, North Africa, Afghanistan & Pakistan",High income,2012,1.2325928,1.35,86.1
Malta,MLT,"Middle East, North Africa, Afghanistan & Pakistan",High income,2013,1.2084197,-1.961,86.1
Malta,MLT,"Middle East, North Africa, Afghanistan & Pakistan",High income,2014,0.8732281,-27.738,80.7
Malta,MLT,"Middle East, North Africa, Afghanistan & Pakistan",High income,2015,0.9916351,13.56,81.9
Malta,MLT,"Middle East, North Africa, Afghanistan & Pakistan",High income,2016,1.0656325,7.462,84.3
Malta,MLT,"Middle East, North Africa, Afghanistan & Pakistan",High income,2017,1.2566571,17.926,86.8
Malta,MLT,"Middle East, North Africa, Afghanistan & Pakistan",High income,2018,1.2462056,-0.832,86.8
Malta,MLT,"Middle East, North Africa, Afghanistan & Pakistan",High income,2019,0.8271849,-33.624,77.5
Malta,MLT,"Middle East, North Africa, Afghanistan & Pakistan",High income,2020,1.0901554,31.791,85.8
Malta,MLT,"Middle East, North Africa, Afghanistan & Pakistan",High income,2021,0.7210401,-33.859,74.5
Malta,MLT,"Middle East, North Africa, Afghanistan & Pakistan",High income,2022,0.5640572,-21.772,73
Malta,MLT,"Middle East, North Africa, Afghanistan & Pakistan",High income,2023,0.5286404,-6.279,72.1
Marshall Islands,MHL,East Asia & Pacific,Upper middle income,2005,-0.599145399999999,,29.6
Marshall Islands,MHL,East Asia & Pacific,Upper middle income,2006,-0.885855,-47.853,19.3
Marshall Islands,MHL,East Asia & Pacific,Upper middle income,2007,-0.8670538,2.122,19.7
Marshall Islands,MHL,East Asia & Pacific,Upper middle income,2008,-0.8753922,-0.962,18.5
Marshall Islands,MHL,East Asia & Pacific,Upper middle income,2009,-1.09836169999999,-25.471,13.9
Marshall Islands,MHL,East Asia & Pacific,Upper middle income,2010,-1.05643629999999,3.817,13.9
Marshall Islands,MHL,East Asia & Pacific,Upper middle income,2011,-1.0536779,0.261,14.9
Marshall Islands,MHL,East Asia & Pacific,Upper middle income,2012,-1.0600603,-0.606,12.4
Marshall Islands,MHL,East Asia & Pacific,Upper middle income,2013,-1.0873386,-2.573,12.4
Marshall Islands,MHL,East Asia & Pacific,Upper middle income,2014,-1.0894464,-0.194,10.9
Marshall Islands,MHL,East Asia & Pacific,Upper middle income,2015,-0.814477799999999,25.239,19.1
Marshall Islands,MHL,East Asia & Pacific,Upper middle income,2016,-0.7916806,2.799,19.6
Marshall Islands,MHL,East Asia & Pacific,Upper middle income,2017,-0.790455799999999,0.155,19.1
Marshall Islands,MHL,East Asia & Pacific,Upper middle income,2018,-0.7985966,-1.03,19.1
Marshall Islands,MHL,East Asia & Pacific,Upper middle income,2019,-0.797231199999999,0.171,19.1
Marshall Islands,MHL,East Asia & Pacific,Upper middle income,2020,-0.892459999999999,-11.945,16.2
Marshall Islands,MHL,East Asia & Pacific,Upper middle income,2021,-0.8933951,-0.105,15.7
Marshall Islands,MHL,East Asia & Pacific,Upper middle income,2022,-0.9175268,-2.701,17.6
Marshall Islands,MHL,East Asia & Pacific,Upper middle income,2023,-0.9172612,0.029,14.7
Mauritania,MRT,Sub-Saharan Africa,Lower middle income,2002,0.2599767,,63.2
Mauritania,MRT,Sub-Saharan Africa,Lower middle income,2003,0.1316029,-49.379,58.2
Mauritania,MRT,Sub-Saharan Africa,Lower middle income,2004,-0.398683299999999,-402.944,43.6
Mauritania,MRT,Sub-Saharan Africa,Lower middle income,2005,-0.3332112,16.422,45.4
Mauritania,MRT,Sub-Saharan Africa,Lower middle income,2006,-0.5720193,-71.669,27.4
Mauritania,MRT,Sub-Saharan Africa,Lower middle income,2007,-0.4757283,16.834,32.8
Mauritania,MRT,Sub-Saharan Africa,Lower middle income,2008,-0.678917,-42.711,25.5
Mauritania,MRT,Sub-Saharan Africa,Lower middle income,2009,-0.6482334,4.519,27.4
Mauritania,MRT,Sub-Saharan Africa,Lower middle income,2010,-0.5076316,21.69,31.8
Mauritania,MRT,Sub-Saharan Africa,Lower middle income,2011,-0.482121199999999,5.025,34.2
Mauritania,MRT,Sub-Saharan Africa,Lower middle income,2012,-0.678852999999999,-40.805,29.7
Mauritania,MRT,Sub-Saharan Africa,Lower middle income,2013,-0.8388686,-23.571,22.8
Mauritania,MRT,Sub-Saharan Africa,Lower middle income,2014,-0.832768899999999,0.727,20.3
Mauritania,MRT,Sub-Saharan Africa,Lower middle income,2015,-0.821841399999999,1.312,18.1
Mauritania,MRT,Sub-Saharan Africa,Lower middle income,2016,-0.6847164,16.685,24.5
Mauritania,MRT,Sub-Saharan Africa,Lower middle income,2017,-0.707577,-3.339,22.5
Mauritania,MRT,Sub-Saharan Africa,Lower middle income,2018,-0.7617925,-7.662,22.5
Mauritania,MRT,Sub-Saharan Africa,Lower middle income,2019,-0.7614288,0.048,21.6
Mauritania,MRT,Sub-Saharan Africa,Lower middle income,2020,-0.8732894,-14.691,17.2
Mauritania,MRT,Sub-Saharan Africa,Lower middle income,2021,-0.969900299999999,-11.063,13.7
Mauritania,MRT,Sub-Saharan Africa,Lower middle income,2022,-0.968165699999999,0.179,14.7
Mauritania,MRT,Sub-Saharan Africa,Lower middle income,2023,-0.8613964,11.028,18.6
Mauritius,MUS,Sub-Saharan Africa,Upper middle income,2002,0.2670391,,63.7
Mauritius,MUS,Sub-Saharan Africa,Upper middle income,2003,0.4711627,76.44,66.5
Mauritius,MUS,Sub-Saharan Africa,Upper middle income,2004,0.4758764,1,70.3
Mauritius,MUS,Sub-Saharan Africa,Upper middle income,2005,0.4588987,-3.568,67.3
Mauritius,MUS,Sub-Saharan Africa,Upper middle income,2006,0.5745073,25.193,70.1
Mauritius,MUS,Sub-Saharan Africa,Upper middle income,2007,0.6667863,16.062,72.2
Mauritius,MUS,Sub-Saharan Africa,Upper middle income,2008,0.8694135,30.389,76.5
Mauritius,MUS,Sub-Saharan Africa,Upper middle income,2009,0.8399871,-3.385,76.1
Mauritius,MUS,Sub-Saharan Africa,Upper middle income,2010,0.8089043,-3.7,75.6
Mauritius,MUS,Sub-Saharan Africa,Upper middle income,2011,0.7545106,-6.724,75.2
Mauritius,MUS,Sub-Saharan Africa,Upper middle income,2012,0.9687685,28.397,81.2
Mauritius,MUS,Sub-Saharan Africa,Upper middle income,2013,0.9616397,-0.736,81.2
Mauritius,MUS,Sub-Saharan Africa,Upper middle income,2014,1.1372839,18.265,87.6
Mauritius,MUS,Sub-Saharan Africa,Upper middle income,2015,1.0125431,-10.968,83.8
Mauritius,MUS,Sub-Saharan Africa,Upper middle income,2016,1.062971,4.98,83.8
Mauritius,MUS,Sub-Saharan Africa,Upper middle income,2017,1.0666823,0.349,83.3
Mauritius,MUS,Sub-Saharan Africa,Upper middle income,2018,1.0408014,-2.426,83.3
Mauritius,MUS,Sub-Saharan Africa,Upper middle income,2019,0.9600603,-7.758,81.4
Mauritius,MUS,Sub-Saharan Africa,Upper middle income,2020,0.9972365,3.872,83.8
Mauritius,MUS,Sub-Saharan Africa,Upper middle income,2021,0.9383776,-5.902,82.4
Mauritius,MUS,Sub-Saharan Africa,Upper middle income,2022,0.896846,-4.426,82.4
Mauritius,MUS,Sub-Saharan Africa,Upper middle income,2023,0.9443204,5.293,82.4
Mexico,MEX,Latin America & Caribbean,Upper middle income,2002,0.5430047,,68.1
Mexico,MEX,Latin America & Caribbean,Upper middle income,2003,0.5160342,-4.967,67.6
Mexico,MEX,Latin America & Caribbean,Upper middle income,2004,0.3851401,-25.365,68.7
Mexico,MEX,Latin America & Caribbean,Upper middle income,2005,0.3326887,-13.619,64.3
Mexico,MEX,Latin America & Caribbean,Upper middle income,2006,0.3855941,15.902,66.5
Mexico,MEX,Latin America & Caribbean,Upper middle income,2007,0.359664,-6.725,64.1
Mexico,MEX,Latin America & Caribbean,Upper middle income,2008,0.3449351,-4.095,62.5
Mexico,MEX,Latin America & Caribbean,Upper middle income,2009,0.3417056,-0.936,62.2
Mexico,MEX,Latin America & Caribbean,Upper middle income,2010,0.1160396,-66.041,57.7
Mexico,MEX,Latin America & Caribbean,Upper middle income,2011,0.1727169,48.843,57.9
Mexico,MEX,Latin America & Caribbean,Upper middle income,2012,0.2864858,65.87,63.9
Mexico,MEX,Latin America & Caribbean,Upper middle income,2013,0.2862275,-0.09,63.9
Mexico,MEX,Latin America & Caribbean,Upper middle income,2014,0.2083406,-27.212,64.4
Mexico,MEX,Latin America & Caribbean,Upper middle income,2015,0.1825598,-12.374,59.8
Mexico,MEX,Latin America & Caribbean,Upper middle income,2016,0.1610393,-11.788,60.8
Mexico,MEX,Latin America & Caribbean,Upper middle income,2017,0.1640815,1.889,61.8
Mexico,MEX,Latin America & Caribbean,Upper middle income,2018,-0.00317669999999999,-101.936,54.4
Mexico,MEX,Latin America & Caribbean,Upper middle income,2019,-0.0417639999999999,-1214.698,53.4
Mexico,MEX,Latin America & Caribbean,Upper middle income,2020,-0.1196879,-186.582,49.5
Mexico,MEX,Latin America & Caribbean,Upper middle income,2021,-0.191282199999999,-59.817,45.1
Mexico,MEX,Latin America & Caribbean,Upper middle income,2022,-0.156337,18.269,48.5
Mexico,MEX,Latin America & Caribbean,Upper middle income,2023,-0.1760497,-12.609,47.5
"Micronesia, Fed. Sts.",FSM,East Asia & Pacific,Upper middle income,2004,0.1549128,,62.6
"Micronesia, Fed. Sts.",FSM,East Asia & Pacific,Upper middle income,2005,0.4808997,210.433,67.9
"Micronesia, Fed. Sts.",FSM,East Asia & Pacific,Upper middle income,2006,0.4775605,-0.694,67
"Micronesia, Fed. Sts.",FSM,East Asia & Pacific,Upper middle income,2007,-0.156985799999999,-132.872,50.5
"Micronesia, Fed. Sts.",FSM,East Asia & Pacific,Upper middle income,2008,-0.465223899999999,-196.348,34
"Micronesia, Fed. Sts.",FSM,East Asia & Pacific,Upper middle income,2009,-0.5513133,-18.505,30.3
"Micronesia, Fed. Sts.",FSM,East Asia & Pacific,Upper middle income,2010,-0.5512136,0.018,29.4
"Micronesia, Fed. Sts.",FSM,East Asia & Pacific,Upper middle income,2011,-0.780307499999999,-41.562,24.8
"Micronesia, Fed. Sts.",FSM,East Asia & Pacific,Upper middle income,2012,-0.7847858,-0.574,25.2
"Micronesia, Fed. Sts.",FSM,East Asia & Pacific,Upper middle income,2013,-0.7612623,2.997,26.7
"Micronesia, Fed. Sts.",FSM,East Asia & Pacific,Upper middle income,2014,-0.8079514,-6.133,22.3
"Micronesia, Fed. Sts.",FSM,East Asia & Pacific,Upper middle income,2015,-0.779537399999999,3.517,21.1
"Micronesia, Fed. Sts.",FSM,East Asia & Pacific,Upper middle income,2016,-0.7728383,0.859,20.6
"Micronesia, Fed. Sts.",FSM,East Asia & Pacific,Upper middle income,2017,-0.681372099999999,11.835,25
"Micronesia, Fed. Sts.",FSM,East Asia & Pacific,Upper middle income,2018,-0.7713626,-13.207,21.6
"Micronesia, Fed. Sts.",FSM,East Asia & Pacific,Upper middle income,2019,-0.8495212,-10.133,17.6
"Micronesia, Fed. Sts.",FSM,East Asia & Pacific,Upper middle income,2020,-0.851506099999999,-0.234,18.6
"Micronesia, Fed. Sts.",FSM,East Asia & Pacific,Upper middle income,2021,-0.761884,10.525,23.5
"Micronesia, Fed. Sts.",FSM,East Asia & Pacific,Upper middle income,2022,-0.7640118,-0.279,24
"Micronesia, Fed. Sts.",FSM,East Asia & Pacific,Upper middle income,2023,-0.7637851,0.03,23.5
Moldova,MDA,Europe & Central Asia,Upper middle income,2002,-0.5954788,,34.6
Moldova,MDA,Europe & Central Asia,Upper middle income,2003,-0.6235143,-4.708,33.5
Moldova,MDA,Europe & Central Asia,Upper middle income,2004,-0.5613404,9.972,34.9
Moldova,MDA,Europe & Central Asia,Upper middle income,2005,-0.588108,-4.769,30.6
Moldova,MDA,Europe & Central Asia,Upper middle income,2006,-0.4967545,15.533,34.5
Moldova,MDA,Europe & Central Asia,Upper middle income,2007,-0.3737606,24.759,41.4
Moldova,MDA,Europe & Central Asia,Upper middle income,2008,-0.2929637,21.617,45
Moldova,MDA,Europe & Central Asia,Upper middle income,2009,-0.2472868,15.591,45.8
Moldova,MDA,Europe & Central Asia,Upper middle income,2010,-0.201061599999999,18.693,46.8
Moldova,MDA,Europe & Central Asia,Upper middle income,2011,-0.1975832,1.73,49
Moldova,MDA,Europe & Central Asia,Upper middle income,2012,-0.286980199999999,-45.245,46.5
Moldova,MDA,Europe & Central Asia,Upper middle income,2013,-0.2287158,20.303,49.5
Moldova,MDA,Europe & Central Asia,Upper middle income,2014,-0.1363385,40.39,51.5
Moldova,MDA,Europe & Central Asia,Upper middle income,2015,-0.199269199999999,-46.158,47.1
Moldova,MDA,Europe & Central Asia,Upper middle income,2016,-0.231593599999999,-16.221,44.6
Moldova,MDA,Europe & Central Asia,Upper middle income,2017,-0.122281199999999,47.2,47.1
Moldova,MDA,Europe & Central Asia,Upper middle income,2018,-0.1859583,-52.074,46.6
Moldova,MDA,Europe & Central Asia,Upper middle income,2019,-0.113272799999999,39.087,47.1
Moldova,MDA,Europe & Central Asia,Upper middle income,2020,-0.1518578,-34.064,46.6
Moldova,MDA,Europe & Central Asia,Upper middle income,2021,-0.0862631,43.195,50
Moldova,MDA,Europe & Central Asia,Upper middle income,2022,-0.0435626,49.5,54.9
Moldova,MDA,Europe & Central Asia,Upper middle income,2023,-0.0545226,-25.159,52.5
Monaco,MCO,Europe & Central Asia,High income,2015,1.3403443,,89.7
Monaco,MCO,Europe & Central Asia,High income,2016,1.3429326,0.193,88.7
Monaco,MCO,Europe & Central Asia,High income,2017,1.3456712,0.204,88.2
Monaco,MCO,Europe & Central Asia,High income,2018,1.3467972,0.084,88.2
Monaco,MCO,Europe & Central Asia,High income,2019,1.3498501,0.227,87.7
Monaco,MCO,Europe & Central Asia,High income,2020,1.3446521,-0.385,89.2
Monaco,MCO,Europe & Central Asia,High income,2021,1.3425613,-0.155,88.2
Monaco,MCO,Europe & Central Asia,High income,2022,1.3369891,-0.415,88.2
Monaco,MCO,Europe & Central Asia,High income,2023,1.3375828,0.044,88.7
Mongolia,MNG,East Asia & Pacific,Upper middle income,2002,0.0930838,,58.2
Mongolia,MNG,East Asia & Pacific,Upper middle income,2003,-0.0901063999999999,-196.801,53.3
Mongolia,MNG,East Asia & Pacific,Upper middle income,2004,-0.3539886,-292.856,46.2
Mongolia,MNG,East Asia & Pacific,Upper middle income,2005,-0.1506316,57.447,54.1
Mongolia,MNG,East Asia & Pacific,Upper middle income,2006,-0.174096299999999,-15.578,50.8
Mongolia,MNG,East Asia & Pacific,Upper middle income,2007,-0.182848999999999,-5.028,48.5
Mongolia,MNG,East Asia & Pacific,Upper middle income,2008,-0.260278299999999,-42.346,47.5
Mongolia,MNG,East Asia & Pacific,Upper middle income,2009,-0.2964764,-13.907,44.8
Mongolia,MNG,East Asia & Pacific,Upper middle income,2010,-0.2778251,6.291,45.3
Mongolia,MNG,East Asia & Pacific,Upper middle income,2011,-0.3091131,-11.262,44.6
Mongolia,MNG,East Asia & Pacific,Upper middle income,2012,-0.3833453,-24.015,43.1
Mongolia,MNG,East Asia & Pacific,Upper middle income,2013,-0.4706872,-22.784,36.6
Mongolia,MNG,East Asia & Pacific,Upper middle income,2014,-0.309591,34.226,43.1
Mongolia,MNG,East Asia & Pacific,Upper middle income,2015,-0.3044292,1.667,43.1
Mongolia,MNG,East Asia & Pacific,Upper middle income,2016,-0.0277123,90.897,52.5
Mongolia,MNG,East Asia & Pacific,Upper middle income,2017,-0.0358613,-29.406,52.9
Mongolia,MNG,East Asia & Pacific,Upper middle income,2018,0.0263885,173.585,55.4
Mongolia,MNG,East Asia & Pacific,Upper middle income,2019,-0.0663774999999999,-351.539,51.5
Mongolia,MNG,East Asia & Pacific,Upper middle income,2020,-0.1342621,-102.27,48
Mongolia,MNG,East Asia & Pacific,Upper middle income,2021,-0.1284159,4.354,49
Mongolia,MNG,East Asia & Pacific,Upper middle income,2022,-0.194625599999999,-51.559,47.5
Mongolia,MNG,East Asia & Pacific,Upper middle income,2023,-0.0410209,78.923,53.4
Montenegro,MNE,Europe & Central Asia,Upper middle income,2006,-0.3618655,,42.6
Montenegro,MNE,Europe & Central Asia,Upper middle income,2007,-0.143074099999999,60.462,51.5
Montenegro,MNE,Europe & Central Asia,Upper middle income,2008,-0.0366577,74.379,54.5
Montenegro,MNE,Europe & Central Asia,Upper middle income,2009,0.0424361,215.763,54.7
Montenegro,MNE,Europe & Central Asia,Upper middle income,2010,-0.0475861999999999,-212.136,52.2
Montenegro,MNE,Europe & Central Asia,Upper middle income,2011,-0.0547623,-15.08,54
Montenegro,MNE,Europe & Central Asia,Upper middle income,2012,0.0226967,141.446,55.9
Montenegro,MNE,Europe & Central Asia,Upper middle income,2013,0.0617532,172.08,56.4
Montenegro,MNE,Europe & Central Asia,Upper middle income,2014,0.2298046,272.134,64.9
Montenegro,MNE,Europe & Central Asia,Upper middle income,2015,0.2611715,13.649,65.2
Montenegro,MNE,Europe & Central Asia,Upper middle income,2016,0.2705951,3.608,66.2
Montenegro,MNE,Europe & Central Asia,Upper middle income,2017,0.3423045,26.501,68.1
Montenegro,MNE,Europe & Central Asia,Upper middle income,2018,0.2925708,-14.529,66.2
Montenegro,MNE,Europe & Central Asia,Upper middle income,2019,0.2943513,0.609,65.7
Montenegro,MNE,Europe & Central Asia,Upper middle income,2020,0.2464903,-16.26,64.7
Montenegro,MNE,Europe & Central Asia,Upper middle income,2021,0.2209769,-10.351,63.7
Montenegro,MNE,Europe & Central Asia,Upper middle income,2022,0.2592331,17.312,65.2
Montenegro,MNE,Europe & Central Asia,Upper middle income,2023,0.197225,-23.92,62.3
Morocco,MAR,"Middle East, North Africa, Afghanistan & Pakistan",Lower middle income,2002,-0.2390429,,47.3
Morocco,MAR,"Middle East, North Africa, Afghanistan & Pakistan",Lower middle income,2003,-0.2386893,0.148,48.9
Morocco,MAR,"Middle East, North Africa, Afghanistan & Pakistan",Lower middle income,2004,-0.313861499999999,-31.494,47.7
Morocco,MAR,"Middle East, North Africa, Afghanistan & Pakistan",Lower middle income,2005,-0.4958568,-57.986,36.2
Morocco,MAR,"Middle East, North Africa, Afghanistan & Pakistan",Lower middle income,2006,-0.1473941,70.275,52.3
Morocco,MAR,"Middle East, North Africa, Afghanistan & Pakistan",Lower middle income,2007,-0.0858921,41.726,52.5
Morocco,MAR,"Middle East, North Africa, Afghanistan & Pakistan",Lower middle income,2008,-0.0413585999999999,51.848,54
Morocco,MAR,"Middle East, North Africa, Afghanistan & Pakistan",Lower middle income,2009,0.0292961,170.834,54.2
Morocco,MAR,"Middle East, North Africa, Afghanistan & Pakistan",Lower middle income,2010,0.0236412,-19.303,55.2
Morocco,MAR,"Middle East, North Africa, Afghanistan & Pakistan",Lower middle income,2011,-0.0756699,-420.076,53
Morocco,MAR,"Middle East, North Africa, Afghanistan & Pakistan",Lower middle income,2012,-0.0055365,92.683,54.5
Morocco,MAR,"Middle East, North Africa, Afghanistan & Pakistan",Lower middle income,2013,0.0197469,456.668,55
Morocco,MAR,"Middle East, North Africa, Afghanistan & Pakistan",Lower middle income,2014,0.0501017,153.719,55.4
Morocco,MAR,"Middle East, North Africa, Afghanistan & Pakistan",Lower middle income,2015,0.0585252,16.813,54.4
Morocco,MAR,"Middle East, North Africa, Afghanistan & Pakistan",Lower middle income,2016,0.0139184,-76.218,53.9
Morocco,MAR,"Middle East, North Africa, Afghanistan & Pakistan",Lower middle income,2017,0.0044748,-67.85,53.9
Morocco,MAR,"Middle East, North Africa, Afghanistan & Pakistan",Lower middle income,2018,-0.1157961,-2687.738,50.5
Morocco,MAR,"Middle East, North Africa, Afghanistan & Pakistan",Lower middle income,2019,0.0271992,123.489,55.4
Morocco,MAR,"Middle East, North Africa, Afghanistan & Pakistan",Lower middle income,2020,0.0648279,138.345,56.4
Morocco,MAR,"Middle East, North Africa, Afghanistan & Pakistan",Lower middle income,2021,-0.0751135,-215.866,50.5
Morocco,MAR,"Middle East, North Africa, Afghanistan & Pakistan",Lower middle income,2022,-0.0811815999999999,-8.079,51.5
Morocco,MAR,"Middle East, North Africa, Afghanistan & Pakistan",Lower middle income,2023,-0.0473438,41.682,52.9
Mozambique,MOZ,Sub-Saharan Africa,Low income,2002,-0.2483493,,45.6
Mozambique,MOZ,Sub-Saharan Africa,Low income,2003,-0.3557456,-43.244,42.3
Mozambique,MOZ,Sub-Saharan Africa,Low income,2004,-0.5261306,-47.895,37.4
Mozambique,MOZ,Sub-Saharan Africa,Low income,2005,-0.5850255,-11.194,31.1
Mozambique,MOZ,Sub-Saharan Africa,Low income,2006,-0.5499364,5.998,29.9
Mozambique,MOZ,Sub-Saharan Africa,Low income,2007,-0.502107699999999,8.697,30.8
Mozambique,MOZ,Sub-Saharan Africa,Low income,2008,-0.4237415,15.607,38.5
Mozambique,MOZ,Sub-Saharan Africa,Low income,2009,-0.404418399999999,4.56,38.3
Mozambique,MOZ,Sub-Saharan Africa,Low income,2010,-0.5331532,-31.832,30.8
Mozambique,MOZ,Sub-Saharan Africa,Low income,2011,-0.5600061,-5.037,30.2
Mozambique,MOZ,Sub-Saharan Africa,Low income,2012,-0.505221199999999,9.783,35.6
Mozambique,MOZ,Sub-Saharan Africa,Low income,2013,-0.5617285,-11.185,33.7
Mozambique,MOZ,Sub-Saharan Africa,Low income,2014,-0.5800794,-3.267,32.7
Mozambique,MOZ,Sub-Saharan Africa,Low income,2015,-0.6403998,-10.399,28.4
Mozambique,MOZ,Sub-Saharan Africa,Low income,2016,-0.6946758,-8.475,24
Mozambique,MOZ,Sub-Saharan Africa,Low income,2017,-0.6821754,1.799,24.5
Mozambique,MOZ,Sub-Saharan Africa,Low income,2018,-0.731397499999999,-7.215,24.5
Mozambique,MOZ,Sub-Saharan Africa,Low income,2019,-0.7252116,0.846,23
Mozambique,MOZ,Sub-Saharan Africa,Low income,2020,-0.7751237,-6.882,22.1
Mozambique,MOZ,Sub-Saharan Africa,Low income,2021,-0.8186743,-5.619,21.1
Mozambique,MOZ,Sub-Saharan Africa,Low income,2022,-0.7862195,3.964,22.1
Mozambique,MOZ,Sub-Saharan Africa,Low income,2023,-0.752031799999999,4.348,24
Myanmar,MMR,East Asia & Pacific,Lower middle income,2002,-2.1741261,,0.5
Myanmar,MMR,East Asia & Pacific,Lower middle income,2003,-2.2218221,-2.194,1.1
Myanmar,MMR,East Asia & Pacific,Lower middle income,2004,-2.4021448,-8.116,0
Myanmar,MMR,East Asia & Pacific,Lower middle income,2005,-2.31315819999999,3.704,0
Myanmar,MMR,East Asia & Pacific,Lower middle income,2006,-2.1245544,8.154,0
Myanmar,MMR,East Asia & Pacific,Lower middle income,2007,-2.1230815,0.069,0
Myanmar,MMR,East Asia & Pacific,Lower middle income,2008,-2.1237348,-0.031,0
Myanmar,MMR,East Asia & Pacific,Lower middle income,2009,-2.1529061,-1.374,0.5
Myanmar,MMR,East Asia & Pacific,Lower middle income,2010,-1.67502889999999,22.197,2.5
Myanmar,MMR,East Asia & Pacific,Lower middle income,2011,-1.5954532,4.751,3
Myanmar,MMR,East Asia & Pacific,Lower middle income,2012,-1.76311659999999,-10.509,2
Myanmar,MMR,East Asia & Pacific,Lower middle income,2013,-1.4584015,17.283,5.4
Myanmar,MMR,East Asia & Pacific,Lower middle income,2014,-1.3316118,8.694,6.4
Myanmar,MMR,East Asia & Pacific,Lower middle income,2015,-1.110113,16.634,9.3
Myanmar,MMR,East Asia & Pacific,Lower middle income,2016,-0.8822049,20.53,16.2
Myanmar,MMR,East Asia & Pacific,Lower middle income,2017,-0.843015899999999,4.442,16.7
Myanmar,MMR,East Asia & Pacific,Lower middle income,2018,-0.8166314,3.13,18.1
Myanmar,MMR,East Asia & Pacific,Lower middle income,2019,-0.8502984,-4.123,16.7
Myanmar,MMR,East Asia & Pacific,Lower middle income,2020,-0.7286511,14.306,25
Myanmar,MMR,East Asia & Pacific,Lower middle income,2021,-1.13693469999999,-56.033,10.8
Myanmar,MMR,East Asia & Pacific,Lower middle income,2022,-1.26034659999999,-10.855,8.8
Myanmar,MMR,East Asia & Pacific,Lower middle income,2023,-1.4451128,-14.66,5.9
Namibia,NAM,Sub-Saharan Africa,Lower middle income,2002,0.665689,,70.9
Namibia,NAM,Sub-Saharan Africa,Lower middle income,2003,0.5074505,-23.771,67
Namibia,NAM,Sub-Saharan Africa,Lower middle income,2004,0.1669932,-67.092,63.1
Namibia,NAM,Sub-Saharan Africa,Lower middle income,2005,0.0968554,-42,57.7
Namibia,NAM,Sub-Saharan Africa,Lower middle income,2006,0.1809998,86.876,58.9
Namibia,NAM,Sub-Saharan Africa,Lower middle income,2007,0.1182005,-34.696,57.1
Namibia,NAM,Sub-Saharan Africa,Lower middle income,2008,0.291127,146.299,61
Namibia,NAM,Sub-Saharan Africa,Lower middle income,2009,0.3241247,11.334,61.2
Namibia,NAM,Sub-Saharan Africa,Lower middle income,2010,0.1608353,-50.379,58.2
Namibia,NAM,Sub-Saharan Africa,Lower middle income,2011,0.0071335,-95.565,55.4
Namibia,NAM,Sub-Saharan Africa,Lower middle income,2012,0.1789728,2408.906,58.4
Namibia,NAM,Sub-Saharan Africa,Lower middle income,2013,0.2217774,23.917,59.9
Namibia,NAM,Sub-Saharan Africa,Lower middle income,2014,0.1780391,-19.722,62.9
Namibia,NAM,Sub-Saharan Africa,Lower middle income,2015,0.2438319,36.954,64.7
Namibia,NAM,Sub-Saharan Africa,Lower middle income,2016,0.147564,-39.481,58.3
Namibia,NAM,Sub-Saharan Africa,Lower middle income,2017,0.0957317999999999,-35.125,56.9
Namibia,NAM,Sub-Saharan Africa,Lower middle income,2018,0.0632488,-33.931,56.9
Namibia,NAM,Sub-Saharan Africa,Lower middle income,2019,0.1209405,91.214,60.8
Namibia,NAM,Sub-Saharan Africa,Lower middle income,2020,0.0768145,-36.486,57.4
Namibia,NAM,Sub-Saharan Africa,Lower middle income,2021,0.1492447,94.292,59.3
Namibia,NAM,Sub-Saharan Africa,Lower middle income,2022,0.0818334,-45.168,58.3
Namibia,NAM,Sub-Saharan Africa,Lower middle income,2023,0.0866506,5.887,57.8
Naoero,NRU,East Asia & Pacific,High income,2007,-0.729098399999999,,22.2
Naoero,NRU,East Asia & Pacific,High income,2008,-0.7374368,-1.144,23
Naoero,NRU,East Asia & Pacific,High income,2009,-0.748607199999999,-1.515,23.9
Naoero,NRU,East Asia & Pacific,High income,2010,-0.7481757,0.058,24.4
Naoero,NRU,East Asia & Pacific,High income,2011,-0.7451154,0.409,26.2
Naoero,NRU,East Asia & Pacific,High income,2012,-0.778552999999999,-4.488,25.7
Naoero,NRU,East Asia & Pacific,High income,2013,-0.921464499999999,-18.356,19.3
Naoero,NRU,East Asia & Pacific,High income,2014,-0.932507099999999,-1.198,15.8
Naoero,NRU,East Asia & Pacific,High income,2015,-0.5659337,39.311,30.9
Naoero,NRU,East Asia & Pacific,High income,2016,-0.5636517,0.403,30.4
Naoero,NRU,East Asia & Pacific,High income,2017,-0.5612372,0.428,29.9
Naoero,NRU,East Asia & Pacific,High income,2018,-0.3514786,37.374,38.7
Naoero,NRU,East Asia & Pacific,High income,2019,-0.348787099999999,0.766,40.2
Naoero,NRU,East Asia & Pacific,High income,2020,-0.353369899999999,-1.314,41.2
Naoero,NRU,East Asia & Pacific,High income,2021,-0.3552132,-0.522,41.2
Naoero,NRU,East Asia & Pacific,High income,2022,-0.3601258,-1.383,41.7
Naoero,NRU,East Asia & Pacific,High income,2023,-0.5683682,-57.825,33.8
Nepal,NPL,South Asia,Lower middle income,2002,-0.617596199999999,,33.5
Nepal,NPL,South Asia,Lower middle income,2003,-0.6897536,-11.684,30.8
Nepal,NPL,South Asia,Lower middle income,2004,-0.605430399999999,12.225,32.8
Nepal,NPL,South Asia,Lower middle income,2005,-0.493822999999999,18.434,36.7
Nepal,NPL,South Asia,Lower middle income,2006,-0.5144183,-4.171,32
Nepal,NPL,South Asia,Lower middle income,2007,-0.503731199999999,2.078,29.8
Nepal,NPL,South Asia,Lower middle income,2008,-0.6423609,-27.521,26.5
Nepal,NPL,South Asia,Lower middle income,2009,-0.7285532,-13.418,25.4
Nepal,NPL,South Asia,Lower middle income,2010,-0.835548499999999,-14.686,21.9
Nepal,NPL,South Asia,Lower middle income,2011,-0.8068972,3.429,22.8
Nepal,NPL,South Asia,Lower middle income,2012,-0.7926961,1.76,24.8
Nepal,NPL,South Asia,Lower middle income,2013,-0.813687899999999,-2.648,24.3
Nepal,NPL,South Asia,Lower middle income,2014,-0.716785799999999,11.909,27.7
Nepal,NPL,South Asia,Lower middle income,2015,-0.6993283,2.436,26
Nepal,NPL,South Asia,Lower middle income,2016,-0.6483257,7.293,27
Nepal,NPL,South Asia,Lower middle income,2017,-0.656910099999999,-1.324,27.5
Nepal,NPL,South Asia,Lower middle income,2018,-0.5915737,9.946,29.9
Nepal,NPL,South Asia,Lower middle income,2019,-0.5734193,3.069,30.4
Nepal,NPL,South Asia,Lower middle income,2020,-0.663949999999999,-15.788,30.4
Nepal,NPL,South Asia,Lower middle income,2021,-0.6375284,3.979,29.4
Nepal,NPL,South Asia,Lower middle income,2022,-0.5966637,6.41,32.4
Nepal,NPL,South Asia,Lower middle income,2023,-0.607287799999999,-1.781,31.4
Netherlands,NLD,Europe & Central Asia,High income,2002,2.0589234,,98.9
Netherlands,NLD,Europe & Central Asia,High income,2003,1.9869442,-3.496,97.3
Netherlands,NLD,Europe & Central Asia,High income,2004,1.9272495,-3.004,98.5
Netherlands,NLD,Europe & Central Asia,High income,2005,1.9779286,2.63,98.5
Netherlands,NLD,Europe & Central Asia,High income,2006,1.793438,-9.327,95.4
Netherlands,NLD,Europe & Central Asia,High income,2007,1.8554736,3.459,97
Netherlands,NLD,Europe & Central Asia,High income,2008,1.7453699,-5.934,95.5
Netherlands,NLD,Europe & Central Asia,High income,2009,1.6683007,-4.416,95
Netherlands,NLD,Europe & Central Asia,High income,2010,1.646277,-1.32,95
Netherlands,NLD,Europe & Central Asia,High income,2011,1.7926864,8.893,95
Netherlands,NLD,Europe & Central Asia,High income,2012,1.7611187,-1.761,95
Netherlands,NLD,Europe & Central Asia,High income,2013,1.759796,-0.075,94.1
Netherlands,NLD,Europe & Central Asia,High income,2014,1.663238,-5.487,94.6
Netherlands,NLD,Europe & Central Asia,High income,2015,1.7856938,7.362,96.6
Netherlands,NLD,Europe & Central Asia,High income,2016,1.9568543,9.585,98.5
Netherlands,NLD,Europe & Central Asia,High income,2017,1.9684193,0.591,98.5
Netherlands,NLD,Europe & Central Asia,High income,2018,1.9366985,-1.611,98.5
Netherlands,NLD,Europe & Central Asia,High income,2019,1.8629208,-3.809,97.5
Netherlands,NLD,Europe & Central Asia,High income,2020,1.7647356,-5.27,96.6
Netherlands,NLD,Europe & Central Asia,High income,2021,1.8243489,3.378,97.5
Netherlands,NLD,Europe & Central Asia,High income,2022,1.7233662,-5.535,95.6
Netherlands,NLD,Europe & Central Asia,High income,2023,1.7180996,-0.306,95.6
New Zealand,NZL,East Asia & Pacific,High income,2002,1.7577146,,94
New Zealand,NZL,East Asia & Pacific,High income,2003,1.8612532,5.891,95.1
New Zealand,NZL,East Asia & Pacific,High income,2004,1.8965959,1.899,97.4
New Zealand,NZL,East Asia & Pacific,High income,2005,1.8626031,-1.792,96.4
New Zealand,NZL,East Asia & Pacific,High income,2006,1.7941668,-3.674,95.9
New Zealand,NZL,East Asia & Pacific,High income,2007,1.7955232,0.076,95.5
New Zealand,NZL,East Asia & Pacific,High income,2008,1.8177911,1.24,97.5
New Zealand,NZL,East Asia & Pacific,High income,2009,1.828573,0.593,98
New Zealand,NZL,East Asia & Pacific,High income,2010,1.7182417,-6.034,96.5
New Zealand,NZL,East Asia & Pacific,High income,2011,1.9708492,14.702,99
New Zealand,NZL,East Asia & Pacific,High income,2012,1.9928169,1.115,98
New Zealand,NZL,East Asia & Pacific,High income,2013,1.9265097,-3.327,98
New Zealand,NZL,East Asia & Pacific,High income,2014,2.0123173,4.454,99.5
New Zealand,NZL,East Asia & Pacific,High income,2015,2.0128965,0.029,99
New Zealand,NZL,East Asia & Pacific,High income,2016,2.059195,2.3,99
New Zealand,NZL,East Asia & Pacific,High income,2017,2.0795821,0.99,99
New Zealand,NZL,East Asia & Pacific,High income,2018,1.9706404,-5.239,99
New Zealand,NZL,East Asia & Pacific,High income,2019,1.970839,0.01,98.5
New Zealand,NZL,East Asia & Pacific,High income,2020,1.9329931,-1.92,98.5
New Zealand,NZL,East Asia & Pacific,High income,2021,1.8534819,-4.113,98
New Zealand,NZL,East Asia & Pacific,High income,2022,1.8604747,0.377,98
New Zealand,NZL,East Asia & Pacific,High income,2023,1.8767831,0.877,99
Nicaragua,NIC,Latin America & Caribbean,Lower middle income,2002,-0.5683189,,36.3
Nicaragua,NIC,Latin America & Caribbean,Lower middle income,2003,-0.4363396,23.223,39.6
Nicaragua,NIC,Latin America & Caribbean,Lower middle income,2004,-0.243835599999999,44.118,49.7
Nicaragua,NIC,Latin America & Caribbean,Lower middle income,2005,-0.1918318,21.327,50
Nicaragua,NIC,Latin America & Caribbean,Lower middle income,2006,-0.2778159,-44.823,47.2
Nicaragua,NIC,Latin America & Caribbean,Lower middle income,2007,-0.3207312,-15.447,43.9
Nicaragua,NIC,Latin America & Caribbean,Lower middle income,2008,-0.378896499999999,-18.135,40.5
Nicaragua,NIC,Latin America & Caribbean,Lower middle income,2009,-0.454907399999999,-20.061,34.8
Nicaragua,NIC,Latin America & Caribbean,Lower middle income,2010,-0.4466148,1.823,35.3
Nicaragua,NIC,Latin America & Caribbean,Lower middle income,2011,-0.4514777,-1.089,36.6
Nicaragua,NIC,Latin America & Caribbean,Lower middle income,2012,-0.4036894,10.585,42.1
Nicaragua,NIC,Latin America & Caribbean,Lower middle income,2013,-0.3734933,7.48,42.6
Nicaragua,NIC,Latin America & Caribbean,Lower middle income,2014,-0.4022048,-7.687,40.1
Nicaragua,NIC,Latin America & Caribbean,Lower middle income,2015,-0.307566299999999,23.53,42.2
Nicaragua,NIC,Latin America & Caribbean,Lower middle income,2016,-0.3988331,-29.674,37.7
Nicaragua,NIC,Latin America & Caribbean,Lower middle income,2017,-0.497278499999999,-24.683,32.4
Nicaragua,NIC,Latin America & Caribbean,Lower middle income,2018,-0.5539729,-11.401,31.4
Nicaragua,NIC,Latin America & Caribbean,Lower middle income,2019,-0.6516936,-17.64,26.5
Nicaragua,NIC,Latin America & Caribbean,Lower middle income,2020,-0.681071299999999,-4.508,29.9
Nicaragua,NIC,Latin America & Caribbean,Lower middle income,2021,-0.8867041,-30.193,16.2
Nicaragua,NIC,Latin America & Caribbean,Lower middle income,2022,-1.0016657,-12.965,13.7
Nicaragua,NIC,Latin America & Caribbean,Lower middle income,2023,-1.0126191,-1.094,13.2
Niger,NER,Sub-Saharan Africa,Low income,2002,-0.894995099999999,,23.1
Niger,NER,Sub-Saharan Africa,Low income,2003,-0.8949669,0.003,22.5
Niger,NER,Sub-Saharan Africa,Low income,2004,-0.912034599999999,-1.907,20.5
Niger,NER,Sub-Saharan Africa,Low income,2005,-0.7243621,20.577,23.5
Niger,NER,Sub-Saharan Africa,Low income,2006,-0.632773799999999,12.644,25.4
Niger,NER,Sub-Saharan Africa,Low income,2007,-0.591423199999999,6.535,26.3
Niger,NER,Sub-Saharan Africa,Low income,2008,-0.5745441,2.854,28.5
Niger,NER,Sub-Saharan Africa,Low income,2009,-0.523589699999999,8.869,31.8
Niger,NER,Sub-Saharan Africa,Low income,2010,-0.5069873,3.171,32.8
Niger,NER,Sub-Saharan Africa,Low income,2011,-0.5324314,-5.019,30.7
Niger,NER,Sub-Saharan Africa,Low income,2012,-0.7242274,-36.023,28.2
Niger,NER,Sub-Saharan Africa,Low income,2013,-0.724202,0.004,28.7
Niger,NER,Sub-Saharan Africa,Low income,2014,-0.746923,-3.137,24.8
Niger,NER,Sub-Saharan Africa,Low income,2015,-0.7183876,3.82,25
Niger,NER,Sub-Saharan Africa,Low income,2016,-0.6537562,8.997,26.5
Niger,NER,Sub-Saharan Africa,Low income,2017,-0.639687999999999,2.152,27.9
Niger,NER,Sub-Saharan Africa,Low income,2018,-0.6639231,-3.789,27.5
Niger,NER,Sub-Saharan Africa,Low income,2019,-0.6452363,2.815,27.5
Niger,NER,Sub-Saharan Africa,Low income,2020,-0.749712199999999,-16.192,22.5
Niger,NER,Sub-Saharan Africa,Low income,2021,-0.694466399999999,7.369,26
Niger,NER,Sub-Saharan Africa,Low income,2022,-0.6740254,2.943,27.5
Niger,NER,Sub-Saharan Africa,Low income,2023,-0.7280992,-8.023,26.5
Nigeria,NGA,Sub-Saharan Africa,Lower middle income,2002,-1.1555737,,15.4
Nigeria,NGA,Sub-Saharan Africa,Lower middle income,2003,-1.1482554,0.633,17
Nigeria,NGA,Sub-Saharan Africa,Lower middle income,2004,-1.23811999999999,-7.826,9.7
Nigeria,NGA,Sub-Saharan Africa,Lower middle income,2005,-1.0189616,17.701,16.8
Nigeria,NGA,Sub-Saharan Africa,Lower middle income,2006,-0.8992521,11.748,18.8
Nigeria,NGA,Sub-Saharan Africa,Lower middle income,2007,-0.8413883,6.435,20.2
Nigeria,NGA,Sub-Saharan Africa,Lower middle income,2008,-0.7606817,9.592,21.5
Nigeria,NGA,Sub-Saharan Africa,Lower middle income,2009,-0.751041499999999,1.267,23.4
Nigeria,NGA,Sub-Saharan Africa,Lower middle income,2010,-0.911270199999999,-21.334,18.4
Nigeria,NGA,Sub-Saharan Africa,Lower middle income,2011,-0.875506399999999,3.925,19.3
Nigeria,NGA,Sub-Saharan Africa,Lower middle income,2012,-0.752841499999999,14.011,26.7
Nigeria,NGA,Sub-Saharan Africa,Lower middle income,2013,-0.740966799999999,1.577,27.7
Nigeria,NGA,Sub-Saharan Africa,Lower middle income,2014,-0.7940186,-7.16,23.3
Nigeria,NGA,Sub-Saharan Africa,Lower middle income,2015,-0.740200099999999,6.778,23.5
Nigeria,NGA,Sub-Saharan Africa,Lower middle income,2016,-0.8149879,-10.104,18.6
Nigeria,NGA,Sub-Saharan Africa,Lower middle income,2017,-0.7780788,4.529,20.1
Nigeria,NGA,Sub-Saharan Africa,Lower middle income,2018,-0.830018399999999,-6.675,16.7
Nigeria,NGA,Sub-Saharan Africa,Lower middle income,2019,-0.864609699999999,-4.168,15.7
Nigeria,NGA,Sub-Saharan Africa,Lower middle income,2020,-0.8874002,-2.636,16.7
Nigeria,NGA,Sub-Saharan Africa,Lower middle income,2021,-0.8726579,1.661,16.7
Nigeria,NGA,Sub-Saharan Africa,Lower middle income,2022,-0.9963194,-14.171,14.2
Nigeria,NGA,Sub-Saharan Africa,Lower middle income,2023,-0.8274258,16.952,20.6
North Macedonia,MKD,Europe & Central Asia,Upper middle income,2002,-0.3131719,,43.4
North Macedonia,MKD,Europe & Central Asia,Upper middle income,2003,-0.2719824,13.152,46.2
North Macedonia,MKD,Europe & Central Asia,Upper middle income,2004,-0.1255677,53.832,53.3
North Macedonia,MKD,Europe & Central Asia,Upper middle income,2005,-0.186288099999999,-48.357,51.5
North Macedonia,MKD,Europe & Central Asia,Upper middle income,2006,0.0721402999999999,138.725,55.3
North Macedonia,MKD,Europe & Central Asia,Upper middle income,2007,0.1270314,76.089,57.6
North Macedonia,MKD,Europe & Central Asia,Upper middle income,2008,0.1611044,26.823,57.5
North Macedonia,MKD,Europe & Central Asia,Upper middle income,2009,0.1963624,21.885,57.2
North Macedonia,MKD,Europe & Central Asia,Upper middle income,2010,-0.1118569,-156.965,50.2
North Macedonia,MKD,Europe & Central Asia,Upper middle income,2011,-0.0874218,21.845,52.5
North Macedonia,MKD,Europe & Central Asia,Upper middle income,2012,0.2094252,339.557,60.9
North Macedonia,MKD,Europe & Central Asia,Upper middle income,2013,0.1453678,-30.587,59.4
North Macedonia,MKD,Europe & Central Asia,Upper middle income,2014,0.2802096,92.759,66.3
North Macedonia,MKD,Europe & Central Asia,Upper middle income,2015,0.2705038,-3.464,65.7
North Macedonia,MKD,Europe & Central Asia,Upper middle income,2016,0.2741,1.329,67.2
North Macedonia,MKD,Europe & Central Asia,Upper middle income,2017,0.3426424,25.006,68.6
North Macedonia,MKD,Europe & Central Asia,Upper middle income,2018,0.3988409,16.402,69.1
North Macedonia,MKD,Europe & Central Asia,Upper middle income,2019,0.192812,-51.657,63.2
North Macedonia,MKD,Europe & Central Asia,Upper middle income,2020,0.30335,57.329,67.2
North Macedonia,MKD,Europe & Central Asia,Upper middle income,2021,0.2238642,-26.203,64.2
North Macedonia,MKD,Europe & Central Asia,Upper middle income,2022,0.2225911,-0.569,63.7
North Macedonia,MKD,Europe & Central Asia,Upper middle income,2023,0.2015163,-9.468,62.7
Norway,NOR,Europe & Central Asia,High income,2002,1.4267536,,86.8
Norway,NOR,Europe & Central Asia,High income,2003,1.4191127,-0.536,86.8
Norway,NOR,Europe & Central Asia,High income,2004,1.5761098,11.063,91.8
Norway,NOR,Europe & Central Asia,High income,2005,1.6422973,4.199,90.8
Norway,NOR,Europe & Central Asia,High income,2006,1.4781227,-9.997,88.8
Norway,NOR,Europe & Central Asia,High income,2007,1.554125,5.142,90.9
Norway,NOR,Europe & Central Asia,High income,2008,1.6201132,4.246,92
Norway,NOR,Europe & Central Asia,High income,2009,1.6011759,-1.169,93
Norway,NOR,Europe & Central Asia,High income,2010,1.6371606,2.247,94
Norway,NOR,Europe & Central Asia,High income,2011,1.7953532,9.663,95.5
Norway,NOR,Europe & Central Asia,High income,2012,1.8217161,1.468,96
Norway,NOR,Europe & Central Asia,High income,2013,1.91434,5.084,97.5
Norway,NOR,Europe & Central Asia,High income,2014,1.7656125,-7.769,97.5
Norway,NOR,Europe & Central Asia,High income,2015,1.7813823,0.893,96.1
Norway,NOR,Europe & Central Asia,High income,2016,1.8051537,1.334,96.1
Norway,NOR,Europe & Central Asia,High income,2017,1.8376808,1.802,97.1
Norway,NOR,Europe & Central Asia,High income,2018,1.8168864,-1.132,96.6
Norway,NOR,Europe & Central Asia,High income,2019,1.7665668,-2.77,95.6
Norway,NOR,Europe & Central Asia,High income,2020,1.6975606,-3.906,95.6
Norway,NOR,Europe & Central Asia,High income,2021,1.6492378,-2.847,95.1
Norway,NOR,Europe & Central Asia,High income,2022,1.5730046,-4.622,93.6
Norway,NOR,Europe & Central Asia,High income,2023,1.6350956,3.947,94.6
Oman,OMN,"Middle East, North Africa, Afghanistan & Pakistan",High income,2002,0.7170181,,72.5
Oman,OMN,"Middle East, North Africa, Afghanistan & Pakistan",High income,2003,0.7088289,-1.142,70.3
Oman,OMN,"Middle East, North Africa, Afghanistan & Pakistan",High income,2004,0.6970511,-1.662,74.9
Oman,OMN,"Middle East, North Africa, Afghanistan & Pakistan",High income,2005,0.7691608,10.345,73.5
Oman,OMN,"Middle East, North Africa, Afghanistan & Pakistan",High income,2006,0.7040891,-8.46,73.1
Oman,OMN,"Middle East, North Africa, Afghanistan & Pakistan",High income,2007,0.7334568,4.171,73.2
Oman,OMN,"Middle East, North Africa, Afghanistan & Pakistan",High income,2008,0.8308676,13.281,75.5
Oman,OMN,"Middle East, North Africa, Afghanistan & Pakistan",High income,2009,0.8407639,1.191,76.6
Oman,OMN,"Middle East, North Africa, Afghanistan & Pakistan",High income,2010,0.8483843,0.906,76.6
Oman,OMN,"Middle East, North Africa, Afghanistan & Pakistan",High income,2011,0.7404489,-12.722,73.8
Oman,OMN,"Middle East, North Africa, Afghanistan & Pakistan",High income,2012,0.8307365,12.194,76.2
Oman,OMN,"Middle East, North Africa, Afghanistan & Pakistan",High income,2013,0.817822,-1.555,75.7
Oman,OMN,"Middle East, North Africa, Afghanistan & Pakistan",High income,2014,0.7762583,-5.082,78.7
Oman,OMN,"Middle East, North Africa, Afghanistan & Pakistan",High income,2015,0.6495172,-16.327,75
Oman,OMN,"Middle East, North Africa, Afghanistan & Pakistan",High income,2016,0.6980709,7.475,74.5
Oman,OMN,"Middle East, North Africa, Afghanistan & Pakistan",High income,2017,0.7080042,1.423,75.5
Oman,OMN,"Middle East, North Africa, Afghanistan & Pakistan",High income,2018,0.527985,-25.426,72.5
Oman,OMN,"Middle East, North Africa, Afghanistan & Pakistan",High income,2019,0.5010361,-5.104,72.1
Oman,OMN,"Middle East, North Africa, Afghanistan & Pakistan",High income,2020,0.4719412,-5.807,72.1
Oman,OMN,"Middle East, North Africa, Afghanistan & Pakistan",High income,2021,0.4254017,-9.861,70.6
Oman,OMN,"Middle East, North Africa, Afghanistan & Pakistan",High income,2022,0.4679554,10.003,71.1
Oman,OMN,"Middle East, North Africa, Afghanistan & Pakistan",High income,2023,0.4701815,0.476,70.6
Pakistan,PAK,"Middle East, North Africa, Afghanistan & Pakistan",Lower middle income,2002,-0.9188664,,21.4
Pakistan,PAK,"Middle East, North Africa, Afghanistan & Pakistan",Lower middle income,2003,-0.935701599999999,-1.832,20.9
Pakistan,PAK,"Middle East, North Africa, Afghanistan & Pakistan",Lower middle income,2004,-1.0151869,-8.495,17.4
Pakistan,PAK,"Middle East, North Africa, Afghanistan & Pakistan",Lower middle income,2005,-0.5838514,42.488,31.6
Pakistan,PAK,"Middle East, North Africa, Afghanistan & Pakistan",Lower middle income,2006,-0.470710099999999,19.378,37.6
Pakistan,PAK,"Middle East, North Africa, Afghanistan & Pakistan",Lower middle income,2007,-0.522979299999999,-11.104,28.8
Pakistan,PAK,"Middle East, North Africa, Afghanistan & Pakistan",Lower middle income,2008,-0.6345983,-21.343,27
Pakistan,PAK,"Middle East, North Africa, Afghanistan & Pakistan",Lower middle income,2009,-0.6691879,-5.451,26.4
Pakistan,PAK,"Middle East, North Africa, Afghanistan & Pakistan",Lower middle income,2010,-0.687742299999999,-2.773,26.9
Pakistan,PAK,"Middle East, North Africa, Afghanistan & Pakistan",Lower middle income,2011,-0.758093999999999,-10.229,25.2
Pakistan,PAK,"Middle East, North Africa, Afghanistan & Pakistan",Lower middle income,2012,-0.80848,-6.646,23.3
Pakistan,PAK,"Middle East, North Africa, Afghanistan & Pakistan",Lower middle income,2013,-0.8058791,0.322,25.2
Pakistan,PAK,"Middle East, North Africa, Afghanistan & Pakistan",Lower middle income,2014,-0.7484896,7.121,24.3
Pakistan,PAK,"Middle East, North Africa, Afghanistan & Pakistan",Lower middle income,2015,-0.6860082,8.348,27
Pakistan,PAK,"Middle East, North Africa, Afghanistan & Pakistan",Lower middle income,2016,-0.6596324,3.845,26
Pakistan,PAK,"Middle East, North Africa, Afghanistan & Pakistan",Lower middle income,2017,-0.664221899999999,-0.696,27
Pakistan,PAK,"Middle East, North Africa, Afghanistan & Pakistan",Lower middle income,2018,-0.662304799999999,0.289,28.4
Pakistan,PAK,"Middle East, North Africa, Afghanistan & Pakistan",Lower middle income,2019,-0.620266299999999,6.347,28.4
Pakistan,PAK,"Middle East, North Africa, Afghanistan & Pakistan",Lower middle income,2020,-0.7006155,-12.954,27.5
Pakistan,PAK,"Middle East, North Africa, Afghanistan & Pakistan",Lower middle income,2021,-0.6543467,6.604,28.4
Pakistan,PAK,"Middle East, North Africa, Afghanistan & Pakistan",Lower middle income,2022,-0.7653493,-16.964,23.5
Pakistan,PAK,"Middle East, North Africa, Afghanistan & Pakistan",Lower middle income,2023,-0.821984199999999,-7.4,21.1
Palau,PLW,East Asia & Pacific,High income,2008,-0.7374368,,23
Palau,PLW,East Asia & Pacific,High income,2009,-0.748607199999999,-1.515,23.9
Palau,PLW,East Asia & Pacific,High income,2010,-0.7481757,0.058,24.4
Palau,PLW,East Asia & Pacific,High income,2011,-0.469204199999999,37.287,35.6
Palau,PLW,East Asia & Pacific,High income,2012,-0.5026417,-7.126,36.1
Palau,PLW,East Asia & Pacific,High income,2013,-0.5075978,-0.986,34.7
Palau,PLW,East Asia & Pacific,High income,2014,-0.5186405,-2.175,35.6
Palau,PLW,East Asia & Pacific,High income,2015,0.3971071,176.567,68.6
Palau,PLW,East Asia & Pacific,High income,2016,0.399389,0.575,68.6
Palau,PLW,East Asia & Pacific,High income,2017,0.4018035,0.605,69.1
Palau,PLW,East Asia & Pacific,High income,2018,0.1940307,-51.71,63.7
Palau,PLW,East Asia & Pacific,High income,2019,0.4054877,108.981,69.1
Palau,PLW,East Asia & Pacific,High income,2020,0.400905,-1.13,69.6
Palau,PLW,East Asia & Pacific,High income,2021,0.3990617,-0.46,69.6
Palau,PLW,East Asia & Pacific,High income,2022,0.394149,-1.231,69.1
Palau,PLW,East Asia & Pacific,High income,2023,0.3946725,0.133,68.1
Panama,PAN,Latin America & Caribbean,High income,2002,0.4404317,,67
Panama,PAN,Latin America & Caribbean,High income,2003,0.2683754,-39.065,63.7
Panama,PAN,Latin America & Caribbean,High income,2004,0.2422318,-9.741,65.1
Panama,PAN,Latin America & Caribbean,High income,2005,0.3128875,29.169,62.2
Panama,PAN,Latin America & Caribbean,High income,2006,0.3177834,1.565,64
Panama,PAN,Latin America & Caribbean,High income,2007,0.4048484,27.398,66.2
Panama,PAN,Latin America & Caribbean,High income,2008,0.5432735,34.192,68
Panama,PAN,Latin America & Caribbean,High income,2009,0.417007,-23.242,65.7
Panama,PAN,Latin America & Caribbean,High income,2010,0.5004366,20.007,66.2
Panama,PAN,Latin America & Caribbean,High income,2011,0.5428985,8.485,68.8
Panama,PAN,Latin America & Caribbean,High income,2012,0.4723529,-12.994,66.8
Panama,PAN,Latin America & Caribbean,High income,2013,0.4205556,-10.966,66.3
Panama,PAN,Latin America & Caribbean,High income,2014,0.3858888,-8.243,70.3
Panama,PAN,Latin America & Caribbean,High income,2015,0.4212846,9.173,69.6
Panama,PAN,Latin America & Caribbean,High income,2016,0.4184474,-0.673,69.1
Panama,PAN,Latin America & Caribbean,High income,2017,0.3409116,-18.529,67.6
Panama,PAN,Latin America & Caribbean,High income,2018,0.3136844,-7.987,67.6
Panama,PAN,Latin America & Caribbean,High income,2019,0.3190176,1.7,66.2
Panama,PAN,Latin America & Caribbean,High income,2020,0.2697187,-15.453,65.2
Panama,PAN,Latin America & Caribbean,High income,2021,0.2114141,-21.617,63.2
Panama,PAN,Latin America & Caribbean,High income,2022,0.0393931,-81.367,56.9
Panama,PAN,Latin America & Caribbean,High income,2023,0.0230493,-41.489,54.4
Papua New Guinea,PNG,East Asia & Pacific,Lower middle income,2002,-0.795958899999999,,26.9
Papua New Guinea,PNG,East Asia & Pacific,Lower middle income,2003,-0.8827398,-10.903,23.1
Papua New Guinea,PNG,East Asia & Pacific,Lower middle income,2004,-0.712215199999999,19.318,26.7
Papua New Guinea,PNG,East Asia & Pacific,Lower middle income,2005,-0.8534659,-19.833,20.4
Papua New Guinea,PNG,East Asia & Pacific,Lower middle income,2006,-0.502418399999999,41.132,33.5
Papua New Guinea,PNG,East Asia & Pacific,Lower middle income,2007,-0.3703479,26.287,41.9
Papua New Guinea,PNG,East Asia & Pacific,Lower middle income,2008,-0.4476401,-20.87,36
Papua New Guinea,PNG,East Asia & Pacific,Lower middle income,2009,-0.440112499999999,1.682,35.8
Papua New Guinea,PNG,East Asia & Pacific,Lower middle income,2010,-0.4333699,1.532,35.8
Papua New Guinea,PNG,East Asia & Pacific,Lower middle income,2011,-0.428070599999999,1.223,39.1
Papua New Guinea,PNG,East Asia & Pacific,Lower middle income,2012,-0.5009861,-17.034,36.6
Papua New Guinea,PNG,East Asia & Pacific,Lower middle income,2013,-0.4653449,7.114,37.1
Papua New Guinea,PNG,East Asia & Pacific,Lower middle income,2014,-0.2587839,44.389,46.5
Papua New Guinea,PNG,East Asia & Pacific,Lower middle income,2015,-0.3927754,-51.777,37.7
Papua New Guinea,PNG,East Asia & Pacific,Lower middle income,2016,-0.4591785,-16.906,32.8
Papua New Guinea,PNG,East Asia & Pacific,Lower middle income,2017,-0.5227809,-13.851,31.9
Papua New Guinea,PNG,East Asia & Pacific,Lower middle income,2018,-0.4670821,10.654,33.8
Papua New Guinea,PNG,East Asia & Pacific,Lower middle income,2019,-0.5079956,-8.759,33.8
Papua New Guinea,PNG,East Asia & Pacific,Lower middle income,2020,-0.5871307,-15.578,32.4
Papua New Guinea,PNG,East Asia & Pacific,Lower middle income,2021,-0.751495399999999,-27.995,24.5
Papua New Guinea,PNG,East Asia & Pacific,Lower middle income,2022,-0.7469684,0.602,25.5
Papua New Guinea,PNG,East Asia & Pacific,Lower middle income,2023,-0.710919,4.826,27
Paraguay,PRY,Latin America & Caribbean,Upper middle income,2002,-0.728997999999999,,30.2
Paraguay,PRY,Latin America & Caribbean,Upper middle income,2003,-0.7433537,-1.969,27.5
Paraguay,PRY,Latin America & Caribbean,Upper middle income,2004,-0.749084299999999,-0.771,24.1
Paraguay,PRY,Latin America & Caribbean,Upper middle income,2005,-0.759452199999999,-1.384,22.4
Paraguay,PRY,Latin America & Caribbean,Upper middle income,2006,-0.653274999999999,13.981,23.9
Paraguay,PRY,Latin America & Caribbean,Upper middle income,2007,-0.5705538,12.663,26.8
Paraguay,PRY,Latin America & Caribbean,Upper middle income,2008,-0.5102337,10.572,32
Paraguay,PRY,Latin America & Caribbean,Upper middle income,2009,-0.5287986,-3.639,30.8
Paraguay,PRY,Latin America & Caribbean,Upper middle income,2010,-0.5035793,4.769,33.3
Paraguay,PRY,Latin America & Caribbean,Upper middle income,2011,-0.4404632,12.533,38.1
Paraguay,PRY,Latin America & Caribbean,Upper middle income,2012,-0.4410038,-0.123,39.6
Paraguay,PRY,Latin America & Caribbean,Upper middle income,2013,-0.4312854,2.204,39.6
Paraguay,PRY,Latin America & Caribbean,Upper middle income,2014,-0.2947838,31.65,43.6
Paraguay,PRY,Latin America & Caribbean,Upper middle income,2015,-0.185690599999999,37.008,47.5
Paraguay,PRY,Latin America & Caribbean,Upper middle income,2016,-0.1553139,16.359,48
Paraguay,PRY,Latin America & Caribbean,Upper middle income,2017,-0.1580121,-1.737,45.6
Paraguay,PRY,Latin America & Caribbean,Upper middle income,2018,-0.1217096,22.975,49.5
Paraguay,PRY,Latin America & Caribbean,Upper middle income,2019,-0.1606718,-32.012,45.1
Paraguay,PRY,Latin America & Caribbean,Upper middle income,2020,-0.172904,-7.613,44.1
Paraguay,PRY,Latin America & Caribbean,Upper middle income,2021,-0.1860035,-7.576,46.1
Paraguay,PRY,Latin America & Caribbean,Upper middle income,2022,-0.2027128,-8.983,46.1
Paraguay,PRY,Latin America & Caribbean,Upper middle income,2023,-0.1971096,2.764,46.6
Peru,PER,Latin America & Caribbean,Upper middle income,2002,-0.1589446,,52.2
Peru,PER,Latin America & Caribbean,Upper middle income,2003,-0.0742275999999999,53.3,53.8
Peru,PER,Latin America & Caribbean,Upper middle income,2004,0.0691972,193.223,60
Peru,PER,Latin America & Caribbean,Upper middle income,2005,0.0032096,-95.362,55.6
Peru,PER,Latin America & Caribbean,Upper middle income,2006,0.1525912,4654.212,57.4
Peru,PER,Latin America & Caribbean,Upper middle income,2007,0.2283845,49.671,60.1
Peru,PER,Latin America & Caribbean,Upper middle income,2008,0.2285396,0.068,58.5
Peru,PER,Latin America & Caribbean,Upper middle income,2009,0.2839239,24.234,60.7
Peru,PER,Latin America & Caribbean,Upper middle income,2010,0.3099239,9.157,60.7
Peru,PER,Latin America & Caribbean,Upper middle income,2011,0.3419375,10.33,63.4
Peru,PER,Latin America & Caribbean,Upper middle income,2012,0.2530528,-25.994,63.4
Peru,PER,Latin America & Caribbean,Upper middle income,2013,0.2335481,-7.708,61.4
Peru,PER,Latin America & Caribbean,Upper middle income,2014,0.2603805,11.489,65.8
Peru,PER,Latin America & Caribbean,Upper middle income,2015,0.3176036,21.977,67.6
Peru,PER,Latin America & Caribbean,Upper middle income,2016,0.3221782,1.44,68.1
Peru,PER,Latin America & Caribbean,Upper middle income,2017,0.2708614,-15.928,66.2
Peru,PER,Latin America & Caribbean,Upper middle income,2018,0.2978144,9.951,67.2
Peru,PER,Latin America & Caribbean,Upper middle income,2019,0.3449805,15.837,66.7
Peru,PER,Latin America & Caribbean,Upper middle income,2020,0.2250935,-34.752,64.2
Peru,PER,Latin America & Caribbean,Upper middle income,2021,0.0848324999999999,-62.312,57.8
Peru,PER,Latin America & Caribbean,Upper middle income,2022,0.0716412999999999,-15.55,57.4
Peru,PER,Latin America & Caribbean,Upper middle income,2023,0.1292945,80.475,60.3
Philippines,PHL,East Asia & Pacific,Upper middle income,2002,-0.1674842,,50
Philippines,PHL,East Asia & Pacific,Upper middle income,2003,-0.1020846,39.048,52.7
Philippines,PHL,East Asia & Pacific,Upper middle income,2004,-0.0696963999999999,31.727,55.9
Philippines,PHL,East Asia & Pacific,Upper middle income,2005,0.1743161,350.108,60.7
Philippines,PHL,East Asia & Pacific,Upper middle income,2006,0.157936,-9.397,58.4
Philippines,PHL,East Asia & Pacific,Upper middle income,2007,0.158648,0.451,59.1
Philippines,PHL,East Asia & Pacific,Upper middle income,2008,0.075357,-52.501,56
Philippines,PHL,East Asia & Pacific,Upper middle income,2009,0.0167422,-77.783,53.7
Philippines,PHL,East Asia & Pacific,Upper middle income,2010,-0.0305694,-282.589,52.7
Philippines,PHL,East Asia & Pacific,Upper middle income,2011,0.0117513,138.441,55.9
Philippines,PHL,East Asia & Pacific,Upper middle income,2012,0.1322559,1025.458,56.9
Philippines,PHL,East Asia & Pacific,Upper middle income,2013,0.0316296,-76.085,55.4
Philippines,PHL,East Asia & Pacific,Upper middle income,2014,0.0596485,88.584,56.9
Philippines,PHL,East Asia & Pacific,Upper middle income,2015,0.0878094,47.211,55.9
Philippines,PHL,East Asia & Pacific,Upper middle income,2016,0.1261455,43.658,57.4
Philippines,PHL,East Asia & Pacific,Upper middle income,2017,0.1368136,8.457,60.3
Philippines,PHL,East Asia & Pacific,Upper middle income,2018,-0.0051077,-103.733,53.9
Philippines,PHL,East Asia & Pacific,Upper middle income,2019,0.0586419,1248.108,55.9
Philippines,PHL,East Asia & Pacific,Upper middle income,2020,0.0141421,-75.884,55.4
Philippines,PHL,East Asia & Pacific,Upper middle income,2021,0.0148496,5.003,55.9
Philippines,PHL,East Asia & Pacific,Upper middle income,2022,0.00480089999999999,-67.67,55.9
Philippines,PHL,East Asia & Pacific,Upper middle income,2023,0.0633741,1220.046,56.9
Poland,POL,Europe & Central Asia,High income,2002,0.636497,,70.3
Poland,POL,Europe & Central Asia,High income,2003,0.7142139,12.21,70.9
Poland,POL,Europe & Central Asia,High income,2004,0.6420823,-10.099,73.3
Poland,POL,Europe & Central Asia,High income,2005,0.7800228,21.483,74
Poland,POL,Europe & Central Asia,High income,2006,0.6906126,-11.463,72.6
Poland,POL,Europe & Central Asia,High income,2007,0.7734317,11.992,74.7
Poland,POL,Europe & Central Asia,High income,2008,0.7867103,1.717,74.5
Poland,POL,Europe & Central Asia,High income,2009,0.8694733,10.52,77.1
Poland,POL,Europe & Central Asia,High income,2010,0.9204541,5.863,78.1
Poland,POL,Europe & Central Asia,High income,2011,0.8434692,-8.364,76.7
Poland,POL,Europe & Central Asia,High income,2012,0.8536768,1.21,77.2
Poland,POL,Europe & Central Asia,High income,2013,0.902271,5.692,78.7
Poland,POL,Europe & Central Asia,High income,2014,0.8657653,-4.046,80.2
Poland,POL,Europe & Central Asia,High income,2015,0.8123641,-6.168,78.9
Poland,POL,Europe & Central Asia,High income,2016,0.811158,-0.148,77
Poland,POL,Europe & Central Asia,High income,2017,0.7219296,-11,76
Poland,POL,Europe & Central Asia,High income,2018,0.7623048,5.593,77
Poland,POL,Europe & Central Asia,High income,2019,0.8277446,8.584,77.9
Poland,POL,Europe & Central Asia,High income,2020,0.6854992,-17.185,75.5
Poland,POL,Europe & Central Asia,High income,2021,0.6736094,-1.734,74
Poland,POL,Europe & Central Asia,High income,2022,0.6870197,1.991,75
Poland,POL,Europe & Central Asia,High income,2023,0.7253164,5.574,77
Portugal,PRT,Europe & Central Asia,High income,2002,1.2790921,,85.2
Portugal,PRT,Europe & Central Asia,High income,2003,1.2183508,-4.749,83
Portugal,PRT,Europe & Central Asia,High income,2004,1.1580703,-4.948,85.6
Portugal,PRT,Europe & Central Asia,High income,2005,1.2535744,8.247,84.2
Portugal,PRT,Europe & Central Asia,High income,2006,1.0892238,-13.111,79.7
Portugal,PRT,Europe & Central Asia,High income,2007,1.1711639,7.523,83.3
Portugal,PRT,Europe & Central Asia,High income,2008,1.1807886,0.822,84.5
Portugal,PRT,Europe & Central Asia,High income,2009,1.1725096,-0.701,84.6
Portugal,PRT,Europe & Central Asia,High income,2010,0.9446209,-19.436,80.6
Portugal,PRT,Europe & Central Asia,High income,2011,0.7471259,-20.907,74.8
Portugal,PRT,Europe & Central Asia,High income,2012,0.7084467,-5.177,74.3
Portugal,PRT,Europe & Central Asia,High income,2013,0.7338698,3.589,73.8
Portugal,PRT,Europe & Central Asia,High income,2014,0.5980541,-18.507,74.3
Portugal,PRT,Europe & Central Asia,High income,2015,0.8500702,42.139,79.4
Portugal,PRT,Europe & Central Asia,High income,2016,0.8398464,-1.203,77.9
Portugal,PRT,Europe & Central Asia,High income,2017,0.924473,10.076,79.9
Portugal,PRT,Europe & Central Asia,High income,2018,0.9348161,1.119,80.9
Portugal,PRT,Europe & Central Asia,High income,2019,0.9999205,6.964,82.8
Portugal,PRT,Europe & Central Asia,High income,2020,0.8031995,-19.674,77
Portugal,PRT,Europe & Central Asia,High income,2021,0.7505542,-6.554,76.5
Portugal,PRT,Europe & Central Asia,High income,2022,0.8086012,7.734,78.4
Portugal,PRT,Europe & Central Asia,High income,2023,0.7804495,-3.482,78.4
Puerto Rico (US),PRI,Latin America & Caribbean,High income,2002,1.1139734,,81.9
Puerto Rico (US),PRI,Latin America & Caribbean,High income,2003,1.1140555,0.007,79.7
Puerto Rico (US),PRI,Latin America & Caribbean,High income,2004,0.6428533,-42.296,73.8
Puerto Rico (US),PRI,Latin America & Caribbean,High income,2005,1.1126306,73.077,79.1
Puerto Rico (US),PRI,Latin America & Caribbean,High income,2006,1.1088431,-0.34,80.2
Puerto Rico (US),PRI,Latin America & Caribbean,High income,2007,1.0181389,-8.18,78.8
Puerto Rico (US),PRI,Latin America & Caribbean,High income,2008,1.0134546,-0.46,79.5
Puerto Rico (US),PRI,Latin America & Caribbean,High income,2009,0.9378809,-7.457,78.6
Puerto Rico (US),PRI,Latin America & Caribbean,High income,2010,0.9228597,-1.602,78.6
Puerto Rico (US),PRI,Latin America & Caribbean,High income,2011,0.9234158,0.06,79.7
Puerto Rico (US),PRI,Latin America & Caribbean,High income,2012,1.1179384,21.066,84.7
Puerto Rico (US),PRI,Latin America & Caribbean,High income,2013,1.0084959,-9.79,82.2
Puerto Rico (US),PRI,Latin America & Caribbean,High income,2014,0.9312895,-7.656,81.7
Puerto Rico (US),PRI,Latin America & Caribbean,High income,2015,1.0211949,9.654,84.3
Puerto Rico (US),PRI,Latin America & Caribbean,High income,2016,1.0222101,0.099,83.3
Puerto Rico (US),PRI,Latin America & Caribbean,High income,2017,0.9672113,-5.38,81.4
Puerto Rico (US),PRI,Latin America & Caribbean,High income,2018,0.8747767,-9.557,79.9
Puerto Rico (US),PRI,Latin America & Caribbean,High income,2019,0.7830977,-10.48,76
Puerto Rico (US),PRI,Latin America & Caribbean,High income,2020,0.7810589,-0.26,76.5
Puerto Rico (US),PRI,Latin America & Caribbean,High income,2021,0.7802388,-0.105,77
Puerto Rico (US),PRI,Latin America & Caribbean,High income,2022,0.7775664,-0.343,77.9
Puerto Rico (US),PRI,Latin America & Caribbean,High income,2023,0.6204573,-20.205,74.5
Qatar,QAT,"Middle East, North Africa, Afghanistan & Pakistan",High income,2002,0.2244282,,62.6
Qatar,QAT,"Middle East, North Africa, Afghanistan & Pakistan",High income,2003,0.2244525,0.011,62.1
Qatar,QAT,"Middle East, North Africa, Afghanistan & Pakistan",High income,2004,0.1337505,-40.41,62.1
Qatar,QAT,"Middle East, North Africa, Afghanistan & Pakistan",High income,2005,0.1714164,28.161,60.2
Qatar,QAT,"Middle East, North Africa, Afghanistan & Pakistan",High income,2006,0.3030822,76.811,63.5
Qatar,QAT,"Middle East, North Africa, Afghanistan & Pakistan",High income,2007,0.4319444,42.517,67.2
Qatar,QAT,"Middle East, North Africa, Afghanistan & Pakistan",High income,2008,0.7048315,63.176,72
Qatar,QAT,"Middle East, North Africa, Afghanistan & Pakistan",High income,2009,0.8928752,26.679,77.6
Qatar,QAT,"Middle East, North Africa, Afghanistan & Pakistan",High income,2010,0.8609387,-3.577,77.1
Qatar,QAT,"Middle East, North Africa, Afghanistan & Pakistan",High income,2011,0.8503316,-1.232,77.2
Qatar,QAT,"Middle East, North Africa, Afghanistan & Pakistan",High income,2012,0.9514299,11.889,80.7
Qatar,QAT,"Middle East, North Africa, Afghanistan & Pakistan",High income,2013,0.9455132,-0.622,79.7
Qatar,QAT,"Middle East, North Africa, Afghanistan & Pakistan",High income,2014,0.7014796,-25.81,76.7
Qatar,QAT,"Middle East, North Africa, Afghanistan & Pakistan",High income,2015,0.7674283,9.401,77.5
Qatar,QAT,"Middle East, North Africa, Afghanistan & Pakistan",High income,2016,0.7654833,-0.253,76
Qatar,QAT,"Middle East, North Africa, Afghanistan & Pakistan",High income,2017,0.560855,-26.732,73.5
Qatar,QAT,"Middle East, North Africa, Afghanistan & Pakistan",High income,2018,0.6770845,20.724,75.5
Qatar,QAT,"Middle East, North Africa, Afghanistan & Pakistan",High income,2019,0.7893471,16.58,76.5
Qatar,QAT,"Middle East, North Africa, Afghanistan & Pakistan",High income,2020,0.8435123,6.862,79.4
Qatar,QAT,"Middle East, North Africa, Afghanistan & Pakistan",High income,2021,0.8424347,-0.128,78.4
Qatar,QAT,"Middle East, North Africa, Afghanistan & Pakistan",High income,2022,0.8839637,4.93,81.9
Qatar,QAT,"Middle East, North Africa, Afghanistan & Pakistan",High income,2023,0.9412093,6.476,81.9
Romania,ROU,Europe & Central Asia,High income,2002,-0.1488103,,52.7
Romania,ROU,Europe & Central Asia,High income,2003,-0.1683709,-13.145,51.6
Romania,ROU,Europe & Central Asia,High income,2004,-0.115300099999999,31.52,53.8
Romania,ROU,Europe & Central Asia,High income,2005,-0.00977269999999999,91.524,55.1
Romania,ROU,Europe & Central Asia,High income,2006,0.3232718,3407.907,65
Romania,ROU,Europe & Central Asia,High income,2007,0.393314,21.667,65.2
Romania,ROU,Europe & Central Asia,High income,2008,0.398715,1.373,65.5
Romania,ROU,Europe & Central Asia,High income,2009,0.3389556,-14.988,61.7
Romania,ROU,Europe & Central Asia,High income,2010,0.4222283,24.567,63.7
Romania,ROU,Europe & Central Asia,High income,2011,0.3748876,-11.212,64.4
Romania,ROU,Europe & Central Asia,High income,2012,0.3076837,-17.926,64.4
Romania,ROU,Europe & Central Asia,High income,2013,0.3895279,26.6,65.3
Romania,ROU,Europe & Central Asia,High income,2014,0.3877013,-0.469,70.8
Romania,ROU,Europe & Central Asia,High income,2015,0.4527497,16.778,70.1
Romania,ROU,Europe & Central Asia,High income,2016,0.4475166,-1.156,69.6
Romania,ROU,Europe & Central Asia,High income,2017,0.4191612,-6.336,69.6
Romania,ROU,Europe & Central Asia,High income,2018,0.3852803,-8.083,68.1
Romania,ROU,Europe & Central Asia,High income,2019,0.3572005,-7.288,67.6
Romania,ROU,Europe & Central Asia,High income,2020,0.3027167,-15.253,66.7
Romania,ROU,Europe & Central Asia,High income,2021,0.3145916,3.923,65.7
Romania,ROU,Europe & Central Asia,High income,2022,0.3937269,25.155,68.6
Romania,ROU,Europe & Central Asia,High income,2023,0.34486,-12.411,66.2
Russian Federation,RUS,Europe & Central Asia,High income,2002,-0.370502999999999,,41.2
Russian Federation,RUS,Europe & Central Asia,High income,2003,-0.3141585,15.208,44
Russian Federation,RUS,Europe & Central Asia,High income,2004,-0.153804599999999,51.042,52.3
Russian Federation,RUS,Europe & Central Asia,High income,2005,-0.2338844,-52.066,49.5
Russian Federation,RUS,Europe & Central Asia,High income,2006,-0.314386799999999,-34.42,45.7
Russian Federation,RUS,Europe & Central Asia,High income,2007,-0.1586062,49.551,50
Russian Federation,RUS,Europe & Central Asia,High income,2008,-0.2972532,-87.416,44.5
Russian Federation,RUS,Europe & Central Asia,High income,2009,-0.3406416,-14.596,43.3
Russian Federation,RUS,Europe & Central Asia,High income,2010,-0.3620188,-6.276,40.8
Russian Federation,RUS,Europe & Central Asia,High income,2011,-0.381015899999999,-5.248,42.1
Russian Federation,RUS,Europe & Central Asia,High income,2012,-0.4318993,-13.355,40.1
Russian Federation,RUS,Europe & Central Asia,High income,2013,-0.405733599999999,6.058,40.6
Russian Federation,RUS,Europe & Central Asia,High income,2014,-0.450162599999999,-10.95,37.1
Russian Federation,RUS,Europe & Central Asia,High income,2015,-0.5155363,-14.522,33.3
Russian Federation,RUS,Europe & Central Asia,High income,2016,-0.4243033,17.697,35.8
Russian Federation,RUS,Europe & Central Asia,High income,2017,-0.3965476,6.541,36.3
Russian Federation,RUS,Europe & Central Asia,High income,2018,-0.357656,9.808,38.2
Russian Federation,RUS,Europe & Central Asia,High income,2019,-0.3542324,0.957,39.7
Russian Federation,RUS,Europe & Central Asia,High income,2020,-0.4450265,-25.631,37.7
Russian Federation,RUS,Europe & Central Asia,High income,2021,-0.3720054,16.408,40.2
Russian Federation,RUS,Europe & Central Asia,High income,2022,-0.8919419,-139.766,18.1
Russian Federation,RUS,Europe & Central Asia,High income,2023,-0.888925299999999,0.338,17.2
Rwanda,RWA,Sub-Saharan Africa,Low income,2002,-0.875559299999999,,23.6
Rwanda,RWA,Sub-Saharan Africa,Low income,2003,-0.8033349,8.249,25.3
Rwanda,RWA,Sub-Saharan Africa,Low income,2004,-0.736167399999999,8.361,25.1
Rwanda,RWA,Sub-Saharan Africa,Low income,2005,-0.7590182,-3.104,23
Rwanda,RWA,Sub-Saharan Africa,Low income,2006,-0.562473,25.895,27.9
Rwanda,RWA,Sub-Saharan Africa,Low income,2007,-0.592604399999999,-5.357,25.8
Rwanda,RWA,Sub-Saharan Africa,Low income,2008,-0.4219929,28.79,39
Rwanda,RWA,Sub-Saharan Africa,Low income,2009,-0.397351,5.839,39.3
Rwanda,RWA,Sub-Saharan Africa,Low income,2010,-0.2827636,28.838,44.3
Rwanda,RWA,Sub-Saharan Africa,Low income,2011,-0.1855541,34.378,50.5
Rwanda,RWA,Sub-Saharan Africa,Low income,2012,-0.1555961,16.145,52
Rwanda,RWA,Sub-Saharan Africa,Low income,2013,-0.0719828,53.737,52.5
Rwanda,RWA,Sub-Saharan Africa,Low income,2014,0.1192636,265.683,58.9
Rwanda,RWA,Sub-Saharan Africa,Low income,2015,0.1710906,43.456,59.3
Rwanda,RWA,Sub-Saharan Africa,Low income,2016,0.1543532,-9.783,59.8
Rwanda,RWA,Sub-Saharan Africa,Low income,2017,0.1740956,12.79,62.7
Rwanda,RWA,Sub-Saharan Africa,Low income,2018,0.1225588,-29.603,61.3
Rwanda,RWA,Sub-Saharan Africa,Low income,2019,0.109464,-10.685,58.3
Rwanda,RWA,Sub-Saharan Africa,Low income,2020,0.1214715,10.969,59.3
Rwanda,RWA,Sub-Saharan Africa,Low income,2021,0.1620438,33.401,60.3
Rwanda,RWA,Sub-Saharan Africa,Low income,2022,0.1548275,-4.453,61.3
Rwanda,RWA,Sub-Saharan Africa,Low income,2023,0.225197,45.45,63.7
Samoa,WSM,East Asia & Pacific,Upper middle income,2002,0.1503837,,61.5
Samoa,WSM,East Asia & Pacific,Upper middle income,2003,0.150443,0.039,58.8
Samoa,WSM,East Asia & Pacific,Upper middle income,2004,-0.067075,-144.585,56.4
Samoa,WSM,East Asia & Pacific,Upper middle income,2005,0.2383088,455.287,61.7
Samoa,WSM,East Asia & Pacific,Upper middle income,2006,0.0642858999999999,-73.024,54.8
Samoa,WSM,East Asia & Pacific,Upper middle income,2007,0.067235,4.587,56.1
Samoa,WSM,East Asia & Pacific,Upper middle income,2008,-0.144098,-314.32,51
Samoa,WSM,East Asia & Pacific,Upper middle income,2009,-0.02129,85.225,52.2
Samoa,WSM,East Asia & Pacific,Upper middle income,2010,-0.0255692,-20.1,53.2
Samoa,WSM,East Asia & Pacific,Upper middle income,2011,-0.0962847999999999,-276.566,52
Samoa,WSM,East Asia & Pacific,Upper middle income,2012,-0.100189099999999,-4.055,52.5
Samoa,WSM,East Asia & Pacific,Upper middle income,2013,0.004667,104.658,54.5
Samoa,WSM,East Asia & Pacific,Upper middle income,2014,-0.0360375,-872.177,53.5
Samoa,WSM,East Asia & Pacific,Upper middle income,2015,0.0464779,228.971,53.9
Samoa,WSM,East Asia & Pacific,Upper middle income,2016,0.0804622,73.119,56.4
Samoa,WSM,East Asia & Pacific,Upper middle income,2017,0.081508,1.3,55.9
Samoa,WSM,East Asia & Pacific,Upper middle income,2018,0.0819379,0.527,58.8
Samoa,WSM,East Asia & Pacific,Upper middle income,2019,0.00377929999999999,-95.388,54.9
Samoa,WSM,East Asia & Pacific,Upper middle income,2020,-0.07753,-2151.438,52
Samoa,WSM,East Asia & Pacific,Upper middle income,2021,-0.168748899999999,-117.656,47.1
Samoa,WSM,East Asia & Pacific,Upper middle income,2022,-0.195063899999999,-15.594,47.1
Samoa,WSM,East Asia & Pacific,Upper middle income,2023,-0.169743199999999,12.981,48
San Marino,SMR,Europe & Central Asia,High income,2015,0.866755,,79.9
San Marino,SMR,Europe & Central Asia,High income,2016,0.8693433,0.299,78.4
San Marino,SMR,Europe & Central Asia,High income,2017,0.8720819,0.315,77.9
San Marino,SMR,Europe & Central Asia,High income,2018,0.8732079,0.129,78.4
San Marino,SMR,Europe & Central Asia,High income,2019,0.8762608,0.35,78.4
San Marino,SMR,Europe & Central Asia,High income,2020,0.8710628,-0.593,79.9
San Marino,SMR,Europe & Central Asia,High income,2021,0.868972,-0.24,80.4
San Marino,SMR,Europe & Central Asia,High income,2022,0.8633998,-0.641,79.9
San Marino,SMR,Europe & Central Asia,High income,2023,0.8639935,0.069,80.9
Sao Tome and Principe,STP,Sub-Saharan Africa,Lower middle income,2002,-0.306794499999999,,44
Sao Tome and Principe,STP,Sub-Saharan Africa,Lower middle income,2003,-0.4843085,-57.861,38.5
Sao Tome and Principe,STP,Sub-Saharan Africa,Lower middle income,2004,-0.9648983,-99.232,19.5
Sao Tome and Principe,STP,Sub-Saharan Africa,Lower middle income,2005,-0.7909816,18.024,21.9
Sao Tome and Principe,STP,Sub-Saharan Africa,Lower middle income,2006,-0.737201999999999,6.799,21.8
Sao Tome and Principe,STP,Sub-Saharan Africa,Lower middle income,2007,-0.7857692,-6.588,20.7
Sao Tome and Principe,STP,Sub-Saharan Africa,Lower middle income,2008,-0.754242299999999,4.012,22
Sao Tome and Principe,STP,Sub-Saharan Africa,Lower middle income,2009,-0.7767238,-2.981,22.4
Sao Tome and Principe,STP,Sub-Saharan Africa,Lower middle income,2010,-0.793528599999999,-2.164,22.4
Sao Tome and Principe,STP,Sub-Saharan Africa,Lower middle income,2011,-0.7089091,10.664,27.2
Sao Tome and Principe,STP,Sub-Saharan Africa,Lower middle income,2012,-0.7369156,-3.951,27.2
Sao Tome and Principe,STP,Sub-Saharan Africa,Lower middle income,2013,-0.8527615,-15.72,21.8
Sao Tome and Principe,STP,Sub-Saharan Africa,Lower middle income,2014,-0.7964507,6.603,22.8
Sao Tome and Principe,STP,Sub-Saharan Africa,Lower middle income,2015,-0.7509954,5.707,22.5
Sao Tome and Principe,STP,Sub-Saharan Africa,Lower middle income,2016,-0.730661999999999,2.708,22.5
Sao Tome and Principe,STP,Sub-Saharan Africa,Lower middle income,2017,-0.7689334,-5.238,21.1
Sao Tome and Principe,STP,Sub-Saharan Africa,Lower middle income,2018,-0.8284372,-7.738,17.2
Sao Tome and Principe,STP,Sub-Saharan Africa,Lower middle income,2019,-0.8537092,-3.051,16.2
Sao Tome and Principe,STP,Sub-Saharan Africa,Lower middle income,2020,-0.8307876,2.685,19.6
Sao Tome and Principe,STP,Sub-Saharan Africa,Lower middle income,2021,-0.8221936,1.034,20.1
Sao Tome and Principe,STP,Sub-Saharan Africa,Lower middle income,2022,-0.818472,0.453,21.1
Sao Tome and Principe,STP,Sub-Saharan Africa,Lower middle income,2023,-0.881126099999999,-7.655,18.1
Saudi Arabia,SAU,"Middle East, North Africa, Afghanistan & Pakistan",High income,2002,-0.245620999999999,,46.7
Saudi Arabia,SAU,"Middle East, North Africa, Afghanistan & Pakistan",High income,2003,-0.1704605,30.6,51.1
Saudi Arabia,SAU,"Middle East, North Africa, Afghanistan & Pakistan",High income,2004,-0.0935170999999999,45.139,54.4
Saudi Arabia,SAU,"Middle East, North Africa, Afghanistan & Pakistan",High income,2005,-0.0157996,83.105,54.6
Saudi Arabia,SAU,"Middle East, North Africa, Afghanistan & Pakistan",High income,2006,-0.0911401,-476.851,53.3
Saudi Arabia,SAU,"Middle East, North Africa, Afghanistan & Pakistan",High income,2007,0.0553877,160.772,55.6
Saudi Arabia,SAU,"Middle East, North Africa, Afghanistan & Pakistan",High income,2008,0.2717268,390.591,60
Saudi Arabia,SAU,"Middle East, North Africa, Afghanistan & Pakistan",High income,2009,0.263414,-3.059,60.2
Saudi Arabia,SAU,"Middle East, North Africa, Afghanistan & Pakistan",High income,2010,0.3480315,32.123,62.2
Saudi Arabia,SAU,"Middle East, North Africa, Afghanistan & Pakistan",High income,2011,0.3943428,13.307,65.3
Saudi Arabia,SAU,"Middle East, North Africa, Afghanistan & Pakistan",High income,2012,0.2391932,-39.344,62.9
Saudi Arabia,SAU,"Middle East, North Africa, Afghanistan & Pakistan",High income,2013,0.2721716,13.787,62.9
Saudi Arabia,SAU,"Middle East, North Africa, Afghanistan & Pakistan",High income,2014,0.1946553,-28.481,63.9
Saudi Arabia,SAU,"Middle East, North Africa, Afghanistan & Pakistan",High income,2015,0.2373094,21.913,64.2
Saudi Arabia,SAU,"Middle East, North Africa, Afghanistan & Pakistan",High income,2016,0.1880057,-20.776,62.3
Saudi Arabia,SAU,"Middle East, North Africa, Afghanistan & Pakistan",High income,2017,0.1004204,-46.587,57.8
Saudi Arabia,SAU,"Middle East, North Africa, Afghanistan & Pakistan",High income,2018,0.0805221,-19.815,58.3
Saudi Arabia,SAU,"Middle East, North Africa, Afghanistan & Pakistan",High income,2019,0.1793192,122.696,62.7
Saudi Arabia,SAU,"Middle East, North Africa, Afghanistan & Pakistan",High income,2020,0.1732095,-3.407,61.8
Saudi Arabia,SAU,"Middle East, North Africa, Afghanistan & Pakistan",High income,2021,0.3876301,123.793,67.6
Saudi Arabia,SAU,"Middle East, North Africa, Afghanistan & Pakistan",High income,2022,0.554186,42.968,72.5
Saudi Arabia,SAU,"Middle East, North Africa, Afghanistan & Pakistan",High income,2023,0.6101083,10.091,74
Senegal,SEN,Sub-Saharan Africa,Lower middle income,2002,-0.0990321,,53.8
Senegal,SEN,Sub-Saharan Africa,Lower middle income,2003,-0.2573671,-159.883,47.3
Senegal,SEN,Sub-Saharan Africa,Lower middle income,2004,-0.384681599999999,-49.468,45.1
Senegal,SEN,Sub-Saharan Africa,Lower middle income,2005,-0.3173221,17.51,46.4
Senegal,SEN,Sub-Saharan Africa,Lower middle income,2006,-0.4059009,-27.914,40.6
Senegal,SEN,Sub-Saharan Africa,Lower middle income,2007,-0.4223972,-4.064,38.4
Senegal,SEN,Sub-Saharan Africa,Lower middle income,2008,-0.3152857,25.358,44
Senegal,SEN,Sub-Saharan Africa,Lower middle income,2009,-0.364481,-15.603,41.8
Senegal,SEN,Sub-Saharan Africa,Lower middle income,2010,-0.3780439,-3.721,39.8
Senegal,SEN,Sub-Saharan Africa,Lower middle income,2011,-0.326021499999999,13.761,43.6
Senegal,SEN,Sub-Saharan Africa,Lower middle income,2012,-0.246143,24.501,49
Senegal,SEN,Sub-Saharan Africa,Lower middle income,2013,-0.2291162,6.917,49
Senegal,SEN,Sub-Saharan Africa,Lower middle income,2014,-0.2657641,-15.995,45
Senegal,SEN,Sub-Saharan Africa,Lower middle income,2015,-0.1568485,40.982,48.5
Senegal,SEN,Sub-Saharan Africa,Lower middle income,2016,-0.1640727,-4.606,47.5
Senegal,SEN,Sub-Saharan Africa,Lower middle income,2017,-0.187129699999999,-14.053,43.6
Senegal,SEN,Sub-Saharan Africa,Lower middle income,2018,-0.2225558,-18.931,43.6
Senegal,SEN,Sub-Saharan Africa,Lower middle income,2019,-0.2066424,7.15,43.6
Senegal,SEN,Sub-Saharan Africa,Lower middle income,2020,-0.2418203,-17.024,43.1
Senegal,SEN,Sub-Saharan Africa,Lower middle income,2021,-0.2406738,0.474,44.1
Senegal,SEN,Sub-Saharan Africa,Lower middle income,2022,-0.251317299999999,-4.422,44.6
Senegal,SEN,Sub-Saharan Africa,Lower middle income,2023,-0.2661232,-5.891,44.1
Serbia,SRB,Europe & Central Asia,Upper middle income,2002,-0.915482199999999,,22
Serbia,SRB,Europe & Central Asia,Upper middle income,2003,-0.917880399999999,-0.262,22
Serbia,SRB,Europe & Central Asia,Upper middle income,2004,-0.6598565,28.111,28.7
Serbia,SRB,Europe & Central Asia,Upper middle income,2005,-0.717118199999999,-8.678,24
Serbia,SRB,Europe & Central Asia,Upper middle income,2006,-0.5817702,18.874,26.4
Serbia,SRB,Europe & Central Asia,Upper middle income,2007,-0.420551299999999,27.712,38.9
Serbia,SRB,Europe & Central Asia,Upper middle income,2008,-0.4003176,4.811,40
Serbia,SRB,Europe & Central Asia,Upper middle income,2009,-0.3494237,12.713,42.8
Serbia,SRB,Europe & Central Asia,Upper middle income,2010,-0.2818969,19.325,44.8
Serbia,SRB,Europe & Central Asia,Upper middle income,2011,-0.2779936,1.385,46.5
Serbia,SRB,Europe & Central Asia,Upper middle income,2012,-0.276922499999999,0.385,47
Serbia,SRB,Europe & Central Asia,Upper middle income,2013,-0.248264699999999,10.349,48
Serbia,SRB,Europe & Central Asia,Upper middle income,2014,0.0017785,100.716,54.5
Serbia,SRB,Europe & Central Asia,Upper middle income,2015,0.0774729,4256.081,55.4
Serbia,SRB,Europe & Central Asia,Upper middle income,2016,-0.0089099,-111.501,53.4
Serbia,SRB,Europe & Central Asia,Upper middle income,2017,0.0175701,297.197,54.9
Serbia,SRB,Europe & Central Asia,Upper middle income,2018,0.0896661,410.333,59.8
Serbia,SRB,Europe & Central Asia,Upper middle income,2019,0.064278,-28.314,56.4
Serbia,SRB,Europe & Central Asia,Upper middle income,2020,0.0652905,1.575,56.9
Serbia,SRB,Europe & Central Asia,Upper middle income,2021,0.0556174,-14.815,56.9
Serbia,SRB,Europe & Central Asia,Upper middle income,2022,0.0892565999999999,60.483,59.3
Serbia,SRB,Europe & Central Asia,Upper middle income,2023,0.0850626999999999,-4.699,57.4
Seychelles,SYC,Sub-Saharan Africa,High income,2002,0.4035897,,65.9
Seychelles,SYC,Sub-Saharan Africa,High income,2003,0.5812675,44.024,68.7
Seychelles,SYC,Sub-Saharan Africa,High income,2004,-0.4123128,-170.933,42.6
Seychelles,SYC,Sub-Saharan Africa,High income,2005,-0.179375199999999,56.495,52
Seychelles,SYC,Sub-Saharan Africa,High income,2006,-0.1808495,-0.822,49.7
Seychelles,SYC,Sub-Saharan Africa,High income,2007,-0.0292218,83.842,54
Seychelles,SYC,Sub-Saharan Africa,High income,2008,-0.1183679,-305.067,52.5
Seychelles,SYC,Sub-Saharan Africa,High income,2009,0.0987584,183.433,55.7
Seychelles,SYC,Sub-Saharan Africa,High income,2010,0.2164882,119.21,59.7
Seychelles,SYC,Sub-Saharan Africa,High income,2011,0.1472836,-31.967,57.4
Seychelles,SYC,Sub-Saharan Africa,High income,2012,0.1804289,22.504,58.9
Seychelles,SYC,Sub-Saharan Africa,High income,2013,0.1191899,-33.941,57.4
Seychelles,SYC,Sub-Saharan Africa,High income,2014,-0.0884944,-174.247,52
Seychelles,SYC,Sub-Saharan Africa,High income,2015,0.2833423,420.181,66.2
Seychelles,SYC,Sub-Saharan Africa,High income,2016,0.2523062,-10.954,64.7
Seychelles,SYC,Sub-Saharan Africa,High income,2017,0.1296569,-48.611,59.3
Seychelles,SYC,Sub-Saharan Africa,High income,2018,0.2527705,94.953,64.7
Seychelles,SYC,Sub-Saharan Africa,High income,2019,0.2743209,8.526,65.2
Seychelles,SYC,Sub-Saharan Africa,High income,2020,0.2729044,-0.516,65.7
Seychelles,SYC,Sub-Saharan Africa,High income,2021,0.2723347,-0.209,65.2
Seychelles,SYC,Sub-Saharan Africa,High income,2022,0.3267766,19.991,67.2
Seychelles,SYC,Sub-Saharan Africa,High income,2023,0.4281497,31.022,68.6
Sierra Leone,SLE,Sub-Saharan Africa,Low income,2002,-1.3890848,,12.1
Sierra Leone,SLE,Sub-Saharan Africa,Low income,2003,-1.3890566,0.002,11.5
Sierra Leone,SLE,Sub-Saharan Africa,Low income,2004,-1.2129633,12.677,12.3
Sierra Leone,SLE,Sub-Saharan Africa,Low income,2005,-1.1531479,4.931,13.8
Sierra Leone,SLE,Sub-Saharan Africa,Low income,2006,-1.1403425,1.11,12.7
Sierra Leone,SLE,Sub-Saharan Africa,Low income,2007,-1.1248515,1.358,12.6
Sierra Leone,SLE,Sub-Saharan Africa,Low income,2008,-1.1102816,1.295,13
Sierra Leone,SLE,Sub-Saharan Africa,Low income,2009,-0.9901454,10.82,16.9
Sierra Leone,SLE,Sub-Saharan Africa,Low income,2010,-0.9567519,3.373,16.9
Sierra Leone,SLE,Sub-Saharan Africa,Low income,2011,-0.939481199999999,1.805,17.8
Sierra Leone,SLE,Sub-Saharan Africa,Low income,2012,-0.947721599999999,-0.877,18.3
Sierra Leone,SLE,Sub-Saharan Africa,Low income,2013,-0.9327458,1.58,18.8
Sierra Leone,SLE,Sub-Saharan Africa,Low income,2014,-0.889369699999999,4.65,18.8
Sierra Leone,SLE,Sub-Saharan Africa,Low income,2015,-0.9245604,-3.957,14.2
Sierra Leone,SLE,Sub-Saharan Africa,Low income,2016,-0.9135743,1.188,14.7
Sierra Leone,SLE,Sub-Saharan Africa,Low income,2017,-0.918733999999999,-0.565,13.7
Sierra Leone,SLE,Sub-Saharan Africa,Low income,2018,-0.9175513,0.129,13.7
Sierra Leone,SLE,Sub-Saharan Africa,Low income,2019,-0.891239999999999,2.868,14.2
Sierra Leone,SLE,Sub-Saharan Africa,Low income,2020,-0.9046862,-1.509,14.7
Sierra Leone,SLE,Sub-Saharan Africa,Low income,2021,-0.913476699999999,-0.972,14.7
Sierra Leone,SLE,Sub-Saharan Africa,Low income,2022,-1.00543499999999,-10.067,13.2
Sierra Leone,SLE,Sub-Saharan Africa,Low income,2023,-0.9992935,0.611,13.7
Singapore,SGP,East Asia & Pacific,High income,2002,2.0396337,,97.8
Singapore,SGP,East Asia & Pacific,High income,2003,2.0697739,1.478,98.4
Singapore,SGP,East Asia & Pacific,High income,2004,1.8895436,-8.708,96.4
Singapore,SGP,East Asia & Pacific,High income,2005,1.9437505,2.869,98
Singapore,SGP,East Asia & Pacific,High income,2006,1.9733365,1.522,98
Singapore,SGP,East Asia & Pacific,High income,2007,2.0657181,4.681,99
Singapore,SGP,East Asia & Pacific,High income,2008,2.0882662,1.092,100
Singapore,SGP,East Asia & Pacific,High income,2009,1.9625852,-6.018,99
Singapore,SGP,East Asia & Pacific,High income,2010,2.0047029,2.146,99.5
Singapore,SGP,East Asia & Pacific,High income,2011,1.9447456,-2.991,98.5
Singapore,SGP,East Asia & Pacific,High income,2012,2.1253998,9.289,100
Singapore,SGP,East Asia & Pacific,High income,2013,2.0879315,-1.763,100
Singapore,SGP,East Asia & Pacific,High income,2014,2.1611904,3.509,100
Singapore,SGP,East Asia & Pacific,High income,2015,2.2303413,3.2,100
Singapore,SGP,East Asia & Pacific,High income,2016,2.1984368,-1.43,99.5
Singapore,SGP,East Asia & Pacific,High income,2017,2.1489543,-2.251,99.5
Singapore,SGP,East Asia & Pacific,High income,2018,2.1367938,-0.566,99.5
Singapore,SGP,East Asia & Pacific,High income,2019,2.1809946,2.069,100
Singapore,SGP,East Asia & Pacific,High income,2020,2.1222024,-2.696,100
Singapore,SGP,East Asia & Pacific,High income,2021,2.1352444,0.615,100
Singapore,SGP,East Asia & Pacific,High income,2022,2.049181,-4.031,100
Singapore,SGP,East Asia & Pacific,High income,2023,2.1295346,3.921,100
Slovak Republic,SVK,Europe & Central Asia,High income,2002,0.8125299,,74.2
Slovak Republic,SVK,Europe & Central Asia,High income,2003,1.0261829,26.295,77.5
Slovak Republic,SVK,Europe & Central Asia,High income,2004,1.1272442,9.848,84.6
Slovak Republic,SVK,Europe & Central Asia,High income,2005,1.2054326,6.936,82.1
Slovak Republic,SVK,Europe & Central Asia,High income,2006,1.1492357,-4.662,82.2
Slovak Republic,SVK,Europe & Central Asia,High income,2007,1.061458,-7.638,80.3
Slovak Republic,SVK,Europe & Central Asia,High income,2008,1.0827558,2.006,81.5
Slovak Republic,SVK,Europe & Central Asia,High income,2009,1.0313574,-4.747,82.1
Slovak Republic,SVK,Europe & Central Asia,High income,2010,0.9984709,-3.189,81.6
Slovak Republic,SVK,Europe & Central Asia,High income,2011,0.968592,-2.992,81.7
Slovak Republic,SVK,Europe & Central Asia,High income,2012,0.9748175,0.643,81.7
Slovak Republic,SVK,Europe & Central Asia,High income,2013,0.8521623,-12.582,77.7
Slovak Republic,SVK,Europe & Central Asia,High income,2014,0.7273531,-14.646,78.2
Slovak Republic,SVK,Europe & Central Asia,High income,2015,0.7078663,-2.679,76
Slovak Republic,SVK,Europe & Central Asia,High income,2016,0.8392119,18.555,77.5
Slovak Republic,SVK,Europe & Central Asia,High income,2017,0.7416212,-11.629,76.5
Slovak Republic,SVK,Europe & Central Asia,High income,2018,0.6851503,-7.615,76
Slovak Republic,SVK,Europe & Central Asia,High income,2019,0.7272442,6.144,75
Slovak Republic,SVK,Europe & Central Asia,High income,2020,0.6096002,-16.177,74.5
Slovak Republic,SVK,Europe & Central Asia,High income,2021,0.7412158,21.59,76
Slovak Republic,SVK,Europe & Central Asia,High income,2022,0.7261799,-2.029,76
Slovak Republic,SVK,Europe & Central Asia,High income,2023,0.5372918,-26.011,72.5
Slovenia,SVN,Europe & Central Asia,High income,2002,0.8165348,,75.3
Slovenia,SVN,Europe & Central Asia,High income,2003,0.8902951,9.033,74.7
Slovenia,SVN,Europe & Central Asia,High income,2004,0.7743765,-13.02,77.4
Slovenia,SVN,Europe & Central Asia,High income,2005,0.7821715,1.007,74.5
Slovenia,SVN,Europe & Central Asia,High income,2006,0.8533908,9.105,76.6
Slovenia,SVN,Europe & Central Asia,High income,2007,0.9051826,6.069,75.8
Slovenia,SVN,Europe & Central Asia,High income,2008,0.9187388,1.498,77.5
Slovenia,SVN,Europe & Central Asia,High income,2009,0.9919833,7.972,80.1
Slovenia,SVN,Europe & Central Asia,High income,2010,0.8166176,-17.678,76.1
Slovenia,SVN,Europe & Central Asia,High income,2011,0.7441693,-8.872,74.3
Slovenia,SVN,Europe & Central Asia,High income,2012,0.6434133,-13.539,71.8
Slovenia,SVN,Europe & Central Asia,High income,2013,0.6176146,-4.01,71.3
Slovenia,SVN,Europe & Central Asia,High income,2014,0.5399771,-12.571,73.8
Slovenia,SVN,Europe & Central Asia,High income,2015,0.574156,6.33,71.6
Slovenia,SVN,Europe & Central Asia,High income,2016,0.6430131,11.993,73.5
Slovenia,SVN,Europe & Central Asia,High income,2017,0.6069226,-5.613,74
Slovenia,SVN,Europe & Central Asia,High income,2018,0.6514111,7.33,75
Slovenia,SVN,Europe & Central Asia,High income,2019,0.8847728,35.824,79.9
Slovenia,SVN,Europe & Central Asia,High income,2020,0.8216029,-7.14,78.4
Slovenia,SVN,Europe & Central Asia,High income,2021,0.8294744,0.958,77.9
Slovenia,SVN,Europe & Central Asia,High income,2022,0.7372169,-11.122,77
Slovenia,SVN,Europe & Central Asia,High income,2023,0.7953113,7.88,78.9
Solomon Islands,SLB,East Asia & Pacific,Lower middle income,2004,-0.9931827,,18.5
Solomon Islands,SLB,East Asia & Pacific,Lower middle income,2005,-1.1680705,-17.609,12.2
Solomon Islands,SLB,East Asia & Pacific,Lower middle income,2006,-1.24918929999999,-6.945,10.2
Solomon Islands,SLB,East Asia & Pacific,Lower middle income,2007,-1.19136589999999,4.629,10.6
Solomon Islands,SLB,East Asia & Pacific,Lower middle income,2008,-1.2278383,-3.061,9.5
Solomon Islands,SLB,East Asia & Pacific,Lower middle income,2009,-1.2631926,-2.879,7.5
Solomon Islands,SLB,East Asia & Pacific,Lower middle income,2010,-1.19348039999999,5.519,9
Solomon Islands,SLB,East Asia & Pacific,Lower middle income,2011,-1.0565406,11.474,14.4
Solomon Islands,SLB,East Asia & Pacific,Lower middle income,2012,-1.0526396,0.369,13.9
Solomon Islands,SLB,East Asia & Pacific,Lower middle income,2013,-1.0482396,0.418,14.9
Solomon Islands,SLB,East Asia & Pacific,Lower middle income,2014,-0.9866655,5.874,14.4
Solomon Islands,SLB,East Asia & Pacific,Lower middle income,2015,-0.9138238,7.383,15.2
Solomon Islands,SLB,East Asia & Pacific,Lower middle income,2016,-0.9129622,0.094,15.2
Solomon Islands,SLB,East Asia & Pacific,Lower middle income,2017,-0.9120505,0.1,14.2
Solomon Islands,SLB,East Asia & Pacific,Lower middle income,2018,-0.911675599999999,0.041,14.2
Solomon Islands,SLB,East Asia & Pacific,Lower middle income,2019,-0.7506683,17.661,22.1
Solomon Islands,SLB,East Asia & Pacific,Lower middle income,2020,-0.9113021,-21.399,14.2
Solomon Islands,SLB,East Asia & Pacific,Lower middle income,2021,-1.057786,-16.074,12.3
Solomon Islands,SLB,East Asia & Pacific,Lower middle income,2022,-1.059641,-0.175,12.3
Solomon Islands,SLB,East Asia & Pacific,Lower middle income,2023,-1.05944329999999,0.019,12.7
"Somalia, Fed. Rep.",SOM,Sub-Saharan Africa,Low income,2002,-2.24322829999999,,0
"Somalia, Fed. Rep.",SOM,Sub-Saharan Africa,Low income,2003,-2.31352669999999,-3.134,0
"Somalia, Fed. Rep.",SOM,Sub-Saharan Africa,Low income,2004,-1.8992395,17.907,1
"Somalia, Fed. Rep.",SOM,Sub-Saharan Africa,Low income,2005,-1.91830789999999,-1.004,2
"Somalia, Fed. Rep.",SOM,Sub-Saharan Africa,Low income,2006,-2.06434809999999,-7.613,1
"Somalia, Fed. Rep.",SOM,Sub-Saharan Africa,Low income,2007,-2.06313889999999,0.059,0.5
"Somalia, Fed. Rep.",SOM,Sub-Saharan Africa,Low income,2008,-2.0962403,-1.604,0.5
"Somalia, Fed. Rep.",SOM,Sub-Saharan Africa,Low income,2009,-2.0563642,1.902,1
"Somalia, Fed. Rep.",SOM,Sub-Saharan Africa,Low income,2010,-2.16569539999999,-5.317,0
"Somalia, Fed. Rep.",SOM,Sub-Saharan Africa,Low income,2011,-2.19839659999999,-1.51,0
"Somalia, Fed. Rep.",SOM,Sub-Saharan Africa,Low income,2012,-2.1097626,4.032,0.5
"Somalia, Fed. Rep.",SOM,Sub-Saharan Africa,Low income,2013,-2.2176149,-5.112,0.5
"Somalia, Fed. Rep.",SOM,Sub-Saharan Africa,Low income,2014,-2.0809389,6.163,0
"Somalia, Fed. Rep.",SOM,Sub-Saharan Africa,Low income,2015,-2.0369376,2.114,0.5
"Somalia, Fed. Rep.",SOM,Sub-Saharan Africa,Low income,2016,-2.08945249999999,-2.578,1
"Somalia, Fed. Rep.",SOM,Sub-Saharan Africa,Low income,2017,-2.0883575,0.052,0.5
"Somalia, Fed. Rep.",SOM,Sub-Saharan Africa,Low income,2018,-1.9778262,5.293,1.5
"Somalia, Fed. Rep.",SOM,Sub-Saharan Africa,Low income,2019,-1.9736596,0.211,1.5
"Somalia, Fed. Rep.",SOM,Sub-Saharan Africa,Low income,2020,-1.8686121,5.322,2.5
"Somalia, Fed. Rep.",SOM,Sub-Saharan Africa,Low income,2021,-1.7880177,4.313,2.5
"Somalia, Fed. Rep.",SOM,Sub-Saharan Africa,Low income,2022,-1.7887408,-0.04,2.9
"Somalia, Fed. Rep.",SOM,Sub-Saharan Africa,Low income,2023,-1.6997338,4.976,3.4
South Africa,ZAF,Sub-Saharan Africa,Upper middle income,2002,0.8125419,,74.7
South Africa,ZAF,Sub-Saharan Africa,Upper middle income,2003,0.8420522,3.632,73.6
South Africa,ZAF,Sub-Saharan Africa,Upper middle income,2004,0.6369322,-24.36,72.8
South Africa,ZAF,Sub-Saharan Africa,Upper middle income,2005,0.6342862,-0.415,70.4
South Africa,ZAF,Sub-Saharan Africa,Upper middle income,2006,0.7044307,11.059,73.6
South Africa,ZAF,Sub-Saharan Africa,Upper middle income,2007,0.6390174,-9.286,70.7
South Africa,ZAF,Sub-Saharan Africa,Upper middle income,2008,0.645614,1.032,71
South Africa,ZAF,Sub-Saharan Africa,Upper middle income,2009,0.6774741,4.935,71.6
South Africa,ZAF,Sub-Saharan Africa,Upper middle income,2010,0.7034161,3.829,73.1
South Africa,ZAF,Sub-Saharan Africa,Upper middle income,2011,0.6548859,-6.899,72.3
South Africa,ZAF,Sub-Saharan Africa,Upper middle income,2012,0.6421404,-1.946,71.3
South Africa,ZAF,Sub-Saharan Africa,Upper middle income,2013,0.6247044,-2.715,71.8
South Africa,ZAF,Sub-Saharan Africa,Upper middle income,2014,0.401664,-35.703,71.3
South Africa,ZAF,Sub-Saharan Africa,Upper middle income,2015,0.2946623,-26.64,66.7
South Africa,ZAF,Sub-Saharan Africa,Upper middle income,2016,0.2611304,-11.38,65.7
South Africa,ZAF,Sub-Saharan Africa,Upper middle income,2017,0.2296787,-12.044,65.2
South Africa,ZAF,Sub-Saharan Africa,Upper middle income,2018,0.0685404999999999,-70.158,57.4
South Africa,ZAF,Sub-Saharan Africa,Upper middle income,2019,0.1188,73.328,59.8
South Africa,ZAF,Sub-Saharan Africa,Upper middle income,2020,0.0899066999999999,-24.321,58.3
South Africa,ZAF,Sub-Saharan Africa,Upper middle income,2021,0.0177391,-80.269,56.4
South Africa,ZAF,Sub-Saharan Africa,Upper middle income,2022,-0.0622982,-451.191,53.4
South Africa,ZAF,Sub-Saharan Africa,Upper middle income,2023,-0.06209,0.334,52
South Sudan,SSD,Sub-Saharan Africa,Low income,2011,-1.5768821,,4.5
South Sudan,SSD,Sub-Saharan Africa,Low income,2012,-1.4227969,9.772,5.4
South Sudan,SSD,Sub-Saharan Africa,Low income,2013,-1.5704737,-10.379,3.5
South Sudan,SSD,Sub-Saharan Africa,Low income,2014,-1.66875929999999,-6.258,3.5
South Sudan,SSD,Sub-Saharan Africa,Low income,2015,-1.6736197,-0.291,2.9
South Sudan,SSD,Sub-Saharan Africa,Low income,2016,-1.75850469999999,-5.072,2.9
South Sudan,SSD,Sub-Saharan Africa,Low income,2017,-1.79473739999999,-2.06,2.5
South Sudan,SSD,Sub-Saharan Africa,Low income,2018,-1.8857358,-5.07,2.5
South Sudan,SSD,Sub-Saharan Africa,Low income,2019,-1.8807648,0.264,2.5
South Sudan,SSD,Sub-Saharan Africa,Low income,2020,-1.9522498,-3.801,1.5
South Sudan,SSD,Sub-Saharan Africa,Low income,2021,-1.93385449999999,0.942,1.5
South Sudan,SSD,Sub-Saharan Africa,Low income,2022,-1.934717,-0.045,1
South Sudan,SSD,Sub-Saharan Africa,Low income,2023,-2.0014186,-3.448,0.5
Spain,ESP,Europe & Central Asia,High income,2002,1.4664469,,87.4
Spain,ESP,Europe & Central Asia,High income,2003,1.4321992,-2.335,87.4
Spain,ESP,Europe & Central Asia,High income,2004,1.3770323,-3.852,89.2
Spain,ESP,Europe & Central Asia,High income,2005,1.4363043,4.304,87.8
Spain,ESP,Europe & Central Asia,High income,2006,1.2180994,-15.192,84.3
Spain,ESP,Europe & Central Asia,High income,2007,1.243589,2.093,84.8
Spain,ESP,Europe & Central Asia,High income,2008,1.2045792,-3.137,85.5
Spain,ESP,Europe & Central Asia,High income,2009,1.1092913,-7.91,82.6
Spain,ESP,Europe & Central Asia,High income,2010,1.1014722,-0.705,83.6
Spain,ESP,Europe & Central Asia,High income,2011,0.960889,-12.763,81.2
Spain,ESP,Europe & Central Asia,High income,2012,0.8728118,-9.166,77.7
Spain,ESP,Europe & Central Asia,High income,2013,0.8741689,0.155,78.2
Spain,ESP,Europe & Central Asia,High income,2014,0.6968841,-20.28,76.2
Spain,ESP,Europe & Central Asia,High income,2015,0.8044208,15.431,77.9
Spain,ESP,Europe & Central Asia,High income,2016,0.9625695,19.66,80.9
Spain,ESP,Europe & Central Asia,High income,2017,0.8867509,-7.877,79.4
Spain,ESP,Europe & Central Asia,High income,2018,0.8836957,-0.345,80.4
Spain,ESP,Europe & Central Asia,High income,2019,0.9446573,6.898,80.9
Spain,ESP,Europe & Central Asia,High income,2020,0.8370928,-11.387,78.9
Spain,ESP,Europe & Central Asia,High income,2021,0.9211695,10.044,81.9
Spain,ESP,Europe & Central Asia,High income,2022,0.8379079,-9.039,79.4
Spain,ESP,Europe & Central Asia,High income,2023,0.6947444,-17.086,76
Sri Lanka,LKA,South Asia,Upper middle income,2002,0.1044782,,59.9
Sri Lanka,LKA,South Asia,Upper middle income,2003,0.00193839999999999,-98.145,54.9
Sri Lanka,LKA,South Asia,Upper middle income,2004,-0.051586,-2761.267,56.9
Sri Lanka,LKA,South Asia,Upper middle income,2005,-0.191553199999999,-271.328,50.5
Sri Lanka,LKA,South Asia,Upper middle income,2006,-0.180964699999999,5.528,49.2
Sri Lanka,LKA,South Asia,Upper middle income,2007,-0.1170914,35.296,52
Sri Lanka,LKA,South Asia,Upper middle income,2008,-0.186027,-58.873,50
Sri Lanka,LKA,South Asia,Upper middle income,2009,-0.147503,20.709,49.3
Sri Lanka,LKA,South Asia,Upper middle income,2010,-0.0753803,48.896,51.2
Sri Lanka,LKA,South Asia,Upper middle income,2011,0.0210493,127.924,56.4
Sri Lanka,LKA,South Asia,Upper middle income,2012,0.00718909999999999,-65.846,55.4
Sri Lanka,LKA,South Asia,Upper middle income,2013,-0.0763977,-1162.688,52
Sri Lanka,LKA,South Asia,Upper middle income,2014,-0.0063463,91.693,54
Sri Lanka,LKA,South Asia,Upper middle income,2015,0.0306457,582.891,52.5
Sri Lanka,LKA,South Asia,Upper middle income,2016,-0.0445476,-245.363,52
Sri Lanka,LKA,South Asia,Upper middle income,2017,-0.1170039,-162.649,48.5
Sri Lanka,LKA,South Asia,Upper middle income,2018,-0.1897983,-62.215,46.1
Sri Lanka,LKA,South Asia,Upper middle income,2019,-0.186002,2,44.6
Sri Lanka,LKA,South Asia,Upper middle income,2020,-0.1122765,39.637,50
Sri Lanka,LKA,South Asia,Upper middle income,2021,-0.1629445,-45.128,47.5
Sri Lanka,LKA,South Asia,Upper middle income,2022,-0.456906,-180.406,37.7
Sri Lanka,LKA,South Asia,Upper middle income,2023,-0.3799918,16.834,40.7
St. Kitts and Nevis,KNA,Latin America & Caribbean,High income,2004,0.0584404,,59.5
St. Kitts and Nevis,KNA,Latin America & Caribbean,High income,2005,1.1274352,1829.205,80.1
St. Kitts and Nevis,KNA,Latin America & Caribbean,High income,2006,1.1247005,-0.243,81.7
St. Kitts and Nevis,KNA,Latin America & Caribbean,High income,2007,1.0012364,-10.978,78.3
St. Kitts and Nevis,KNA,Latin America & Caribbean,High income,2008,0.9991248,-0.211,79
St. Kitts and Nevis,KNA,Latin America & Caribbean,High income,2009,0.996296,-0.283,81.1
St. Kitts and Nevis,KNA,Latin America & Caribbean,High income,2010,1.2863424,29.112,86.6
St. Kitts and Nevis,KNA,Latin America & Caribbean,High income,2011,1.2874157,0.083,87.1
St. Kitts and Nevis,KNA,Latin America & Caribbean,High income,2012,1.2756878,-0.911,87.1
St. Kitts and Nevis,KNA,Latin America & Caribbean,High income,2013,1.2739495,-0.136,87.1
St. Kitts and Nevis,KNA,Latin America & Caribbean,High income,2014,0.1453016,-88.594,60.4
St. Kitts and Nevis,KNA,Latin America & Caribbean,High income,2015,0.558492,284.367,71.1
St. Kitts and Nevis,KNA,Latin America & Caribbean,High income,2016,0.5598127,0.236,72.1
St. Kitts and Nevis,KNA,Latin America & Caribbean,High income,2017,0.488087,-12.812,70.6
St. Kitts and Nevis,KNA,Latin America & Caribbean,High income,2018,0.4842925,-0.777,71.1
St. Kitts and Nevis,KNA,Latin America & Caribbean,High income,2019,0.478026,-1.294,71.6
St. Kitts and Nevis,KNA,Latin America & Caribbean,High income,2020,0.4753739,-0.555,72.5
St. Kitts and Nevis,KNA,Latin America & Caribbean,High income,2021,0.489946,3.065,72.1
St. Kitts and Nevis,KNA,Latin America & Caribbean,High income,2022,0.534217,9.036,72.1
St. Kitts and Nevis,KNA,Latin America & Caribbean,High income,2023,0.4958574,-7.181,71.1
St. Lucia,LCA,Latin America & Caribbean,Upper middle income,2004,0.1102486,,61
St. Lucia,LCA,Latin America & Caribbean,Upper middle income,2005,0.6432433,483.448,71.4
St. Lucia,LCA,Latin America & Caribbean,Upper middle income,2006,0.6417202,-0.237,71.6
St. Lucia,LCA,Latin America & Caribbean,Upper middle income,2007,0.6564919,2.302,71.7
St. Lucia,LCA,Latin America & Caribbean,Upper middle income,2008,0.4733172,-27.902,67.5
St. Lucia,LCA,Latin America & Caribbean,Upper middle income,2009,0.6105651,28.997,70.6
St. Lucia,LCA,Latin America & Caribbean,Upper middle income,2010,0.6675281,9.33,72.6
St. Lucia,LCA,Latin America & Caribbean,Upper middle income,2011,0.7189487,7.703,73.3
St. Lucia,LCA,Latin America & Caribbean,Upper middle income,2012,0.570824,-20.603,70.3
St. Lucia,LCA,Latin America & Caribbean,Upper middle income,2013,0.5702182,-0.106,70.8
St. Lucia,LCA,Latin America & Caribbean,Upper middle income,2014,0.4244607,-25.562,71.8
St. Lucia,LCA,Latin America & Caribbean,Upper middle income,2015,0.3210997,-24.351,68.1
St. Lucia,LCA,Latin America & Caribbean,Upper middle income,2016,0.3217756,0.21,67.6
St. Lucia,LCA,Latin America & Caribbean,Upper middle income,2017,0.2897439,-9.955,66.7
St. Lucia,LCA,Latin America & Caribbean,Upper middle income,2018,0.2940591,1.489,66.7
St. Lucia,LCA,Latin America & Caribbean,Upper middle income,2019,0.3463362,17.778,67.2
St. Lucia,LCA,Latin America & Caribbean,Upper middle income,2020,0.284517,-17.849,66.2
St. Lucia,LCA,Latin America & Caribbean,Upper middle income,2021,0.1996244,-29.837,62.7
St. Lucia,LCA,Latin America & Caribbean,Upper middle income,2022,0.2002621,0.319,62.7
St. Lucia,LCA,Latin America & Caribbean,Upper middle income,2023,0.2145717,7.145,63.2
St. Vincent and the Grenadines,VCT,Latin America & Caribbean,Upper middle income,2004,0.0513515,,59
St. Vincent and the Grenadines,VCT,Latin America & Caribbean,Upper middle income,2005,0.5660953,1002.393,68.9
St. Vincent and the Grenadines,VCT,Latin America & Caribbean,Upper middle income,2006,0.4931566,-12.885,67.5
St. Vincent and the Grenadines,VCT,Latin America & Caribbean,Upper middle income,2007,0.579344,17.477,67.7
St. Vincent and the Grenadines,VCT,Latin America & Caribbean,Upper middle income,2008,0.4064605,-29.841,66
St. Vincent and the Grenadines,VCT,Latin America & Caribbean,Upper middle income,2009,0.4713158,15.956,66.2
St. Vincent and the Grenadines,VCT,Latin America & Caribbean,Upper middle income,2010,0.5584226,18.482,67.7
St. Vincent and the Grenadines,VCT,Latin America & Caribbean,Upper middle income,2011,0.5588546,0.077,69.3
St. Vincent and the Grenadines,VCT,Latin America & Caribbean,Upper middle income,2012,0.5541343,-0.845,68.3
St. Vincent and the Grenadines,VCT,Latin America & Caribbean,Upper middle income,2013,0.5534346,-0.126,68.8
St. Vincent and the Grenadines,VCT,Latin America & Caribbean,Upper middle income,2014,0.4360777,-21.205,72.8
St. Vincent and the Grenadines,VCT,Latin America & Caribbean,Upper middle income,2015,0.2175718,-50.107,62.7
St. Vincent and the Grenadines,VCT,Latin America & Caribbean,Upper middle income,2016,0.2551022,17.25,65.2
St. Vincent and the Grenadines,VCT,Latin America & Caribbean,Upper middle income,2017,0.1936017,-24.108,63.7
St. Vincent and the Grenadines,VCT,Latin America & Caribbean,Upper middle income,2018,0.2393083,23.609,64.2
St. Vincent and the Grenadines,VCT,Latin America & Caribbean,Upper middle income,2019,0.2337241,-2.333,64.2
St. Vincent and the Grenadines,VCT,Latin America & Caribbean,Upper middle income,2020,0.1719049,-26.45,61.3
St. Vincent and the Grenadines,VCT,Latin America & Caribbean,Upper middle income,2021,0.141278,-17.816,58.8
St. Vincent and the Grenadines,VCT,Latin America & Caribbean,Upper middle income,2022,0.0866513999999999,-38.666,58.8
St. Vincent and the Grenadines,VCT,Latin America & Caribbean,Upper middle income,2023,0.0957701,10.523,58.3
Sudan,SDN,Sub-Saharan Africa,Low income,2002,-1.3743504,,13.2
Sudan,SDN,Sub-Saharan Africa,Low income,2003,-1.47043939999999,-6.992,8.8
Sudan,SDN,Sub-Saharan Africa,Low income,2004,-1.1810323,19.682,12.8
Sudan,SDN,Sub-Saharan Africa,Low income,2005,-1.1657875,1.291,12.8
Sudan,SDN,Sub-Saharan Africa,Low income,2006,-1.1506794,1.296,12.2
Sudan,SDN,Sub-Saharan Africa,Low income,2007,-1.2108619,-5.23,9.6
Sudan,SDN,Sub-Saharan Africa,Low income,2008,-1.2923713,-6.732,7.5
Sudan,SDN,Sub-Saharan Africa,Low income,2009,-1.2320392,4.668,8
Sudan,SDN,Sub-Saharan Africa,Low income,2010,-1.32794979999999,-7.785,7
Sudan,SDN,Sub-Saharan Africa,Low income,2011,-1.3131857,1.112,7.9
Sudan,SDN,Sub-Saharan Africa,Low income,2012,-1.39933059999999,-6.56,6.4
Sudan,SDN,Sub-Saharan Africa,Low income,2013,-1.47720309999999,-5.565,5
Sudan,SDN,Sub-Saharan Africa,Low income,2014,-1.431484,3.095,5.9
Sudan,SDN,Sub-Saharan Africa,Low income,2015,-1.4597243,-1.973,4.9
Sudan,SDN,Sub-Saharan Africa,Low income,2016,-1.4119321,3.274,4.9
Sudan,SDN,Sub-Saharan Africa,Low income,2017,-1.4265577,-1.036,3.9
Sudan,SDN,Sub-Saharan Africa,Low income,2018,-1.50539159999999,-5.526,3.9
Sudan,SDN,Sub-Saharan Africa,Low income,2019,-1.5295444,-1.604,4.4
Sudan,SDN,Sub-Saharan Africa,Low income,2020,-1.50085769999999,1.876,4.4
Sudan,SDN,Sub-Saharan Africa,Low income,2021,-1.48846139999999,0.826,4.9
Sudan,SDN,Sub-Saharan Africa,Low income,2022,-1.5498089,-4.122,4.4
Sudan,SDN,Sub-Saharan Africa,Low income,2023,-1.6040918,-3.503,3.9
Suriname,SUR,Latin America & Caribbean,Upper middle income,2002,-0.783278799999999,,28
Suriname,SUR,Latin America & Caribbean,Upper middle income,2003,-0.783233899999999,0.006,25.8
Suriname,SUR,Latin America & Caribbean,Upper middle income,2004,-0.8560529,-9.297,21
Suriname,SUR,Latin America & Caribbean,Upper middle income,2005,-0.6536769,23.641,25.5
Suriname,SUR,Latin America & Caribbean,Upper middle income,2006,-0.5428746,16.951,31
Suriname,SUR,Latin America & Caribbean,Upper middle income,2007,-0.481864299999999,11.238,31.8
Suriname,SUR,Latin America & Caribbean,Upper middle income,2008,-0.464786,3.544,34.5
Suriname,SUR,Latin America & Caribbean,Upper middle income,2009,-0.4536055,2.406,35.3
Suriname,SUR,Latin America & Caribbean,Upper middle income,2010,-0.470401399999999,-3.703,34.3
Suriname,SUR,Latin America & Caribbean,Upper middle income,2011,-0.4169159,11.37,40.1
Suriname,SUR,Latin America & Caribbean,Upper middle income,2012,-0.386573499999999,7.278,42.6
Suriname,SUR,Latin America & Caribbean,Upper middle income,2013,-0.3517802,9,44.1
Suriname,SUR,Latin America & Caribbean,Upper middle income,2014,-0.648578,-84.37,29.7
Suriname,SUR,Latin America & Caribbean,Upper middle income,2015,-0.6175389,4.786,29.4
Suriname,SUR,Latin America & Caribbean,Upper middle income,2016,-0.6416001,-3.896,27.5
Suriname,SUR,Latin America & Caribbean,Upper middle income,2017,-0.6673958,-4.021,26.5
Suriname,SUR,Latin America & Caribbean,Upper middle income,2018,-0.7248716,-8.612,25
Suriname,SUR,Latin America & Caribbean,Upper middle income,2019,-0.6022128,16.921,28.9
Suriname,SUR,Latin America & Caribbean,Upper middle income,2020,-0.695630299999999,-15.512,28.4
Suriname,SUR,Latin America & Caribbean,Upper middle income,2021,-0.6285837,9.638,29.9
Suriname,SUR,Latin America & Caribbean,Upper middle income,2022,-0.718359499999999,-14.282,26
Suriname,SUR,Latin America & Caribbean,Upper middle income,2023,-0.7306638,-1.713,26
Sweden,SWE,Europe & Central Asia,High income,2002,1.7785131,,94.5
Sweden,SWE,Europe & Central Asia,High income,2003,1.8290292,2.84,94.5
Sweden,SWE,Europe & Central Asia,High income,2004,1.79214,-2.017,94.9
Sweden,SWE,Europe & Central Asia,High income,2005,1.7023499,-5.01,91.8
Sweden,SWE,Europe & Central Asia,High income,2006,1.6759915,-1.548,92.9
Sweden,SWE,Europe & Central Asia,High income,2007,1.7696028,5.585,94.4
Sweden,SWE,Europe & Central Asia,High income,2008,1.7864323,0.951,97
Sweden,SWE,Europe & Central Asia,High income,2009,1.760236,-1.466,97
Sweden,SWE,Europe & Central Asia,High income,2010,1.7481133,-0.689,98
Sweden,SWE,Europe & Central Asia,High income,2011,2.0657526,18.17,100
Sweden,SWE,Europe & Central Asia,High income,2012,2.0214291,-2.146,99.5
Sweden,SWE,Europe & Central Asia,High income,2013,1.9712278,-2.483,99.5
Sweden,SWE,Europe & Central Asia,High income,2014,1.7257536,-12.453,96
Sweden,SWE,Europe & Central Asia,High income,2015,1.7858201,3.481,97.1
Sweden,SWE,Europe & Central Asia,High income,2016,1.8059922,1.13,96.6
Sweden,SWE,Europe & Central Asia,High income,2017,1.7455157,-3.349,95.1
Sweden,SWE,Europe & Central Asia,High income,2018,1.7593836,0.794,95.6
Sweden,SWE,Europe & Central Asia,High income,2019,1.7778065,1.047,96.6
Sweden,SWE,Europe & Central Asia,High income,2020,1.715293,-3.516,96.1
Sweden,SWE,Europe & Central Asia,High income,2021,1.6807618,-2.013,95.6
Sweden,SWE,Europe & Central Asia,High income,2022,1.6240804,-3.372,94.1
Sweden,SWE,Europe & Central Asia,High income,2023,1.6722947,2.969,95.1
Switzerland,CHE,Europe & Central Asia,High income,2002,2.0422116,,98.4
Switzerland,CHE,Europe & Central Asia,High income,2003,1.9033237,-6.801,96.7
Switzerland,CHE,Europe & Central Asia,High income,2004,1.8725949,-1.614,95.4
Switzerland,CHE,Europe & Central Asia,High income,2005,1.7444381,-6.844,92.9
Switzerland,CHE,Europe & Central Asia,High income,2006,1.7904301,2.636,94.4
Switzerland,CHE,Europe & Central Asia,High income,2007,1.9041815,6.353,98
Switzerland,CHE,Europe & Central Asia,High income,2008,1.7778554,-6.634,96.5
Switzerland,CHE,Europe & Central Asia,High income,2009,1.7374651,-2.272,96.5
Switzerland,CHE,Europe & Central Asia,High income,2010,1.7404159,0.17,97.5
Switzerland,CHE,Europe & Central Asia,High income,2011,1.7457395,0.306,94.6
Switzerland,CHE,Europe & Central Asia,High income,2012,1.8492676,5.93,97
Switzerland,CHE,Europe & Central Asia,High income,2013,1.7970843,-2.822,95.5
Switzerland,CHE,Europe & Central Asia,High income,2014,1.9141282,6.513,98.5
Switzerland,CHE,Europe & Central Asia,High income,2015,1.7962762,-6.157,97.5
Switzerland,CHE,Europe & Central Asia,High income,2016,1.9192622,6.847,98
Switzerland,CHE,Europe & Central Asia,High income,2017,1.9074995,-0.613,98
Switzerland,CHE,Europe & Central Asia,High income,2018,1.8048587,-5.381,96.1
Switzerland,CHE,Europe & Central Asia,High income,2019,1.767121,-2.091,96.1
Switzerland,CHE,Europe & Central Asia,High income,2020,1.6431817,-7.014,94.6
Switzerland,CHE,Europe & Central Asia,High income,2021,1.7598954,7.103,96.6
Switzerland,CHE,Europe & Central Asia,High income,2022,1.7620014,0.12,96.6
Switzerland,CHE,Europe & Central Asia,High income,2023,1.805449,2.466,97.1
Syrian Arab Republic,SYR,"Middle East, North Africa, Afghanistan & Pakistan",Low income,2002,-0.942550999999999,,20.3
Syrian Arab Republic,SYR,"Middle East, North Africa, Afghanistan & Pakistan",Low income,2003,-0.949315599999999,-0.718,20.3
Syrian Arab Republic,SYR,"Middle East, North Africa, Afghanistan & Pakistan",Low income,2004,-1.1142691,-17.376,15.4
Syrian Arab Republic,SYR,"Middle East, North Africa, Afghanistan & Pakistan",Low income,2005,-1.11618329999999,-0.172,14.8
Syrian Arab Republic,SYR,"Middle East, North Africa, Afghanistan & Pakistan",Low income,2006,-1.30723719999999,-17.117,8.6
Syrian Arab Republic,SYR,"Middle East, North Africa, Afghanistan & Pakistan",Low income,2007,-1.12380749999999,14.032,13.1
Syrian Arab Republic,SYR,"Middle East, North Africa, Afghanistan & Pakistan",Low income,2008,-0.9100977,19.017,18
Syrian Arab Republic,SYR,"Middle East, North Africa, Afghanistan & Pakistan",Low income,2009,-0.8409517,7.598,19.9
Syrian Arab Republic,SYR,"Middle East, North Africa, Afghanistan & Pakistan",Low income,2010,-0.7452067,11.385,25.4
Syrian Arab Republic,SYR,"Middle East, North Africa, Afghanistan & Pakistan",Low income,2011,-0.837656299999999,-12.406,21.3
Syrian Arab Republic,SYR,"Middle East, North Africa, Afghanistan & Pakistan",Low income,2012,-1.4240012,-69.998,5
Syrian Arab Republic,SYR,"Middle East, North Africa, Afghanistan & Pakistan",Low income,2013,-1.5261224,-7.171,4
Syrian Arab Republic,SYR,"Middle East, North Africa, Afghanistan & Pakistan",Low income,2014,-1.63694459999999,-7.262,4
Syrian Arab Republic,SYR,"Middle East, North Africa, Afghanistan & Pakistan",Low income,2015,-1.54984409999999,5.321,3.4
Syrian Arab Republic,SYR,"Middle East, North Africa, Afghanistan & Pakistan",Low income,2016,-1.6361409,-5.568,3.4
Syrian Arab Republic,SYR,"Middle East, North Africa, Afghanistan & Pakistan",Low income,2017,-1.63923099999999,-0.189,3.4
Syrian Arab Republic,SYR,"Middle East, North Africa, Afghanistan & Pakistan",Low income,2018,-1.547928,5.57,3.4
Syrian Arab Republic,SYR,"Middle East, North Africa, Afghanistan & Pakistan",Low income,2019,-1.5966464,-3.147,3.4
Syrian Arab Republic,SYR,"Middle East, North Africa, Afghanistan & Pakistan",Low income,2020,-1.6481019,-3.223,3.4
Syrian Arab Republic,SYR,"Middle East, North Africa, Afghanistan & Pakistan",Low income,2021,-1.75501,-6.487,2.9
Syrian Arab Republic,SYR,"Middle East, North Africa, Afghanistan & Pakistan",Low income,2022,-1.8921267,-7.813,2.5
Syrian Arab Republic,SYR,"Middle East, North Africa, Afghanistan & Pakistan",Low income,2023,-1.8919941,0.007,1
Tajikistan,TJK,Europe & Central Asia,Lower middle income,2002,-1.5069346,,7.7
Tajikistan,TJK,Europe & Central Asia,Lower middle income,2003,-1.31818939999999,12.525,14.8
Tajikistan,TJK,Europe & Central Asia,Lower middle income,2004,-1.0397763,21.121,16.9
Tajikistan,TJK,Europe & Central Asia,Lower middle income,2005,-0.973461599999999,6.378,17.9
Tajikistan,TJK,Europe & Central Asia,Lower middle income,2006,-1.0752426,-10.456,15.2
Tajikistan,TJK,Europe & Central Asia,Lower middle income,2007,-1.04843439999999,2.493,15.7
Tajikistan,TJK,Europe & Central Asia,Lower middle income,2008,-1.0590911,-1.016,15
Tajikistan,TJK,Europe & Central Asia,Lower middle income,2009,-1.0754814,-1.548,14.9
Tajikistan,TJK,Europe & Central Asia,Lower middle income,2010,-0.9974173,7.259,15.4
Tajikistan,TJK,Europe & Central Asia,Lower middle income,2011,-0.993358299999999,0.407,16.3
Tajikistan,TJK,Europe & Central Asia,Lower middle income,2012,-0.952059,4.158,17.8
Tajikistan,TJK,Europe & Central Asia,Lower middle income,2013,-0.9620478,-1.049,17.8
Tajikistan,TJK,Europe & Central Asia,Lower middle income,2014,-0.941091399999999,2.178,15.3
Tajikistan,TJK,Europe & Central Asia,Lower middle income,2015,-0.9220853,2.02,14.7
Tajikistan,TJK,Europe & Central Asia,Lower middle income,2016,-0.9547924,-3.547,12.7
Tajikistan,TJK,Europe & Central Asia,Lower middle income,2017,-0.7906938,17.187,18.6
Tajikistan,TJK,Europe & Central Asia,Lower middle income,2018,-0.7695478,2.674,22.1
Tajikistan,TJK,Europe & Central Asia,Lower middle income,2019,-0.800882299999999,-4.072,18.6
Tajikistan,TJK,Europe & Central Asia,Lower middle income,2020,-0.808196999999999,-0.913,21.1
Tajikistan,TJK,Europe & Central Asia,Lower middle income,2021,-0.8413027,-4.096,19.1
Tajikistan,TJK,Europe & Central Asia,Lower middle income,2022,-0.8422923,-0.118,19.6
Tajikistan,TJK,Europe & Central Asia,Lower middle income,2023,-0.8421868,0.013,19.6
Tanzania,TZA,Sub-Saharan Africa,Lower middle income,2002,-0.7951387,,27.5
Tanzania,TZA,Sub-Saharan Africa,Lower middle income,2003,-0.7034851,11.527,29.1
Tanzania,TZA,Sub-Saharan Africa,Lower middle income,2004,-0.5263274,25.183,36.9
Tanzania,TZA,Sub-Saharan Africa,Lower middle income,2005,-0.4477914,14.922,38.8
Tanzania,TZA,Sub-Saharan Africa,Lower middle income,2006,-0.3995912,10.764,41.1
Tanzania,TZA,Sub-Saharan Africa,Lower middle income,2007,-0.3966297,0.741,39.9
Tanzania,TZA,Sub-Saharan Africa,Lower middle income,2008,-0.4547772,-14.66,35
Tanzania,TZA,Sub-Saharan Africa,Lower middle income,2009,-0.419029899999999,7.86,37.3
Tanzania,TZA,Sub-Saharan Africa,Lower middle income,2010,-0.4198204,-0.189,36.3
Tanzania,TZA,Sub-Saharan Africa,Lower middle income,2011,-0.4341536,-3.414,38.6
Tanzania,TZA,Sub-Saharan Africa,Lower middle income,2012,-0.484885599999999,-11.685,38.1
Tanzania,TZA,Sub-Saharan Africa,Lower middle income,2013,-0.435396599999999,10.206,39.1
Tanzania,TZA,Sub-Saharan Africa,Lower middle income,2014,-0.422747999999999,2.905,39.1
Tanzania,TZA,Sub-Saharan Africa,Lower middle income,2015,-0.434989099999999,-2.896,35.3
Tanzania,TZA,Sub-Saharan Africa,Lower middle income,2016,-0.4133538,4.974,37.3
Tanzania,TZA,Sub-Saharan Africa,Lower middle income,2017,-0.5552419,-34.326,30.9
Tanzania,TZA,Sub-Saharan Africa,Lower middle income,2018,-0.646506599999999,-16.437,28.9
Tanzania,TZA,Sub-Saharan Africa,Lower middle income,2019,-0.6926103,-7.131,25
Tanzania,TZA,Sub-Saharan Africa,Lower middle income,2020,-0.7243573,-4.584,25.5
Tanzania,TZA,Sub-Saharan Africa,Lower middle income,2021,-0.675339199999999,6.767,27.5
Tanzania,TZA,Sub-Saharan Africa,Lower middle income,2022,-0.611127699999999,9.508,31.9
Tanzania,TZA,Sub-Saharan Africa,Lower middle income,2023,-0.5906321,3.354,32.8
Thailand,THA,East Asia & Pacific,Upper middle income,2002,0.0998766,,58.8
Thailand,THA,East Asia & Pacific,Upper middle income,2003,0.1680068,68.214,59.3
Thailand,THA,East Asia & Pacific,Upper middle income,2004,0.3068536,82.644,66.2
Thailand,THA,East Asia & Pacific,Upper middle income,2005,0.3176707,3.525,62.8
Thailand,THA,East Asia & Pacific,Upper middle income,2006,0.2329061,-26.683,60.9
Thailand,THA,East Asia & Pacific,Upper middle income,2007,0.1040205,-55.338,56.6
Thailand,THA,East Asia & Pacific,Upper middle income,2008,0.1161174,11.629,56.5
Thailand,THA,East Asia & Pacific,Upper middle income,2009,0.2582863,122.435,59.7
Thailand,THA,East Asia & Pacific,Upper middle income,2010,0.1736167,-32.781,58.7
Thailand,THA,East Asia & Pacific,Upper middle income,2011,0.1832602,5.554,58.4
Thailand,THA,East Asia & Pacific,Upper middle income,2012,0.0807324,-55.947,56.4
Thailand,THA,East Asia & Pacific,Upper middle income,2013,0.1317821,63.233,58.9
Thailand,THA,East Asia & Pacific,Upper middle income,2014,0.159735,21.211,62.4
Thailand,THA,East Asia & Pacific,Upper middle income,2015,0.2068741,29.511,61.3
Thailand,THA,East Asia & Pacific,Upper middle income,2016,0.1702952,-17.682,61.3
Thailand,THA,East Asia & Pacific,Upper middle income,2017,0.2103023,23.493,64.2
Thailand,THA,East Asia & Pacific,Upper middle income,2018,0.1451222,-30.994,62.3
Thailand,THA,East Asia & Pacific,Upper middle income,2019,0.0906488,-37.536,56.9
Thailand,THA,East Asia & Pacific,Upper middle income,2020,0.0858661,-5.276,57.8
Thailand,THA,East Asia & Pacific,Upper middle income,2021,0.1032065,20.195,58.3
Thailand,THA,East Asia & Pacific,Upper middle income,2022,0.1135856,10.057,60.3
Thailand,THA,East Asia & Pacific,Upper middle income,2023,0.1189791,4.748,59.8
Timor-Leste,TLS,East Asia & Pacific,Lower middle income,2002,-1.3723705,,13.7
Timor-Leste,TLS,East Asia & Pacific,Lower middle income,2003,-1.3722884,0.006,12.1
Timor-Leste,TLS,East Asia & Pacific,Lower middle income,2004,-1.1172319,18.586,14.9
Timor-Leste,TLS,East Asia & Pacific,Lower middle income,2005,-1.09100169999999,2.348,16.3
Timor-Leste,TLS,East Asia & Pacific,Lower middle income,2006,-1.379974,-26.487,6.6
Timor-Leste,TLS,East Asia & Pacific,Lower middle income,2007,-1.4267207,-3.388,5.6
Timor-Leste,TLS,East Asia & Pacific,Lower middle income,2008,-1.25824009999999,11.809,8
Timor-Leste,TLS,East Asia & Pacific,Lower middle income,2009,-1.1156778,11.33,12.9
Timor-Leste,TLS,East Asia & Pacific,Lower middle income,2010,-1.05074999999999,5.82,14.4
Timor-Leste,TLS,East Asia & Pacific,Lower middle income,2011,-1.0106925,3.812,15.8
Timor-Leste,TLS,East Asia & Pacific,Lower middle income,2012,-1.0402101,-2.921,14.9
Timor-Leste,TLS,East Asia & Pacific,Lower middle income,2013,-1.01528709999999,2.396,16.3
Timor-Leste,TLS,East Asia & Pacific,Lower middle income,2014,-0.912575599999999,10.116,16.3
Timor-Leste,TLS,East Asia & Pacific,Lower middle income,2015,-0.962148399999999,-5.432,13.7
Timor-Leste,TLS,East Asia & Pacific,Lower middle income,2016,-0.947669099999999,1.505,13.2
Timor-Leste,TLS,East Asia & Pacific,Lower middle income,2017,-0.9406859,0.737,12.7
Timor-Leste,TLS,East Asia & Pacific,Lower middle income,2018,-0.9373986,0.349,13.2
Timor-Leste,TLS,East Asia & Pacific,Lower middle income,2019,-0.778942199999999,16.904,20.1
Timor-Leste,TLS,East Asia & Pacific,Lower middle income,2020,-0.8651416,-11.066,18.1
Timor-Leste,TLS,East Asia & Pacific,Lower middle income,2021,-0.86557,-0.05,18.1
Timor-Leste,TLS,East Asia & Pacific,Lower middle income,2022,-0.8181904,5.474,21.6
Timor-Leste,TLS,East Asia & Pacific,Lower middle income,2023,-0.806597399999999,1.417,21.6
Togo,TGO,Sub-Saharan Africa,Lower middle income,2002,-1.016575,,19.2
Togo,TGO,Sub-Saharan Africa,Lower middle income,2003,-1.0165468,0.003,19.8
Togo,TGO,Sub-Saharan Africa,Lower middle income,2004,-1.2220261,-20.213,10.8
Togo,TGO,Sub-Saharan Africa,Lower middle income,2005,-1.1648758,4.677,13.3
Togo,TGO,Sub-Saharan Africa,Lower middle income,2006,-0.958902799999999,17.682,16.8
Togo,TGO,Sub-Saharan Africa,Lower middle income,2007,-1.03394189999999,-7.826,16.2
Togo,TGO,Sub-Saharan Africa,Lower middle income,2008,-0.9804423,5.174,16
Togo,TGO,Sub-Saharan Africa,Lower middle income,2009,-0.912534699999999,6.926,17.4
Togo,TGO,Sub-Saharan Africa,Lower middle income,2010,-0.863848,5.335,20.4
Togo,TGO,Sub-Saharan Africa,Lower middle income,2011,-1.01272,-17.234,15.3
Togo,TGO,Sub-Saharan Africa,Lower middle income,2012,-0.8808248,13.024,20.3
Togo,TGO,Sub-Saharan Africa,Lower middle income,2013,-1.0187994,-15.664,15.8
Togo,TGO,Sub-Saharan Africa,Lower middle income,2014,-0.82983,18.548,20.8
Togo,TGO,Sub-Saharan Africa,Lower middle income,2015,-0.8003889,3.548,19.6
Togo,TGO,Sub-Saharan Africa,Lower middle income,2016,-0.7851347,1.906,20.1
Togo,TGO,Sub-Saharan Africa,Lower middle income,2017,-0.7773372,0.993,20.6
Togo,TGO,Sub-Saharan Africa,Lower middle income,2018,-0.682690199999999,12.176,26
Togo,TGO,Sub-Saharan Africa,Lower middle income,2019,-0.6211637,9.012,27.9
Togo,TGO,Sub-Saharan Africa,Lower middle income,2020,-0.4899887,21.118,36.3
Togo,TGO,Sub-Saharan Africa,Lower middle income,2021,-0.4817275,1.686,35.8
Togo,TGO,Sub-Saharan Africa,Lower middle income,2022,-0.4208338,12.641,38.2
Togo,TGO,Sub-Saharan Africa,Lower middle income,2023,-0.4042671,3.937,39.2
Tonga,TON,East Asia & Pacific,Upper middle income,2004,-0.5339446,,36.4
Tonga,TON,East Asia & Pacific,Upper middle income,2005,-0.8450519,-58.266,20.9
Tonga,TON,East Asia & Pacific,Upper middle income,2006,-0.8467458,-0.2,20.3
Tonga,TON,East Asia & Pacific,Upper middle income,2007,-0.7076133,16.431,23.2
Tonga,TON,East Asia & Pacific,Upper middle income,2008,-0.787210899999999,-11.249,21
Tonga,TON,East Asia & Pacific,Upper middle income,2009,-0.4849553,38.396,32.8
Tonga,TON,East Asia & Pacific,Upper middle income,2010,-0.3384571,30.209,43.3
Tonga,TON,East Asia & Pacific,Upper middle income,2011,-0.4223996,-24.802,39.6
Tonga,TON,East Asia & Pacific,Upper middle income,2012,-0.426303899999999,-0.924,40.6
Tonga,TON,East Asia & Pacific,Upper middle income,2013,-0.4057956,4.811,40.1
Tonga,TON,East Asia & Pacific,Upper middle income,2014,-0.28746,29.161,44.1
Tonga,TON,East Asia & Pacific,Upper middle income,2015,-0.2710013,5.726,44.6
Tonga,TON,East Asia & Pacific,Upper middle income,2016,-0.2701397,0.318,41.7
Tonga,TON,East Asia & Pacific,Upper middle income,2017,-0.269227899999999,0.338,40.7
Tonga,TON,East Asia & Pacific,Upper middle income,2018,-0.2508922,6.81,42.2
Tonga,TON,East Asia & Pacific,Upper middle income,2019,-0.240202199999999,4.261,42.6
Tonga,TON,East Asia & Pacific,Upper middle income,2020,-0.3641377,-51.596,40.7
Tonga,TON,East Asia & Pacific,Upper middle income,2021,-0.295677099999999,18.801,42.2
Tonga,TON,East Asia & Pacific,Upper middle income,2022,-0.2814238,4.821,44.1
Tonga,TON,East Asia & Pacific,Upper middle income,2023,-0.232441099999999,17.405,45.6
Trinidad and Tobago,TTO,Latin America & Caribbean,High income,2002,0.6994174,,72
Trinidad and Tobago,TTO,Latin America & Caribbean,High income,2003,0.7440268,6.378,72
Trinidad and Tobago,TTO,Latin America & Caribbean,High income,2004,0.6289755,-15.463,72.3
Trinidad and Tobago,TTO,Latin America & Caribbean,High income,2005,0.6578673,4.593,71.9
Trinidad and Tobago,TTO,Latin America & Caribbean,High income,2006,0.5450022,-17.156,68.5
Trinidad and Tobago,TTO,Latin America & Caribbean,High income,2007,0.6166944,13.154,70.2
Trinidad and Tobago,TTO,Latin America & Caribbean,High income,2008,0.5899607,-4.335,69.5
Trinidad and Tobago,TTO,Latin America & Caribbean,High income,2009,0.528954,-10.341,68.2
Trinidad and Tobago,TTO,Latin America & Caribbean,High income,2010,0.5390951,1.917,66.7
Trinidad and Tobago,TTO,Latin America & Caribbean,High income,2011,0.5212438,-3.311,67.3
Trinidad and Tobago,TTO,Latin America & Caribbean,High income,2012,0.4267825,-18.122,65.8
Trinidad and Tobago,TTO,Latin America & Caribbean,High income,2013,0.405446,-4.999,65.8
Trinidad and Tobago,TTO,Latin America & Caribbean,High income,2014,0.1342879,-66.879,59.9
Trinidad and Tobago,TTO,Latin America & Caribbean,High income,2015,0.0459646,-65.772,53.4
Trinidad and Tobago,TTO,Latin America & Caribbean,High income,2016,0.0143627,-68.753,54.4
Trinidad and Tobago,TTO,Latin America & Caribbean,High income,2017,0.0118333,-17.611,54.4
Trinidad and Tobago,TTO,Latin America & Caribbean,High income,2018,-0.0646447,-646.295,52.5
Trinidad and Tobago,TTO,Latin America & Caribbean,High income,2019,-0.106198199999999,-64.28,47.5
Trinidad and Tobago,TTO,Latin America & Caribbean,High income,2020,-0.1286426,-21.134,48.5
Trinidad and Tobago,TTO,Latin America & Caribbean,High income,2021,-0.0548088,57.395,52
Trinidad and Tobago,TTO,Latin America & Caribbean,High income,2022,-0.0783239,-42.904,52
Trinidad and Tobago,TTO,Latin America & Caribbean,High income,2023,-0.165110999999999,-110.805,48.5
Tunisia,TUN,"Middle East, North Africa, Afghanistan & Pakistan",Lower middle income,2002,-0.0626854999999999,,54.4
Tunisia,TUN,"Middle East, North Africa, Afghanistan & Pakistan",Lower middle income,2003,0.0056435,109.003,55.5
Tunisia,TUN,"Middle East, North Africa, Afghanistan & Pakistan",Lower middle income,2004,-0.0919895,-1730.008,54.9
Tunisia,TUN,"Middle East, North Africa, Afghanistan & Pakistan",Lower middle income,2005,-0.1538909,-67.292,53.6
Tunisia,TUN,"Middle East, North Africa, Afghanistan & Pakistan",Lower middle income,2006,0.2702596,275.618,61.4
Tunisia,TUN,"Middle East, North Africa, Afghanistan & Pakistan",Lower middle income,2007,0.2365949,-12.456,60.6
Tunisia,TUN,"Middle East, North Africa, Afghanistan & Pakistan",Lower middle income,2008,0.271029,14.554,59.5
Tunisia,TUN,"Middle East, North Africa, Afghanistan & Pakistan",Lower middle income,2009,0.2524283,-6.863,58.7
Tunisia,TUN,"Middle East, North Africa, Afghanistan & Pakistan",Lower middle income,2010,0.0242836,-90.38,55.7
Tunisia,TUN,"Middle East, North Africa, Afghanistan & Pakistan",Lower middle income,2011,-0.2172419,-994.603,48.5
Tunisia,TUN,"Middle East, North Africa, Afghanistan & Pakistan",Lower middle income,2012,-0.1699356,21.776,51.5
Tunisia,TUN,"Middle East, North Africa, Afghanistan & Pakistan",Lower middle income,2013,-0.231884899999999,-36.455,48.5
Tunisia,TUN,"Middle East, North Africa, Afghanistan & Pakistan",Lower middle income,2014,-0.3534173,-52.411,41.6
Tunisia,TUN,"Middle East, North Africa, Afghanistan & Pakistan",Lower middle income,2015,-0.376347899999999,-6.488,39.7
Tunisia,TUN,"Middle East, North Africa, Afghanistan & Pakistan",Lower middle income,2016,-0.4256004,-13.087,34.8
Tunisia,TUN,"Middle East, North Africa, Afghanistan & Pakistan",Lower middle income,2017,-0.120353499999999,71.721,48
Tunisia,TUN,"Middle East, North Africa, Afghanistan & Pakistan",Lower middle income,2018,-0.1170001,2.786,50
Tunisia,TUN,"Middle East, North Africa, Afghanistan & Pakistan",Lower middle income,2019,-0.143639,-22.768,46.1
Tunisia,TUN,"Middle East, North Africa, Afghanistan & Pakistan",Lower middle income,2020,-0.1095893,23.705,50.5
Tunisia,TUN,"Middle East, North Africa, Afghanistan & Pakistan",Lower middle income,2021,-0.199470099999999,-82.016,44.6
Tunisia,TUN,"Middle East, North Africa, Afghanistan & Pakistan",Lower middle income,2022,-0.3336702,-67.278,43.1
Tunisia,TUN,"Middle East, North Africa, Afghanistan & Pakistan",Lower middle income,2023,-0.4344534,-30.204,37.7
Turkiye,TUR,Europe & Central Asia,Upper middle income,2002,0.0360878,,57.1
Turkiye,TUR,Europe & Central Asia,Upper middle income,2003,0.0851509,135.955,57.1
Turkiye,TUR,Europe & Central Asia,Upper middle income,2004,-0.0314,-136.876,57.9
Turkiye,TUR,Europe & Central Asia,Upper middle income,2005,0.1284345,509.027,59.2
Turkiye,TUR,Europe & Central Asia,Upper middle income,2006,0.2843555,121.401,61.9
Turkiye,TUR,Europe & Central Asia,Upper middle income,2007,0.3245614,14.139,62.6
Turkiye,TUR,Europe & Central Asia,Upper middle income,2008,0.3175233,-2.168,62
Turkiye,TUR,Europe & Central Asia,Upper middle income,2009,0.3810079,19.994,63.7
Turkiye,TUR,Europe & Central Asia,Upper middle income,2010,0.3744715,-1.716,62.7
Turkiye,TUR,Europe & Central Asia,Upper middle income,2011,0.3816131,1.907,64.9
Turkiye,TUR,Europe & Central Asia,Upper middle income,2012,0.4714134,23.532,66.3
Turkiye,TUR,Europe & Central Asia,Upper middle income,2013,0.4789095,1.59,67.3
Turkiye,TUR,Europe & Central Asia,Upper middle income,2014,0.368902,-22.97,68.3
Turkiye,TUR,Europe & Central Asia,Upper middle income,2015,0.2171826,-41.127,62.3
Turkiye,TUR,Europe & Central Asia,Upper middle income,2016,0.1543103,-28.949,59.3
Turkiye,TUR,Europe & Central Asia,Upper middle income,2017,0.1437151,-6.866,60.8
Turkiye,TUR,Europe & Central Asia,Upper middle income,2018,0.0517731,-63.975,55.9
Turkiye,TUR,Europe & Central Asia,Upper middle income,2019,-0.0157501,-130.421,53.9
Turkiye,TUR,Europe & Central Asia,Upper middle income,2020,-0.1651388,-948.494,44.6
Turkiye,TUR,Europe & Central Asia,Upper middle income,2021,-0.123133799999999,25.436,49.5
Turkiye,TUR,Europe & Central Asia,Upper middle income,2022,-0.229146699999999,-86.096,45.1
Turkiye,TUR,Europe & Central Asia,Upper middle income,2023,-0.2108777,7.973,46.1
Turkmenistan,TKM,Europe & Central Asia,Upper middle income,2002,-1.89467039999999,,4.4
Turkmenistan,TKM,Europe & Central Asia,Upper middle income,2003,-1.8192796,3.979,3.8
Turkmenistan,TKM,Europe & Central Asia,Upper middle income,2004,-1.8551528,-1.972,1.5
Turkmenistan,TKM,Europe & Central Asia,Upper middle income,2005,-2.0857075,-12.428,0.5
Turkmenistan,TKM,Europe & Central Asia,Upper middle income,2006,-2.08658539999999,-0.042,0.5
Turkmenistan,TKM,Europe & Central Asia,Upper middle income,2007,-1.96156779999999,5.991,1.5
Turkmenistan,TKM,Europe & Central Asia,Upper middle income,2008,-1.88063229999999,4.126,2
Turkmenistan,TKM,Europe & Central Asia,Upper middle income,2009,-1.91090309999999,-1.61,1.5
Turkmenistan,TKM,Europe & Central Asia,Upper middle income,2010,-1.80947409999999,5.308,1.5
Turkmenistan,TKM,Europe & Central Asia,Upper middle income,2011,-1.8503884,-2.261,1
Turkmenistan,TKM,Europe & Central Asia,Upper middle income,2012,-1.7992419,2.764,1.5
Turkmenistan,TKM,Europe & Central Asia,Upper middle income,2013,-1.79964479999999,-0.022,1.5
Turkmenistan,TKM,Europe & Central Asia,Upper middle income,2014,-1.7372842,3.465,2
Turkmenistan,TKM,Europe & Central Asia,Upper middle income,2015,-1.73471859999999,0.148,2
Turkmenistan,TKM,Europe & Central Asia,Upper middle income,2016,-1.7890027,-3.129,2
Turkmenistan,TKM,Europe & Central Asia,Upper middle income,2017,-1.788368,0.035,2.9
Turkmenistan,TKM,Europe & Central Asia,Upper middle income,2018,-1.75874429999999,1.656,2.9
Turkmenistan,TKM,Europe & Central Asia,Upper middle income,2019,-1.709228,2.815,2.9
Turkmenistan,TKM,Europe & Central Asia,Upper middle income,2020,-1.7106544,-0.083,2.9
Turkmenistan,TKM,Europe & Central Asia,Upper middle income,2021,-1.7112281,-0.034,3.4
Turkmenistan,TKM,Europe & Central Asia,Upper middle income,2022,-1.7127572,-0.089,3.4
Turkmenistan,TKM,Europe & Central Asia,Upper middle income,2023,-1.7125943,0.01,2.9
Tuvalu,TUV,East Asia & Pacific,Upper middle income,2004,-0.3330276,,46.7
Tuvalu,TUV,East Asia & Pacific,Upper middle income,2005,-0.2447789,26.499,48.5
Tuvalu,TUV,East Asia & Pacific,Upper middle income,2006,-0.5612666,-129.295,28.4
Tuvalu,TUV,East Asia & Pacific,Upper middle income,2007,-0.6407714,-14.165,25.3
Tuvalu,TUV,East Asia & Pacific,Upper middle income,2008,-0.9564984,-49.273,17
Tuvalu,TUV,East Asia & Pacific,Upper middle income,2009,-0.8319746,13.019,20.4
Tuvalu,TUV,East Asia & Pacific,Upper middle income,2010,-0.8745005,-5.111,18.9
Tuvalu,TUV,East Asia & Pacific,Upper middle income,2011,-0.8735542,0.108,19.8
Tuvalu,TUV,East Asia & Pacific,Upper middle income,2012,-1.06002859999999,-21.347,12.9
Tuvalu,TUV,East Asia & Pacific,Upper middle income,2013,-1.08244569999999,-2.115,13.4
Tuvalu,TUV,East Asia & Pacific,Upper middle income,2014,-0.7135284,34.082,28.2
Tuvalu,TUV,East Asia & Pacific,Upper middle income,2015,-0.6156739,13.714,30.4
Tuvalu,TUV,East Asia & Pacific,Upper middle income,2016,-0.5928768,3.703,29.4
Tuvalu,TUV,East Asia & Pacific,Upper middle income,2017,-0.6975517,-17.655,23
Tuvalu,TUV,East Asia & Pacific,Upper middle income,2018,-0.5911484,15.254,30.4
Tuvalu,TUV,East Asia & Pacific,Upper middle income,2019,-0.5897831,0.231,29.4
Tuvalu,TUV,East Asia & Pacific,Upper middle income,2020,-0.6850119,-16.146,28.9
Tuvalu,TUV,East Asia & Pacific,Upper middle income,2021,-0.5930428,13.426,31.4
Tuvalu,TUV,East Asia & Pacific,Upper middle income,2022,-0.573895199999999,3.229,33.8
Tuvalu,TUV,East Asia & Pacific,Upper middle income,2023,-0.6665338,-16.142,29.4
Uganda,UGA,Sub-Saharan Africa,Low income,2002,-0.2308824,,48.4
Uganda,UGA,Sub-Saharan Africa,Low income,2003,-0.2482603,-7.527,48.4
Uganda,UGA,Sub-Saharan Africa,Low income,2004,-0.1779055,28.339,51.3
Uganda,UGA,Sub-Saharan Africa,Low income,2005,-0.1906927,-7.188,51
Uganda,UGA,Sub-Saharan Africa,Low income,2006,-0.3562052,-86.795,43.1
Uganda,UGA,Sub-Saharan Africa,Low income,2007,-0.3227141,9.402,43.4
Uganda,UGA,Sub-Saharan Africa,Low income,2008,-0.2909392,9.846,45.5
Uganda,UGA,Sub-Saharan Africa,Low income,2009,-0.3237885,-11.291,44.3
Uganda,UGA,Sub-Saharan Africa,Low income,2010,-0.289138699999999,10.701,43.8
Uganda,UGA,Sub-Saharan Africa,Low income,2011,-0.3369277,-16.528,43.1
Uganda,UGA,Sub-Saharan Africa,Low income,2012,-0.424255799999999,-25.919,41.1
Uganda,UGA,Sub-Saharan Africa,Low income,2013,-0.438637599999999,-3.39,38.1
Uganda,UGA,Sub-Saharan Africa,Low income,2014,-0.407845399999999,7.02,39.6
Uganda,UGA,Sub-Saharan Africa,Low income,2015,-0.3835765,5.951,38.7
Uganda,UGA,Sub-Saharan Africa,Low income,2016,-0.394003899999999,-2.718,38.2
Uganda,UGA,Sub-Saharan Africa,Low income,2017,-0.3744284,4.968,37.3
Uganda,UGA,Sub-Saharan Africa,Low income,2018,-0.4010959,-7.122,36.8
Uganda,UGA,Sub-Saharan Africa,Low income,2019,-0.4755833,-18.571,35.8
Uganda,UGA,Sub-Saharan Africa,Low income,2020,-0.4951406,-4.112,35.8
Uganda,UGA,Sub-Saharan Africa,Low income,2021,-0.4789234,3.275,36.3
Uganda,UGA,Sub-Saharan Africa,Low income,2022,-0.4763192,0.544,36.3
Uganda,UGA,Sub-Saharan Africa,Low income,2023,-0.500208099999999,-5.015,35.8
Ukraine,UKR,Europe & Central Asia,Upper middle income,2002,-0.8356555,,25.3
Ukraine,UKR,Europe & Central Asia,Upper middle income,2003,-0.7460564,10.722,26.9
Ukraine,UKR,Europe & Central Asia,Upper middle income,2004,-0.4457248,40.256,41
Ukraine,UKR,Europe & Central Asia,Upper middle income,2005,-0.423319499999999,5.027,39.3
Ukraine,UKR,Europe & Central Asia,Upper middle income,2006,-0.3384871,20.04,44.2
Ukraine,UKR,Europe & Central Asia,Upper middle income,2007,-0.3296088,2.623,42.4
Ukraine,UKR,Europe & Central Asia,Upper middle income,2008,-0.5991555,-81.778,28
Ukraine,UKR,Europe & Central Asia,Upper middle income,2009,-0.6679509,-11.482,26.9
Ukraine,UKR,Europe & Central Asia,Upper middle income,2010,-0.5820073,12.867,27.9
Ukraine,UKR,Europe & Central Asia,Upper middle income,2011,-0.7940784,-36.438,24.3
Ukraine,UKR,Europe & Central Asia,Upper middle income,2012,-0.691518299999999,12.916,28.7
Ukraine,UKR,Europe & Central Asia,Upper middle income,2013,-0.6663049,3.646,30.2
Ukraine,UKR,Europe & Central Asia,Upper middle income,2014,-0.622940199999999,6.508,30.7
Ukraine,UKR,Europe & Central Asia,Upper middle income,2015,-0.6169589,0.96,29.9
Ukraine,UKR,Europe & Central Asia,Upper middle income,2016,-0.522695,15.279,31.4
Ukraine,UKR,Europe & Central Asia,Upper middle income,2017,-0.368446699999999,29.51,38.2
Ukraine,UKR,Europe & Central Asia,Upper middle income,2018,-0.3505756,4.85,39.2
Ukraine,UKR,Europe & Central Asia,Upper middle income,2019,-0.2900464,17.266,41.7
Ukraine,UKR,Europe & Central Asia,Upper middle income,2020,-0.349632599999999,-20.544,41.7
Ukraine,UKR,Europe & Central Asia,Upper middle income,2021,-0.3585413,-2.548,40.7
Ukraine,UKR,Europe & Central Asia,Upper middle income,2022,-0.412279199999999,-14.988,39.2
Ukraine,UKR,Europe & Central Asia,Upper middle income,2023,-0.3782819,8.246,41.2
United Arab Emirates,ARE,"Middle East, North Africa, Afghanistan & Pakistan",High income,2002,1.1822947,,83
United Arab Emirates,ARE,"Middle East, North Africa, Afghanistan & Pakistan",High income,2003,1.1073628,-6.338,79.1
United Arab Emirates,ARE,"Middle East, North Africa, Afghanistan & Pakistan",High income,2004,0.6760348,-38.951,74.4
United Arab Emirates,ARE,"Middle East, North Africa, Afghanistan & Pakistan",High income,2005,0.5730068,-15.24,69.4
United Arab Emirates,ARE,"Middle East, North Africa, Afghanistan & Pakistan",High income,2006,0.7108516,24.056,74.1
United Arab Emirates,ARE,"Middle East, North Africa, Afghanistan & Pakistan",High income,2007,0.7403079,4.144,73.7
United Arab Emirates,ARE,"Middle East, North Africa, Afghanistan & Pakistan",High income,2008,0.8400373,13.471,76
United Arab Emirates,ARE,"Middle East, North Africa, Afghanistan & Pakistan",High income,2009,0.8210812,-2.257,75.1
United Arab Emirates,ARE,"Middle East, North Africa, Afghanistan & Pakistan",High income,2010,0.740264,-9.843,73.6
United Arab Emirates,ARE,"Middle East, North Africa, Afghanistan & Pakistan",High income,2011,0.8903942,20.281,77.7
United Arab Emirates,ARE,"Middle East, North Africa, Afghanistan & Pakistan",High income,2012,0.8455589,-5.035,76.7
United Arab Emirates,ARE,"Middle East, North Africa, Afghanistan & Pakistan",High income,2013,0.9903687,17.126,81.7
United Arab Emirates,ARE,"Middle East, North Africa, Afghanistan & Pakistan",High income,2014,1.0740464,8.449,86.6
United Arab Emirates,ARE,"Middle East, North Africa, Afghanistan & Pakistan",High income,2015,1.1787876,9.752,86.8
United Arab Emirates,ARE,"Middle East, North Africa, Afghanistan & Pakistan",High income,2016,1.0781755,-8.535,84.8
United Arab Emirates,ARE,"Middle East, North Africa, Afghanistan & Pakistan",High income,2017,1.1113817,3.08,84.3
United Arab Emirates,ARE,"Middle East, North Africa, Afghanistan & Pakistan",High income,2018,1.079234,-2.893,84.8
United Arab Emirates,ARE,"Middle East, North Africa, Afghanistan & Pakistan",High income,2019,1.1457173,6.16,86.3
United Arab Emirates,ARE,"Middle East, North Africa, Afghanistan & Pakistan",High income,2020,1.0663206,-6.93,84.3
United Arab Emirates,ARE,"Middle East, North Africa, Afghanistan & Pakistan",High income,2021,1.0613347,-0.468,83.8
United Arab Emirates,ARE,"Middle East, North Africa, Afghanistan & Pakistan",High income,2022,1.0576162,-0.35,84.3
United Arab Emirates,ARE,"Middle East, North Africa, Afghanistan & Pakistan",High income,2023,1.105352,4.514,86.3
United Kingdom,GBR,Europe & Central Asia,High income,2002,1.920474,,95.6
United Kingdom,GBR,Europe & Central Asia,High income,2003,1.8697018,-2.644,95.6
United Kingdom,GBR,Europe & Central Asia,High income,2004,1.9029927,1.781,97.9
United Kingdom,GBR,Europe & Central Asia,High income,2005,1.8447986,-3.058,95.9
United Kingdom,GBR,Europe & Central Asia,High income,2006,2.0036658,8.612,99
United Kingdom,GBR,Europe & Central Asia,High income,2007,1.892217,-5.562,97.5
United Kingdom,GBR,Europe & Central Asia,High income,2008,1.7274858,-8.706,95
United Kingdom,GBR,Europe & Central Asia,High income,2009,1.5391758,-10.901,91.5
United Kingdom,GBR,Europe & Central Asia,High income,2010,1.5460857,0.449,92
United Kingdom,GBR,Europe & Central Asia,High income,2011,1.5667449,1.336,93.1
United Kingdom,GBR,Europe & Central Asia,High income,2012,1.6452124,5.008,93.1
United Kingdom,GBR,Europe & Central Asia,High income,2013,1.7276964,5.014,93.1
United Kingdom,GBR,Europe & Central Asia,High income,2014,1.7334142,0.331,96.5
United Kingdom,GBR,Europe & Central Asia,High income,2015,1.8137278,4.633,98
United Kingdom,GBR,Europe & Central Asia,High income,2016,1.6810285,-7.316,93.1
United Kingdom,GBR,Europe & Central Asia,High income,2017,1.6694233,-0.69,94.1
United Kingdom,GBR,Europe & Central Asia,High income,2018,1.6748823,0.327,94.1
United Kingdom,GBR,Europe & Central Asia,High income,2019,1.7134917,2.305,94.6
United Kingdom,GBR,Europe & Central Asia,High income,2020,1.6013639,-6.544,94.1
United Kingdom,GBR,Europe & Central Asia,High income,2021,1.600758,-0.038,92.6
United Kingdom,GBR,Europe & Central Asia,High income,2022,1.6491931,3.026,95.1
United Kingdom,GBR,Europe & Central Asia,High income,2023,1.5889865,-3.651,94.1
United States,USA,North America,High income,2002,1.7368901,,92.3
United States,USA,North America,High income,2003,1.6802584,-3.261,91.8
United States,USA,North America,High income,2004,1.6757421,-0.269,92.8
United States,USA,North America,High income,2005,1.7387257,3.759,92.3
United States,USA,North America,High income,2006,1.673324,-3.761,92.4
United States,USA,North America,High income,2007,1.5170645,-9.338,89.4
United States,USA,North America,High income,2008,1.5266593,0.632,90.5
United States,USA,North America,High income,2009,1.3091242,-14.249,86.6
United States,USA,North America,High income,2010,1.3517357,3.255,87.6
United States,USA,North America,High income,2011,1.3974735,3.384,88.1
United States,USA,North America,High income,2012,1.4422743,3.206,88.6
United States,USA,North America,High income,2013,1.3908667,-3.564,88.1
United States,USA,North America,High income,2014,1.2856555,-7.564,89.1
United States,USA,North America,High income,2015,1.2919442,0.489,88.7
United States,USA,North America,High income,2016,1.4076516,8.956,90.2
United States,USA,North America,High income,2017,1.509025,7.202,91.2
United States,USA,North America,High income,2018,1.484217,-1.644,90.7
United States,USA,North America,High income,2019,1.3675576,-7.86,88.7
United States,USA,North America,High income,2020,1.2778639,-6.559,88.2
United States,USA,North America,High income,2021,1.4642419,14.585,90.7
United States,USA,North America,High income,2022,1.4588295,-0.37,91.7
United States,USA,North America,High income,2023,1.4306863,-1.929,91.2
Uruguay,URY,Latin America & Caribbean,High income,2002,0.5083321,,67.6
Uruguay,URY,Latin America & Caribbean,High income,2003,0.2544708,-49.94,63.2
Uruguay,URY,Latin America & Caribbean,High income,2004,0.2591788,1.85,65.6
Uruguay,URY,Latin America & Caribbean,High income,2005,0.3255794,25.62,63.8
Uruguay,URY,Latin America & Caribbean,High income,2006,0.3849319,18.23,66
Uruguay,URY,Latin America & Caribbean,High income,2007,0.3975365,3.275,65.7
Uruguay,URY,Latin America & Caribbean,High income,2008,0.4574726,15.077,67
Uruguay,URY,Latin America & Caribbean,High income,2009,0.3817669,-16.549,64.2
Uruguay,URY,Latin America & Caribbean,High income,2010,0.5530161,44.857,67.2
Uruguay,URY,Latin America & Caribbean,High income,2011,0.5344837,-3.351,68.3
Uruguay,URY,Latin America & Caribbean,High income,2012,0.673071,25.929,72.3
Uruguay,URY,Latin America & Caribbean,High income,2013,0.7567232,12.428,74.8
Uruguay,URY,Latin America & Caribbean,High income,2014,0.7213547,-4.674,77.2
Uruguay,URY,Latin America & Caribbean,High income,2015,0.6538176,-9.363,75.5
Uruguay,URY,Latin America & Caribbean,High income,2016,0.7356692,12.519,75.5
Uruguay,URY,Latin America & Caribbean,High income,2017,0.697186,-5.231,75
Uruguay,URY,Latin America & Caribbean,High income,2018,0.5998986,-13.954,74
Uruguay,URY,Latin America & Caribbean,High income,2019,0.6290701,4.863,73.5
Uruguay,URY,Latin America & Caribbean,High income,2020,0.6994509,11.188,76
Uruguay,URY,Latin America & Caribbean,High income,2021,0.7331802,4.822,75.5
Uruguay,URY,Latin America & Caribbean,High income,2022,0.7251419,-1.096,75.5
Uruguay,URY,Latin America & Caribbean,High income,2023,0.737625,1.721,77.5
Uzbekistan,UZB,Europe & Central Asia,Lower middle income,2002,-1.7245787,,4.9
Uzbekistan,UZB,Europe & Central Asia,Lower middle income,2003,-1.6968231,1.609,4.4
Uzbekistan,UZB,Europe & Central Asia,Lower middle income,2004,-1.6385296,3.435,3.6
Uzbekistan,UZB,Europe & Central Asia,Lower middle income,2005,-1.61280659999999,1.57,3.6
Uzbekistan,UZB,Europe & Central Asia,Lower middle income,2006,-1.5906725,1.372,3.6
Uzbekistan,UZB,Europe & Central Asia,Lower middle income,2007,-1.4473985,9.007,5.1
Uzbekistan,UZB,Europe & Central Asia,Lower middle income,2008,-1.4130371,2.374,5.5
Uzbekistan,UZB,Europe & Central Asia,Lower middle income,2009,-1.4821917,-4.894,5
Uzbekistan,UZB,Europe & Central Asia,Lower middle income,2010,-1.5049808,-1.538,4.5
Uzbekistan,UZB,Europe & Central Asia,Lower middle income,2011,-1.58081579999999,-5.039,3.5
Uzbekistan,UZB,Europe & Central Asia,Lower middle income,2012,-1.4475479,8.43,4
Uzbekistan,UZB,Europe & Central Asia,Lower middle income,2013,-1.4471998,0.024,5.9
Uzbekistan,UZB,Europe & Central Asia,Lower middle income,2014,-1.46679539999999,-1.354,5.4
Uzbekistan,UZB,Europe & Central Asia,Lower middle income,2015,-1.4349451,2.171,5.4
Uzbekistan,UZB,Europe & Central Asia,Lower middle income,2016,-1.4002382,2.419,5.4
Uzbekistan,UZB,Europe & Central Asia,Lower middle income,2017,-1.2927183,7.679,6.9
Uzbekistan,UZB,Europe & Central Asia,Lower middle income,2018,-1.1476921,11.219,10.8
Uzbekistan,UZB,Europe & Central Asia,Lower middle income,2019,-0.9215511,19.704,13.7
Uzbekistan,UZB,Europe & Central Asia,Lower middle income,2020,-1.0224974,-10.954,12.7
Uzbekistan,UZB,Europe & Central Asia,Lower middle income,2021,-0.6939061,32.136,26.5
Uzbekistan,UZB,Europe & Central Asia,Lower middle income,2022,-0.648251799999999,6.579,29.4
Uzbekistan,UZB,Europe & Central Asia,Lower middle income,2023,-0.6716791,-3.614,28.9
Vanuatu,VUT,East Asia & Pacific,Lower middle income,2004,-0.1464623,,52.8
Vanuatu,VUT,East Asia & Pacific,Lower middle income,2005,-0.3642103,-148.672,43.9
Vanuatu,VUT,East Asia & Pacific,Lower middle income,2006,-0.4588083,-25.973,38.1
Vanuatu,VUT,East Asia & Pacific,Lower middle income,2007,-0.464019399999999,-1.136,34.3
Vanuatu,VUT,East Asia & Pacific,Lower middle income,2008,-0.6286493,-35.479,27.5
Vanuatu,VUT,East Asia & Pacific,Lower middle income,2009,-0.580719,7.624,28.4
Vanuatu,VUT,East Asia & Pacific,Lower middle income,2010,-0.611611,-5.32,27.4
Vanuatu,VUT,East Asia & Pacific,Lower middle income,2011,-0.5318767,13.037,31.2
Vanuatu,VUT,East Asia & Pacific,Lower middle income,2012,-0.5548316,-4.316,31.2
Vanuatu,VUT,East Asia & Pacific,Lower middle income,2013,-0.3918952,29.367,41.6
Vanuatu,VUT,East Asia & Pacific,Lower middle income,2014,-0.2618719,33.178,46
Vanuatu,VUT,East Asia & Pacific,Lower middle income,2015,-0.2892261,-10.446,44.1
Vanuatu,VUT,East Asia & Pacific,Lower middle income,2016,-0.346107899999999,-19.667,40.2
Vanuatu,VUT,East Asia & Pacific,Lower middle income,2017,-0.3451962,0.263,39.2
Vanuatu,VUT,East Asia & Pacific,Lower middle income,2018,-0.447011,-29.495,35.3
Vanuatu,VUT,East Asia & Pacific,Lower middle income,2019,-0.3671642,17.862,39.2
Vanuatu,VUT,East Asia & Pacific,Lower middle income,2020,-0.421942999999999,-14.919,38.7
Vanuatu,VUT,East Asia & Pacific,Lower middle income,2021,-0.4321259,-2.413,37.3
Vanuatu,VUT,East Asia & Pacific,Lower middle income,2022,-0.4178727,3.298,38.7
Vanuatu,VUT,East Asia & Pacific,Lower middle income,2023,-0.410014799999999,1.88,38.2
"Venezuela, RB",VEN,Latin America & Caribbean,Lower middle income,2002,-0.7253855,,31.3
"Venezuela, RB",VEN,Latin America & Caribbean,Lower middle income,2003,-1.1397629,-57.125,17.6
"Venezuela, RB",VEN,Latin America & Caribbean,Lower middle income,2004,-1.1051905,3.033,16.4
"Venezuela, RB",VEN,Latin America & Caribbean,Lower middle income,2005,-1.102026,0.286,15.8
"Venezuela, RB",VEN,Latin America & Caribbean,Lower middle income,2006,-1.2117558,-9.957,10.7
"Venezuela, RB",VEN,Latin America & Caribbean,Lower middle income,2007,-1.4169013,-16.93,6.1
"Venezuela, RB",VEN,Latin America & Caribbean,Lower middle income,2008,-1.4656249,-3.439,4.5
"Venezuela, RB",VEN,Latin America & Caribbean,Lower middle income,2009,-1.4445751,1.436,6
"Venezuela, RB",VEN,Latin America & Caribbean,Lower middle income,2010,-1.54685569999999,-7.08,4
"Venezuela, RB",VEN,Latin America & Caribbean,Lower middle income,2011,-1.34751019999999,12.887,6.9
"Venezuela, RB",VEN,Latin America & Caribbean,Lower middle income,2012,-1.4702376,-9.108,3.5
"Venezuela, RB",VEN,Latin America & Caribbean,Lower middle income,2013,-1.5140943,-2.983,4.5
"Venezuela, RB",VEN,Latin America & Caribbean,Lower middle income,2014,-1.7057535,-12.658,3
"Venezuela, RB",VEN,Latin America & Caribbean,Lower middle income,2015,-1.699118,0.389,2.5
"Venezuela, RB",VEN,Latin America & Caribbean,Lower middle income,2016,-1.7645909,-3.853,2.5
"Venezuela, RB",VEN,Latin America & Caribbean,Lower middle income,2017,-1.83044379999999,-3.732,2
"Venezuela, RB",VEN,Latin America & Caribbean,Lower middle income,2018,-2.1462308,-17.252,0
"Venezuela, RB",VEN,Latin America & Caribbean,Lower middle income,2019,-2.1726804,-1.232,0
"Venezuela, RB",VEN,Latin America & Caribbean,Lower middle income,2020,-2.1686654,0.185,0
"Venezuela, RB",VEN,Latin America & Caribbean,Lower middle income,2021,-2.0857455,3.824,0
"Venezuela, RB",VEN,Latin America & Caribbean,Lower middle income,2022,-1.92474099999999,7.719,1.5
"Venezuela, RB",VEN,Latin America & Caribbean,Lower middle income,2023,-1.88791999999999,1.913,1.5
Viet Nam,VNM,East Asia & Pacific,Upper middle income,2002,-0.834225,,25.8
Viet Nam,VNM,East Asia & Pacific,Upper middle income,2003,-0.7384175,11.485,28
Viet Nam,VNM,East Asia & Pacific,Upper middle income,2004,-0.5742238,22.236,33.8
Viet Nam,VNM,East Asia & Pacific,Upper middle income,2005,-0.5216355,9.158,34.7
Viet Nam,VNM,East Asia & Pacific,Upper middle income,2006,-0.4928586,5.517,35
Viet Nam,VNM,East Asia & Pacific,Upper middle income,2007,-0.4322833,12.291,37.4
Viet Nam,VNM,East Asia & Pacific,Upper middle income,2008,-0.4332135,-0.215,37
Viet Nam,VNM,East Asia & Pacific,Upper middle income,2009,-0.493849,-13.997,32.3
Viet Nam,VNM,East Asia & Pacific,Upper middle income,2010,-0.542973399999999,-9.947,29.9
Viet Nam,VNM,East Asia & Pacific,Upper middle income,2011,-0.4919809,9.391,33.2
Viet Nam,VNM,East Asia & Pacific,Upper middle income,2012,-0.633676999999999,-28.801,30.2
Viet Nam,VNM,East Asia & Pacific,Upper middle income,2013,-0.600268599999999,5.272,32.2
Viet Nam,VNM,East Asia & Pacific,Upper middle income,2014,-0.4870771,18.857,36.1
Viet Nam,VNM,East Asia & Pacific,Upper middle income,2015,-0.328967399999999,32.461,41.7
Viet Nam,VNM,East Asia & Pacific,Upper middle income,2016,-0.3117465,5.235,41.2
Viet Nam,VNM,East Asia & Pacific,Upper middle income,2017,-0.2736109,12.233,40.2
Viet Nam,VNM,East Asia & Pacific,Upper middle income,2018,-0.2920712,-6.747,41.7
Viet Nam,VNM,East Asia & Pacific,Upper middle income,2019,-0.278044299999999,4.803,42.2
Viet Nam,VNM,East Asia & Pacific,Upper middle income,2020,-0.235853099999999,15.174,43.6
Viet Nam,VNM,East Asia & Pacific,Upper middle income,2021,-0.3447202,-46.159,41.7
Viet Nam,VNM,East Asia & Pacific,Upper middle income,2022,-0.347202499999999,-0.72,42.6
Viet Nam,VNM,East Asia & Pacific,Upper middle income,2023,-0.2794316,19.519,43.6
Virgin Islands (U.S.),VIR,Latin America & Caribbean,High income,2004,0.7576631,,76.9
Virgin Islands (U.S.),VIR,Latin America & Caribbean,High income,2005,1.2902267,70.29,85.2
Virgin Islands (U.S.),VIR,Latin America & Caribbean,High income,2006,0.9312473,-27.823,77.7
Virgin Islands (U.S.),VIR,Latin America & Caribbean,High income,2007,0.9378417,0.708,77.3
Virgin Islands (U.S.),VIR,Latin America & Caribbean,High income,2008,0.9349171,-0.312,78
Virgin Islands (U.S.),VIR,Latin America & Caribbean,High income,2009,0.9309992,-0.419,78.1
Virgin Islands (U.S.),VIR,Latin America & Caribbean,High income,2010,0.9311505,0.016,79.6
Virgin Islands (U.S.),VIR,Latin America & Caribbean,High income,2011,0.9322238,0.115,80.7
Virgin Islands (U.S.),VIR,Latin America & Caribbean,High income,2012,0.9204959,-1.258,78.7
Virgin Islands (U.S.),VIR,Latin America & Caribbean,High income,2013,0.9187576,-0.189,79.2
Virgin Islands (U.S.),VIR,Latin America & Caribbean,High income,2014,0.6188909,-32.638,74.8
Virgin Islands (U.S.),VIR,Latin America & Caribbean,High income,2015,0.6299601,1.789,74
Virgin Islands (U.S.),VIR,Latin America & Caribbean,High income,2016,0.8693433,38,78.4
Virgin Islands (U.S.),VIR,Latin America & Caribbean,High income,2017,0.8720819,0.315,77.9
Virgin Islands (U.S.),VIR,Latin America & Caribbean,High income,2018,0.8732079,0.129,78.4
Virgin Islands (U.S.),VIR,Latin America & Caribbean,High income,2019,1.1130552,27.467,85.3
Virgin Islands (U.S.),VIR,Latin America & Caribbean,High income,2020,1.1078572,-0.467,86.3
Virgin Islands (U.S.),VIR,Latin America & Caribbean,High income,2021,1.1057664,-0.189,85.3
Virgin Islands (U.S.),VIR,Latin America & Caribbean,High income,2022,1.1001942,-0.504,85.3
Virgin Islands (U.S.),VIR,Latin America & Caribbean,High income,2023,1.100788,0.054,85.3
West Bank and Gaza,PSE,"Middle East, North Africa, Afghanistan & Pakistan",Lower middle income,2002,-1.0171786,,18.1
West Bank and Gaza,PSE,"Middle East, North Africa, Afghanistan & Pakistan",Lower middle income,2003,-1.1946922,-17.452,15.9
West Bank and Gaza,PSE,"Middle East, North Africa, Afghanistan & Pakistan",Lower middle income,2004,-0.5491338,54.036,35.4
West Bank and Gaza,PSE,"Middle East, North Africa, Afghanistan & Pakistan",Lower middle income,2005,-0.6192369,-12.766,28.6
West Bank and Gaza,PSE,"Middle East, North Africa, Afghanistan & Pakistan",Lower middle income,2006,-0.6219716,-0.442,25.9
West Bank and Gaza,PSE,"Middle East, North Africa, Afghanistan & Pakistan",Lower middle income,2007,-0.8736607,-40.466,18.7
West Bank and Gaza,PSE,"Middle East, North Africa, Afghanistan & Pakistan",Lower middle income,2008,-0.747547,14.435,22.5
West Bank and Gaza,PSE,"Middle East, North Africa, Afghanistan & Pakistan",Lower middle income,2009,-0.1580724,78.855,48.8
West Bank and Gaza,PSE,"Middle East, North Africa, Afghanistan & Pakistan",Lower middle income,2010,0.0225555,114.269,54.7
West Bank and Gaza,PSE,"Middle East, North Africa, Afghanistan & Pakistan",Lower middle income,2011,-0.0709781999999999,-414.682,53.5
West Bank and Gaza,PSE,"Middle East, North Africa, Afghanistan & Pakistan",Lower middle income,2012,-0.3584232,-404.976,45
West Bank and Gaza,PSE,"Middle East, North Africa, Afghanistan & Pakistan",Lower middle income,2013,-0.359219099999999,-0.222,43.6
West Bank and Gaza,PSE,"Middle East, North Africa, Afghanistan & Pakistan",Lower middle income,2014,-0.1441563,59.87,50.5
West Bank and Gaza,PSE,"Middle East, North Africa, Afghanistan & Pakistan",Lower middle income,2015,-0.1390882,3.516,49.5
West Bank and Gaza,PSE,"Middle East, North Africa, Afghanistan & Pakistan",Lower middle income,2016,-0.152295899999999,-9.496,48.5
West Bank and Gaza,PSE,"Middle East, North Africa, Afghanistan & Pakistan",Lower middle income,2017,-0.0426241,72.012,52.5
West Bank and Gaza,PSE,"Middle East, North Africa, Afghanistan & Pakistan",Lower middle income,2018,-0.150526499999999,-253.149,48
West Bank and Gaza,PSE,"Middle East, North Africa, Afghanistan & Pakistan",Lower middle income,2019,-0.1491287,0.929,45.6
West Bank and Gaza,PSE,"Middle East, North Africa, Afghanistan & Pakistan",Lower middle income,2020,-0.1515086,-1.596,47.1
West Bank and Gaza,PSE,"Middle East, North Africa, Afghanistan & Pakistan",Lower middle income,2021,-0.1524659,-0.632,48
West Bank and Gaza,PSE,"Middle East, North Africa, Afghanistan & Pakistan",Lower middle income,2022,-0.1550172,-1.673,49
West Bank and Gaza,PSE,"Middle East, North Africa, Afghanistan & Pakistan",Lower middle income,2023,-0.360597699999999,-132.618,41.7
"Yemen, Rep.",YEM,"Middle East, North Africa, Afghanistan & Pakistan",Low income,2002,-1.1761534,,14.8
"Yemen, Rep.",YEM,"Middle East, North Africa, Afghanistan & Pakistan",Low income,2003,-1.21953389999999,-3.688,15.4
"Yemen, Rep.",YEM,"Middle East, North Africa, Afghanistan & Pakistan",Low income,2004,-0.8346829,31.557,22.1
"Yemen, Rep.",YEM,"Middle East, North Africa, Afghanistan & Pakistan",Low income,2005,-0.7156292,14.263,24.5
"Yemen, Rep.",YEM,"Middle East, North Africa, Afghanistan & Pakistan",Low income,2006,-0.5518717,22.883,29.4
"Yemen, Rep.",YEM,"Middle East, North Africa, Afghanistan & Pakistan",Low income,2007,-0.532367199999999,3.534,28.3
"Yemen, Rep.",YEM,"Middle East, North Africa, Afghanistan & Pakistan",Low income,2008,-0.495348499999999,6.954,32.5
"Yemen, Rep.",YEM,"Middle East, North Africa, Afghanistan & Pakistan",Low income,2009,-0.4588199,7.374,34.3
"Yemen, Rep.",YEM,"Middle East, North Africa, Afghanistan & Pakistan",Low income,2010,-0.4133849,9.903,37.3
"Yemen, Rep.",YEM,"Middle East, North Africa, Afghanistan & Pakistan",Low income,2011,-0.698998,-69.091,28.2
"Yemen, Rep.",YEM,"Middle East, North Africa, Afghanistan & Pakistan",Low income,2012,-0.837000099999999,-19.743,22.8
"Yemen, Rep.",YEM,"Middle East, North Africa, Afghanistan & Pakistan",Low income,2013,-0.8665183,-3.527,20.8
"Yemen, Rep.",YEM,"Middle East, North Africa, Afghanistan & Pakistan",Low income,2014,-0.949510699999999,-9.578,14.9
"Yemen, Rep.",YEM,"Middle East, North Africa, Afghanistan & Pakistan",Low income,2015,-1.1367041,-19.715,8.8
"Yemen, Rep.",YEM,"Middle East, North Africa, Afghanistan & Pakistan",Low income,2016,-1.3065688,-14.944,7.4
"Yemen, Rep.",YEM,"Middle East, North Africa, Afghanistan & Pakistan",Low income,2017,-1.28945319999999,1.31,7.4
"Yemen, Rep.",YEM,"Middle East, North Africa, Afghanistan & Pakistan",Low income,2018,-1.4878274,-15.384,4.9
"Yemen, Rep.",YEM,"Middle East, North Africa, Afghanistan & Pakistan",Low income,2019,-1.5549794,-4.513,3.9
"Yemen, Rep.",YEM,"Middle East, North Africa, Afghanistan & Pakistan",Low income,2020,-1.6085384,-3.444,3.9
"Yemen, Rep.",YEM,"Middle East, North Africa, Afghanistan & Pakistan",Low income,2021,-1.6070255,0.094,3.9
"Yemen, Rep.",YEM,"Middle East, North Africa, Afghanistan & Pakistan",Low income,2022,-1.5789729,1.746,3.9
"Yemen, Rep.",YEM,"Middle East, North Africa, Afghanistan & Pakistan",Low income,2023,-1.54049179999999,2.437,4.9
Zambia,ZMB,Sub-Saharan Africa,Lower middle income,2002,-0.8378325,,24.7
Zambia,ZMB,Sub-Saharan Africa,Lower middle income,2003,-0.8198232,2.15,24.7
Zambia,ZMB,Sub-Saharan Africa,Lower middle income,2004,-0.7052006,13.981,27.7
Zambia,ZMB,Sub-Saharan Africa,Lower middle income,2005,-0.602853099999999,14.513,29.1
Zambia,ZMB,Sub-Saharan Africa,Lower middle income,2006,-0.6561883,-8.847,23.4
Zambia,ZMB,Sub-Saharan Africa,Lower middle income,2007,-0.502935599999999,23.355,30.3
Zambia,ZMB,Sub-Saharan Africa,Lower middle income,2008,-0.434088,13.689,36.5
Zambia,ZMB,Sub-Saharan Africa,Lower middle income,2009,-0.4296641,1.019,36.8
Zambia,ZMB,Sub-Saharan Africa,Lower middle income,2010,-0.507259,-18.059,32.3
Zambia,ZMB,Sub-Saharan Africa,Lower middle income,2011,-0.491463899999999,3.114,33.7
Zambia,ZMB,Sub-Saharan Africa,Lower middle income,2012,-0.5087396,-3.515,35.1
Zambia,ZMB,Sub-Saharan Africa,Lower middle income,2013,-0.5262063,-3.433,34.2
Zambia,ZMB,Sub-Saharan Africa,Lower middle income,2014,-0.441859499999999,16.029,38.1
Zambia,ZMB,Sub-Saharan Africa,Lower middle income,2015,-0.3822742,13.485,39.2
Zambia,ZMB,Sub-Saharan Africa,Lower middle income,2016,-0.4540807,-18.784,33.3
Zambia,ZMB,Sub-Saharan Africa,Lower middle income,2017,-0.4527959,0.283,33.3
Zambia,ZMB,Sub-Saharan Africa,Lower middle income,2018,-0.437350199999999,3.411,35.8
Zambia,ZMB,Sub-Saharan Africa,Lower middle income,2019,-0.5087837,-16.333,33.3
Zambia,ZMB,Sub-Saharan Africa,Lower middle income,2020,-0.6127925,-20.443,31.4
Zambia,ZMB,Sub-Saharan Africa,Lower middle income,2021,-0.5122202,16.412,35.3
Zambia,ZMB,Sub-Saharan Africa,Lower middle income,2022,-0.45732,10.718,37.3
Zambia,ZMB,Sub-Saharan Africa,Lower middle income,2023,-0.465492099999999,-1.787,37.3
Zimbabwe,ZWE,Sub-Saharan Africa,Lower middle income,2002,-2.0822282,,2.7
Zimbabwe,ZWE,Sub-Saharan Africa,Lower middle income,2003,-2.2770629,-9.357,0.5
Zimbabwe,ZWE,Sub-Saharan Africa,Lower middle income,2004,-1.8029221,20.822,2.1
Zimbabwe,ZWE,Sub-Saharan Africa,Lower middle income,2005,-1.98041309999999,-9.845,1.5
Zimbabwe,ZWE,Sub-Saharan Africa,Lower middle income,2006,-1.90293269999999,3.912,2
Zimbabwe,ZWE,Sub-Saharan Africa,Lower middle income,2007,-1.9323331,-1.545,2
Zimbabwe,ZWE,Sub-Saharan Africa,Lower middle income,2008,-1.973331,-2.122,1.5
Zimbabwe,ZWE,Sub-Saharan Africa,Lower middle income,2009,-1.86598439999999,5.44,2
Zimbabwe,ZWE,Sub-Saharan Africa,Lower middle income,2010,-1.766916,5.309,2
Zimbabwe,ZWE,Sub-Saharan Africa,Lower middle income,2011,-1.71958569999999,2.679,2
Zimbabwe,ZWE,Sub-Saharan Africa,Lower middle income,2012,-1.6789486,2.363,2.5
Zimbabwe,ZWE,Sub-Saharan Africa,Lower middle income,2013,-1.6869983,-0.479,2
Zimbabwe,ZWE,Sub-Saharan Africa,Lower middle income,2014,-1.7076045,-1.221,2.5
Zimbabwe,ZWE,Sub-Saharan Africa,Lower middle income,2015,-1.4073894,17.581,5.9
Zimbabwe,ZWE,Sub-Saharan Africa,Lower middle income,2016,-1.4728001,-4.648,3.9
Zimbabwe,ZWE,Sub-Saharan Africa,Lower middle income,2017,-1.3925184,5.451,5.9
Zimbabwe,ZWE,Sub-Saharan Africa,Lower middle income,2018,-1.3672585,1.814,5.9
Zimbabwe,ZWE,Sub-Saharan Africa,Lower middle income,2019,-1.3000713,4.914,6.9
Zimbabwe,ZWE,Sub-Saharan Africa,Lower middle income,2020,-1.3302143,-2.319,6.9
Zimbabwe,ZWE,Sub-Saharan Africa,Lower middle income,2021,-1.32535009999999,0.366,7.8
Zimbabwe,ZWE,Sub-Saharan Africa,Lower middle income,2022,-1.3307719,-0.409,6.9
Zimbabwe,ZWE,Sub-Saharan Africa,Lower middle income,2023,-1.2277201,7.744,10.3
