country,iso3,region,income_group,year,value,pct_change_yoy,percentile_rank
Afghanistan,AFG,"Middle East, North Africa, Afghanistan & Pakistan",Low income,2002,-1.5434271,,2.7
Afghanistan,AFG,"Middle East, North Africa, Afghanistan & Pakistan",Low income,2003,-1.5453868,-0.127,2.2
Afghanistan,AFG,"Middle East, North Africa, Afghanistan & Pakistan",Low income,2004,-1.50732,2.463,2
Afghanistan,AFG,"Middle East, North Africa, Afghanistan & Pakistan",Low income,2005,-1.57150029999999,-4.258,1
Afghanistan,AFG,"Middle East, North Africa, Afghanistan & Pakistan",Low income,2006,-1.52211379999999,3.143,1
Afghanistan,AFG,"Middle East, North Africa, Afghanistan & Pakistan",Low income,2007,-1.5697208,-3.128,0.5
Afghanistan,AFG,"Middle East, North Africa, Afghanistan & Pakistan",Low income,2008,-1.6125664,-2.73,0.5
Afghanistan,AFG,"Middle East, North Africa, Afghanistan & Pakistan",Low income,2009,-1.5631034,3.067,0.5
Afghanistan,AFG,"Middle East, North Africa, Afghanistan & Pakistan",Low income,2010,-1.65416719999999,-5.826,0.5
Afghanistan,AFG,"Middle East, North Africa, Afghanistan & Pakistan",Low income,2011,-1.5926582,3.718,0.5
Afghanistan,AFG,"Middle East, North Africa, Afghanistan & Pakistan",Low income,2012,-1.635471,-2.688,0.5
Afghanistan,AFG,"Middle East, North Africa, Afghanistan & Pakistan",Low income,2013,-1.5860489,3.022,0.5
Afghanistan,AFG,"Middle East, North Africa, Afghanistan & Pakistan",Low income,2014,-1.5607981,1.592,2
Afghanistan,AFG,"Middle East, North Africa, Afghanistan & Pakistan",Low income,2015,-1.5195275,2.644,2.9
Afghanistan,AFG,"Middle East, North Africa, Afghanistan & Pakistan",Low income,2016,-1.56501159999999,-2.993,3.4
Afghanistan,AFG,"Middle East, North Africa, Afghanistan & Pakistan",Low income,2017,-1.54351939999999,1.373,3.4
Afghanistan,AFG,"Middle East, North Africa, Afghanistan & Pakistan",Low income,2018,-1.5398439,0.238,3.4
Afghanistan,AFG,"Middle East, North Africa, Afghanistan & Pakistan",Low income,2019,-1.5013636,2.499,4.9
Afghanistan,AFG,"Middle East, North Africa, Afghanistan & Pakistan",Low income,2020,-1.40089,6.692,5.4
Afghanistan,AFG,"Middle East, North Africa, Afghanistan & Pakistan",Low income,2021,-1.22202489999999,12.768,10.2
Afghanistan,AFG,"Middle East, North Africa, Afghanistan & Pakistan",Low income,2022,-1.1719937,4.094,12.6
Afghanistan,AFG,"Middle East, North Africa, Afghanistan & Pakistan",Low income,2023,-1.1987543,-2.283,9.7
Albania,ALB,Europe & Central Asia,Upper middle income,2002,-1.0003421,,19.9
Albania,ALB,Europe & Central Asia,Upper middle income,2003,-1.0079715,-0.763,17.2
Albania,ALB,Europe & Central Asia,Upper middle income,2004,-0.7554331,25.054,27.4
Albania,ALB,Europe & Central Asia,Upper middle income,2005,-0.883028399999999,-16.89,23.7
Albania,ALB,Europe & Central Asia,Upper middle income,2006,-0.6947376,21.323,26.8
Albania,ALB,Europe & Central Asia,Upper middle income,2007,-0.6751999,2.812,29.1
Albania,ALB,Europe & Central Asia,Upper middle income,2008,-0.6438129,4.649,29
Albania,ALB,Europe & Central Asia,Upper middle income,2009,-0.574472099999999,10.77,32.3
Albania,ALB,Europe & Central Asia,Upper middle income,2010,-0.503922299999999,12.281,35.6
Albania,ALB,Europe & Central Asia,Upper middle income,2011,-0.6894267,-36.812,25.2
Albania,ALB,Europe & Central Asia,Upper middle income,2012,-0.8226266,-19.32,22.8
Albania,ALB,Europe & Central Asia,Upper middle income,2013,-0.815531999999999,0.862,24.3
Albania,ALB,Europe & Central Asia,Upper middle income,2014,-0.6758626,17.126,31.2
Albania,ALB,Europe & Central Asia,Upper middle income,2015,-0.5865235,13.219,35.8
Albania,ALB,Europe & Central Asia,Upper middle income,2016,-0.5061985,13.695,35.8
Albania,ALB,Europe & Central Asia,Upper middle income,2017,-0.5663593,-11.885,33.3
Albania,ALB,Europe & Central Asia,Upper middle income,2018,-0.587108899999999,-3.664,32.8
Albania,ALB,Europe & Central Asia,Upper middle income,2019,-0.5384935,8.28,32.8
Albania,ALB,Europe & Central Asia,Upper middle income,2020,-0.6594306,-22.458,27.9
Albania,ALB,Europe & Central Asia,Upper middle income,2021,-0.60203,8.705,30.6
Albania,ALB,Europe & Central Asia,Upper middle income,2022,-0.500456,16.872,34.5
Albania,ALB,Europe & Central Asia,Upper middle income,2023,-0.464044399999999,7.276,36.4
Algeria,DZA,"Middle East, North Africa, Afghanistan & Pakistan",Upper middle income,2002,-0.9941078,,21
Algeria,DZA,"Middle East, North Africa, Afghanistan & Pakistan",Upper middle income,2003,-0.8163111,17.885,28
Algeria,DZA,"Middle East, North Africa, Afghanistan & Pakistan",Upper middle income,2004,-0.8390331,-2.783,23.9
Algeria,DZA,"Middle East, North Africa, Afghanistan & Pakistan",Upper middle income,2005,-0.6215313,25.923,35.9
Algeria,DZA,"Middle East, North Africa, Afghanistan & Pakistan",Upper middle income,2006,-0.4436557,28.619,39.4
Algeria,DZA,"Middle East, North Africa, Afghanistan & Pakistan",Upper middle income,2007,-0.479348,-8.045,39.7
Algeria,DZA,"Middle East, North Africa, Afghanistan & Pakistan",Upper middle income,2008,-0.5819677,-21.408,31.5
Algeria,DZA,"Middle East, North Africa, Afghanistan & Pakistan",Upper middle income,2009,-0.6151584,-5.703,30.8
Algeria,DZA,"Middle East, North Africa, Afghanistan & Pakistan",Upper middle income,2010,-0.3918564,36.3,41.6
Algeria,DZA,"Middle East, North Africa, Afghanistan & Pakistan",Upper middle income,2011,-0.4094732,-4.496,42.1
Algeria,DZA,"Middle East, North Africa, Afghanistan & Pakistan",Upper middle income,2012,-0.453743099999999,-10.811,41.6
Algeria,DZA,"Middle East, North Africa, Afghanistan & Pakistan",Upper middle income,2013,-0.4058013,10.566,42.6
Algeria,DZA,"Middle East, North Africa, Afghanistan & Pakistan",Upper middle income,2014,-0.6220502,-53.289,34.7
Algeria,DZA,"Middle East, North Africa, Afghanistan & Pakistan",Upper middle income,2015,-0.6299526,-1.27,32.4
Algeria,DZA,"Middle East, North Africa, Afghanistan & Pakistan",Upper middle income,2016,-0.6412808,-1.798,31.9
Algeria,DZA,"Middle East, North Africa, Afghanistan & Pakistan",Upper middle income,2017,-0.5404682,15.721,35.3
Algeria,DZA,"Middle East, North Africa, Afghanistan & Pakistan",Upper middle income,2018,-0.538513599999999,0.362,34.8
Algeria,DZA,"Middle East, North Africa, Afghanistan & Pakistan",Upper middle income,2019,-0.620545999999999,-15.233,30.9
Algeria,DZA,"Middle East, North Africa, Afghanistan & Pakistan",Upper middle income,2020,-0.635634599999999,-2.432,28.9
Algeria,DZA,"Middle East, North Africa, Afghanistan & Pakistan",Upper middle income,2021,-0.6509952,-2.417,28.6
Algeria,DZA,"Middle East, North Africa, Afghanistan & Pakistan",Upper middle income,2022,-0.6430769,1.216,29.1
Algeria,DZA,"Middle East, North Africa, Afghanistan & Pakistan",Upper middle income,2023,-0.6397452,0.518,27.2
American Samoa,ASM,East Asia & Pacific,High income,2004,0.6637174,,78.2
American Samoa,ASM,East Asia & Pacific,High income,2005,0.8590847,29.435,78.3
American Samoa,ASM,East Asia & Pacific,High income,2006,0.3992334,-53.528,69.2
American Samoa,ASM,East Asia & Pacific,High income,2007,0.3933714,-1.468,71.4
American Samoa,ASM,East Asia & Pacific,High income,2008,0.3949296,0.396,70
American Samoa,ASM,East Asia & Pacific,High income,2009,0.3948747,-0.014,69.2
American Samoa,ASM,East Asia & Pacific,High income,2010,0.3958154,0.238,70.3
American Samoa,ASM,East Asia & Pacific,High income,2011,0.3934592,-0.595,69.8
American Samoa,ASM,East Asia & Pacific,High income,2012,0.3885632,-1.244,67.8
American Samoa,ASM,East Asia & Pacific,High income,2013,0.3889352,0.096,68.3
American Samoa,ASM,East Asia & Pacific,High income,2014,1.1646295,199.44,85.1
American Samoa,ASM,East Asia & Pacific,High income,2015,1.1685187,0.334,84.8
American Samoa,ASM,East Asia & Pacific,High income,2016,1.1716528,0.268,85.8
American Samoa,ASM,East Asia & Pacific,High income,2017,1.7934572,53.071,92.2
American Samoa,ASM,East Asia & Pacific,High income,2018,1.7972711,0.213,92.6
American Samoa,ASM,East Asia & Pacific,High income,2019,1.8025255,0.292,93.6
American Samoa,ASM,East Asia & Pacific,High income,2020,1.1797991,-34.547,84.3
American Samoa,ASM,East Asia & Pacific,High income,2021,1.1772281,-0.218,84.5
American Samoa,ASM,East Asia & Pacific,High income,2022,1.1763452,-0.075,84
American Samoa,ASM,East Asia & Pacific,High income,2023,1.1733125,-0.258,84
Andorra,AND,Europe & Central Asia,High income,2002,1.3358417,,86
Andorra,AND,Europe & Central Asia,High income,2003,1.332687,-0.236,86
Andorra,AND,Europe & Central Asia,High income,2004,0.9284646,-30.331,83.8
Andorra,AND,Europe & Central Asia,High income,2005,1.3271197,42.937,86.4
Andorra,AND,Europe & Central Asia,High income,2006,1.3353033,0.617,87.4
Andorra,AND,Europe & Central Asia,High income,2007,1.3294413,-0.439,87.9
Andorra,AND,Europe & Central Asia,High income,2008,1.3309995,0.117,88.5
Andorra,AND,Europe & Central Asia,High income,2009,1.3309446,-0.004,88.1
Andorra,AND,Europe & Central Asia,High income,2010,1.3318853,0.071,85.1
Andorra,AND,Europe & Central Asia,High income,2011,1.3295291,-0.177,85.6
Andorra,AND,Europe & Central Asia,High income,2012,1.3246331,-0.368,86.1
Andorra,AND,Europe & Central Asia,High income,2013,1.3250051,0.028,86.1
Andorra,AND,Europe & Central Asia,High income,2014,1.1646295,-12.104,85.1
Andorra,AND,Europe & Central Asia,High income,2015,1.1685187,0.334,84.8
Andorra,AND,Europe & Central Asia,High income,2016,1.1716528,0.268,85.8
Andorra,AND,Europe & Central Asia,High income,2017,1.1694105,-0.191,84.8
Andorra,AND,Europe & Central Asia,High income,2018,1.1732244,0.326,84.8
Andorra,AND,Europe & Central Asia,High income,2019,1.1784788,0.448,84.8
Andorra,AND,Europe & Central Asia,High income,2020,1.1797991,0.112,84.3
Andorra,AND,Europe & Central Asia,High income,2021,1.1772281,-0.218,84.5
Andorra,AND,Europe & Central Asia,High income,2022,1.1763452,-0.075,84
Andorra,AND,Europe & Central Asia,High income,2023,1.1733125,-0.258,84
Angola,AGO,Sub-Saharan Africa,Lower middle income,2002,-1.3041443,,9.7
Angola,AGO,Sub-Saharan Africa,Lower middle income,2003,-1.3231498,-1.457,7
Angola,AGO,Sub-Saharan Africa,Lower middle income,2004,-1.2228664,7.579,9.6
Angola,AGO,Sub-Saharan Africa,Lower middle income,2005,-1.2940835,-5.824,8.1
Angola,AGO,Sub-Saharan Africa,Lower middle income,2006,-1.2967958,-0.21,6.1
Angola,AGO,Sub-Saharan Africa,Lower middle income,2007,-1.2804167,1.263,7.5
Angola,AGO,Sub-Saharan Africa,Lower middle income,2008,-1.2699259,0.819,7
Angola,AGO,Sub-Saharan Africa,Lower middle income,2009,-1.27248349999999,-0.201,6
Angola,AGO,Sub-Saharan Africa,Lower middle income,2010,-1.32703029999999,-4.287,4.5
Angola,AGO,Sub-Saharan Africa,Lower middle income,2011,-1.3687643,-3.145,3.5
Angola,AGO,Sub-Saharan Africa,Lower middle income,2012,-1.4394482,-5.164,2
Angola,AGO,Sub-Saharan Africa,Lower middle income,2013,-1.46090079999999,-1.49,2
Angola,AGO,Sub-Saharan Africa,Lower middle income,2014,-1.48643939999999,-1.748,4.5
Angola,AGO,Sub-Saharan Africa,Lower middle income,2015,-1.4857649,0.045,3.9
Angola,AGO,Sub-Saharan Africa,Lower middle income,2016,-1.4881942,-0.164,4.4
Angola,AGO,Sub-Saharan Africa,Lower middle income,2017,-1.4208093,4.528,6.9
Angola,AGO,Sub-Saharan Africa,Lower middle income,2018,-1.18178199999999,16.823,12.7
Angola,AGO,Sub-Saharan Africa,Lower middle income,2019,-0.9647988,18.361,19.6
Angola,AGO,Sub-Saharan Africa,Lower middle income,2020,-0.891832299999999,7.563,18.1
Angola,AGO,Sub-Saharan Africa,Lower middle income,2021,-0.6416506,28.053,29.1
Angola,AGO,Sub-Saharan Africa,Lower middle income,2022,-0.6031537,6,31.1
Angola,AGO,Sub-Saharan Africa,Lower middle income,2023,-0.6242518,-3.498,29.1
Antigua and Barbuda,ATG,Latin America & Caribbean,High income,2002,0.8678068,,81.2
Antigua and Barbuda,ATG,Latin America & Caribbean,High income,2003,0.8646521,-0.364,78
Antigua and Barbuda,ATG,Latin America & Caribbean,High income,2004,0.6191511,-28.393,77.7
Antigua and Barbuda,ATG,Latin America & Caribbean,High income,2005,0.6825636,10.242,75.3
Antigua and Barbuda,ATG,Latin America & Caribbean,High income,2006,1.0512639,54.017,82.8
Antigua and Barbuda,ATG,Latin America & Caribbean,High income,2007,1.0467254,-0.432,83.9
Antigua and Barbuda,ATG,Latin America & Caribbean,High income,2008,1.0479318,0.115,83.5
Antigua and Barbuda,ATG,Latin America & Caribbean,High income,2009,1.0478893,-0.004,84.1
Antigua and Barbuda,ATG,Latin America & Caribbean,High income,2010,1.3318853,27.102,85.1
Antigua and Barbuda,ATG,Latin America & Caribbean,High income,2011,1.3295291,-0.177,85.6
Antigua and Barbuda,ATG,Latin America & Caribbean,High income,2012,1.3246331,-0.368,86.1
Antigua and Barbuda,ATG,Latin America & Caribbean,High income,2013,1.3250051,0.028,86.1
Antigua and Barbuda,ATG,Latin America & Caribbean,High income,2014,0.5405831,-59.201,72.8
Antigua and Barbuda,ATG,Latin America & Caribbean,High income,2015,0.6366369,17.769,73
Antigua and Barbuda,ATG,Latin America & Caribbean,High income,2016,0.6379406,0.205,73
Antigua and Barbuda,ATG,Latin America & Caribbean,High income,2017,0.1957295,-69.319,63.2
Antigua and Barbuda,ATG,Latin America & Caribbean,High income,2018,0.2262187,15.577,61.8
Antigua and Barbuda,ATG,Latin America & Caribbean,High income,2019,0.2193663,-3.029,61.3
Antigua and Barbuda,ATG,Latin America & Caribbean,High income,2020,0.2199155,0.25,62.3
Antigua and Barbuda,ATG,Latin America & Caribbean,High income,2021,0.181489,-17.473,61.7
Antigua and Barbuda,ATG,Latin America & Caribbean,High income,2022,0.2369304,30.548,62.1
Antigua and Barbuda,ATG,Latin America & Caribbean,High income,2023,0.2686527,13.389,63.1
Argentina,ARG,Latin America & Caribbean,Upper middle income,2002,-0.56214,,40.9
Argentina,ARG,Latin America & Caribbean,Upper middle income,2003,-0.548223799999999,2.476,40.3
Argentina,ARG,Latin America & Caribbean,Upper middle income,2004,-0.4054833,26.037,40.6
Argentina,ARG,Latin America & Caribbean,Upper middle income,2005,-0.3890799,4.045,45.5
Argentina,ARG,Latin America & Caribbean,Upper middle income,2006,-0.320851799999999,17.536,46
Argentina,ARG,Latin America & Caribbean,Upper middle income,2007,-0.4042866,-26.004,41.7
Argentina,ARG,Latin America & Caribbean,Upper middle income,2008,-0.4137763,-2.347,40.5
Argentina,ARG,Latin America & Caribbean,Upper middle income,2009,-0.3970066,4.053,40.3
Argentina,ARG,Latin America & Caribbean,Upper middle income,2010,-0.3672971,7.483,44.6
Argentina,ARG,Latin America & Caribbean,Upper middle income,2011,-0.3396354,7.531,46.5
Argentina,ARG,Latin America & Caribbean,Upper middle income,2012,-0.5168142,-52.167,36.6
Argentina,ARG,Latin America & Caribbean,Upper middle income,2013,-0.517294,-0.093,37.6
Argentina,ARG,Latin America & Caribbean,Upper middle income,2014,-0.6660539,-28.757,31.7
Argentina,ARG,Latin America & Caribbean,Upper middle income,2015,-0.645135999999999,3.141,30.9
Argentina,ARG,Latin America & Caribbean,Upper middle income,2016,-0.2193628,65.997,50.5
Argentina,ARG,Latin America & Caribbean,Upper middle income,2017,-0.178141599999999,18.791,50
Argentina,ARG,Latin America & Caribbean,Upper middle income,2018,-0.0057354,96.78,57.4
Argentina,ARG,Latin America & Caribbean,Upper middle income,2019,-0.0847054,-1376.887,52
Argentina,ARG,Latin America & Caribbean,Upper middle income,2020,-0.1344697,-58.75,49.5
Argentina,ARG,Latin America & Caribbean,Upper middle income,2021,-0.3273298,-143.423,42.7
Argentina,ARG,Latin America & Caribbean,Upper middle income,2022,-0.3402325,-3.942,42.7
Argentina,ARG,Latin America & Caribbean,Upper middle income,2023,-0.354078399999999,-4.07,42.2
Armenia,ARM,Europe & Central Asia,Upper middle income,2002,-0.9400415,,22.6
Armenia,ARM,Europe & Central Asia,Upper middle income,2003,-0.941412999999999,-0.146,22
Armenia,ARM,Europe & Central Asia,Upper middle income,2004,-0.672162399999999,28.601,29.9
Armenia,ARM,Europe & Central Asia,Upper middle income,2005,-0.598776299999999,10.918,37.4
Armenia,ARM,Europe & Central Asia,Upper middle income,2006,-0.6287834,-5.011,31.3
Armenia,ARM,Europe & Central Asia,Upper middle income,2007,-0.7056118,-12.219,27.1
Armenia,ARM,Europe & Central Asia,Upper middle income,2008,-0.759616299999999,-7.654,25
Armenia,ARM,Europe & Central Asia,Upper middle income,2009,-0.735393699999999,3.189,25.9
Armenia,ARM,Europe & Central Asia,Upper middle income,2010,-0.671372099999999,8.706,27.7
Armenia,ARM,Europe & Central Asia,Upper middle income,2011,-0.677393,-0.897,25.7
Armenia,ARM,Europe & Central Asia,Upper middle income,2012,-0.6183619,8.714,32.7
Armenia,ARM,Europe & Central Asia,Upper middle income,2013,-0.5341199,13.623,36.6
Armenia,ARM,Europe & Central Asia,Upper middle income,2014,-0.6390245,-19.641,33.7
Armenia,ARM,Europe & Central Asia,Upper middle income,2015,-0.6231951,2.477,32.8
Armenia,ARM,Europe & Central Asia,Upper middle income,2016,-0.580676299999999,6.823,34.3
Armenia,ARM,Europe & Central Asia,Upper middle income,2017,-0.5641041,2.854,34.3
Armenia,ARM,Europe & Central Asia,Upper middle income,2018,-0.1642391,70.885,50.5
Armenia,ARM,Europe & Central Asia,Upper middle income,2019,-0.0523489,68.126,54.4
Armenia,ARM,Europe & Central Asia,Upper middle income,2020,0.1056079,301.739,59.8
Armenia,ARM,Europe & Central Asia,Upper middle income,2021,0.0558398,-47.125,58.7
Armenia,ARM,Europe & Central Asia,Upper middle income,2022,0.0574942,2.963,58.7
Armenia,ARM,Europe & Central Asia,Upper middle income,2023,0.1046118,81.952,57.8
Aruba,ABW,Latin America & Caribbean,High income,2004,0.9662856,,84.8
Aruba,ABW,Latin America & Caribbean,High income,2005,1.3271197,37.342,86.4
Aruba,ABW,Latin America & Caribbean,High income,2006,1.3353033,0.617,87.4
Aruba,ABW,Latin America & Caribbean,High income,2007,1.3294413,-0.439,87.9
Aruba,ABW,Latin America & Caribbean,High income,2008,1.3309995,0.117,88.5
Aruba,ABW,Latin America & Caribbean,High income,2009,1.0315021,-22.502,83.1
Aruba,ABW,Latin America & Caribbean,High income,2010,1.0319006,0.039,82.2
Aruba,ABW,Latin America & Caribbean,High income,2011,1.0309026,-0.097,81.7
Aruba,ABW,Latin America & Caribbean,High income,2012,1.0288289,-0.201,81.2
Aruba,ABW,Latin America & Caribbean,High income,2013,1.0289865,0.015,82.2
Aruba,ABW,Latin America & Caribbean,High income,2014,0.8949794,-13.023,82.2
Aruba,ABW,Latin America & Caribbean,High income,2015,1.1609441,29.717,84.3
Aruba,ABW,Latin America & Caribbean,High income,2016,1.1622716,0.114,84.8
Aruba,ABW,Latin America & Caribbean,High income,2017,1.1613218,-0.082,84.3
Aruba,ABW,Latin America & Caribbean,High income,2018,1.1629372,0.139,84.3
Aruba,ABW,Latin America & Caribbean,High income,2019,1.1651628,0.191,83.8
Aruba,ABW,Latin America & Caribbean,High income,2020,1.165722,0.048,83.3
Aruba,ABW,Latin America & Caribbean,High income,2021,0.8692192,-25.435,80.1
Aruba,ABW,Latin America & Caribbean,High income,2022,0.8688452,-0.043,81.1
Aruba,ABW,Latin America & Caribbean,High income,2023,0.8675607,-0.148,80.1
Australia,AUS,East Asia & Pacific,High income,2002,2.0158457,,95.7
Australia,AUS,East Asia & Pacific,High income,2003,2.0294771,0.676,96.8
Australia,AUS,East Asia & Pacific,High income,2004,1.7734224,-12.617,93.9
Australia,AUS,East Asia & Pacific,High income,2005,1.7797873,0.359,93.4
Australia,AUS,East Asia & Pacific,High income,2006,1.7469891,-1.843,93.9
Australia,AUS,East Asia & Pacific,High income,2007,1.8662259,6.825,94
Australia,AUS,East Asia & Pacific,High income,2008,1.9874065,6.493,95.5
Australia,AUS,East Asia & Pacific,High income,2009,1.9724107,-0.755,95.5
Australia,AUS,East Asia & Pacific,High income,2010,1.9936736,1.078,96.5
Australia,AUS,East Asia & Pacific,High income,2011,1.9689203,-1.242,95.5
Australia,AUS,East Asia & Pacific,High income,2012,1.9635732,-0.272,95.5
Australia,AUS,East Asia & Pacific,High income,2013,1.7300796,-11.891,94.1
Australia,AUS,East Asia & Pacific,High income,2014,1.8631086,7.689,95
Australia,AUS,East Asia & Pacific,High income,2015,1.8544442,-0.465,94.1
Australia,AUS,East Asia & Pacific,High income,2016,1.7943998,-3.238,93.6
Australia,AUS,East Asia & Pacific,High income,2017,1.7942938,-0.006,93.1
Australia,AUS,East Asia & Pacific,High income,2018,1.7686469,-1.429,92.2
Australia,AUS,East Asia & Pacific,High income,2019,1.7864413,1.006,92.6
Australia,AUS,East Asia & Pacific,High income,2020,1.6038237,-10.222,92.2
Australia,AUS,East Asia & Pacific,High income,2021,1.6770561,4.566,94.2
Australia,AUS,East Asia & Pacific,High income,2022,1.7288156,3.086,94.7
Australia,AUS,East Asia & Pacific,High income,2023,1.8057703,4.451,95.6
Austria,AUT,Europe & Central Asia,High income,2002,1.8696067,,93
Austria,AUT,Europe & Central Asia,High income,2003,1.9819108,6.007,95.2
Austria,AUT,Europe & Central Asia,High income,2004,1.9296819,-2.635,97
Austria,AUT,Europe & Central Asia,High income,2005,1.9511557,1.113,95.5
Austria,AUT,Europe & Central Asia,High income,2006,1.9434385,-0.396,94.4
Austria,AUT,Europe & Central Asia,High income,2007,1.9654354,1.132,95.5
Austria,AUT,Europe & Central Asia,High income,2008,1.8526056,-5.741,94
Austria,AUT,Europe & Central Asia,High income,2009,1.8047422,-2.584,94
Austria,AUT,Europe & Central Asia,High income,2010,1.6674975,-7.605,93.1
Austria,AUT,Europe & Central Asia,High income,2011,1.5778123,-5.378,92.6
Austria,AUT,Europe & Central Asia,High income,2012,1.3720899,-13.038,88.6
Austria,AUT,Europe & Central Asia,High income,2013,1.4466859,5.437,90.1
Austria,AUT,Europe & Central Asia,High income,2014,1.4211309,-1.766,90.6
Austria,AUT,Europe & Central Asia,High income,2015,1.4914799,4.95,90.7
Austria,AUT,Europe & Central Asia,High income,2016,1.5179793,1.777,90.7
Austria,AUT,Europe & Central Asia,High income,2017,1.5672466,3.246,91.2
Austria,AUT,Europe & Central Asia,High income,2018,1.6348091,4.311,91.2
Austria,AUT,Europe & Central Asia,High income,2019,1.607711,-1.658,91.2
Austria,AUT,Europe & Central Asia,High income,2020,1.6059221,-0.111,92.6
Austria,AUT,Europe & Central Asia,High income,2021,1.3601171,-15.306,89.3
Austria,AUT,Europe & Central Asia,High income,2022,1.3678343,0.567,89.3
Austria,AUT,Europe & Central Asia,High income,2023,1.3200882,-3.491,89.3
Azerbaijan,AZE,Europe & Central Asia,Upper middle income,2002,-1.39178699999999,,5.9
Azerbaijan,AZE,Europe & Central Asia,Upper middle income,2003,-1.26480829999999,9.123,9.1
Azerbaijan,AZE,Europe & Central Asia,Upper middle income,2004,-1.2455967,1.519,8.6
Azerbaijan,AZE,Europe & Central Asia,Upper middle income,2005,-1.15758989999999,7.065,14.1
Azerbaijan,AZE,Europe & Central Asia,Upper middle income,2006,-1.1420573,1.342,11.6
Azerbaijan,AZE,Europe & Central Asia,Upper middle income,2007,-1.16611739999999,-2.107,9.5
Azerbaijan,AZE,Europe & Central Asia,Upper middle income,2008,-1.1747872,-0.743,9.5
Azerbaijan,AZE,Europe & Central Asia,Upper middle income,2009,-1.1418298,2.805,11.9
Azerbaijan,AZE,Europe & Central Asia,Upper middle income,2010,-1.2337448,-8.05,7.4
Azerbaijan,AZE,Europe & Central Asia,Upper middle income,2011,-1.1630943,5.727,9.9
Azerbaijan,AZE,Europe & Central Asia,Upper middle income,2012,-1.1735441,-0.898,12.4
Azerbaijan,AZE,Europe & Central Asia,Upper middle income,2013,-1.0027032,14.558,17.3
Azerbaijan,AZE,Europe & Central Asia,Upper middle income,2014,-1.1217641,-11.874,14.9
Azerbaijan,AZE,Europe & Central Asia,Upper middle income,2015,-0.9367808,16.49,20.6
Azerbaijan,AZE,Europe & Central Asia,Upper middle income,2016,-0.752306599999999,19.692,28.9
Azerbaijan,AZE,Europe & Central Asia,Upper middle income,2017,-0.8585937,-14.128,24
Azerbaijan,AZE,Europe & Central Asia,Upper middle income,2018,-0.9065044,-5.58,21.6
Azerbaijan,AZE,Europe & Central Asia,Upper middle income,2019,-0.7550887,16.703,27.9
Azerbaijan,AZE,Europe & Central Asia,Upper middle income,2020,-0.7598072,-0.625,25.5
Azerbaijan,AZE,Europe & Central Asia,Upper middle income,2021,-0.775813299999999,-2.107,24.8
Azerbaijan,AZE,Europe & Central Asia,Upper middle income,2022,-0.8302212,-7.013,23.3
Azerbaijan,AZE,Europe & Central Asia,Upper middle income,2023,-0.881959199999999,-6.232,22.8
"Bahamas, The",BHS,Latin America & Caribbean,High income,2002,1.3263956,,85.5
"Bahamas, The",BHS,Latin America & Caribbean,High income,2003,1.3243719,-0.153,85.5
"Bahamas, The",BHS,Latin America & Caribbean,High income,2004,1.1621103,-12.252,88.3
"Bahamas, The",BHS,Latin America & Caribbean,High income,2005,1.3208004,13.655,85.9
"Bahamas, The",BHS,Latin America & Caribbean,High income,2006,1.3260502,0.397,86.9
"Bahamas, The",BHS,Latin America & Caribbean,High income,2007,1.3222897,-0.284,87.4
"Bahamas, The",BHS,Latin America & Caribbean,High income,2008,1.3232893,0.076,87.5
"Bahamas, The",BHS,Latin America & Caribbean,High income,2009,1.4838778,12.136,91.5
"Bahamas, The",BHS,Latin America & Caribbean,High income,2010,1.4842,0.022,91.1
"Bahamas, The",BHS,Latin America & Caribbean,High income,2011,1.483393,-0.054,89.6
"Bahamas, The",BHS,Latin America & Caribbean,High income,2012,1.4817162,-0.113,91.1
"Bahamas, The",BHS,Latin America & Caribbean,High income,2013,1.4818436,0.009,90.6
"Bahamas, The",BHS,Latin America & Caribbean,High income,2014,1.3095259,-11.629,89.1
"Bahamas, The",BHS,Latin America & Caribbean,High income,2015,1.0887958,-16.856,83.3
"Bahamas, The",BHS,Latin America & Caribbean,High income,2016,1.0895206,0.067,81.9
"Bahamas, The",BHS,Latin America & Caribbean,High income,2017,1.0769219,-1.156,82.4
"Bahamas, The",BHS,Latin America & Caribbean,High income,2018,1.1027809,2.401,82.4
"Bahamas, The",BHS,Latin America & Caribbean,High income,2019,1.2125503,9.954,87.3
"Bahamas, The",BHS,Latin America & Caribbean,High income,2020,1.2128533,0.025,87.7
"Bahamas, The",BHS,Latin America & Caribbean,High income,2021,1.2282597,1.27,88.3
"Bahamas, The",BHS,Latin America & Caribbean,High income,2022,1.2330855,0.393,88.3
"Bahamas, The",BHS,Latin America & Caribbean,High income,2023,1.2199692,-1.064,88.3
Bahrain,BHR,"Middle East, North Africa, Afghanistan & Pakistan",High income,2002,0.5602165,,74.2
Bahrain,BHR,"Middle East, North Africa, Afghanistan & Pakistan",High income,2003,0.3727252,-33.468,70.4
Bahrain,BHR,"Middle East, North Africa, Afghanistan & Pakistan",High income,2004,0.2241191,-39.87,66.5
Bahrain,BHR,"Middle East, North Africa, Afghanistan & Pakistan",High income,2005,0.1496686,-33.219,62.6
Bahrain,BHR,"Middle East, North Africa, Afghanistan & Pakistan",High income,2006,0.10779,-27.981,60.6
Bahrain,BHR,"Middle East, North Africa, Afghanistan & Pakistan",High income,2007,0.1042366,-3.297,63.8
Bahrain,BHR,"Middle East, North Africa, Afghanistan & Pakistan",High income,2008,0.0224366,-78.475,59
Bahrain,BHR,"Middle East, North Africa, Afghanistan & Pakistan",High income,2009,0.078316,249.055,60.7
Bahrain,BHR,"Middle East, North Africa, Afghanistan & Pakistan",High income,2010,0.15202,94.111,62.9
Bahrain,BHR,"Middle East, North Africa, Afghanistan & Pakistan",High income,2011,0.1964302,29.213,63.4
Bahrain,BHR,"Middle East, North Africa, Afghanistan & Pakistan",High income,2012,0.1663109,-15.333,65.3
Bahrain,BHR,"Middle East, North Africa, Afghanistan & Pakistan",High income,2013,0.197016,18.462,65.3
Bahrain,BHR,"Middle East, North Africa, Afghanistan & Pakistan",High income,2014,-0.0204446,-110.377,58.9
Bahrain,BHR,"Middle East, North Africa, Afghanistan & Pakistan",High income,2015,0.0385922,288.765,58.8
Bahrain,BHR,"Middle East, North Africa, Afghanistan & Pakistan",High income,2016,-0.0877355,-327.34,54.9
Bahrain,BHR,"Middle East, North Africa, Afghanistan & Pakistan",High income,2017,-0.143222,-63.243,52
Bahrain,BHR,"Middle East, North Africa, Afghanistan & Pakistan",High income,2018,-0.140961,1.579,52
Bahrain,BHR,"Middle East, North Africa, Afghanistan & Pakistan",High income,2019,-0.0835445,40.732,52.5
Bahrain,BHR,"Middle East, North Africa, Afghanistan & Pakistan",High income,2020,-0.0925165999999999,-10.739,51
Bahrain,BHR,"Middle East, North Africa, Afghanistan & Pakistan",High income,2021,0.210097,327.091,62.6
Bahrain,BHR,"Middle East, North Africa, Afghanistan & Pakistan",High income,2022,0.144834,-31.063,61.2
Bahrain,BHR,"Middle East, North Africa, Afghanistan & Pakistan",High income,2023,0.2380412,64.355,62.1
Bangladesh,BGD,South Asia,Lower middle income,2002,-1.44931989999999,,4.3
Bangladesh,BGD,South Asia,Lower middle income,2003,-1.46307949999999,-0.949,4.8
Bangladesh,BGD,South Asia,Lower middle income,2004,-1.5156931,-3.596,1.5
Bangladesh,BGD,South Asia,Lower middle income,2005,-1.4632376,3.461,4
Bangladesh,BGD,South Asia,Lower middle income,2006,-1.42990779999999,2.278,3
Bangladesh,BGD,South Asia,Lower middle income,2007,-1.1475412,19.747,11.1
Bangladesh,BGD,South Asia,Lower middle income,2008,-0.948405699999999,17.353,18.5
Bangladesh,BGD,South Asia,Lower middle income,2009,-0.9111494,3.928,20.4
Bangladesh,BGD,South Asia,Lower middle income,2010,-1.0218466,-12.149,15.3
Bangladesh,BGD,South Asia,Lower middle income,2011,-1.0523775,-2.988,14.9
Bangladesh,BGD,South Asia,Lower middle income,2012,-1.12133289999999,-6.552,15.3
Bangladesh,BGD,South Asia,Lower middle income,2013,-1.1326018,-1.005,14.9
Bangladesh,BGD,South Asia,Lower middle income,2014,-1.1845563,-4.587,12.4
Bangladesh,BGD,South Asia,Lower middle income,2015,-1.0798121,8.842,14.2
Bangladesh,BGD,South Asia,Lower middle income,2016,-1.0667924,1.206,15.2
Bangladesh,BGD,South Asia,Lower middle income,2017,-1.062185,0.432,15.2
Bangladesh,BGD,South Asia,Lower middle income,2018,-1.0964787,-3.229,15.2
Bangladesh,BGD,South Asia,Lower middle income,2019,-1.1006451,-0.38,15.2
Bangladesh,BGD,South Asia,Lower middle income,2020,-1.07605779999999,2.234,14.2
Bangladesh,BGD,South Asia,Lower middle income,2021,-1.0928915,-1.564,14.6
Bangladesh,BGD,South Asia,Lower middle income,2022,-1.17834859999999,-7.819,12.1
Bangladesh,BGD,South Asia,Lower middle income,2023,-1.1987203,-1.729,10.2
Barbados,BRB,Latin America & Caribbean,High income,2002,1.4423347,,89.8
Barbados,BRB,Latin America & Caribbean,High income,2003,1.440375,-0.136,89.2
Barbados,BRB,Latin America & Caribbean,High income,2004,1.1585946,-19.563,87.8
Barbados,BRB,Latin America & Caribbean,High income,2005,1.3508259,16.592,89.4
Barbados,BRB,Latin America & Caribbean,High income,2006,1.3885303,2.791,89.9
Barbados,BRB,Latin America & Caribbean,High income,2007,1.3397259,-3.515,89.9
Barbados,BRB,Latin America & Caribbean,High income,2008,1.3355369,-0.313,90
Barbados,BRB,Latin America & Caribbean,High income,2009,1.2533661,-6.153,87.6
Barbados,BRB,Latin America & Caribbean,High income,2010,1.3402327,6.931,87.1
Barbados,BRB,Latin America & Caribbean,High income,2011,1.514105,12.973,90.6
Barbados,BRB,Latin America & Caribbean,High income,2012,1.4452466,-4.548,89.6
Barbados,BRB,Latin America & Caribbean,High income,2013,1.422247,-1.591,89.1
Barbados,BRB,Latin America & Caribbean,High income,2014,0.9707469,-31.746,83.2
Barbados,BRB,Latin America & Caribbean,High income,2015,1.207238,24.362,87.7
Barbados,BRB,Latin America & Caribbean,High income,2016,1.1460171,-5.071,84.3
Barbados,BRB,Latin America & Caribbean,High income,2017,1.1097987,-3.16,83.3
Barbados,BRB,Latin America & Caribbean,High income,2018,1.1350977,2.28,83.8
Barbados,BRB,Latin America & Caribbean,High income,2019,1.1451261,0.883,82.8
Barbados,BRB,Latin America & Caribbean,High income,2020,1.1695313,2.131,83.8
Barbados,BRB,Latin America & Caribbean,High income,2021,1.1946829,2.151,87.9
Barbados,BRB,Latin America & Caribbean,High income,2022,1.1926841,-0.167,87.4
Barbados,BRB,Latin America & Caribbean,High income,2023,1.2089543,1.364,87.9
Belarus,BLR,Europe & Central Asia,Upper middle income,2002,-0.5177246,,43
Belarus,BLR,Europe & Central Asia,Upper middle income,2003,-0.5190961,-0.265,42.5
Belarus,BLR,Europe & Central Asia,Upper middle income,2004,-0.3473571,33.084,44.7
Belarus,BLR,Europe & Central Asia,Upper middle income,2005,-0.2910817,16.201,50.5
Belarus,BLR,Europe & Central Asia,Upper middle income,2006,-0.4982309,-71.165,35.9
Belarus,BLR,Europe & Central Asia,Upper middle income,2007,-0.500873999999999,-0.53,36.2
Belarus,BLR,Europe & Central Asia,Upper middle income,2008,-0.474179099999999,5.33,37
Belarus,BLR,Europe & Central Asia,Upper middle income,2009,-0.472615699999999,0.33,36.8
Belarus,BLR,Europe & Central Asia,Upper middle income,2010,-0.5605517,-18.606,33.2
Belarus,BLR,Europe & Central Asia,Upper middle income,2011,-0.459480599999999,18.031,39.6
Belarus,BLR,Europe & Central Asia,Upper middle income,2012,-0.3105829,32.406,48.5
Belarus,BLR,Europe & Central Asia,Upper middle income,2013,-0.2788276,10.224,49
Belarus,BLR,Europe & Central Asia,Upper middle income,2014,-0.1522547,45.395,55.4
Belarus,BLR,Europe & Central Asia,Upper middle income,2015,-0.2405698,-58.005,51.5
Belarus,BLR,Europe & Central Asia,Upper middle income,2016,-0.1462308,39.215,52.5
Belarus,BLR,Europe & Central Asia,Upper middle income,2017,-0.1120128,23.4,52.5
Belarus,BLR,Europe & Central Asia,Upper middle income,2018,-0.1272022,-13.56,52.9
Belarus,BLR,Europe & Central Asia,Upper middle income,2019,0.0170374,113.394,57.4
Belarus,BLR,Europe & Central Asia,Upper middle income,2020,-0.1014181,-695.267,50.5
Belarus,BLR,Europe & Central Asia,Upper middle income,2021,-0.2062736,-103.389,48.1
Belarus,BLR,Europe & Central Asia,Upper middle income,2022,-0.415013199999999,-101.195,39.3
Belarus,BLR,Europe & Central Asia,Upper middle income,2023,-0.534353699999999,-28.756,34.5
Belgium,BEL,Europe & Central Asia,High income,2002,1.5594273,,91.4
Belgium,BEL,Europe & Central Asia,High income,2003,1.4560896,-6.627,89.8
Belgium,BEL,Europe & Central Asia,High income,2004,1.4030257,-3.644,91.4
Belgium,BEL,Europe & Central Asia,High income,2005,1.471559,4.885,90.4
Belgium,BEL,Europe & Central Asia,High income,2006,1.4069022,-4.394,90.4
Belgium,BEL,Europe & Central Asia,High income,2007,1.3866548,-1.439,90.5
Belgium,BEL,Europe & Central Asia,High income,2008,1.404707,1.302,91
Belgium,BEL,Europe & Central Asia,High income,2009,1.5580741,10.918,92
Belgium,BEL,Europe & Central Asia,High income,2010,1.4956315,-4.008,91.6
Belgium,BEL,Europe & Central Asia,High income,2011,1.5664836,4.737,92.1
Belgium,BEL,Europe & Central Asia,High income,2012,1.4862037,-5.125,92.1
Belgium,BEL,Europe & Central Asia,High income,2013,1.5003188,0.95,91.6
Belgium,BEL,Europe & Central Asia,High income,2014,1.5150458,0.982,91.1
Belgium,BEL,Europe & Central Asia,High income,2015,1.5244457,0.62,91.2
Belgium,BEL,Europe & Central Asia,High income,2016,1.5450402,1.351,91.2
Belgium,BEL,Europe & Central Asia,High income,2017,1.4425342,-6.635,89.2
Belgium,BEL,Europe & Central Asia,High income,2018,1.4543603,0.82,89.7
Belgium,BEL,Europe & Central Asia,High income,2019,1.4973857,2.958,89.7
Belgium,BEL,Europe & Central Asia,High income,2020,1.5662608,4.6,90.7
Belgium,BEL,Europe & Central Asia,High income,2021,1.5502151,-1.024,91.3
Belgium,BEL,Europe & Central Asia,High income,2022,1.5774306,1.756,91.3
Belgium,BEL,Europe & Central Asia,High income,2023,1.467016,-7,90.8
Belize,BLZ,Latin America & Caribbean,Upper middle income,2002,-0.0682631,,54.3
Belize,BLZ,Latin America & Caribbean,Upper middle income,2003,-0.0714178,-4.621,56.5
Belize,BLZ,Latin America & Caribbean,Upper middle income,2004,-0.1006888,-40.986,55.3
Belize,BLZ,Latin America & Caribbean,Upper middle income,2005,-0.1470838,-46.078,55.1
Belize,BLZ,Latin America & Caribbean,Upper middle income,2006,-0.2711009,-84.317,48.5
Belize,BLZ,Latin America & Caribbean,Upper middle income,2007,-0.2776753,-2.425,50.3
Belize,BLZ,Latin America & Caribbean,Upper middle income,2008,0.0149957,105.4,58.5
Belize,BLZ,Latin America & Caribbean,Upper middle income,2009,0.2493633,1562.899,66.2
Belize,BLZ,Latin America & Caribbean,Upper middle income,2010,0.1822509,-26.914,63.9
Belize,BLZ,Latin America & Caribbean,Upper middle income,2011,-0.0679632999999999,-137.291,56.9
Belize,BLZ,Latin America & Caribbean,Upper middle income,2012,-0.0752991,-10.794,56.4
Belize,BLZ,Latin America & Caribbean,Upper middle income,2013,-0.0751853,0.151,56.4
Belize,BLZ,Latin America & Caribbean,Upper middle income,2014,-0.287196399999999,-281.985,50
Belize,BLZ,Latin America & Caribbean,Upper middle income,2015,-0.2669244,7.059,50.5
Belize,BLZ,Latin America & Caribbean,Upper middle income,2016,-0.1234777,53.741,52.9
Belize,BLZ,Latin America & Caribbean,Upper middle income,2017,-0.1991297,-61.268,49
Belize,BLZ,Latin America & Caribbean,Upper middle income,2018,-0.1082321,45.647,53.4
Belize,BLZ,Latin America & Caribbean,Upper middle income,2019,-0.075652,30.102,52.9
Belize,BLZ,Latin America & Caribbean,Upper middle income,2020,-0.0753264999999999,0.43,52.5
Belize,BLZ,Latin America & Caribbean,Upper middle income,2021,-0.0899104999999999,-19.361,52.9
Belize,BLZ,Latin America & Caribbean,Upper middle income,2022,-0.0459141999999999,48.933,54.9
Belize,BLZ,Latin America & Caribbean,Upper middle income,2023,-0.115986499999999,-152.616,53.9
Benin,BEN,Sub-Saharan Africa,Lower middle income,2002,-0.8409028,,26.3
Benin,BEN,Sub-Saharan Africa,Lower middle income,2003,-0.8428625,-0.233,26.9
Benin,BEN,Sub-Saharan Africa,Lower middle income,2004,-0.5094063,39.562,36.5
Benin,BEN,Sub-Saharan Africa,Lower middle income,2005,-0.7047019,-38.338,30.8
Benin,BEN,Sub-Saharan Africa,Lower middle income,2006,-0.4278956,39.28,40.4
Benin,BEN,Sub-Saharan Africa,Lower middle income,2007,-0.3382158,20.958,45.7
Benin,BEN,Sub-Saharan Africa,Lower middle income,2008,-0.3572345,-5.623,43
Benin,BEN,Sub-Saharan Africa,Lower middle income,2009,-0.447944599999999,-25.392,37.8
Benin,BEN,Sub-Saharan Africa,Lower middle income,2010,-0.4991988,-11.442,36.1
Benin,BEN,Sub-Saharan Africa,Lower middle income,2011,-0.4955475,0.731,38.1
Benin,BEN,Sub-Saharan Africa,Lower middle income,2012,-0.677392,-36.696,30.2
Benin,BEN,Sub-Saharan Africa,Lower middle income,2013,-0.573860199999999,15.284,34.2
Benin,BEN,Sub-Saharan Africa,Lower middle income,2014,-0.6075837,-5.877,35.1
Benin,BEN,Sub-Saharan Africa,Lower middle income,2015,-0.5072447,16.514,39.7
Benin,BEN,Sub-Saharan Africa,Lower middle income,2016,-0.433568399999999,14.525,39.7
Benin,BEN,Sub-Saharan Africa,Lower middle income,2017,-0.402134,7.25,42.2
Benin,BEN,Sub-Saharan Africa,Lower middle income,2018,-0.292142199999999,27.352,44.6
Benin,BEN,Sub-Saharan Africa,Lower middle income,2019,-0.2398967,17.884,45.6
Benin,BEN,Sub-Saharan Africa,Lower middle income,2020,-0.0352655,85.3,54.4
Benin,BEN,Sub-Saharan Africa,Lower middle income,2021,-0.1642663,-365.799,50
Benin,BEN,Sub-Saharan Africa,Lower middle income,2022,-0.1108108,32.542,52.9
Benin,BEN,Sub-Saharan Africa,Lower middle income,2023,-0.1047671,5.454,54.4
Bermuda,BMU,North America,High income,2002,1.3358417,,86
Bermuda,BMU,North America,High income,2003,1.332687,-0.236,86
Bermuda,BMU,North America,High income,2004,1.0797485,-18.98,86.3
Bermuda,BMU,North America,High income,2005,1.3271197,22.91,86.4
Bermuda,BMU,North America,High income,2006,1.3353033,0.617,87.4
Bermuda,BMU,North America,High income,2007,1.3294413,-0.439,87.9
Bermuda,BMU,North America,High income,2008,1.3309995,0.117,88.5
Bermuda,BMU,North America,High income,2009,1.3309446,-0.004,88.1
Bermuda,BMU,North America,High income,2010,1.3318853,0.071,85.1
Bermuda,BMU,North America,High income,2011,1.3295291,-0.177,85.6
Bermuda,BMU,North America,High income,2012,1.3246331,-0.368,86.1
Bermuda,BMU,North America,High income,2013,1.3250051,0.028,86.1
Bermuda,BMU,North America,High income,2014,1.1646295,-12.104,85.1
Bermuda,BMU,North America,High income,2015,1.1685187,0.334,84.8
Bermuda,BMU,North America,High income,2016,1.1716528,0.268,85.8
Bermuda,BMU,North America,High income,2017,1.1694105,-0.191,84.8
Bermuda,BMU,North America,High income,2018,1.1732244,0.326,84.8
Bermuda,BMU,North America,High income,2019,1.1784788,0.448,84.8
Bermuda,BMU,North America,High income,2020,1.1797991,0.112,84.3
Bermuda,BMU,North America,High income,2021,1.1772281,-0.218,84.5
Bermuda,BMU,North America,High income,2022,1.1763452,-0.075,84
Bermuda,BMU,North America,High income,2023,1.1733125,-0.258,84
Bhutan,BTN,South Asia,Lower middle income,2002,0.4776114,,73.1
Bhutan,BTN,South Asia,Lower middle income,2003,1.0675763,123.524,82.8
Bhutan,BTN,South Asia,Lower middle income,2004,0.7450914,-30.207,79.2
Bhutan,BTN,South Asia,Lower middle income,2005,0.9887151,32.697,82.8
Bhutan,BTN,South Asia,Lower middle income,2006,0.8146492,-17.605,77.3
Bhutan,BTN,South Asia,Lower middle income,2007,0.8441927,3.627,77.9
Bhutan,BTN,South Asia,Lower middle income,2008,0.8707561,3.147,78.5
Bhutan,BTN,South Asia,Lower middle income,2009,0.7718472,-11.359,76.1
Bhutan,BTN,South Asia,Lower middle income,2010,0.7720446,0.026,76.7
Bhutan,BTN,South Asia,Lower middle income,2011,0.7141101,-7.504,75.2
Bhutan,BTN,South Asia,Lower middle income,2012,0.8135637,13.927,76.7
Bhutan,BTN,South Asia,Lower middle income,2013,0.785208,-3.485,76.2
Bhutan,BTN,South Asia,Lower middle income,2014,1.0904024,38.868,84.7
Bhutan,BTN,South Asia,Lower middle income,2015,1.0788548,-1.059,82.8
Bhutan,BTN,South Asia,Lower middle income,2016,1.169102,8.365,85.3
Bhutan,BTN,South Asia,Lower middle income,2017,1.4511886,24.128,89.7
Bhutan,BTN,South Asia,Lower middle income,2018,1.4519306,0.051,89.2
Bhutan,BTN,South Asia,Lower middle income,2019,1.4640293,0.833,89.2
Bhutan,BTN,South Asia,Lower middle income,2020,1.3421241,-8.327,89.2
Bhutan,BTN,South Asia,Lower middle income,2021,1.3198694,-1.658,88.8
Bhutan,BTN,South Asia,Lower middle income,2022,1.357056,2.817,88.8
Bhutan,BTN,South Asia,Lower middle income,2023,1.3563935,-0.049,90.3
Bolivia,BOL,Latin America & Caribbean,Lower middle income,2002,-0.836659199999999,,26.9
Bolivia,BOL,Latin America & Caribbean,Lower middle income,2003,-0.8453814,-1.043,26.3
Bolivia,BOL,Latin America & Caribbean,Lower middle income,2004,-0.6249148,26.079,32.5
Bolivia,BOL,Latin America & Caribbean,Lower middle income,2005,-0.7617554,-21.897,29.3
Bolivia,BOL,Latin America & Caribbean,Lower middle income,2006,-0.452390299999999,40.612,38.9
Bolivia,BOL,Latin America & Caribbean,Lower middle income,2007,-0.480008799999999,-6.105,39.2
Bolivia,BOL,Latin America & Caribbean,Lower middle income,2008,-0.5457949,-13.705,34.5
Bolivia,BOL,Latin America & Caribbean,Lower middle income,2009,-0.5487867,-0.548,32.8
Bolivia,BOL,Latin America & Caribbean,Lower middle income,2010,-0.4112377,25.064,41.1
Bolivia,BOL,Latin America & Caribbean,Lower middle income,2011,-0.5781748,-40.594,30.7
Bolivia,BOL,Latin America & Caribbean,Lower middle income,2012,-0.698911,-20.882,29.2
Bolivia,BOL,Latin America & Caribbean,Lower middle income,2013,-0.5857827,16.186,33.2
Bolivia,BOL,Latin America & Caribbean,Lower middle income,2014,-0.6409494,-9.418,33.2
Bolivia,BOL,Latin America & Caribbean,Lower middle income,2015,-0.754699,-17.747,27.9
Bolivia,BOL,Latin America & Caribbean,Lower middle income,2016,-0.7783732,-3.137,27.5
Bolivia,BOL,Latin America & Caribbean,Lower middle income,2017,-0.8143488,-4.622,25.5
Bolivia,BOL,Latin America & Caribbean,Lower middle income,2018,-0.8237458,-1.154,26
Bolivia,BOL,Latin America & Caribbean,Lower middle income,2019,-0.8232153,0.064,23
Bolivia,BOL,Latin America & Caribbean,Lower middle income,2020,-0.8045643,2.266,22.1
Bolivia,BOL,Latin America & Caribbean,Lower middle income,2021,-0.9489015,-17.94,17.5
Bolivia,BOL,Latin America & Caribbean,Lower middle income,2022,-0.9824356,-3.534,18.4
Bolivia,BOL,Latin America & Caribbean,Lower middle income,2023,-0.9556498,2.726,20.4
Bosnia and Herzegovina,BIH,Europe & Central Asia,Upper middle income,2002,-0.3714306,,45.2
Bosnia and Herzegovina,BIH,Europe & Central Asia,Upper middle income,2003,-0.367807599999999,0.975,46.2
Bosnia and Herzegovina,BIH,Europe & Central Asia,Upper middle income,2004,-0.438606799999999,-19.249,38.6
Bosnia and Herzegovina,BIH,Europe & Central Asia,Upper middle income,2005,-0.4170295,4.92,42.9
Bosnia and Herzegovina,BIH,Europe & Central Asia,Upper middle income,2006,-0.3444413,17.406,43.9
Bosnia and Herzegovina,BIH,Europe & Central Asia,Upper middle income,2007,-0.4313474,-25.231,40.2
Bosnia and Herzegovina,BIH,Europe & Central Asia,Upper middle income,2008,-0.4488607,-4.06,39
Bosnia and Herzegovina,BIH,Europe & Central Asia,Upper middle income,2009,-0.4251292,5.287,39.3
Bosnia and Herzegovina,BIH,Europe & Central Asia,Upper middle income,2010,-0.463675,-9.067,37.6
Bosnia and Herzegovina,BIH,Europe & Central Asia,Upper middle income,2011,-0.501397099999999,-8.135,37.6
Bosnia and Herzegovina,BIH,Europe & Central Asia,Upper middle income,2012,-0.405939,19.038,44.1
Bosnia and Herzegovina,BIH,Europe & Central Asia,Upper middle income,2013,-0.3230858,20.41,47
Bosnia and Herzegovina,BIH,Europe & Central Asia,Upper middle income,2014,-0.3542824,-9.656,47.5
Bosnia and Herzegovina,BIH,Europe & Central Asia,Upper middle income,2015,-0.4923931,-38.983,40.2
Bosnia and Herzegovina,BIH,Europe & Central Asia,Upper middle income,2016,-0.468403399999999,4.872,37.7
Bosnia and Herzegovina,BIH,Europe & Central Asia,Upper middle income,2017,-0.5769795,-23.18,32.8
Bosnia and Herzegovina,BIH,Europe & Central Asia,Upper middle income,2018,-0.6404386,-10.999,29.9
Bosnia and Herzegovina,BIH,Europe & Central Asia,Upper middle income,2019,-0.6387532,0.263,30.4
Bosnia and Herzegovina,BIH,Europe & Central Asia,Upper middle income,2020,-0.624659499999999,2.206,29.9
Bosnia and Herzegovina,BIH,Europe & Central Asia,Upper middle income,2021,-0.6690056,-7.099,26.7
Bosnia and Herzegovina,BIH,Europe & Central Asia,Upper middle income,2022,-0.680061199999999,-1.653,26.7
Bosnia and Herzegovina,BIH,Europe & Central Asia,Upper middle income,2023,-0.5984163,12.006,31.6
Botswana,BWA,Sub-Saharan Africa,Upper middle income,2002,0.7836907,,79.6
Botswana,BWA,Sub-Saharan Africa,Upper middle income,2003,1.2396807,58.185,84.9
Botswana,BWA,Sub-Saharan Africa,Upper middle income,2004,0.9443983,-23.819,84.3
Botswana,BWA,Sub-Saharan Africa,Upper middle income,2005,1.170669,23.959,84.3
Botswana,BWA,Sub-Saharan Africa,Upper middle income,2006,0.9295641,-20.595,80.3
Botswana,BWA,Sub-Saharan Africa,Upper middle income,2007,0.9258834,-0.396,80.9
Botswana,BWA,Sub-Saharan Africa,Upper middle income,2008,1.0295129,11.193,83
Botswana,BWA,Sub-Saharan Africa,Upper middle income,2009,0.9356014,-9.122,80.1
Botswana,BWA,Sub-Saharan Africa,Upper middle income,2010,1.0119522,8.161,81.2
Botswana,BWA,Sub-Saharan Africa,Upper middle income,2011,1.0051672,-0.67,80.2
Botswana,BWA,Sub-Saharan Africa,Upper middle income,2012,1.0357782,3.045,81.7
Botswana,BWA,Sub-Saharan Africa,Upper middle income,2013,0.9806396,-5.323,80.2
Botswana,BWA,Sub-Saharan Africa,Upper middle income,2014,0.8215662,-16.221,80.2
Botswana,BWA,Sub-Saharan Africa,Upper middle income,2015,0.7957375,-3.144,77
Botswana,BWA,Sub-Saharan Africa,Upper middle income,2016,0.8579361,7.816,79.4
Botswana,BWA,Sub-Saharan Africa,Upper middle income,2017,0.7790808,-9.191,77.5
Botswana,BWA,Sub-Saharan Africa,Upper middle income,2018,0.851239,9.262,80.9
Botswana,BWA,Sub-Saharan Africa,Upper middle income,2019,0.8223154,-3.398,78.9
Botswana,BWA,Sub-Saharan Africa,Upper middle income,2020,0.7218389,-12.219,74.5
Botswana,BWA,Sub-Saharan Africa,Upper middle income,2021,0.7018975,-2.763,75.2
Botswana,BWA,Sub-Saharan Africa,Upper middle income,2022,0.6506622,-7.3,74.3
Botswana,BWA,Sub-Saharan Africa,Upper middle income,2023,0.6066871,-6.759,73.3
Brazil,BRA,Latin America & Caribbean,Upper middle income,2002,0.0977714,,62.4
Brazil,BRA,Latin America & Caribbean,Upper middle income,2003,0.0538006,-44.973,60.8
Brazil,BRA,Latin America & Caribbean,Upper middle income,2004,-0.104169299999999,-293.621,54.8
Brazil,BRA,Latin America & Caribbean,Upper middle income,2005,-0.247161599999999,-137.269,53
Brazil,BRA,Latin America & Caribbean,Upper middle income,2006,-0.213272599999999,13.711,52.5
Brazil,BRA,Latin America & Caribbean,Upper middle income,2007,-0.2877377,-34.915,49.7
Brazil,BRA,Latin America & Caribbean,Upper middle income,2008,-0.0919325,68.05,56.5
Brazil,BRA,Latin America & Caribbean,Upper middle income,2009,-0.0402027,56.269,56.2
Brazil,BRA,Latin America & Caribbean,Upper middle income,2010,-0.0150966,62.449,58.4
Brazil,BRA,Latin America & Caribbean,Upper middle income,2011,0.2097513,1489.394,64.4
Brazil,BRA,Latin America & Caribbean,Upper middle income,2012,-0.0113872,-105.429,59.4
Brazil,BRA,Latin America & Caribbean,Upper middle income,2013,-0.0608636,-434.491,57.4
Brazil,BRA,Latin America & Caribbean,Upper middle income,2014,-0.2351787,-286.403,53
Brazil,BRA,Latin America & Caribbean,Upper middle income,2015,-0.3512683,-49.362,45.6
Brazil,BRA,Latin America & Caribbean,Upper middle income,2016,-0.366817699999999,-4.427,43.1
Brazil,BRA,Latin America & Caribbean,Upper middle income,2017,-0.4693688,-27.957,37.7
Brazil,BRA,Latin America & Caribbean,Upper middle income,2018,-0.407628,13.154,39.2
Brazil,BRA,Latin America & Caribbean,Upper middle income,2019,-0.372764,8.553,40.2
Brazil,BRA,Latin America & Caribbean,Upper middle income,2020,-0.337231599999999,9.532,40.7
Brazil,BRA,Latin America & Caribbean,Upper middle income,2021,-0.404589,-19.974,38.3
Brazil,BRA,Latin America & Caribbean,Upper middle income,2022,-0.4562788,-12.776,36.4
Brazil,BRA,Latin America & Caribbean,Upper middle income,2023,-0.451506099999999,1.046,37.4
Brunei Darussalam,BRN,East Asia & Pacific,High income,2002,0.1845583,,64.5
Brunei Darussalam,BRN,East Asia & Pacific,High income,2003,0.1825345,-1.097,64.5
Brunei Darussalam,BRN,East Asia & Pacific,High income,2004,0.2083065,14.119,63.5
Brunei Darussalam,BRN,East Asia & Pacific,High income,2005,0.1789631,-14.087,63.6
Brunei Darussalam,BRN,East Asia & Pacific,High income,2006,0.1842129,2.933,63.6
Brunei Darussalam,BRN,East Asia & Pacific,High income,2007,0.1804524,-2.041,65.3
Brunei Darussalam,BRN,East Asia & Pacific,High income,2008,0.2792377,54.743,68
Brunei Darussalam,BRN,East Asia & Pacific,High income,2009,0.9266343,231.844,79.6
Brunei Darussalam,BRN,East Asia & Pacific,High income,2010,0.9284875,0.2,79.7
Brunei Darussalam,BRN,East Asia & Pacific,High income,2011,0.945319,1.813,79.2
Brunei Darussalam,BRN,East Asia & Pacific,High income,2012,0.9671207,2.306,79.7
Brunei Darussalam,BRN,East Asia & Pacific,High income,2013,0.9963226,3.019,81.2
Brunei Darussalam,BRN,East Asia & Pacific,High income,2014,1.2036828,20.813,87.1
Brunei Darussalam,BRN,East Asia & Pacific,High income,2015,1.2048251,0.095,87.3
Brunei Darussalam,BRN,East Asia & Pacific,High income,2016,1.0855421,-9.9,81.4
Brunei Darussalam,BRN,East Asia & Pacific,High income,2017,1.2166994,12.082,86.8
Brunei Darussalam,BRN,East Asia & Pacific,High income,2018,1.2159731,-0.06,86.8
Brunei Darussalam,BRN,East Asia & Pacific,High income,2019,1.1831673,-2.698,86.8
Brunei Darussalam,BRN,East Asia & Pacific,High income,2020,1.183555,0.033,87.3
Brunei Darussalam,BRN,East Asia & Pacific,High income,2021,1.1827999,-0.064,87.4
Brunei Darussalam,BRN,East Asia & Pacific,High income,2022,1.1825406,-0.022,86.9
Brunei Darussalam,BRN,East Asia & Pacific,High income,2023,1.1816499,-0.075,86.9
Bulgaria,BGR,Europe & Central Asia,High income,2002,-0.000799599999999999,,60.2
Bulgaria,BGR,Europe & Central Asia,High income,2003,-0.0561659,-6924.25,58.6
Bulgaria,BGR,Europe & Central Asia,High income,2004,0.1341795,338.899,60.9
Bulgaria,BGR,Europe & Central Asia,High income,2005,0.0235431,-82.454,60.1
Bulgaria,BGR,Europe & Central Asia,High income,2006,0.1068729,353.946,60.1
Bulgaria,BGR,Europe & Central Asia,High income,2007,-0.061456,-157.504,57.8
Bulgaria,BGR,Europe & Central Asia,High income,2008,-0.1116766,-81.718,54.5
Bulgaria,BGR,Europe & Central Asia,High income,2009,-0.248644199999999,-122.647,50.7
Bulgaria,BGR,Europe & Central Asia,High income,2010,-0.3206264,-28.95,46.5
Bulgaria,BGR,Europe & Central Asia,High income,2011,-0.355813899999999,-10.975,44.1
Bulgaria,BGR,Europe & Central Asia,High income,2012,-0.3572623,-0.407,47.5
Bulgaria,BGR,Europe & Central Asia,High income,2013,-0.3480638,2.575,45
Bulgaria,BGR,Europe & Central Asia,High income,2014,-0.3904198,-12.169,45.5
Bulgaria,BGR,Europe & Central Asia,High income,2015,-0.4387083,-12.368,41.2
Bulgaria,BGR,Europe & Central Asia,High income,2016,-0.3444028,21.496,44.6
Bulgaria,BGR,Europe & Central Asia,High income,2017,-0.308377299999999,10.46,45.1
Bulgaria,BGR,Europe & Central Asia,High income,2018,-0.1893944,38.584,48.5
Bulgaria,BGR,Europe & Central Asia,High income,2019,-0.1252922,33.846,50.5
Bulgaria,BGR,Europe & Central Asia,High income,2020,-0.258415699999999,-106.25,44.6
Bulgaria,BGR,Europe & Central Asia,High income,2021,-0.2260611,12.52,47.1
Bulgaria,BGR,Europe & Central Asia,High income,2022,-0.1369351,39.426,51.9
Bulgaria,BGR,Europe & Central Asia,High income,2023,-0.1501295,-9.636,51.9
Burkina Faso,BFA,Sub-Saharan Africa,Low income,2002,-0.0241316,,59.1
Burkina Faso,BFA,Sub-Saharan Africa,Low income,2003,-0.0366614,-51.923,59.7
Burkina Faso,BFA,Sub-Saharan Africa,Low income,2004,-0.2919893,-696.449,49.2
Burkina Faso,BFA,Sub-Saharan Africa,Low income,2005,-0.3014107,-3.227,50
Burkina Faso,BFA,Sub-Saharan Africa,Low income,2006,-0.329758899999999,-9.405,44.9
Burkina Faso,BFA,Sub-Saharan Africa,Low income,2007,-0.363213299999999,-10.145,44.2
Burkina Faso,BFA,Sub-Saharan Africa,Low income,2008,-0.3391636,6.621,45
Burkina Faso,BFA,Sub-Saharan Africa,Low income,2009,-0.388786099999999,-14.631,40.8
Burkina Faso,BFA,Sub-Saharan Africa,Low income,2010,-0.381726199999999,1.816,43.1
Burkina Faso,BFA,Sub-Saharan Africa,Low income,2011,-0.347665399999999,8.923,45
Burkina Faso,BFA,Sub-Saharan Africa,Low income,2012,-0.375203,-7.921,45.5
Burkina Faso,BFA,Sub-Saharan Africa,Low income,2013,-0.4520066,-20.47,39.6
Burkina Faso,BFA,Sub-Saharan Africa,Low income,2014,-0.4450109,1.548,41.1
Burkina Faso,BFA,Sub-Saharan Africa,Low income,2015,-0.3288238,26.109,47.1
Burkina Faso,BFA,Sub-Saharan Africa,Low income,2016,-0.2212838,32.704,50
Burkina Faso,BFA,Sub-Saharan Africa,Low income,2017,-0.1525315,31.07,51
Burkina Faso,BFA,Sub-Saharan Africa,Low income,2018,-0.1575363,-3.281,51
Burkina Faso,BFA,Sub-Saharan Africa,Low income,2019,-0.2008751,-27.51,47.1
Burkina Faso,BFA,Sub-Saharan Africa,Low income,2020,-0.2018274,-0.474,47.1
Burkina Faso,BFA,Sub-Saharan Africa,Low income,2021,-0.2024751,-0.321,49
Burkina Faso,BFA,Sub-Saharan Africa,Low income,2022,-0.2342071,-15.672,47.6
Burkina Faso,BFA,Sub-Saharan Africa,Low income,2023,-0.2479719,-5.877,48.1
Burundi,BDI,Sub-Saharan Africa,Low income,2002,-0.7006576,,35.5
Burundi,BDI,Sub-Saharan Africa,Low income,2003,-0.7026173,-0.28,33.3
Burundi,BDI,Sub-Saharan Africa,Low income,2004,-0.958209,-36.377,19.8
Burundi,BDI,Sub-Saharan Africa,Low income,2005,-1.0594009,-10.561,18.2
Burundi,BDI,Sub-Saharan Africa,Low income,2006,-1.0671328,-0.73,15.7
Burundi,BDI,Sub-Saharan Africa,Low income,2007,-1.1378989,-6.631,11.6
Burundi,BDI,Sub-Saharan Africa,Low income,2008,-1.1482657,-0.911,11
Burundi,BDI,Sub-Saharan Africa,Low income,2009,-1.1815653,-2.9,10.4
Burundi,BDI,Sub-Saharan Africa,Low income,2010,-1.2408811,-5.02,6.9
Burundi,BDI,Sub-Saharan Africa,Low income,2011,-1.2549651,-1.135,5.9
Burundi,BDI,Sub-Saharan Africa,Low income,2012,-1.3979996,-11.397,2.5
Burundi,BDI,Sub-Saharan Africa,Low income,2013,-1.3468046,3.662,5
Burundi,BDI,Sub-Saharan Africa,Low income,2014,-1.2665737,5.957,9.9
Burundi,BDI,Sub-Saharan Africa,Low income,2015,-1.2586575,0.625,11.3
Burundi,BDI,Sub-Saharan Africa,Low income,2016,-1.2905502,-2.534,10.3
Burundi,BDI,Sub-Saharan Africa,Low income,2017,-1.31264049999999,-1.712,9.3
Burundi,BDI,Sub-Saharan Africa,Low income,2018,-1.46464249999999,-11.58,6.4
Burundi,BDI,Sub-Saharan Africa,Low income,2019,-1.4706435,-0.41,6.9
Burundi,BDI,Sub-Saharan Africa,Low income,2020,-1.3529714,8.001,8.3
Burundi,BDI,Sub-Saharan Africa,Low income,2021,-1.390618,-2.783,5.8
Burundi,BDI,Sub-Saharan Africa,Low income,2022,-1.3235206,4.825,8.3
Burundi,BDI,Sub-Saharan Africa,Low income,2023,-1.29205449999999,2.377,8.3
Cabo Verde,CPV,Sub-Saharan Africa,Upper middle income,2002,0.2984646,,67.7
Cabo Verde,CPV,Sub-Saharan Africa,Upper middle income,2003,0.2967351,-0.579,67.7
Cabo Verde,CPV,Sub-Saharan Africa,Upper middle income,2004,0.2245775,-24.317,67
Cabo Verde,CPV,Sub-Saharan Africa,Upper middle income,2005,0.5718588,154.638,73.2
Cabo Verde,CPV,Sub-Saharan Africa,Upper middle income,2006,0.7083824,23.874,75.8
Cabo Verde,CPV,Sub-Saharan Africa,Upper middle income,2007,0.7952378,12.261,77.4
Cabo Verde,CPV,Sub-Saharan Africa,Upper middle income,2008,0.8879289,11.656,79.5
Cabo Verde,CPV,Sub-Saharan Africa,Upper middle income,2009,0.88572,-0.249,78.1
Cabo Verde,CPV,Sub-Saharan Africa,Upper middle income,2010,0.8461885,-4.463,77.7
Cabo Verde,CPV,Sub-Saharan Africa,Upper middle income,2011,0.9223281,8.998,78.7
Cabo Verde,CPV,Sub-Saharan Africa,Upper middle income,2012,0.8821601,-4.355,78.7
Cabo Verde,CPV,Sub-Saharan Africa,Upper middle income,2013,0.8253651,-6.438,77.7
Cabo Verde,CPV,Sub-Saharan Africa,Upper middle income,2014,0.8877993,7.564,81.7
Cabo Verde,CPV,Sub-Saharan Africa,Upper middle income,2015,0.888954,0.13,80.4
Cabo Verde,CPV,Sub-Saharan Africa,Upper middle income,2016,0.8563504,-3.668,78.9
Cabo Verde,CPV,Sub-Saharan Africa,Upper middle income,2017,0.8080692,-5.638,78.9
Cabo Verde,CPV,Sub-Saharan Africa,Upper middle income,2018,0.8724586,7.968,81.4
Cabo Verde,CPV,Sub-Saharan Africa,Upper middle income,2019,0.8894292,1.945,80.9
Cabo Verde,CPV,Sub-Saharan Africa,Upper middle income,2020,0.8002643,-10.025,78.4
Cabo Verde,CPV,Sub-Saharan Africa,Upper middle income,2021,0.8975963,12.162,80.6
Cabo Verde,CPV,Sub-Saharan Africa,Upper middle income,2022,0.856269,-4.604,80.6
Cabo Verde,CPV,Sub-Saharan Africa,Upper middle income,2023,0.8619303,0.661,79.6
Cambodia,KHM,East Asia & Pacific,Lower middle income,2002,-0.913270599999999,,23.7
Cambodia,KHM,East Asia & Pacific,Lower middle income,2003,-0.9440919,-3.375,21.5
Cambodia,KHM,East Asia & Pacific,Lower middle income,2004,-1.0053897,-6.493,17.3
Cambodia,KHM,East Asia & Pacific,Lower middle income,2005,-1.16668899999999,-16.043,13.6
Cambodia,KHM,East Asia & Pacific,Lower middle income,2006,-1.1364746,2.59,12.6
Cambodia,KHM,East Asia & Pacific,Lower middle income,2007,-1.0513221,7.493,16.1
Cambodia,KHM,East Asia & Pacific,Lower middle income,2008,-1.1588469,-10.228,10.5
Cambodia,KHM,East Asia & Pacific,Lower middle income,2009,-1.19312589999999,-2.958,10
Cambodia,KHM,East Asia & Pacific,Lower middle income,2010,-1.19379,-0.056,9.4
Cambodia,KHM,East Asia & Pacific,Lower middle income,2011,-1.3007746,-8.962,4.5
Cambodia,KHM,East Asia & Pacific,Lower middle income,2012,-1.1374421,12.557,14.9
Cambodia,KHM,East Asia & Pacific,Lower middle income,2013,-1.1373777,0.006,13.9
Cambodia,KHM,East Asia & Pacific,Lower middle income,2014,-1.2606479,-10.838,10.4
Cambodia,KHM,East Asia & Pacific,Lower middle income,2015,-1.27990079999999,-1.527,9.8
Cambodia,KHM,East Asia & Pacific,Lower middle income,2016,-1.3323199,-4.096,8.8
Cambodia,KHM,East Asia & Pacific,Lower middle income,2017,-1.33048529999999,0.138,8.3
Cambodia,KHM,East Asia & Pacific,Lower middle income,2018,-1.4286146,-7.375,8.8
Cambodia,KHM,East Asia & Pacific,Lower middle income,2019,-1.33890439999999,6.28,9.3
Cambodia,KHM,East Asia & Pacific,Lower middle income,2020,-1.1175106,16.535,12.3
Cambodia,KHM,East Asia & Pacific,Lower middle income,2021,-1.0917539,2.305,15
Cambodia,KHM,East Asia & Pacific,Lower middle income,2022,-1.1129555,-1.942,15
Cambodia,KHM,East Asia & Pacific,Lower middle income,2023,-1.1216382,-0.78,14.1
Cameroon,CMR,Sub-Saharan Africa,Lower middle income,2002,-1.3592621,,7
Cameroon,CMR,Sub-Saharan Africa,Lower middle income,2003,-1.0642977,21.7,14
Cameroon,CMR,Sub-Saharan Africa,Lower middle income,2004,-1.1561621,-8.631,13.2
Cameroon,CMR,Sub-Saharan Africa,Lower middle income,2005,-1.2320786,-6.566,11.6
Cameroon,CMR,Sub-Saharan Africa,Lower middle income,2006,-0.851887899999999,30.858,21.7
Cameroon,CMR,Sub-Saharan Africa,Lower middle income,2007,-0.8274568,2.868,22.6
Cameroon,CMR,Sub-Saharan Africa,Lower middle income,2008,-0.7677497,7.216,24
Cameroon,CMR,Sub-Saharan Africa,Lower middle income,2009,-0.7867759,-2.478,22.9
Cameroon,CMR,Sub-Saharan Africa,Lower middle income,2010,-0.9239071,-17.43,19.3
Cameroon,CMR,Sub-Saharan Africa,Lower middle income,2011,-1.0477201,-13.401,15.3
Cameroon,CMR,Sub-Saharan Africa,Lower middle income,2012,-1.2340704,-17.786,10.4
Cameroon,CMR,Sub-Saharan Africa,Lower middle income,2013,-1.1694764,5.234,12.4
Cameroon,CMR,Sub-Saharan Africa,Lower middle income,2014,-1.1800614,-0.905,12.9
Cameroon,CMR,Sub-Saharan Africa,Lower middle income,2015,-1.0952851,7.184,13.7
Cameroon,CMR,Sub-Saharan Africa,Lower middle income,2016,-1.1306679,-3.23,12.7
Cameroon,CMR,Sub-Saharan Africa,Lower middle income,2017,-1.1579943,-2.417,12.7
Cameroon,CMR,Sub-Saharan Africa,Lower middle income,2018,-1.1162626,3.604,14.2
Cameroon,CMR,Sub-Saharan Africa,Lower middle income,2019,-1.1336941,-1.562,12.7
Cameroon,CMR,Sub-Saharan Africa,Lower middle income,2020,-1.057706,6.703,15.2
Cameroon,CMR,Sub-Saharan Africa,Lower middle income,2021,-1.115647,-5.478,14.1
Cameroon,CMR,Sub-Saharan Africa,Lower middle income,2022,-1.1102965,0.48,15.5
Cameroon,CMR,Sub-Saharan Africa,Lower middle income,2023,-1.1264261,-1.453,13.1
Canada,CAN,North America,High income,2002,1.8937597,,93.5
Canada,CAN,North America,High income,2003,1.9616148,3.583,94.1
Canada,CAN,North America,High income,2004,1.7241736,-12.104,93.4
Canada,CAN,North America,High income,2005,1.9162476,11.14,94.4
Canada,CAN,North America,High income,2006,1.9761934,3.128,95.5
Canada,CAN,North America,High income,2007,1.9344584,-2.112,95
Canada,CAN,North America,High income,2008,1.9424897,0.415,95
Canada,CAN,North America,High income,2009,1.9677562,1.301,95
Canada,CAN,North America,High income,2010,1.941867,-1.316,95.5
Canada,CAN,North America,High income,2011,1.8892441,-2.71,95
Canada,CAN,North America,High income,2012,1.8407404,-2.567,95
Canada,CAN,North America,High income,2013,1.8292063,-0.627,95
Canada,CAN,North America,High income,2014,1.8178559,-0.621,94.1
Canada,CAN,North America,High income,2015,1.8679741,2.757,95.1
Canada,CAN,North America,High income,2016,1.9407326,3.895,95.1
Canada,CAN,North America,High income,2017,1.8841224,-2.917,95.6
Canada,CAN,North America,High income,2018,1.8073526,-4.075,94.1
Canada,CAN,North America,High income,2019,1.7955073,-0.655,93.1
Canada,CAN,North America,High income,2020,1.6422133,-8.538,93.1
Canada,CAN,North America,High income,2021,1.6156132,-1.62,92.2
Canada,CAN,North America,High income,2022,1.651994,2.252,94.2
Canada,CAN,North America,High income,2023,1.6263584,-1.552,93.2
Cayman Islands,CYM,Latin America & Caribbean,High income,2002,1.3358417,,86
Cayman Islands,CYM,Latin America & Caribbean,High income,2003,1.332687,-0.236,86
Cayman Islands,CYM,Latin America & Caribbean,High income,2004,1.0419275,-21.818,85.3
Cayman Islands,CYM,Latin America & Caribbean,High income,2005,1.3271197,27.372,86.4
Cayman Islands,CYM,Latin America & Caribbean,High income,2006,1.3353033,0.617,87.4
Cayman Islands,CYM,Latin America & Caribbean,High income,2007,1.3294413,-0.439,87.9
Cayman Islands,CYM,Latin America & Caribbean,High income,2008,0.8629646,-35.088,77
Cayman Islands,CYM,Latin America & Caribbean,High income,2009,1.0315021,19.53,83.1
Cayman Islands,CYM,Latin America & Caribbean,High income,2010,1.0319006,0.039,82.2
Cayman Islands,CYM,Latin America & Caribbean,High income,2011,1.2291407,19.114,84.7
Cayman Islands,CYM,Latin America & Caribbean,High income,2012,1.227067,-0.169,85.1
Cayman Islands,CYM,Latin America & Caribbean,High income,2013,1.2272246,0.013,85.6
Cayman Islands,CYM,Latin America & Caribbean,High income,2014,0.8949794,-27.073,82.2
Cayman Islands,CYM,Latin America & Caribbean,High income,2015,0.8966267,0.184,80.9
Cayman Islands,CYM,Latin America & Caribbean,High income,2016,0.6025403,-32.799,71.1
Cayman Islands,CYM,Latin America & Caribbean,High income,2017,0.6015906,-0.158,72.1
Cayman Islands,CYM,Latin America & Caribbean,High income,2018,0.6032059,0.269,73
Cayman Islands,CYM,Latin America & Caribbean,High income,2019,0.6054315,0.369,72.1
Cayman Islands,CYM,Latin America & Caribbean,High income,2020,0.6059907,0.092,72.5
Cayman Islands,CYM,Latin America & Caribbean,High income,2021,0.6049017,-0.18,73.8
Cayman Islands,CYM,Latin America & Caribbean,High income,2022,0.6045278,-0.062,73.8
Cayman Islands,CYM,Latin America & Caribbean,High income,2023,0.6032433,-0.212,72.8
Central African Republic,CAF,Sub-Saharan Africa,Low income,2002,-0.975180199999999,,21.5
Central African Republic,CAF,Sub-Saharan Africa,Low income,2003,-1.1427486,-17.183,10.2
Central African Republic,CAF,Sub-Saharan Africa,Low income,2004,-1.31345469999999,-14.938,5.6
Central African Republic,CAF,Sub-Saharan Africa,Low income,2005,-1.2806541,2.497,8.6
Central African Republic,CAF,Sub-Saharan Africa,Low income,2006,-1.1206776,12.492,13.1
Central African Republic,CAF,Sub-Saharan Africa,Low income,2007,-1.0493179,6.368,16.6
Central African Republic,CAF,Sub-Saharan Africa,Low income,2008,-1.1470045,-9.31,11.5
Central African Republic,CAF,Sub-Saharan Africa,Low income,2009,-1.0963308,4.418,13.9
Central African Republic,CAF,Sub-Saharan Africa,Low income,2010,-0.979839599999999,10.626,17.3
Central African Republic,CAF,Sub-Saharan Africa,Low income,2011,-0.980304699999999,-0.047,15.8
Central African Republic,CAF,Sub-Saharan Africa,Low income,2012,-0.9511,2.979,19.3
Central African Republic,CAF,Sub-Saharan Africa,Low income,2013,-1.1350883,-19.345,14.4
Central African Republic,CAF,Sub-Saharan Africa,Low income,2014,-1.25103109999999,-10.214,10.9
Central African Republic,CAF,Sub-Saharan Africa,Low income,2015,-1.3662253,-9.208,7.8
Central African Republic,CAF,Sub-Saharan Africa,Low income,2016,-1.30818529999999,4.248,9.3
Central African Republic,CAF,Sub-Saharan Africa,Low income,2017,-1.18078179999999,9.739,11.8
Central African Republic,CAF,Sub-Saharan Africa,Low income,2018,-1.22089,-3.397,10.8
Central African Republic,CAF,Sub-Saharan Africa,Low income,2019,-1.20142479999999,1.594,12.3
Central African Republic,CAF,Sub-Saharan Africa,Low income,2020,-1.25240479999999,-4.243,9.8
Central African Republic,CAF,Sub-Saharan Africa,Low income,2021,-1.316273,-5.1,8.3
Central African Republic,CAF,Sub-Saharan Africa,Low income,2022,-1.3173981,-0.085,8.7
Central African Republic,CAF,Sub-Saharan Africa,Low income,2023,-1.3816342,-4.876,7.3
Chad,TCD,Sub-Saharan Africa,Low income,2002,-1.3093816,,9.1
Chad,TCD,Sub-Saharan Africa,Low income,2003,-1.4853792,-13.441,4.3
Chad,TCD,Sub-Saharan Africa,Low income,2004,-1.30696719999999,12.011,6.1
Chad,TCD,Sub-Saharan Africa,Low income,2005,-1.4441465,-10.496,4.5
Chad,TCD,Sub-Saharan Africa,Low income,2006,-1.2943601,10.372,6.6
Chad,TCD,Sub-Saharan Africa,Low income,2007,-1.3736274,-6.124,3.5
Chad,TCD,Sub-Saharan Africa,Low income,2008,-1.53912579999999,-12.048,1.5
Chad,TCD,Sub-Saharan Africa,Low income,2009,-1.4957,2.821,2.5
Chad,TCD,Sub-Saharan Africa,Low income,2010,-1.3954646,6.702,3
Chad,TCD,Sub-Saharan Africa,Low income,2011,-1.3655434,2.144,4
Chad,TCD,Sub-Saharan Africa,Low income,2012,-1.37646699999999,-0.8,3
Chad,TCD,Sub-Saharan Africa,Low income,2013,-1.4313551,-3.988,2.5
Chad,TCD,Sub-Saharan Africa,Low income,2014,-1.47772829999999,-3.24,5
Chad,TCD,Sub-Saharan Africa,Low income,2015,-1.5175651,-2.696,3.4
Chad,TCD,Sub-Saharan Africa,Low income,2016,-1.50292809999999,0.965,3.9
Chad,TCD,Sub-Saharan Africa,Low income,2017,-1.4572612,3.039,4.4
Chad,TCD,Sub-Saharan Africa,Low income,2018,-1.46041809999999,-0.217,6.9
Chad,TCD,Sub-Saharan Africa,Low income,2019,-1.4780052,-1.204,5.9
Chad,TCD,Sub-Saharan Africa,Low income,2020,-1.48219979999999,-0.284,3.9
Chad,TCD,Sub-Saharan Africa,Low income,2021,-1.4920803,-0.667,4.4
Chad,TCD,Sub-Saharan Africa,Low income,2022,-1.4663578,1.724,4.9
Chad,TCD,Sub-Saharan Africa,Low income,2023,-1.48878199999999,-1.529,4.9
Chile,CHL,Latin America & Caribbean,High income,2002,1.5532108,,90.9
Chile,CHL,Latin America & Caribbean,High income,2003,1.175906,-24.292,83.9
Chile,CHL,Latin America & Caribbean,High income,2004,1.2679675,7.829,90.4
Chile,CHL,Latin America & Caribbean,High income,2005,1.5020745,18.463,91.4
Chile,CHL,Latin America & Caribbean,High income,2006,1.4713301,-2.047,90.9
Chile,CHL,Latin America & Caribbean,High income,2007,1.3963517,-5.096,91
Chile,CHL,Latin America & Caribbean,High income,2008,1.3947927,-0.112,90.5
Chile,CHL,Latin America & Caribbean,High income,2009,1.4205225,1.845,90
Chile,CHL,Latin America & Caribbean,High income,2010,1.5074067,6.116,92.1
Chile,CHL,Latin America & Caribbean,High income,2011,1.5441989,2.441,91.6
Chile,CHL,Latin America & Caribbean,High income,2012,1.4796889,-4.178,90.6
Chile,CHL,Latin America & Caribbean,High income,2013,1.4311564,-3.28,89.6
Chile,CHL,Latin America & Caribbean,High income,2014,1.3860663,-3.151,90.1
Chile,CHL,Latin America & Caribbean,High income,2015,1.1438485,-17.475,83.8
Chile,CHL,Latin America & Caribbean,High income,2016,1.1036472,-3.515,82.4
Chile,CHL,Latin America & Caribbean,High income,2017,1.1123641,0.79,83.8
Chile,CHL,Latin America & Caribbean,High income,2018,1.1121229,-0.022,83.3
Chile,CHL,Latin America & Caribbean,High income,2019,1.1570367,4.039,83.3
Chile,CHL,Latin America & Caribbean,High income,2020,1.2156268,5.064,88.2
Chile,CHL,Latin America & Caribbean,High income,2021,1.1463006,-5.703,84
Chile,CHL,Latin America & Caribbean,High income,2022,1.1452971,-0.088,83
Chile,CHL,Latin America & Caribbean,High income,2023,1.0318341,-9.907,83
China,CHN,East Asia & Pacific,Upper middle income,2002,-0.5858007,,39.8
China,CHN,East Asia & Pacific,Upper middle income,2003,-0.5215173,10.974,41.9
China,CHN,East Asia & Pacific,Upper middle income,2004,-0.6390924,-22.545,31.5
China,CHN,East Asia & Pacific,Upper middle income,2005,-0.667396,-4.429,32.8
China,CHN,East Asia & Pacific,Upper middle income,2006,-0.6865856,-2.875,27.3
China,CHN,East Asia & Pacific,Upper middle income,2007,-0.614178,10.546,31.7
China,CHN,East Asia & Pacific,Upper middle income,2008,-0.506852299999999,17.475,35.5
China,CHN,East Asia & Pacific,Upper middle income,2009,-0.5795465,-14.342,31.3
China,CHN,East Asia & Pacific,Upper middle income,2010,-0.5891592,-1.659,32.2
China,CHN,East Asia & Pacific,Upper middle income,2011,-0.440116499999999,25.298,40.6
China,CHN,East Asia & Pacific,Upper middle income,2012,-0.5068203,-15.156,37.1
China,CHN,East Asia & Pacific,Upper middle income,2013,-0.4580204,9.629,39.1
China,CHN,East Asia & Pacific,Upper middle income,2014,-0.3014404,34.186,49
China,CHN,East Asia & Pacific,Upper middle income,2015,-0.1750814,41.918,52.9
China,CHN,East Asia & Pacific,Upper middle income,2016,-0.092968,46.9,54.4
China,CHN,East Asia & Pacific,Upper middle income,2017,-0.0492492,47.026,55.4
China,CHN,East Asia & Pacific,Upper middle income,2018,-0.0701512,-42.441,54.9
China,CHN,East Asia & Pacific,Upper middle income,2019,-0.0496157999999999,29.273,54.9
China,CHN,East Asia & Pacific,Upper middle income,2020,0.0531167,207.056,58.8
China,CHN,East Asia & Pacific,Upper middle income,2021,0.0556852,4.836,58.3
China,CHN,East Asia & Pacific,Upper middle income,2022,0.0432332,-22.361,58.3
China,CHN,East Asia & Pacific,Upper middle income,2023,0.1138225,163.276,59.7
Colombia,COL,Latin America & Caribbean,Upper middle income,2002,-0.2334001,,50.5
Colombia,COL,Latin America & Caribbean,Upper middle income,2003,-0.178241099999999,23.633,52.2
Colombia,COL,Latin America & Caribbean,Upper middle income,2004,-0.0738815999999999,58.55,56.3
Colombia,COL,Latin America & Caribbean,Upper middle income,2005,-0.100181499999999,-35.597,56.6
Colombia,COL,Latin America & Caribbean,Upper middle income,2006,-0.2025515,-102.185,53.5
Colombia,COL,Latin America & Caribbean,Upper middle income,2007,-0.2642695,-30.47,51.3
Colombia,COL,Latin America & Caribbean,Upper middle income,2008,-0.2301046,12.928,51.5
Colombia,COL,Latin America & Caribbean,Upper middle income,2009,-0.2895662,-25.841,47.3
Colombia,COL,Latin America & Caribbean,Upper middle income,2010,-0.376108499999999,-29.887,43.6
Colombia,COL,Latin America & Caribbean,Upper middle income,2011,-0.2066749,45.049,50.5
Colombia,COL,Latin America & Caribbean,Upper middle income,2012,-0.4099866,-98.373,43.6
Colombia,COL,Latin America & Caribbean,Upper middle income,2013,-0.441234099999999,-7.622,40.6
Colombia,COL,Latin America & Caribbean,Upper middle income,2014,-0.3713217,15.845,46.5
Colombia,COL,Latin America & Caribbean,Upper middle income,2015,-0.3173369,14.539,48
Colombia,COL,Latin America & Caribbean,Upper middle income,2016,-0.3694889,-16.434,42.6
Colombia,COL,Latin America & Caribbean,Upper middle income,2017,-0.410863,-11.198,40.2
Colombia,COL,Latin America & Caribbean,Upper middle income,2018,-0.3185939,22.457,43.6
Colombia,COL,Latin America & Caribbean,Upper middle income,2019,-0.272275,14.539,44.6
Colombia,COL,Latin America & Caribbean,Upper middle income,2020,-0.256463899999999,5.807,45.1
Colombia,COL,Latin America & Caribbean,Upper middle income,2021,-0.269745299999999,-5.179,46.1
Colombia,COL,Latin America & Caribbean,Upper middle income,2022,-0.256400299999999,4.947,46.6
Colombia,COL,Latin America & Caribbean,Upper middle income,2023,-0.309004899999999,-20.517,45.1
Comoros,COM,Sub-Saharan Africa,Lower middle income,2002,-0.6501245,,37.1
Comoros,COM,Sub-Saharan Africa,Lower middle income,2003,-0.6520842,-0.301,36
Comoros,COM,Sub-Saharan Africa,Lower middle income,2004,-0.7728661,-18.522,26.9
Comoros,COM,Sub-Saharan Africa,Lower middle income,2005,-0.839056199999999,-8.564,25.8
Comoros,COM,Sub-Saharan Africa,Lower middle income,2006,-0.632225399999999,24.65,30.8
Comoros,COM,Sub-Saharan Africa,Lower middle income,2007,-0.634343,-0.335,31.2
Comoros,COM,Sub-Saharan Africa,Lower middle income,2008,-0.7797098,-22.916,23.5
Comoros,COM,Sub-Saharan Africa,Lower middle income,2009,-0.8052283,-3.273,22.4
Comoros,COM,Sub-Saharan Africa,Lower middle income,2010,-0.795079099999999,1.26,20.8
Comoros,COM,Sub-Saharan Africa,Lower middle income,2011,-0.7945742,0.064,22.8
Comoros,COM,Sub-Saharan Africa,Lower middle income,2012,-0.7798117,1.858,24.8
Comoros,COM,Sub-Saharan Africa,Lower middle income,2013,-0.8220641,-5.418,23.3
Comoros,COM,Sub-Saharan Africa,Lower middle income,2014,-0.8060681,1.946,26.7
Comoros,COM,Sub-Saharan Africa,Lower middle income,2015,-0.8467167,-5.043,23
Comoros,COM,Sub-Saharan Africa,Lower middle income,2016,-0.8635472,-1.988,21.1
Comoros,COM,Sub-Saharan Africa,Lower middle income,2017,-0.9443349,-9.355,19.1
Comoros,COM,Sub-Saharan Africa,Lower middle income,2018,-1.02353499999999,-8.387,16.7
Comoros,COM,Sub-Saharan Africa,Lower middle income,2019,-1.2697513,-24.055,10.8
Comoros,COM,Sub-Saharan Africa,Lower middle income,2020,-1.32241109999999,-4.147,8.8
Comoros,COM,Sub-Saharan Africa,Lower middle income,2021,-1.4088014,-6.533,5.3
Comoros,COM,Sub-Saharan Africa,Lower middle income,2022,-1.33720709999999,5.082,7.8
Comoros,COM,Sub-Saharan Africa,Lower middle income,2023,-1.15283659999999,13.788,12.6
"Congo, Dem. Rep.",COD,Sub-Saharan Africa,Low income,2002,-1.606441,,1.1
"Congo, Dem. Rep.",COD,Sub-Saharan Africa,Low income,2003,-1.6067882,-0.022,0.5
"Congo, Dem. Rep.",COD,Sub-Saharan Africa,Low income,2004,-1.529402,4.816,1
"Congo, Dem. Rep.",COD,Sub-Saharan Africa,Low income,2005,-1.5329034,-0.229,2
"Congo, Dem. Rep.",COD,Sub-Saharan Africa,Low income,2006,-1.5096436,1.517,2
"Congo, Dem. Rep.",COD,Sub-Saharan Africa,Low income,2007,-1.3983526,7.372,3
"Congo, Dem. Rep.",COD,Sub-Saharan Africa,Low income,2008,-1.3199679,5.606,5
"Congo, Dem. Rep.",COD,Sub-Saharan Africa,Low income,2009,-1.3936551,-5.582,4
"Congo, Dem. Rep.",COD,Sub-Saharan Africa,Low income,2010,-1.41909129999999,-1.825,2.5
"Congo, Dem. Rep.",COD,Sub-Saharan Africa,Low income,2011,-1.39535909999999,1.672,3
"Congo, Dem. Rep.",COD,Sub-Saharan Africa,Low income,2012,-1.3730997,1.595,3.5
"Congo, Dem. Rep.",COD,Sub-Saharan Africa,Low income,2013,-1.3705987,0.182,4.5
"Congo, Dem. Rep.",COD,Sub-Saharan Africa,Low income,2014,-1.4371692,-4.857,6.4
"Congo, Dem. Rep.",COD,Sub-Saharan Africa,Low income,2015,-1.3932852,3.054,7.4
"Congo, Dem. Rep.",COD,Sub-Saharan Africa,Low income,2016,-1.4189706,-1.844,6.9
"Congo, Dem. Rep.",COD,Sub-Saharan Africa,Low income,2017,-1.4338617,-1.049,5.9
"Congo, Dem. Rep.",COD,Sub-Saharan Africa,Low income,2018,-1.5315596,-6.814,3.9
"Congo, Dem. Rep.",COD,Sub-Saharan Africa,Low income,2019,-1.5570273,-1.663,2.9
"Congo, Dem. Rep.",COD,Sub-Saharan Africa,Low income,2020,-1.4573026,6.405,4.4
"Congo, Dem. Rep.",COD,Sub-Saharan Africa,Low income,2021,-1.50417239999999,-3.216,3.9
"Congo, Dem. Rep.",COD,Sub-Saharan Africa,Low income,2022,-1.5102589,-0.405,3.9
"Congo, Dem. Rep.",COD,Sub-Saharan Africa,Low income,2023,-1.4890974,1.401,4.4
"Congo, Rep.",COG,Sub-Saharan Africa,Lower middle income,2002,-1.0193486,,18.3
"Congo, Rep.",COG,Sub-Saharan Africa,Lower middle income,2003,-1.02080329999999,-0.143,16.1
"Congo, Rep.",COG,Sub-Saharan Africa,Lower middle income,2004,-0.9621535,5.745,19.3
"Congo, Rep.",COG,Sub-Saharan Africa,Lower middle income,2005,-1.1076439,-15.121,15.7
"Congo, Rep.",COG,Sub-Saharan Africa,Lower middle income,2006,-1.1397101,-2.895,12.1
"Congo, Rep.",COG,Sub-Saharan Africa,Lower middle income,2007,-1.1032439,3.2,12.6
"Congo, Rep.",COG,Sub-Saharan Africa,Lower middle income,2008,-1.20842919999999,-9.534,9
"Congo, Rep.",COG,Sub-Saharan Africa,Lower middle income,2009,-1.20843909999999,-0.001,9
"Congo, Rep.",COG,Sub-Saharan Africa,Lower middle income,2010,-1.1727804,2.951,10.9
"Congo, Rep.",COG,Sub-Saharan Africa,Lower middle income,2011,-1.1227079,4.27,13.9
"Congo, Rep.",COG,Sub-Saharan Africa,Lower middle income,2012,-1.2236744,-8.993,10.9
"Congo, Rep.",COG,Sub-Saharan Africa,Lower middle income,2013,-1.1924841,2.549,10.9
"Congo, Rep.",COG,Sub-Saharan Africa,Lower middle income,2014,-1.2753339,-6.948,8.9
"Congo, Rep.",COG,Sub-Saharan Africa,Lower middle income,2015,-1.2818737,-0.513,9.3
"Congo, Rep.",COG,Sub-Saharan Africa,Lower middle income,2016,-1.2697622,0.945,10.8
"Congo, Rep.",COG,Sub-Saharan Africa,Lower middle income,2017,-1.3044744,-2.734,9.8
"Congo, Rep.",COG,Sub-Saharan Africa,Lower middle income,2018,-1.36936939999999,-4.975,9.3
"Congo, Rep.",COG,Sub-Saharan Africa,Lower middle income,2019,-1.4947169,-9.154,5.4
"Congo, Rep.",COG,Sub-Saharan Africa,Lower middle income,2020,-1.3702576,8.327,6.4
"Congo, Rep.",COG,Sub-Saharan Africa,Lower middle income,2021,-1.34316449999999,1.977,7.8
"Congo, Rep.",COG,Sub-Saharan Africa,Lower middle income,2022,-1.36385159999999,-1.54,6.8
"Congo, Rep.",COG,Sub-Saharan Africa,Lower middle income,2023,-1.4043963,-2.973,6.8
Costa Rica,CRI,Latin America & Caribbean,High income,2002,0.4588684,,72.6
Costa Rica,CRI,Latin America & Caribbean,High income,2003,0.4825793,5.167,73.1
Costa Rica,CRI,Latin America & Caribbean,High income,2004,0.3790831,-21.446,71.1
Costa Rica,CRI,Latin America & Caribbean,High income,2005,0.3850864,1.584,68.7
Costa Rica,CRI,Latin America & Caribbean,High income,2006,0.39918,3.66,68.7
Costa Rica,CRI,Latin America & Caribbean,High income,2007,0.4565309,14.367,73.9
Costa Rica,CRI,Latin America & Caribbean,High income,2008,0.4877144,6.831,74
Costa Rica,CRI,Latin America & Caribbean,High income,2009,0.6186572,26.848,74.6
Costa Rica,CRI,Latin America & Caribbean,High income,2010,0.6993258,13.039,75.2
Costa Rica,CRI,Latin America & Caribbean,High income,2011,0.6579069,-5.923,74.3
Costa Rica,CRI,Latin America & Caribbean,High income,2012,0.670503,1.915,74.3
Costa Rica,CRI,Latin America & Caribbean,High income,2013,0.6633217,-1.071,74.8
Costa Rica,CRI,Latin America & Caribbean,High income,2014,0.7809898,17.739,78.7
Costa Rica,CRI,Latin America & Caribbean,High income,2015,0.7699694,-1.411,76
Costa Rica,CRI,Latin America & Caribbean,High income,2016,0.8034365,4.347,77.9
Costa Rica,CRI,Latin America & Caribbean,High income,2017,0.5853521,-27.144,71.1
Costa Rica,CRI,Latin America & Caribbean,High income,2018,0.6496945,10.992,74.5
Costa Rica,CRI,Latin America & Caribbean,High income,2019,0.7249661,11.586,75.5
Costa Rica,CRI,Latin America & Caribbean,High income,2020,0.756375,4.332,76
Costa Rica,CRI,Latin America & Caribbean,High income,2021,0.590956,-21.87,73.3
Costa Rica,CRI,Latin America & Caribbean,High income,2022,0.5669805,-4.057,72.3
Costa Rica,CRI,Latin America & Caribbean,High income,2023,0.6775627,19.504,74.3
Cote d'Ivoire,CIV,Sub-Saharan Africa,Lower middle income,2002,-0.7625117,,30.6
Cote d'Ivoire,CIV,Sub-Saharan Africa,Lower middle income,2003,-0.8817182,-15.633,24.2
Cote d'Ivoire,CIV,Sub-Saharan Africa,Lower middle income,2004,-1.167954,-32.463,10.2
Cote d'Ivoire,CIV,Sub-Saharan Africa,Lower middle income,2005,-1.2702551,-8.759,9.6
Cote d'Ivoire,CIV,Sub-Saharan Africa,Lower middle income,2006,-1.143042,10.015,11.1
Cote d'Ivoire,CIV,Sub-Saharan Africa,Lower middle income,2007,-1.0556439,7.646,15.6
Cote d'Ivoire,CIV,Sub-Saharan Africa,Lower middle income,2008,-0.9172218,13.113,20
Cote d'Ivoire,CIV,Sub-Saharan Africa,Lower middle income,2009,-0.9153277,0.207,19.9
Cote d'Ivoire,CIV,Sub-Saharan Africa,Lower middle income,2010,-1.00570309999999,-9.874,15.8
Cote d'Ivoire,CIV,Sub-Saharan Africa,Lower middle income,2011,-0.9073893,9.776,19.3
Cote d'Ivoire,CIV,Sub-Saharan Africa,Lower middle income,2012,-0.835052,7.972,22.3
Cote d'Ivoire,CIV,Sub-Saharan Africa,Lower middle income,2013,-0.7559365,9.474,27.2
Cote d'Ivoire,CIV,Sub-Saharan Africa,Lower middle income,2014,-0.4250952,43.766,42.6
Cote d'Ivoire,CIV,Sub-Saharan Africa,Lower middle income,2015,-0.4307488,-1.33,41.7
Cote d'Ivoire,CIV,Sub-Saharan Africa,Lower middle income,2016,-0.471418699999999,-9.442,37.3
Cote d'Ivoire,CIV,Sub-Saharan Africa,Lower middle income,2017,-0.4649251,1.377,38.2
Cote d'Ivoire,CIV,Sub-Saharan Africa,Lower middle income,2018,-0.483168999999999,-3.924,36.3
Cote d'Ivoire,CIV,Sub-Saharan Africa,Lower middle income,2019,-0.5301004,-9.713,33.3
Cote d'Ivoire,CIV,Sub-Saharan Africa,Lower middle income,2020,-0.4863208,8.259,35.3
Cote d'Ivoire,CIV,Sub-Saharan Africa,Lower middle income,2021,-0.446876999999999,8.111,36.9
Cote d'Ivoire,CIV,Sub-Saharan Africa,Lower middle income,2022,-0.370305999999999,17.135,40.8
Cote d'Ivoire,CIV,Sub-Saharan Africa,Lower middle income,2023,-0.3616761,2.33,41.3
Croatia,HRV,Europe & Central Asia,High income,2002,0.4509738,,71.5
Croatia,HRV,Europe & Central Asia,High income,2003,0.3959679,-12.197,71
Croatia,HRV,Europe & Central Asia,High income,2004,0.2661675,-32.781,68.5
Croatia,HRV,Europe & Central Asia,High income,2005,0.1969274,-26.014,64.1
Croatia,HRV,Europe & Central Asia,High income,2006,0.1368044,-30.531,62.1
Croatia,HRV,Europe & Central Asia,High income,2007,0.1000877,-26.839,62.8
Croatia,HRV,Europe & Central Asia,High income,2008,0.0657437,-34.314,61
Croatia,HRV,Europe & Central Asia,High income,2009,0.050097,-23.8,60.2
Croatia,HRV,Europe & Central Asia,High income,2010,0.1141188,127.796,61.9
Croatia,HRV,Europe & Central Asia,High income,2011,0.1086579,-4.785,60.9
Croatia,HRV,Europe & Central Asia,High income,2012,0.0944764999999999,-13.051,61.9
Croatia,HRV,Europe & Central Asia,High income,2013,0.1136039,20.246,62.9
Croatia,HRV,Europe & Central Asia,High income,2014,0.1153811,1.564,62.9
Croatia,HRV,Europe & Central Asia,High income,2015,0.1722605,49.297,60.8
Croatia,HRV,Europe & Central Asia,High income,2016,0.1085585,-36.98,60.8
Croatia,HRV,Europe & Central Asia,High income,2017,0.0456235,-57.973,58.8
Croatia,HRV,Europe & Central Asia,High income,2018,0.0249186,-45.382,58.8
Croatia,HRV,Europe & Central Asia,High income,2019,0.0249751,0.227,57.8
Croatia,HRV,Europe & Central Asia,High income,2020,0.1356925,443.311,60.3
Croatia,HRV,Europe & Central Asia,High income,2021,0.0954983,-29.622,59.7
Croatia,HRV,Europe & Central Asia,High income,2022,0.1067785,11.812,60.2
Croatia,HRV,Europe & Central Asia,High income,2023,0.113708,6.49,59.2
Cuba,CUB,Latin America & Caribbean,Upper middle income,2002,-0.121231399999999,,53.8
Cuba,CUB,Latin America & Caribbean,Upper middle income,2003,-0.122125199999999,-0.737,55.4
Cuba,CUB,Latin America & Caribbean,Upper middle income,2004,-0.208243899999999,-70.517,51.3
Cuba,CUB,Latin America & Caribbean,Upper middle income,2005,-0.1442033,30.753,55.6
Cuba,CUB,Latin America & Caribbean,Upper middle income,2006,0.4536368,414.581,70.7
Cuba,CUB,Latin America & Caribbean,Upper middle income,2007,0.4523843,-0.276,73.4
Cuba,CUB,Latin America & Caribbean,Upper middle income,2008,0.530215,17.205,74.5
Cuba,CUB,Latin America & Caribbean,Upper middle income,2009,0.5302033,-0.002,72.6
Cuba,CUB,Latin America & Caribbean,Upper middle income,2010,0.4889156,-7.787,72.8
Cuba,CUB,Latin America & Caribbean,Upper middle income,2011,0.4883787,-0.11,72.3
Cuba,CUB,Latin America & Caribbean,Upper middle income,2012,0.4572964,-6.364,70.8
Cuba,CUB,Latin America & Caribbean,Upper middle income,2013,0.3160506,-30.887,66.8
Cuba,CUB,Latin America & Caribbean,Upper middle income,2014,0.2926138,-7.416,66.3
Cuba,CUB,Latin America & Caribbean,Upper middle income,2015,0.2903657,-0.768,64.7
Cuba,CUB,Latin America & Caribbean,Upper middle income,2016,0.00530579999999999,-98.173,57.8
Cuba,CUB,Latin America & Caribbean,Upper middle income,2017,0.0402953,659.458,58.3
Cuba,CUB,Latin America & Caribbean,Upper middle income,2018,-0.0111422,-127.651,56.9
Cuba,CUB,Latin America & Caribbean,Upper middle income,2019,-0.1433557,-1186.601,49.5
Cuba,CUB,Latin America & Caribbean,Upper middle income,2020,-0.1430736,0.197,49
Cuba,CUB,Latin America & Caribbean,Upper middle income,2021,-0.2211207,-54.55,47.6
Cuba,CUB,Latin America & Caribbean,Upper middle income,2022,-0.2238752,-1.246,48.5
Cuba,CUB,Latin America & Caribbean,Upper middle income,2023,-0.1628482,27.259,51.5
Cyprus,CYP,Europe & Central Asia,High income,2002,1.1770491,,83.9
Cyprus,CYP,Europe & Central Asia,High income,2003,1.111154,-5.598,83.3
Cyprus,CYP,Europe & Central Asia,High income,2004,0.9137833,-17.763,82.7
Cyprus,CYP,Europe & Central Asia,High income,2005,0.9555973,4.576,81.3
Cyprus,CYP,Europe & Central Asia,High income,2006,1.1392607,19.22,85.4
Cyprus,CYP,Europe & Central Asia,High income,2007,1.0857157,-4.7,85.4
Cyprus,CYP,Europe & Central Asia,High income,2008,1.1824327,8.908,86.5
Cyprus,CYP,Europe & Central Asia,High income,2009,1.0785963,-8.782,85.1
Cyprus,CYP,Europe & Central Asia,High income,2010,1.1061312,2.553,83.7
Cyprus,CYP,Europe & Central Asia,High income,2011,1.0124344,-8.471,80.7
Cyprus,CYP,Europe & Central Asia,High income,2012,1.0052242,-0.712,80.2
Cyprus,CYP,Europe & Central Asia,High income,2013,0.9856079,-1.951,80.7
Cyprus,CYP,Europe & Central Asia,High income,2014,0.7530793,-23.592,77.7
Cyprus,CYP,Europe & Central Asia,High income,2015,0.6824205,-9.383,75
Cyprus,CYP,Europe & Central Asia,High income,2016,0.7247771,6.207,74.5
Cyprus,CYP,Europe & Central Asia,High income,2017,0.8179827,12.86,79.9
Cyprus,CYP,Europe & Central Asia,High income,2018,0.6608595,-19.209,75
Cyprus,CYP,Europe & Central Asia,High income,2019,0.6807343,3.007,73.5
Cyprus,CYP,Europe & Central Asia,High income,2020,0.4663521,-31.493,70.1
Cyprus,CYP,Europe & Central Asia,High income,2021,0.4905518,5.189,71.4
Cyprus,CYP,Europe & Central Asia,High income,2022,0.5652889,15.235,71.8
Cyprus,CYP,Europe & Central Asia,High income,2023,0.4826822,-14.613,70.9
Czechia,CZE,Europe & Central Asia,High income,2002,0.4083161,,70.4
Czechia,CZE,Europe & Central Asia,High income,2003,0.5110948,25.171,74.2
Czechia,CZE,Europe & Central Asia,High income,2004,0.4510277,-11.753,72.6
Czechia,CZE,Europe & Central Asia,High income,2005,0.5643395,25.123,72.7
Czechia,CZE,Europe & Central Asia,High income,2006,0.538493,-4.58,73.2
Czechia,CZE,Europe & Central Asia,High income,2007,0.4278636,-20.544,72.4
Czechia,CZE,Europe & Central Asia,High income,2008,0.4165926,-2.634,71.5
Czechia,CZE,Europe & Central Asia,High income,2009,0.3950891,-5.162,69.7
Czechia,CZE,Europe & Central Asia,High income,2010,0.3937065,-0.35,69.8
Czechia,CZE,Europe & Central Asia,High income,2011,0.4745101,20.524,71.8
Czechia,CZE,Europe & Central Asia,High income,2012,0.4104378,-13.503,68.8
Czechia,CZE,Europe & Central Asia,High income,2013,0.3827776,-6.739,67.8
Czechia,CZE,Europe & Central Asia,High income,2014,0.5091331,33.01,72.3
Czechia,CZE,Europe & Central Asia,High income,2015,0.5929256,16.458,71.6
Czechia,CZE,Europe & Central Asia,High income,2016,0.6247694,5.371,72.5
Czechia,CZE,Europe & Central Asia,High income,2017,0.7473855,19.626,76
Czechia,CZE,Europe & Central Asia,High income,2018,0.6140583,-17.839,73.5
Czechia,CZE,Europe & Central Asia,High income,2019,0.6034081,-1.734,71.6
Czechia,CZE,Europe & Central Asia,High income,2020,0.6341668,5.097,73.5
Czechia,CZE,Europe & Central Asia,High income,2021,0.7300087,15.113,76.2
Czechia,CZE,Europe & Central Asia,High income,2022,0.8031753,10.023,78.2
Czechia,CZE,Europe & Central Asia,High income,2023,0.8499213,5.82,79.1
Denmark,DNK,Europe & Central Asia,High income,2002,2.2855283,,98.9
Denmark,DNK,Europe & Central Asia,High income,2003,2.3034256,0.783,99.5
Denmark,DNK,Europe & Central Asia,High income,2004,2.2298816,-3.193,99.5
Denmark,DNK,Europe & Central Asia,High income,2005,2.2532203,1.047,99
Denmark,DNK,Europe & Central Asia,High income,2006,2.3453032,4.087,99.5
Denmark,DNK,Europe & Central Asia,High income,2007,2.3189895,-1.122,99.5
Denmark,DNK,Europe & Central Asia,High income,2008,2.3017254,-0.744,100
Denmark,DNK,Europe & Central Asia,High income,2009,2.3099939,0.359,100
Denmark,DNK,Europe & Central Asia,High income,2010,2.2632106,-2.025,100
Denmark,DNK,Europe & Central Asia,High income,2011,2.3322647,3.051,100
Denmark,DNK,Europe & Central Asia,High income,2012,2.258271,-3.173,100
Denmark,DNK,Europe & Central Asia,High income,2013,2.2419071,-0.725,100
Denmark,DNK,Europe & Central Asia,High income,2014,2.1516341,-4.027,98.5
Denmark,DNK,Europe & Central Asia,High income,2015,2.1589365,0.339,97.5
Denmark,DNK,Europe & Central Asia,High income,2016,2.1677475,0.408,98
Denmark,DNK,Europe & Central Asia,High income,2017,2.1877812,0.924,99.5
Denmark,DNK,Europe & Central Asia,High income,2018,2.1580954,-1.357,98.5
Denmark,DNK,Europe & Central Asia,High income,2019,2.1562325,-0.086,98.5
Denmark,DNK,Europe & Central Asia,High income,2020,2.2645808,5.025,99.5
Denmark,DNK,Europe & Central Asia,High income,2021,2.2948313,1.336,100
Denmark,DNK,Europe & Central Asia,High income,2022,2.3022376,0.323,100
Denmark,DNK,Europe & Central Asia,High income,2023,2.3171626,0.648,100
Djibouti,DJI,"Middle East, North Africa, Afghanistan & Pakistan",Lower middle income,2002,-0.624761,,37.6
Djibouti,DJI,"Middle East, North Africa, Afghanistan & Pakistan",Lower middle income,2003,-0.6267207,-0.314,37.6
Djibouti,DJI,"Middle East, North Africa, Afghanistan & Pakistan",Lower middle income,2004,-0.422042,32.659,39.6
Djibouti,DJI,"Middle East, North Africa, Afghanistan & Pakistan",Lower middle income,2005,-0.659377099999999,-56.235,33.8
Djibouti,DJI,"Middle East, North Africa, Afghanistan & Pakistan",Lower middle income,2006,-0.6564207,0.448,28.3
Djibouti,DJI,"Middle East, North Africa, Afghanistan & Pakistan",Lower middle income,2007,-0.4894592,25.435,37.7
Djibouti,DJI,"Middle East, North Africa, Afghanistan & Pakistan",Lower middle income,2008,-0.283894,41.998,49.5
Djibouti,DJI,"Middle East, North Africa, Afghanistan & Pakistan",Lower middle income,2009,-0.488670899999999,-72.131,36.3
Djibouti,DJI,"Middle East, North Africa, Afghanistan & Pakistan",Lower middle income,2010,-0.5264958,-7.74,35.1
Djibouti,DJI,"Middle East, North Africa, Afghanistan & Pakistan",Lower middle income,2011,-0.5260663,0.082,36.1
Djibouti,DJI,"Middle East, North Africa, Afghanistan & Pakistan",Lower middle income,2012,-0.5478799,-4.147,35.6
Djibouti,DJI,"Middle East, North Africa, Afghanistan & Pakistan",Lower middle income,2013,-0.620851399999999,-13.319,32.2
Djibouti,DJI,"Middle East, North Africa, Afghanistan & Pakistan",Lower middle income,2014,-0.7346191,-18.324,30.2
Djibouti,DJI,"Middle East, North Africa, Afghanistan & Pakistan",Lower middle income,2015,-0.729731599999999,0.665,29.4
Djibouti,DJI,"Middle East, North Africa, Afghanistan & Pakistan",Lower middle income,2016,-0.7112911,2.527,29.4
Djibouti,DJI,"Middle East, North Africa, Afghanistan & Pakistan",Lower middle income,2017,-0.7643067,-7.453,27.5
Djibouti,DJI,"Middle East, North Africa, Afghanistan & Pakistan",Lower middle income,2018,-0.821555599999999,-7.49,26.5
Djibouti,DJI,"Middle East, North Africa, Afghanistan & Pakistan",Lower middle income,2019,-0.9286163,-13.031,20.1
Djibouti,DJI,"Middle East, North Africa, Afghanistan & Pakistan",Lower middle income,2020,-0.814078299999999,12.334,21.1
Djibouti,DJI,"Middle East, North Africa, Afghanistan & Pakistan",Lower middle income,2021,-0.9086172,-11.613,19.4
Djibouti,DJI,"Middle East, North Africa, Afghanistan & Pakistan",Lower middle income,2022,-0.9087909,-0.019,20.9
Djibouti,DJI,"Middle East, North Africa, Afghanistan & Pakistan",Lower middle income,2023,-0.905052699999999,0.411,21.4
Dominica,DMA,Latin America & Caribbean,Upper middle income,2002,0.8678068,,81.2
Dominica,DMA,Latin America & Caribbean,Upper middle income,2003,0.8646521,-0.364,78
Dominica,DMA,Latin America & Caribbean,Upper middle income,2004,0.5605873,-35.166,75.6
Dominica,DMA,Latin America & Caribbean,Upper middle income,2005,0.7009683,25.042,75.8
Dominica,DMA,Latin America & Caribbean,Upper middle income,2006,0.7057308,0.679,75.3
Dominica,DMA,Latin America & Caribbean,Upper middle income,2007,0.7023194,-0.483,76.4
Dominica,DMA,Latin America & Caribbean,Upper middle income,2008,0.7032262,0.129,76.5
Dominica,DMA,Latin America & Caribbean,Upper middle income,2009,0.7031943,-0.005,75.6
Dominica,DMA,Latin America & Caribbean,Upper middle income,2010,0.8317948,18.288,77.2
Dominica,DMA,Latin America & Caribbean,Upper middle income,2011,0.8301434,-0.199,77.2
Dominica,DMA,Latin America & Caribbean,Upper middle income,2012,0.8267117,-0.413,77.2
Dominica,DMA,Latin America & Caribbean,Upper middle income,2013,0.8269725,0.032,78.2
Dominica,DMA,Latin America & Caribbean,Upper middle income,2014,0.6052154,-26.816,75.7
Dominica,DMA,Latin America & Caribbean,Upper middle income,2015,0.6194167,2.346,72.5
Dominica,DMA,Latin America & Caribbean,Upper middle income,2016,0.6205238,0.179,71.6
Dominica,DMA,Latin America & Caribbean,Upper middle income,2017,0.62126,0.119,73
Dominica,DMA,Latin America & Caribbean,Upper middle income,2018,0.5097888,-17.943,70.6
Dominica,DMA,Latin America & Caribbean,Upper middle income,2019,0.4981335,-2.286,70.1
Dominica,DMA,Latin America & Caribbean,Upper middle income,2020,0.4019084,-19.317,67.2
Dominica,DMA,Latin America & Caribbean,Upper middle income,2021,0.3994373,-0.615,68
Dominica,DMA,Latin America & Caribbean,Upper middle income,2022,0.3990364,-0.1,68.4
Dominica,DMA,Latin America & Caribbean,Upper middle income,2023,0.4140289,3.757,68.9
Dominican Republic,DOM,Latin America & Caribbean,Upper middle income,2002,-0.588125,,39.2
Dominican Republic,DOM,Latin America & Caribbean,Upper middle income,2003,-0.8571186,-45.737,25.3
Dominican Republic,DOM,Latin America & Caribbean,Upper middle income,2004,-0.718571299999999,16.164,28.4
Dominican Republic,DOM,Latin America & Caribbean,Upper middle income,2005,-0.8517184,-18.529,24.7
Dominican Republic,DOM,Latin America & Caribbean,Upper middle income,2006,-0.6553867,23.051,28.8
Dominican Republic,DOM,Latin America & Caribbean,Upper middle income,2007,-0.7510177,-14.592,25.6
Dominican Republic,DOM,Latin America & Caribbean,Upper middle income,2008,-0.744264399999999,0.899,25.5
Dominican Republic,DOM,Latin America & Caribbean,Upper middle income,2009,-0.7202043,3.233,26.9
Dominican Republic,DOM,Latin America & Caribbean,Upper middle income,2010,-0.7609997,-5.664,22.8
Dominican Republic,DOM,Latin America & Caribbean,Upper middle income,2011,-0.7070725,7.086,24.8
Dominican Republic,DOM,Latin America & Caribbean,Upper middle income,2012,-0.7816871,-10.553,24.3
Dominican Republic,DOM,Latin America & Caribbean,Upper middle income,2013,-0.770886899999999,1.382,26.2
Dominican Republic,DOM,Latin America & Caribbean,Upper middle income,2014,-0.755538199999999,1.991,28.7
Dominican Republic,DOM,Latin America & Caribbean,Upper middle income,2015,-0.7903907,-4.613,26.5
Dominican Republic,DOM,Latin America & Caribbean,Upper middle income,2016,-0.794053,-0.463,26.5
Dominican Republic,DOM,Latin America & Caribbean,Upper middle income,2017,-0.801055499999999,-0.882,26
Dominican Republic,DOM,Latin America & Caribbean,Upper middle income,2018,-0.8443735,-5.408,25
Dominican Republic,DOM,Latin America & Caribbean,Upper middle income,2019,-0.802128499999999,5.003,25
Dominican Republic,DOM,Latin America & Caribbean,Upper middle income,2020,-0.706555199999999,11.915,27
Dominican Republic,DOM,Latin America & Caribbean,Upper middle income,2021,-0.545258,22.829,34
Dominican Republic,DOM,Latin America & Caribbean,Upper middle income,2022,-0.422172599999999,22.574,37.9
Dominican Republic,DOM,Latin America & Caribbean,Upper middle income,2023,-0.429853,-1.819,39.3
Ecuador,ECU,Latin America & Caribbean,Upper middle income,2002,-0.8039929,,28.5
Ecuador,ECU,Latin America & Caribbean,Upper middle income,2003,-0.6704346,16.612,35.5
Ecuador,ECU,Latin America & Caribbean,Upper middle income,2004,-0.776023199999999,-15.749,26.4
Ecuador,ECU,Latin America & Caribbean,Upper middle income,2005,-0.839729899999999,-8.209,25.3
Ecuador,ECU,Latin America & Caribbean,Upper middle income,2006,-0.8151132,2.932,23.2
Ecuador,ECU,Latin America & Caribbean,Upper middle income,2007,-0.7886171,3.251,23.6
Ecuador,ECU,Latin America & Caribbean,Upper middle income,2008,-0.716222599999999,9.18,26.5
Ecuador,ECU,Latin America & Caribbean,Upper middle income,2009,-0.7037348,1.744,28.4
Ecuador,ECU,Latin America & Caribbean,Upper middle income,2010,-0.711728799999999,-1.136,25.2
Ecuador,ECU,Latin America & Caribbean,Upper middle income,2011,-0.669629799999999,5.915,26.7
Ecuador,ECU,Latin America & Caribbean,Upper middle income,2012,-0.6136706,8.357,33.2
Ecuador,ECU,Latin America & Caribbean,Upper middle income,2013,-0.584110999999999,4.817,33.7
Ecuador,ECU,Latin America & Caribbean,Upper middle income,2014,-0.7552215,-29.294,29.2
Ecuador,ECU,Latin America & Caribbean,Upper middle income,2015,-0.7228483,4.287,29.9
Ecuador,ECU,Latin America & Caribbean,Upper middle income,2016,-0.766105399999999,-5.984,27.9
Ecuador,ECU,Latin America & Caribbean,Upper middle income,2017,-0.775722799999999,-1.255,27
Ecuador,ECU,Latin America & Caribbean,Upper middle income,2018,-0.618424299999999,20.278,30.9
Ecuador,ECU,Latin America & Caribbean,Upper middle income,2019,-0.5273627,14.725,33.8
Ecuador,ECU,Latin America & Caribbean,Upper middle income,2020,-0.5183859,1.702,33.8
Ecuador,ECU,Latin America & Caribbean,Upper middle income,2021,-0.6326965,-22.051,29.6
Ecuador,ECU,Latin America & Caribbean,Upper middle income,2022,-0.655353,-3.581,27.7
Ecuador,ECU,Latin America & Caribbean,Upper middle income,2023,-0.719996,-9.864,25.7
"Egypt, Arab Rep.",EGY,"Middle East, North Africa, Afghanistan & Pakistan",Lower middle income,2002,-0.6106491,,38.2
"Egypt, Arab Rep.",EGY,"Middle East, North Africa, Afghanistan & Pakistan",Lower middle income,2003,-0.630474,-3.247,37.1
"Egypt, Arab Rep.",EGY,"Middle East, North Africa, Afghanistan & Pakistan",Lower middle income,2004,-0.629709699999999,0.121,32
"Egypt, Arab Rep.",EGY,"Middle East, North Africa, Afghanistan & Pakistan",Lower middle income,2005,-0.6190665,1.69,36.4
"Egypt, Arab Rep.",EGY,"Middle East, North Africa, Afghanistan & Pakistan",Lower middle income,2006,-0.5725119,7.52,33.8
"Egypt, Arab Rep.",EGY,"Middle East, North Africa, Afghanistan & Pakistan",Lower middle income,2007,-0.536828699999999,6.233,33.7
"Egypt, Arab Rep.",EGY,"Middle East, North Africa, Afghanistan & Pakistan",Lower middle income,2008,-0.571537899999999,-6.466,32
"Egypt, Arab Rep.",EGY,"Middle East, North Africa, Afghanistan & Pakistan",Lower middle income,2009,-0.4952858,13.342,35.8
"Egypt, Arab Rep.",EGY,"Middle East, North Africa, Afghanistan & Pakistan",Lower middle income,2010,-0.608266,-22.811,31.2
"Egypt, Arab Rep.",EGY,"Middle East, North Africa, Afghanistan & Pakistan",Lower middle income,2011,-0.5611174,7.751,32.7
"Egypt, Arab Rep.",EGY,"Middle East, North Africa, Afghanistan & Pakistan",Lower middle income,2012,-0.5175138,7.771,36.1
"Egypt, Arab Rep.",EGY,"Middle East, North Africa, Afghanistan & Pakistan",Lower middle income,2013,-0.5658677,-9.343,35.6
"Egypt, Arab Rep.",EGY,"Middle East, North Africa, Afghanistan & Pakistan",Lower middle income,2014,-0.576257999999999,-1.836,37.6
"Egypt, Arab Rep.",EGY,"Middle East, North Africa, Afghanistan & Pakistan",Lower middle income,2015,-0.5639736,2.132,36.8
"Egypt, Arab Rep.",EGY,"Middle East, North Africa, Afghanistan & Pakistan",Lower middle income,2016,-0.4472655,20.694,38.2
"Egypt, Arab Rep.",EGY,"Middle East, North Africa, Afghanistan & Pakistan",Lower middle income,2017,-0.4059653,9.234,41.7
"Egypt, Arab Rep.",EGY,"Middle East, North Africa, Afghanistan & Pakistan",Lower middle income,2018,-0.4749757,-16.999,37.3
"Egypt, Arab Rep.",EGY,"Middle East, North Africa, Afghanistan & Pakistan",Lower middle income,2019,-0.652109199999999,-37.293,29.4
"Egypt, Arab Rep.",EGY,"Middle East, North Africa, Afghanistan & Pakistan",Lower middle income,2020,-0.7914606,-21.369,23.5
"Egypt, Arab Rep.",EGY,"Middle East, North Africa, Afghanistan & Pakistan",Lower middle income,2021,-0.7873199,0.523,23.8
"Egypt, Arab Rep.",EGY,"Middle East, North Africa, Afghanistan & Pakistan",Lower middle income,2022,-0.7776624,1.227,23.8
"Egypt, Arab Rep.",EGY,"Middle East, North Africa, Afghanistan & Pakistan",Lower middle income,2023,-0.816904499999999,-5.046,23.8
El Salvador,SLV,Latin America & Caribbean,Upper middle income,2002,-0.7260707,,33.3
El Salvador,SLV,Latin America & Caribbean,Upper middle income,2003,-0.5478229,24.55,40.9
El Salvador,SLV,Latin America & Caribbean,Upper middle income,2004,-0.3835688,29.983,43.1
El Salvador,SLV,Latin America & Caribbean,Upper middle income,2005,-0.4242744,-10.612,41.4
El Salvador,SLV,Latin America & Caribbean,Upper middle income,2006,-0.376432799999999,11.276,42.9
El Salvador,SLV,Latin America & Caribbean,Upper middle income,2007,-0.4139309,-9.961,41.2
El Salvador,SLV,Latin America & Caribbean,Upper middle income,2008,-0.410105999999999,0.924,41
El Salvador,SLV,Latin America & Caribbean,Upper middle income,2009,-0.2532086,38.258,49.8
El Salvador,SLV,Latin America & Caribbean,Upper middle income,2010,-0.2559994,-1.102,49.5
El Salvador,SLV,Latin America & Caribbean,Upper middle income,2011,-0.168123,34.327,52.5
El Salvador,SLV,Latin America & Caribbean,Upper middle income,2012,-0.412827599999999,-145.551,43.1
El Salvador,SLV,Latin America & Caribbean,Upper middle income,2013,-0.3454095,16.331,45.5
El Salvador,SLV,Latin America & Caribbean,Upper middle income,2014,-0.4848632,-40.373,39.6
El Salvador,SLV,Latin America & Caribbean,Upper middle income,2015,-0.523622599999999,-7.994,37.7
El Salvador,SLV,Latin America & Caribbean,Upper middle income,2016,-0.5627985,-7.482,34.8
El Salvador,SLV,Latin America & Caribbean,Upper middle income,2017,-0.5282498,6.139,36.3
El Salvador,SLV,Latin America & Caribbean,Upper middle income,2018,-0.579658,-9.732,33.3
El Salvador,SLV,Latin America & Caribbean,Upper middle income,2019,-0.5208324,10.148,34.3
El Salvador,SLV,Latin America & Caribbean,Upper middle income,2020,-0.5107438,1.937,34.3
El Salvador,SLV,Latin America & Caribbean,Upper middle income,2021,-0.5616664,-9.97,33
El Salvador,SLV,Latin America & Caribbean,Upper middle income,2022,-0.680151,-21.095,26.2
El Salvador,SLV,Latin America & Caribbean,Upper middle income,2023,-0.6099566,10.32,30.1
Equatorial Guinea,GNQ,Sub-Saharan Africa,Upper middle income,2002,-1.4243318,,4.8
Equatorial Guinea,GNQ,Sub-Saharan Africa,Upper middle income,2003,-1.42539369999999,-0.075,5.4
Equatorial Guinea,GNQ,Sub-Saharan Africa,Upper middle income,2004,-1.40483349999999,1.442,3
Equatorial Guinea,GNQ,Sub-Saharan Africa,Upper middle income,2005,-1.5058021,-7.187,2.5
Equatorial Guinea,GNQ,Sub-Saharan Africa,Upper middle income,2006,-1.3598299,9.694,4.5
Equatorial Guinea,GNQ,Sub-Saharan Africa,Upper middle income,2007,-1.3616268,-0.132,4.5
Equatorial Guinea,GNQ,Sub-Saharan Africa,Upper middle income,2008,-1.3611491,0.035,4.5
Equatorial Guinea,GNQ,Sub-Saharan Africa,Upper middle income,2009,-1.2684339,6.812,6.5
Equatorial Guinea,GNQ,Sub-Saharan Africa,Upper middle income,2010,-1.2609948,0.586,5.9
Equatorial Guinea,GNQ,Sub-Saharan Africa,Upper middle income,2011,-1.261717,-0.057,5.4
Equatorial Guinea,GNQ,Sub-Saharan Africa,Upper middle income,2012,-1.26321779999999,-0.119,8.9
Equatorial Guinea,GNQ,Sub-Saharan Africa,Upper middle income,2013,-1.30996279999999,-3.7,5.9
Equatorial Guinea,GNQ,Sub-Saharan Africa,Upper middle income,2014,-1.58996809999999,-21.375,1
Equatorial Guinea,GNQ,Sub-Saharan Africa,Upper middle income,2015,-1.5888102,0.073,1.5
Equatorial Guinea,GNQ,Sub-Saharan Africa,Upper middle income,2016,-1.6329041,-2.775,1
Equatorial Guinea,GNQ,Sub-Saharan Africa,Upper middle income,2017,-1.63363519999999,-0.045,1.5
Equatorial Guinea,GNQ,Sub-Saharan Africa,Upper middle income,2018,-1.5191557,7.008,4.4
Equatorial Guinea,GNQ,Sub-Saharan Africa,Upper middle income,2019,-1.5178173,0.088,4.4
Equatorial Guinea,GNQ,Sub-Saharan Africa,Upper middle income,2020,-1.51748099999999,0.022,3.4
Equatorial Guinea,GNQ,Sub-Saharan Africa,Upper middle income,2021,-1.51813589999999,-0.043,3.4
Equatorial Guinea,GNQ,Sub-Saharan Africa,Upper middle income,2022,-1.5183607,-0.015,3.4
Equatorial Guinea,GNQ,Sub-Saharan Africa,Upper middle income,2023,-1.52463899999999,-0.413,3.4
Eritrea,ERI,Sub-Saharan Africa,Low income,2002,0.0850292,,61.8
Eritrea,ERI,Sub-Saharan Africa,Low income,2003,-0.0183844999999999,-121.621,60.2
Eritrea,ERI,Sub-Saharan Africa,Low income,2004,-0.212855599999999,-1057.799,50.8
Eritrea,ERI,Sub-Saharan Africa,Low income,2005,-0.4150293,-94.982,43.4
Eritrea,ERI,Sub-Saharan Africa,Low income,2006,-0.4748534,-14.414,37.4
Eritrea,ERI,Sub-Saharan Africa,Low income,2007,-0.5423481,-14.214,32.7
Eritrea,ERI,Sub-Saharan Africa,Low income,2008,-0.6362941,-17.322,30
Eritrea,ERI,Sub-Saharan Africa,Low income,2009,-0.686655799999999,-7.915,28.9
Eritrea,ERI,Sub-Saharan Africa,Low income,2010,-0.720041399999999,-4.862,24.8
Eritrea,ERI,Sub-Saharan Africa,Low income,2011,-0.7517438,-4.403,23.8
Eritrea,ERI,Sub-Saharan Africa,Low income,2012,-0.872825699999999,-16.107,20.8
Eritrea,ERI,Sub-Saharan Africa,Low income,2013,-0.9908114,-13.518,18.3
Eritrea,ERI,Sub-Saharan Africa,Low income,2014,-1.124763,-13.519,14.4
Eritrea,ERI,Sub-Saharan Africa,Low income,2015,-1.3519275,-20.197,8.3
Eritrea,ERI,Sub-Saharan Africa,Low income,2016,-1.35281649999999,-0.066,8.3
Eritrea,ERI,Sub-Saharan Africa,Low income,2017,-1.320663,2.377,8.8
Eritrea,ERI,Sub-Saharan Africa,Low income,2018,-1.4338129,-8.568,8.3
Eritrea,ERI,Sub-Saharan Africa,Low income,2019,-1.4238042,0.698,8.3
Eritrea,ERI,Sub-Saharan Africa,Low income,2020,-1.3612091,4.396,7.4
Eritrea,ERI,Sub-Saharan Africa,Low income,2021,-1.36851339999999,-0.537,6.8
Eritrea,ERI,Sub-Saharan Africa,Low income,2022,-1.3644356,0.298,6.3
Eritrea,ERI,Sub-Saharan Africa,Low income,2023,-1.4131414,-3.57,6.3
Estonia,EST,Europe & Central Asia,High income,2002,0.7636453,,78
Estonia,EST,Europe & Central Asia,High income,2003,0.8598443,12.597,77.4
Estonia,EST,Europe & Central Asia,High income,2004,0.922238,7.256,83.2
Estonia,EST,Europe & Central Asia,High income,2005,0.965003,4.637,81.8
Estonia,EST,Europe & Central Asia,High income,2006,1.0518977,9.005,83.8
Estonia,EST,Europe & Central Asia,High income,2007,0.9936845,-5.534,82.4
Estonia,EST,Europe & Central Asia,High income,2008,1.0058476,1.224,82.5
Estonia,EST,Europe & Central Asia,High income,2009,0.9924429,-1.333,81.6
Estonia,EST,Europe & Central Asia,High income,2010,0.9912376,-0.121,80.7
Estonia,EST,Europe & Central Asia,High income,2011,1.1623156,17.259,84.2
Estonia,EST,Europe & Central Asia,High income,2012,1.1139136,-4.164,83.2
Estonia,EST,Europe & Central Asia,High income,2013,1.173543,5.353,84.2
Estonia,EST,Europe & Central Asia,High income,2014,1.2696404,8.189,88.1
Estonia,EST,Europe & Central Asia,High income,2015,1.2999987,2.391,89.7
Estonia,EST,Europe & Central Asia,High income,2016,1.2763152,-1.822,88.7
Estonia,EST,Europe & Central Asia,High income,2017,1.280741,0.347,87.3
Estonia,EST,Europe & Central Asia,High income,2018,1.4976464,16.936,90.2
Estonia,EST,Europe & Central Asia,High income,2019,1.52358,1.732,90.7
Estonia,EST,Europe & Central Asia,High income,2020,1.5899428,4.356,91.2
Estonia,EST,Europe & Central Asia,High income,2021,1.5368104,-3.342,90.8
Estonia,EST,Europe & Central Asia,High income,2022,1.5957125,3.833,91.7
Estonia,EST,Europe & Central Asia,High income,2023,1.6727855,4.83,94.2
Eswatini,SWZ,Sub-Saharan Africa,Lower middle income,2002,-0.0371185,,58.6
Eswatini,SWZ,Sub-Saharan Africa,Lower middle income,2003,-0.0390781,-5.279,59.1
Eswatini,SWZ,Sub-Saharan Africa,Lower middle income,2004,-0.303319699999999,-676.188,48.7
Eswatini,SWZ,Sub-Saharan Africa,Lower middle income,2005,-0.3043228,-0.331,49.5
Eswatini,SWZ,Sub-Saharan Africa,Lower middle income,2006,0.0827945,127.206,59.1
Eswatini,SWZ,Sub-Saharan Africa,Lower middle income,2007,0.0810212999999999,-2.142,61.8
Eswatini,SWZ,Sub-Saharan Africa,Lower middle income,2008,0.1882327,132.325,66
Eswatini,SWZ,Sub-Saharan Africa,Lower middle income,2009,0.1378584,-26.762,63.2
Eswatini,SWZ,Sub-Saharan Africa,Lower middle income,2010,-0.0920035999999999,-166.738,56.4
Eswatini,SWZ,Sub-Saharan Africa,Lower middle income,2011,-0.132006899999999,-43.48,54.5
Eswatini,SWZ,Sub-Saharan Africa,Lower middle income,2012,-0.111456099999999,15.568,55.4
Eswatini,SWZ,Sub-Saharan Africa,Lower middle income,2013,-0.134462,-20.641,55
Eswatini,SWZ,Sub-Saharan Africa,Lower middle income,2014,-0.2843032,-111.438,50.5
Eswatini,SWZ,Sub-Saharan Africa,Lower middle income,2015,-0.2787246,1.962,49.5
Eswatini,SWZ,Sub-Saharan Africa,Lower middle income,2016,-0.2738615,1.745,48
Eswatini,SWZ,Sub-Saharan Africa,Lower middle income,2017,-0.0881199,67.823,53.4
Eswatini,SWZ,Sub-Saharan Africa,Lower middle income,2018,-0.272451599999999,-209.183,46.6
Eswatini,SWZ,Sub-Saharan Africa,Lower middle income,2019,-0.2969784,-9.002,43.1
Eswatini,SWZ,Sub-Saharan Africa,Lower middle income,2020,-0.3014253,-1.497,42.6
Eswatini,SWZ,Sub-Saharan Africa,Lower middle income,2021,-0.5806756,-92.643,31.6
Eswatini,SWZ,Sub-Saharan Africa,Lower middle income,2022,-0.6085804,-4.806,30.6
Eswatini,SWZ,Sub-Saharan Africa,Lower middle income,2023,-0.6292553,-3.397,27.7
Ethiopia,ETH,Sub-Saharan Africa,Low income,2002,-0.724652499999999,,33.9
Ethiopia,ETH,Sub-Saharan Africa,Low income,2003,-0.839374,-15.831,27.4
Ethiopia,ETH,Sub-Saharan Africa,Low income,2004,-0.753327299999999,10.251,27.9
Ethiopia,ETH,Sub-Saharan Africa,Low income,2005,-0.825205899999999,-9.541,26.3
Ethiopia,ETH,Sub-Saharan Africa,Low income,2006,-0.531347999999999,35.61,35.4
Ethiopia,ETH,Sub-Saharan Africa,Low income,2007,-0.5338238,-0.466,34.2
Ethiopia,ETH,Sub-Saharan Africa,Low income,2008,-0.631941299999999,-18.38,30.5
Ethiopia,ETH,Sub-Saharan Africa,Low income,2009,-0.7219618,-14.245,26.4
Ethiopia,ETH,Sub-Saharan Africa,Low income,2010,-0.6997533,3.076,26.2
Ethiopia,ETH,Sub-Saharan Africa,Low income,2011,-0.6055573,13.461,29.7
Ethiopia,ETH,Sub-Saharan Africa,Low income,2012,-0.6106685,-0.844,34.2
Ethiopia,ETH,Sub-Saharan Africa,Low income,2013,-0.5672534,7.109,35.1
Ethiopia,ETH,Sub-Saharan Africa,Low income,2014,-0.5429668,4.281,39.1
Ethiopia,ETH,Sub-Saharan Africa,Low income,2015,-0.5196265,4.299,38.7
Ethiopia,ETH,Sub-Saharan Africa,Low income,2016,-0.435890499999999,16.115,38.7
Ethiopia,ETH,Sub-Saharan Africa,Low income,2017,-0.5649481,-29.608,33.8
Ethiopia,ETH,Sub-Saharan Africa,Low income,2018,-0.4565279,19.191,37.7
Ethiopia,ETH,Sub-Saharan Africa,Low income,2019,-0.4268519,6.5,38.7
Ethiopia,ETH,Sub-Saharan Africa,Low income,2020,-0.368558799999999,13.657,39.2
Ethiopia,ETH,Sub-Saharan Africa,Low income,2021,-0.4003096,-8.615,38.8
Ethiopia,ETH,Sub-Saharan Africa,Low income,2022,-0.406565399999999,-1.563,39.8
Ethiopia,ETH,Sub-Saharan Africa,Low income,2023,-0.4629488,-13.868,36.9
Fiji,FJI,East Asia & Pacific,Upper middle income,2002,0.5221766,,73.7
Fiji,FJI,East Asia & Pacific,Upper middle income,2003,0.2294766,-56.054,65.6
Fiji,FJI,East Asia & Pacific,Upper middle income,2004,0.2632429,14.714,68
Fiji,FJI,East Asia & Pacific,Upper middle income,2005,-0.0647222,-124.586,57.6
Fiji,FJI,East Asia & Pacific,Upper middle income,2006,-0.0789479999999999,-21.98,55.1
Fiji,FJI,East Asia & Pacific,Upper middle income,2007,0.0387772,149.117,59.3
Fiji,FJI,East Asia & Pacific,Upper middle income,2008,0.0484933,25.056,60
Fiji,FJI,East Asia & Pacific,Upper middle income,2009,-0.0369825,-176.263,56.7
Fiji,FJI,East Asia & Pacific,Upper middle income,2010,-0.1720755,-365.289,53.5
Fiji,FJI,East Asia & Pacific,Upper middle income,2011,0.0901135,152.369,60.4
Fiji,FJI,East Asia & Pacific,Upper middle income,2012,0.0857756,-4.814,60.9
Fiji,FJI,East Asia & Pacific,Upper middle income,2013,0.0896913,4.565,61.4
Fiji,FJI,East Asia & Pacific,Upper middle income,2014,0.3474414,287.375,67.3
Fiji,FJI,East Asia & Pacific,Upper middle income,2015,0.3146995,-9.424,65.7
Fiji,FJI,East Asia & Pacific,Upper middle income,2016,0.3150779,0.12,65.2
Fiji,FJI,East Asia & Pacific,Upper middle income,2017,0.344813,9.437,65.7
Fiji,FJI,East Asia & Pacific,Upper middle income,2018,0.340503,-1.25,65.2
Fiji,FJI,East Asia & Pacific,Upper middle income,2019,0.6824056,100.411,74
Fiji,FJI,East Asia & Pacific,Upper middle income,2020,0.5418111,-20.603,71.6
Fiji,FJI,East Asia & Pacific,Upper middle income,2021,0.4839702,-10.675,70.9
Fiji,FJI,East Asia & Pacific,Upper middle income,2022,0.4582725,-5.31,70.4
Fiji,FJI,East Asia & Pacific,Upper middle income,2023,0.5323283,16.16,71.4
Finland,FIN,Europe & Central Asia,High income,2002,2.3615522,,100
Finland,FIN,Europe & Central Asia,High income,2003,2.3542543,-0.309,100
Finland,FIN,Europe & Central Asia,High income,2004,2.2858675,-2.905,100
Finland,FIN,Europe & Central Asia,High income,2005,2.3168752,1.356,100
Finland,FIN,Europe & Central Asia,High income,2006,2.3969617,3.457,100
Finland,FIN,Europe & Central Asia,High income,2007,2.3313967,-2.735,100
Finland,FIN,Europe & Central Asia,High income,2008,2.2985114,-1.411,99.5
Finland,FIN,Europe & Central Asia,High income,2009,2.1761067,-5.325,99
Finland,FIN,Europe & Central Asia,High income,2010,2.0755526,-4.621,98
Finland,FIN,Europe & Central Asia,High income,2011,2.1357305,2.899,98.5
Finland,FIN,Europe & Central Asia,High income,2012,2.0890617,-2.185,97
Finland,FIN,Europe & Central Asia,High income,2013,2.0358514,-2.547,96.5
Finland,FIN,Europe & Central Asia,High income,2014,2.0450303,0.451,97
Finland,FIN,Europe & Central Asia,High income,2015,2.1750212,6.356,98
Finland,FIN,Europe & Central Asia,High income,2016,2.1900901,0.693,98.5
Finland,FIN,Europe & Central Asia,High income,2017,2.1795948,-0.479,99
Finland,FIN,Europe & Central Asia,High income,2018,2.1834702,0.178,99
Finland,FIN,Europe & Central Asia,High income,2019,2.1845876,0.051,99
Finland,FIN,Europe & Central Asia,High income,2020,2.2354321,2.327,99
Finland,FIN,Europe & Central Asia,High income,2021,2.2264683,-0.401,99.5
Finland,FIN,Europe & Central Asia,High income,2022,2.1894699,-1.662,99.5
Finland,FIN,Europe & Central Asia,High income,2023,2.193956,0.205,99.5
France,FRA,Europe & Central Asia,High income,2002,1.2479233,,84.4
France,FRA,Europe & Central Asia,High income,2003,1.34057,7.424,88.7
France,FRA,Europe & Central Asia,High income,2004,1.3036186,-2.756,90.9
France,FRA,Europe & Central Asia,High income,2005,1.4277596,9.523,89.9
France,FRA,Europe & Central Asia,High income,2006,1.4758857,3.371,91.4
France,FRA,Europe & Central Asia,High income,2007,1.4835556,0.52,92
France,FRA,Europe & Central Asia,High income,2008,1.4496473,-2.286,91.5
France,FRA,Europe & Central Asia,High income,2009,1.4333546,-1.124,90.5
France,FRA,Europe & Central Asia,High income,2010,1.3817944,-3.597,89.6
France,FRA,Europe & Central Asia,High income,2011,1.503435,8.803,90.1
France,FRA,Europe & Central Asia,High income,2012,1.4686276,-2.315,90.1
France,FRA,Europe & Central Asia,High income,2013,1.3296179,-9.465,88.1
France,FRA,Europe & Central Asia,High income,2014,1.311456,-1.366,89.6
France,FRA,Europe & Central Asia,High income,2015,1.2963551,-1.151,89.2
France,FRA,Europe & Central Asia,High income,2016,1.3423858,3.551,89.2
France,FRA,Europe & Central Asia,High income,2017,1.3564923,1.051,88.7
France,FRA,Europe & Central Asia,High income,2018,1.4123369,4.117,88.7
France,FRA,Europe & Central Asia,High income,2019,1.3620502,-3.561,87.7
France,FRA,Europe & Central Asia,High income,2020,1.2939757,-4.998,88.7
France,FRA,Europe & Central Asia,High income,2021,1.422803,9.956,89.8
France,FRA,Europe & Central Asia,High income,2022,1.3856444,-2.612,89.8
France,FRA,Europe & Central Asia,High income,2023,1.2672713,-8.543,88.8
French Polynesia,PYF,East Asia & Pacific,High income,2021,-0.2035976,,48.5
French Polynesia,PYF,East Asia & Pacific,High income,2022,-0.2079857,-2.155,49
French Polynesia,PYF,East Asia & Pacific,High income,2023,-0.2230586,-7.247,48.5
Gabon,GAB,Sub-Saharan Africa,Upper middle income,2002,-0.6977354,,36
Gabon,GAB,Sub-Saharan Africa,Upper middle income,2003,-0.6986292,-0.128,34.4
Gabon,GAB,Sub-Saharan Africa,Upper middle income,2004,-0.896137499999999,-28.271,21.3
Gabon,GAB,Sub-Saharan Africa,Upper middle income,2005,-0.8227409,8.19,26.8
Gabon,GAB,Sub-Saharan Africa,Upper middle income,2006,-0.841792299999999,-2.316,22.7
Gabon,GAB,Sub-Saharan Africa,Upper middle income,2007,-0.964724199999999,-14.604,18.6
Gabon,GAB,Sub-Saharan Africa,Upper middle income,2008,-0.9397956,2.584,19.5
Gabon,GAB,Sub-Saharan Africa,Upper middle income,2009,-0.939809799999999,-0.002,19.4
Gabon,GAB,Sub-Saharan Africa,Upper middle income,2010,-0.790127399999999,15.927,21.3
Gabon,GAB,Sub-Saharan Africa,Upper middle income,2011,-0.7302265,7.581,24.3
Gabon,GAB,Sub-Saharan Africa,Upper middle income,2012,-0.6847821,6.223,29.7
Gabon,GAB,Sub-Saharan Africa,Upper middle income,2013,-0.6819546,0.413,30.2
Gabon,GAB,Sub-Saharan Africa,Upper middle income,2014,-0.830800499999999,-21.826,25.2
Gabon,GAB,Sub-Saharan Africa,Upper middle income,2015,-0.741064899999999,10.801,28.4
Gabon,GAB,Sub-Saharan Africa,Upper middle income,2016,-0.689372299999999,6.975,29.9
Gabon,GAB,Sub-Saharan Africa,Upper middle income,2017,-0.870111499999999,-26.218,22.5
Gabon,GAB,Sub-Saharan Africa,Upper middle income,2018,-0.820118999999999,5.746,27
Gabon,GAB,Sub-Saharan Africa,Upper middle income,2019,-0.8194499,0.082,23.5
Gabon,GAB,Sub-Saharan Africa,Upper middle income,2020,-0.8043948,1.837,22.5
Gabon,GAB,Sub-Saharan Africa,Upper middle income,2021,-0.8653289,-7.575,22.3
Gabon,GAB,Sub-Saharan Africa,Upper middle income,2022,-1.0035399,-15.972,17
Gabon,GAB,Sub-Saharan Africa,Upper middle income,2023,-0.9748427,2.86,19.4
"Gambia, The",GMB,Sub-Saharan Africa,Low income,2002,-0.245087299999999,,48.9
"Gambia, The",GMB,Sub-Saharan Africa,Low income,2003,-0.1573975,35.779,54.8
"Gambia, The",GMB,Sub-Saharan Africa,Low income,2004,-0.3962133,-151.728,41.6
"Gambia, The",GMB,Sub-Saharan Africa,Low income,2005,-0.6333333,-59.847,34.8
"Gambia, The",GMB,Sub-Saharan Africa,Low income,2006,-0.615959599999999,2.743,32.3
"Gambia, The",GMB,Sub-Saharan Africa,Low income,2007,-0.6385879,-3.674,30.7
"Gambia, The",GMB,Sub-Saharan Africa,Low income,2008,-0.6917675,-8.328,27.5
"Gambia, The",GMB,Sub-Saharan Africa,Low income,2009,-0.7074094,-2.261,27.9
"Gambia, The",GMB,Sub-Saharan Africa,Low income,2010,-0.696732999999999,1.509,26.7
"Gambia, The",GMB,Sub-Saharan Africa,Low income,2011,-0.6556196,5.901,27.7
"Gambia, The",GMB,Sub-Saharan Africa,Low income,2012,-0.7701443,-17.468,25.7
"Gambia, The",GMB,Sub-Saharan Africa,Low income,2013,-0.8714738,-13.157,22.3
"Gambia, The",GMB,Sub-Saharan Africa,Low income,2014,-0.891646899999999,-2.315,21.3
"Gambia, The",GMB,Sub-Saharan Africa,Low income,2015,-0.9231417,-3.532,21.1
"Gambia, The",GMB,Sub-Saharan Africa,Low income,2016,-0.9137354,1.019,19.6
"Gambia, The",GMB,Sub-Saharan Africa,Low income,2017,-0.503196099999999,44.93,36.8
"Gambia, The",GMB,Sub-Saharan Africa,Low income,2018,-0.417942,16.943,38.7
"Gambia, The",GMB,Sub-Saharan Africa,Low income,2019,-0.3416671,18.25,42.2
"Gambia, The",GMB,Sub-Saharan Africa,Low income,2020,-0.222816799999999,34.785,46.6
"Gambia, The",GMB,Sub-Saharan Africa,Low income,2021,-0.3139401,-40.896,43.2
"Gambia, The",GMB,Sub-Saharan Africa,Low income,2022,-0.3002052,4.375,44.2
"Gambia, The",GMB,Sub-Saharan Africa,Low income,2023,-0.296167199999999,1.345,46.6
Georgia,GEO,Europe & Central Asia,Upper middle income,2002,-1.5321825,,3.2
Georgia,GEO,Europe & Central Asia,Upper middle income,2003,-0.996419699999999,34.967,19.4
Georgia,GEO,Europe & Central Asia,Upper middle income,2004,-0.0487663999999999,95.106,57.4
Georgia,GEO,Europe & Central Asia,Upper middle income,2005,0.1294227,365.393,62.1
Georgia,GEO,Europe & Central Asia,Upper middle income,2006,0.2742286,111.886,64.6
Georgia,GEO,Europe & Central Asia,Upper middle income,2007,0.0623596,-77.26,60.3
Georgia,GEO,Europe & Central Asia,Upper middle income,2008,0.1189863,90.807,64
Georgia,GEO,Europe & Central Asia,Upper middle income,2009,0.1388093,16.66,63.7
Georgia,GEO,Europe & Central Asia,Upper middle income,2010,0.2516678,81.305,66.3
Georgia,GEO,Europe & Central Asia,Upper middle income,2011,0.317603,26.199,67.8
Georgia,GEO,Europe & Central Asia,Upper middle income,2012,0.5201487,63.773,72.3
Georgia,GEO,Europe & Central Asia,Upper middle income,2013,0.5383892,3.507,72.8
Georgia,GEO,Europe & Central Asia,Upper middle income,2014,0.8080156,50.08,79.2
Georgia,GEO,Europe & Central Asia,Upper middle income,2015,0.7754032,-4.036,76.5
Georgia,GEO,Europe & Central Asia,Upper middle income,2016,0.799381,3.092,77.5
Georgia,GEO,Europe & Central Asia,Upper middle income,2017,0.8616872,7.794,81.4
Georgia,GEO,Europe & Central Asia,Upper middle income,2018,0.8416678,-2.323,80.4
Georgia,GEO,Europe & Central Asia,Upper middle income,2019,0.8436252,0.233,79.4
Georgia,GEO,Europe & Central Asia,Upper middle income,2020,0.8203237,-2.762,79.4
Georgia,GEO,Europe & Central Asia,Upper middle income,2021,0.7226795,-11.903,75.7
Georgia,GEO,Europe & Central Asia,Upper middle income,2022,0.6512819,-9.88,74.8
Georgia,GEO,Europe & Central Asia,Upper middle income,2023,0.6584135,1.095,73.8
Germany,DEU,Europe & Central Asia,High income,2002,1.8103024,,91.9
Germany,DEU,Europe & Central Asia,High income,2003,1.8885223,4.321,93
Germany,DEU,Europe & Central Asia,High income,2004,1.7933498,-5.04,94.4
Germany,DEU,Europe & Central Asia,High income,2005,1.9288145,7.554,94.9
Germany,DEU,Europe & Central Asia,High income,2006,1.7295898,-10.329,92.9
Germany,DEU,Europe & Central Asia,High income,2007,1.6554474,-4.287,93
Germany,DEU,Europe & Central Asia,High income,2008,1.688208,1.979,93.5
Germany,DEU,Europe & Central Asia,High income,2009,1.6821928,-0.356,93
Germany,DEU,Europe & Central Asia,High income,2010,1.6517124,-1.812,92.6
Germany,DEU,Europe & Central Asia,High income,2011,1.6649059,0.799,93.1
Germany,DEU,Europe & Central Asia,High income,2012,1.6570716,-0.471,93.6
Germany,DEU,Europe & Central Asia,High income,2013,1.6261055,-1.869,93.6
Germany,DEU,Europe & Central Asia,High income,2014,1.7082916,5.054,93.6
Germany,DEU,Europe & Central Asia,High income,2015,1.7233648,0.882,93.1
Germany,DEU,Europe & Central Asia,High income,2016,1.763112,2.306,93.1
Germany,DEU,Europe & Central Asia,High income,2017,1.8222612,3.355,94.1
Germany,DEU,Europe & Central Asia,High income,2018,1.9178103,5.243,95.1
Germany,DEU,Europe & Central Asia,High income,2019,1.8768449,-2.136,95.1
Germany,DEU,Europe & Central Asia,High income,2020,1.8713077,-0.295,95.1
Germany,DEU,Europe & Central Asia,High income,2021,1.8243293,-2.51,95.1
Germany,DEU,Europe & Central Asia,High income,2022,1.8224098,-0.105,95.6
Germany,DEU,Europe & Central Asia,High income,2023,1.699403,-6.75,94.7
Ghana,GHA,Sub-Saharan Africa,Lower middle income,2002,-0.3000833,,47.8
Ghana,GHA,Sub-Saharan Africa,Lower middle income,2003,-0.3194152,-6.442,48.4
Ghana,GHA,Sub-Saharan Africa,Lower middle income,2004,-0.3390642,-6.152,45.2
Ghana,GHA,Sub-Saharan Africa,Lower middle income,2005,-0.4199254,-23.848,41.9
Ghana,GHA,Sub-Saharan Africa,Lower middle income,2006,-0.1130597,73.076,54.5
Ghana,GHA,Sub-Saharan Africa,Lower middle income,2007,-0.0943405,16.557,56.8
Ghana,GHA,Sub-Saharan Africa,Lower middle income,2008,-0.0856728,9.188,57
Ghana,GHA,Sub-Saharan Africa,Lower middle income,2009,-0.0172755,79.835,58.2
Ghana,GHA,Sub-Saharan Africa,Lower middle income,2010,0.0661022,482.636,59.9
Ghana,GHA,Sub-Saharan Africa,Lower middle income,2011,0.0550802,-16.674,59.4
Ghana,GHA,Sub-Saharan Africa,Lower middle income,2012,-0.0180774,-132.82,58.9
Ghana,GHA,Sub-Saharan Africa,Lower middle income,2013,-0.0209075,-15.655,59.4
Ghana,GHA,Sub-Saharan Africa,Lower middle income,2014,-0.1952286,-833.773,54.5
Ghana,GHA,Sub-Saharan Africa,Lower middle income,2015,-0.2762732,-41.513,50
Ghana,GHA,Sub-Saharan Africa,Lower middle income,2016,-0.246555599999999,10.757,49.5
Ghana,GHA,Sub-Saharan Africa,Lower middle income,2017,-0.2759026,-11.903,46.6
Ghana,GHA,Sub-Saharan Africa,Lower middle income,2018,-0.140224799999999,49.176,52.5
Ghana,GHA,Sub-Saharan Africa,Lower middle income,2019,-0.0994456,29.081,51.5
Ghana,GHA,Sub-Saharan Africa,Lower middle income,2020,-0.0922532,7.232,51.5
Ghana,GHA,Sub-Saharan Africa,Lower middle income,2021,-0.1554389,-68.492,51
Ghana,GHA,Sub-Saharan Africa,Lower middle income,2022,-0.0967234999999999,37.774,53.4
Ghana,GHA,Sub-Saharan Africa,Lower middle income,2023,-0.1303327,-34.748,53.4
Greece,GRC,Europe & Central Asia,High income,2002,0.45128,,72
Greece,GRC,Europe & Central Asia,High income,2003,0.4370156,-3.161,72
Greece,GRC,Europe & Central Asia,High income,2004,0.4786362,9.524,73.6
Greece,GRC,Europe & Central Asia,High income,2005,0.3973065,-16.992,69.7
Greece,GRC,Europe & Central Asia,High income,2006,0.4749268,19.537,71.7
Greece,GRC,Europe & Central Asia,High income,2007,0.2848043,-40.032,67.3
Greece,GRC,Europe & Central Asia,High income,2008,0.1748439,-38.609,65
Greece,GRC,Europe & Central Asia,High income,2009,0.0966569999999999,-44.718,62.2
Greece,GRC,Europe & Central Asia,High income,2010,-0.0313709,-132.456,57.4
Greece,GRC,Europe & Central Asia,High income,2011,-0.0756332,-141.093,56.4
Greece,GRC,Europe & Central Asia,High income,2012,-0.0229614,69.641,58.4
Greece,GRC,Europe & Central Asia,High income,2013,0.1098246,578.301,62.4
Greece,GRC,Europe & Central Asia,High income,2014,0.0019795,-98.198,59.9
Greece,GRC,Europe & Central Asia,High income,2015,0.0220321,1013.013,58.3
Greece,GRC,Europe & Central Asia,High income,2016,0.0885981,302.132,59.8
Greece,GRC,Europe & Central Asia,High income,2017,0.1466842,65.561,61.3
Greece,GRC,Europe & Central Asia,High income,2018,0.2408155,64.173,62.3
Greece,GRC,Europe & Central Asia,High income,2019,0.3040548,26.26,63.2
Greece,GRC,Europe & Central Asia,High income,2020,0.2809798,-7.589,62.7
Greece,GRC,Europe & Central Asia,High income,2021,0.3910516,39.174,67.5
Greece,GRC,Europe & Central Asia,High income,2022,0.3224993,-17.53,65.5
Greece,GRC,Europe & Central Asia,High income,2023,0.3292978,2.108,64.6
Greenland,GRL,Europe & Central Asia,High income,2009,1.0255765,,82.6
Greenland,GRL,Europe & Central Asia,High income,2010,1.0261919,0.06,81.7
Greenland,GRL,Europe & Central Asia,High income,2011,1.0246504,-0.15,81.2
Greenland,GRL,Europe & Central Asia,High income,2012,1.0214471,-0.313,80.7
Greenland,GRL,Europe & Central Asia,High income,2013,1.0216906,0.024,81.7
Greenland,GRL,Europe & Central Asia,High income,2014,1.0188354,-0.279,84.2
Greenland,GRL,Europe & Central Asia,High income,2015,1.02138,0.25,82.4
Greenland,GRL,Europe & Central Asia,High income,2016,1.1093795,8.616,83.3
Greenland,GRL,Europe & Central Asia,High income,2017,1.1079441,-0.129,82.8
Greenland,GRL,Europe & Central Asia,High income,2018,1.1103855,0.22,82.8
Greenland,GRL,Europe & Central Asia,High income,2019,1.1137491,0.303,82.4
Greenland,GRL,Europe & Central Asia,High income,2020,1.1145942,0.076,81.9
Greenland,GRL,Europe & Central Asia,High income,2021,1.0270782,-7.852,82
Greenland,GRL,Europe & Central Asia,High income,2022,1.0265006,-0.056,82.5
Greenland,GRL,Europe & Central Asia,High income,2023,1.0245164,-0.193,82.5
Grenada,GRD,Latin America & Caribbean,Upper middle income,2002,0.8678068,,81.2
Grenada,GRD,Latin America & Caribbean,Upper middle income,2003,0.8646521,-0.364,78
Grenada,GRD,Latin America & Caribbean,Upper middle income,2004,0.5605873,-35.166,75.6
Grenada,GRD,Latin America & Caribbean,Upper middle income,2005,0.7009683,25.042,75.8
Grenada,GRD,Latin America & Caribbean,Upper middle income,2006,0.7279744,3.853,76.3
Grenada,GRD,Latin America & Caribbean,Upper middle income,2007,0.4521871,-37.884,72.9
Grenada,GRD,Latin America & Caribbean,Upper middle income,2008,0.4530939,0.201,73
Grenada,GRD,Latin America & Caribbean,Upper middle income,2009,0.4813719,6.241,72.1
Grenada,GRD,Latin America & Caribbean,Upper middle income,2010,0.52034,8.095,73.3
Grenada,GRD,Latin America & Caribbean,Upper middle income,2011,0.5189688,-0.264,73.3
Grenada,GRD,Latin America & Caribbean,Upper middle income,2012,0.5161195,-0.549,71.8
Grenada,GRD,Latin America & Caribbean,Upper middle income,2013,0.516336,0.042,71.8
Grenada,GRD,Latin America & Caribbean,Upper middle income,2014,0.2414206,-53.244,65.3
Grenada,GRD,Latin America & Caribbean,Upper middle income,2015,0.5361081,122.064,69.1
Grenada,GRD,Latin America & Caribbean,Upper middle income,2016,0.5371119,0.187,68.6
Grenada,GRD,Latin America & Caribbean,Upper middle income,2017,0.4508706,-16.056,68.1
Grenada,GRD,Latin America & Caribbean,Upper middle income,2018,0.4166836,-7.582,66.7
Grenada,GRD,Latin America & Caribbean,Upper middle income,2019,0.3780139,-9.28,65.7
Grenada,GRD,Latin America & Caribbean,Upper middle income,2020,0.3784368,0.112,66.2
Grenada,GRD,Latin America & Caribbean,Upper middle income,2021,0.3144044,-16.92,64.6
Grenada,GRD,Latin America & Caribbean,Upper middle income,2022,0.2886861,-8.18,63.6
Grenada,GRD,Latin America & Caribbean,Upper middle income,2023,0.3935799,36.335,68.4
Guam,GUM,East Asia & Pacific,High income,2004,0.3233283,,69.5
Guam,GUM,East Asia & Pacific,High income,2005,0.8590847,165.7,78.3
Guam,GUM,East Asia & Pacific,High income,2006,0.8672683,0.953,78.8
Guam,GUM,East Asia & Pacific,High income,2007,0.8614064,-0.676,78.9
Guam,GUM,East Asia & Pacific,High income,2008,0.8629646,0.181,77
Guam,GUM,East Asia & Pacific,High income,2009,0.8629097,-0.006,77.1
Guam,GUM,East Asia & Pacific,High income,2010,0.8638503,0.109,78.2
Guam,GUM,East Asia & Pacific,High income,2011,0.8614942,-0.273,77.7
Guam,GUM,East Asia & Pacific,High income,2012,0.8565981,-0.568,77.7
Guam,GUM,East Asia & Pacific,High income,2013,0.8569702,0.043,78.7
Guam,GUM,East Asia & Pacific,High income,2014,1.1646295,35.901,85.1
Guam,GUM,East Asia & Pacific,High income,2015,1.1685187,0.334,84.8
Guam,GUM,East Asia & Pacific,High income,2016,1.1716528,0.268,85.8
Guam,GUM,East Asia & Pacific,High income,2017,1.1694105,-0.191,84.8
Guam,GUM,East Asia & Pacific,High income,2018,1.1732244,0.326,84.8
Guam,GUM,East Asia & Pacific,High income,2019,1.1784788,0.448,84.8
Guam,GUM,East Asia & Pacific,High income,2020,1.1797991,0.112,84.3
Guam,GUM,East Asia & Pacific,High income,2021,1.1772281,-0.218,84.5
Guam,GUM,East Asia & Pacific,High income,2022,1.1763452,-0.075,84
Guam,GUM,East Asia & Pacific,High income,2023,1.1733125,-0.258,84
Guatemala,GTM,Latin America & Caribbean,Upper middle income,2002,-0.7996317,,30.1
Guatemala,GTM,Latin America & Caribbean,Upper middle income,2003,-0.8119333,-1.538,29
Guatemala,GTM,Latin America & Caribbean,Upper middle income,2004,-0.5943331,26.8,34.5
Guatemala,GTM,Latin America & Caribbean,Upper middle income,2005,-0.6394656,-7.594,34.3
Guatemala,GTM,Latin America & Caribbean,Upper middle income,2006,-0.646603399999999,-1.116,29.8
Guatemala,GTM,Latin America & Caribbean,Upper middle income,2007,-0.6123079,5.304,32.2
Guatemala,GTM,Latin America & Caribbean,Upper middle income,2008,-0.4600475,24.867,38
Guatemala,GTM,Latin America & Caribbean,Upper middle income,2009,-0.5122531,-11.348,35.3
Guatemala,GTM,Latin America & Caribbean,Upper middle income,2010,-0.6209412,-21.218,30.2
Guatemala,GTM,Latin America & Caribbean,Upper middle income,2011,-0.5518373,11.129,33.7
Guatemala,GTM,Latin America & Caribbean,Upper middle income,2012,-0.7692412,-39.396,26.2
Guatemala,GTM,Latin America & Caribbean,Upper middle income,2013,-0.720212,6.374,29.2
Guatemala,GTM,Latin America & Caribbean,Upper middle income,2014,-0.8707969,-20.908,22.3
Guatemala,GTM,Latin America & Caribbean,Upper middle income,2015,-0.9067476,-4.128,22.1
Guatemala,GTM,Latin America & Caribbean,Upper middle income,2016,-0.873697899999999,3.645,20.6
Guatemala,GTM,Latin America & Caribbean,Upper middle income,2017,-0.8839206,-1.17,22.1
Guatemala,GTM,Latin America & Caribbean,Upper middle income,2018,-0.972041399999999,-9.969,18.1
Guatemala,GTM,Latin America & Caribbean,Upper middle income,2019,-1.0038569,-3.273,16.2
Guatemala,GTM,Latin America & Caribbean,Upper middle income,2020,-1.0998808,-9.565,13.2
Guatemala,GTM,Latin America & Caribbean,Upper middle income,2021,-1.21790929999999,-10.731,10.7
Guatemala,GTM,Latin America & Caribbean,Upper middle income,2022,-1.2166625,0.102,10.7
Guatemala,GTM,Latin America & Caribbean,Upper middle income,2023,-1.0869128,10.664,16
Guinea,GIN,Sub-Saharan Africa,Lower middle income,2002,-0.856287199999999,,25.3
Guinea,GIN,Sub-Saharan Africa,Lower middle income,2003,-0.8577419,-0.17,24.7
Guinea,GIN,Sub-Saharan Africa,Lower middle income,2004,-0.882385499999999,-2.873,22.8
Guinea,GIN,Sub-Saharan Africa,Lower middle income,2005,-0.888743,-0.72,23.2
Guinea,GIN,Sub-Saharan Africa,Lower middle income,2006,-1.1793284,-32.696,10.6
Guinea,GIN,Sub-Saharan Africa,Lower middle income,2007,-1.3699881,-16.167,4
Guinea,GIN,Sub-Saharan Africa,Lower middle income,2008,-1.3149643,4.016,5.5
Guinea,GIN,Sub-Saharan Africa,Lower middle income,2009,-1.2871445,2.116,5.5
Guinea,GIN,Sub-Saharan Africa,Lower middle income,2010,-1.2031714,6.524,8.4
Guinea,GIN,Sub-Saharan Africa,Lower middle income,2011,-1.1443626,4.888,10.9
Guinea,GIN,Sub-Saharan Africa,Lower middle income,2012,-1.1535446,-0.802,13.4
Guinea,GIN,Sub-Saharan Africa,Lower middle income,2013,-1.1447747,0.76,13.4
Guinea,GIN,Sub-Saharan Africa,Lower middle income,2014,-1.1775585,-2.864,13.4
Guinea,GIN,Sub-Saharan Africa,Lower middle income,2015,-1.097256,6.819,13.2
Guinea,GIN,Sub-Saharan Africa,Lower middle income,2016,-1.0088286,8.059,16.2
Guinea,GIN,Sub-Saharan Africa,Lower middle income,2017,-1.09129299999999,-8.174,14.2
Guinea,GIN,Sub-Saharan Africa,Lower middle income,2018,-1.1175524,-2.406,13.7
Guinea,GIN,Sub-Saharan Africa,Lower middle income,2019,-0.9231457,17.396,21.1
Guinea,GIN,Sub-Saharan Africa,Lower middle income,2020,-0.8663898,6.148,18.6
Guinea,GIN,Sub-Saharan Africa,Lower middle income,2021,-1.0113603,-16.733,16.5
Guinea,GIN,Sub-Saharan Africa,Lower middle income,2022,-0.9739553,3.698,18.9
Guinea,GIN,Sub-Saharan Africa,Lower middle income,2023,-1.0078531,-3.48,18
Guinea-Bissau,GNB,Sub-Saharan Africa,Low income,2002,-1.088014,,15.1
Guinea-Bissau,GNB,Sub-Saharan Africa,Low income,2003,-1.1082963,-1.864,11.8
Guinea-Bissau,GNB,Sub-Saharan Africa,Low income,2004,-1.13502029999999,-2.411,13.7
Guinea-Bissau,GNB,Sub-Saharan Africa,Low income,2005,-1.1489973,-1.231,14.6
Guinea-Bissau,GNB,Sub-Saharan Africa,Low income,2006,-1.0742275,6.507,14.1
Guinea-Bissau,GNB,Sub-Saharan Africa,Low income,2007,-1.13439959999999,-5.601,12.1
Guinea-Bissau,GNB,Sub-Saharan Africa,Low income,2008,-1.12268829999999,1.032,12.5
Guinea-Bissau,GNB,Sub-Saharan Africa,Low income,2009,-1.1227048,-0.001,12.4
Guinea-Bissau,GNB,Sub-Saharan Africa,Low income,2010,-1.12242209999999,0.025,12.9
Guinea-Bissau,GNB,Sub-Saharan Africa,Low income,2011,-1.1238522,-0.127,13.4
Guinea-Bissau,GNB,Sub-Saharan Africa,Low income,2012,-1.3434781,-19.542,5
Guinea-Bissau,GNB,Sub-Saharan Africa,Low income,2013,-1.42845,-6.325,3
Guinea-Bissau,GNB,Sub-Saharan Africa,Low income,2014,-1.58751319999999,-11.135,1.5
Guinea-Bissau,GNB,Sub-Saharan Africa,Low income,2015,-1.5509685,2.302,2
Guinea-Bissau,GNB,Sub-Saharan Africa,Low income,2016,-1.57810309999999,-1.75,2.9
Guinea-Bissau,GNB,Sub-Saharan Africa,Low income,2017,-1.664347,-5.465,1
Guinea-Bissau,GNB,Sub-Saharan Africa,Low income,2018,-1.59620689999999,4.094,1.5
Guinea-Bissau,GNB,Sub-Saharan Africa,Low income,2019,-1.52807229999999,4.269,3.9
Guinea-Bissau,GNB,Sub-Saharan Africa,Low income,2020,-1.2993067,14.971,9.3
Guinea-Bissau,GNB,Sub-Saharan Africa,Low income,2021,-1.21682239999999,6.348,11.2
Guinea-Bissau,GNB,Sub-Saharan Africa,Low income,2022,-1.1609749,4.59,13.1
Guinea-Bissau,GNB,Sub-Saharan Africa,Low income,2023,-1.1549527,0.519,12.1
Guyana,GUY,Latin America & Caribbean,High income,2002,-0.237334699999999,,50
Guyana,GUY,Latin America & Caribbean,High income,2003,-0.238789399999999,-0.613,50.5
Guyana,GUY,Latin America & Caribbean,High income,2004,-0.2679358,-12.206,49.7
Guyana,GUY,Latin America & Caribbean,High income,2005,-0.370647599999999,-38.334,46
Guyana,GUY,Latin America & Caribbean,High income,2006,-0.407797199999999,-10.023,41.4
Guyana,GUY,Latin America & Caribbean,High income,2007,-0.4973068,-21.95,37.2
Guyana,GUY,Latin America & Caribbean,High income,2008,-0.4734188,4.803,37.5
Guyana,GUY,Latin America & Caribbean,High income,2009,-0.451976,4.529,37.3
Guyana,GUY,Latin America & Caribbean,High income,2010,-0.4763999,-5.404,37.1
Guyana,GUY,Latin America & Caribbean,High income,2011,-0.5678004,-19.186,31.2
Guyana,GUY,Latin America & Caribbean,High income,2012,-0.6766898,-19.177,30.7
Guyana,GUY,Latin America & Caribbean,High income,2013,-0.5714367,15.554,34.7
Guyana,GUY,Latin America & Caribbean,High income,2014,-0.600799099999999,-5.138,35.6
Guyana,GUY,Latin America & Caribbean,High income,2015,-0.5095919,15.181,39.2
Guyana,GUY,Latin America & Caribbean,High income,2016,-0.4101323,19.518,41.7
Guyana,GUY,Latin America & Caribbean,High income,2017,-0.479041499999999,-16.802,37.3
Guyana,GUY,Latin America & Caribbean,High income,2018,-0.36789,23.203,41.7
Guyana,GUY,Latin America & Caribbean,High income,2019,-0.2410317,34.483,45.1
Guyana,GUY,Latin America & Caribbean,High income,2020,-0.1158874,51.92,50
Guyana,GUY,Latin America & Caribbean,High income,2021,-0.1042454,10.046,52.4
Guyana,GUY,Latin America & Caribbean,High income,2022,-0.2293385,-119.999,48.1
Guyana,GUY,Latin America & Caribbean,High income,2023,-0.309865699999999,-35.113,44.7
Haiti,HTI,Latin America & Caribbean,Lower middle income,2002,-1.5760189,,2.2
Haiti,HTI,Latin America & Caribbean,Lower middle income,2003,-1.5162349,3.793,2.7
Haiti,HTI,Latin America & Caribbean,Lower middle income,2004,-1.3973735,7.839,3.6
Haiti,HTI,Latin America & Caribbean,Lower middle income,2005,-1.55927819999999,-11.586,1.5
Haiti,HTI,Latin America & Caribbean,Lower middle income,2006,-1.26822299999999,18.666,7.6
Haiti,HTI,Latin America & Caribbean,Lower middle income,2007,-1.287096,-1.488,6.5
Haiti,HTI,Latin America & Caribbean,Lower middle income,2008,-1.1699245,9.104,10
Haiti,HTI,Latin America & Caribbean,Lower middle income,2009,-1.0913138,6.719,14.4
Haiti,HTI,Latin America & Caribbean,Lower middle income,2010,-1.2638364,-15.809,5.4
Haiti,HTI,Latin America & Caribbean,Lower middle income,2011,-1.29792589999999,-2.697,5
Haiti,HTI,Latin America & Caribbean,Lower middle income,2012,-1.35379609999999,-4.305,4.5
Haiti,HTI,Latin America & Caribbean,Lower middle income,2013,-1.27546269999999,5.786,7.4
Haiti,HTI,Latin America & Caribbean,Lower middle income,2014,-1.4306803,-12.17,6.9
Haiti,HTI,Latin America & Caribbean,Lower middle income,2015,-1.4465713,-1.111,5.9
Haiti,HTI,Latin America & Caribbean,Lower middle income,2016,-1.4729127,-1.821,5.4
Haiti,HTI,Latin America & Caribbean,Lower middle income,2017,-1.4223857,3.43,6.4
Haiti,HTI,Latin America & Caribbean,Lower middle income,2018,-1.4376012,-1.07,7.8
Haiti,HTI,Latin America & Caribbean,Lower middle income,2019,-1.46242959999999,-1.727,7.4
Haiti,HTI,Latin America & Caribbean,Lower middle income,2020,-1.44666959999999,1.078,4.9
Haiti,HTI,Latin America & Caribbean,Lower middle income,2021,-1.4853353,-2.673,4.9
Haiti,HTI,Latin America & Caribbean,Lower middle income,2022,-1.508626,-1.568,4.4
Haiti,HTI,Latin America & Caribbean,Lower middle income,2023,-1.50126609999999,0.488,3.9
Honduras,HND,Latin America & Caribbean,Lower middle income,2002,-1.11008329999999,,13.4
Honduras,HND,Latin America & Caribbean,Lower middle income,2003,-1.0387997,6.421,15.1
Honduras,HND,Latin America & Caribbean,Lower middle income,2004,-0.989913899999999,4.706,18.3
Honduras,HND,Latin America & Caribbean,Lower middle income,2005,-0.947566199999999,4.278,20.2
Honduras,HND,Latin America & Caribbean,Lower middle income,2006,-0.9356122,1.262,19.7
Honduras,HND,Latin America & Caribbean,Lower middle income,2007,-0.927026799999999,0.918,20.6
Honduras,HND,Latin America & Caribbean,Lower middle income,2008,-0.9424127,-1.66,19
Honduras,HND,Latin America & Caribbean,Lower middle income,2009,-1.00073869999999,-6.189,17.4
Honduras,HND,Latin America & Caribbean,Lower middle income,2010,-1.0019392,-0.12,16.3
Honduras,HND,Latin America & Caribbean,Lower middle income,2011,-0.9697948,3.208,16.8
Honduras,HND,Latin America & Caribbean,Lower middle income,2012,-1.0955287,-12.965,16.3
Honduras,HND,Latin America & Caribbean,Lower middle income,2013,-1.1060767,-0.963,15.8
Honduras,HND,Latin America & Caribbean,Lower middle income,2014,-0.9656425,12.697,20.3
Honduras,HND,Latin America & Caribbean,Lower middle income,2015,-0.8111784,15.996,25.5
Honduras,HND,Latin America & Caribbean,Lower middle income,2016,-0.924298699999999,-13.945,19.1
Honduras,HND,Latin America & Caribbean,Lower middle income,2017,-0.946983999999999,-2.454,18.6
Honduras,HND,Latin America & Caribbean,Lower middle income,2018,-0.969578899999999,-2.386,18.6
Honduras,HND,Latin America & Caribbean,Lower middle income,2019,-1.0582406,-9.144,15.7
Honduras,HND,Latin America & Caribbean,Lower middle income,2020,-0.972603599999999,8.092,16.2
Honduras,HND,Latin America & Caribbean,Lower middle income,2021,-1.1204199,-15.198,13.6
Honduras,HND,Latin America & Caribbean,Lower middle income,2022,-1.03140529999999,7.945,16.5
Honduras,HND,Latin America & Caribbean,Lower middle income,2023,-1.09932339999999,-6.585,15
"Hong Kong SAR, China",HKG,East Asia & Pacific,High income,2002,1.3685458,,88.7
"Hong Kong SAR, China",HKG,East Asia & Pacific,High income,2003,1.7286408,26.312,92.5
"Hong Kong SAR, China",HKG,East Asia & Pacific,High income,2004,1.6754692,-3.076,92.4
"Hong Kong SAR, China",HKG,East Asia & Pacific,High income,2005,1.6997817,1.451,92.4
"Hong Kong SAR, China",HKG,East Asia & Pacific,High income,2006,1.6997179,-0.004,92.4
"Hong Kong SAR, China",HKG,East Asia & Pacific,High income,2007,1.6772641,-1.321,93.5
"Hong Kong SAR, China",HKG,East Asia & Pacific,High income,2008,1.6581161,-1.142,93
"Hong Kong SAR, China",HKG,East Asia & Pacific,High income,2009,1.6389127,-1.158,92.5
"Hong Kong SAR, China",HKG,East Asia & Pacific,High income,2010,1.6931807,3.311,93.6
"Hong Kong SAR, China",HKG,East Asia & Pacific,High income,2011,1.7387892,2.694,93.6
"Hong Kong SAR, China",HKG,East Asia & Pacific,High income,2012,1.6299761,-6.258,93.1
"Hong Kong SAR, China",HKG,East Asia & Pacific,High income,2013,1.5216743,-6.644,92.6
"Hong Kong SAR, China",HKG,East Asia & Pacific,High income,2014,1.5773889,3.661,92.6
"Hong Kong SAR, China",HKG,East Asia & Pacific,High income,2015,1.6386086,3.881,92.2
"Hong Kong SAR, China",HKG,East Asia & Pacific,High income,2016,1.6981569,3.634,92.2
"Hong Kong SAR, China",HKG,East Asia & Pacific,High income,2017,1.7019137,0.221,91.7
"Hong Kong SAR, China",HKG,East Asia & Pacific,High income,2018,1.7152609,0.784,91.7
"Hong Kong SAR, China",HKG,East Asia & Pacific,High income,2019,1.7391529,1.393,91.7
"Hong Kong SAR, China",HKG,East Asia & Pacific,High income,2020,1.6888523,-2.892,93.6
"Hong Kong SAR, China",HKG,East Asia & Pacific,High income,2021,1.6345393,-3.216,93.2
"Hong Kong SAR, China",HKG,East Asia & Pacific,High income,2022,1.5284267,-6.492,90.8
"Hong Kong SAR, China",HKG,East Asia & Pacific,High income,2023,1.5534193,1.635,92.2
Hungary,HUN,Europe & Central Asia,High income,2002,0.5606715,,74.7
Hungary,HUN,Europe & Central Asia,High income,2003,0.5628628,0.391,75.3
Hungary,HUN,Europe & Central Asia,High income,2004,0.6092769,8.246,77.2
Hungary,HUN,Europe & Central Asia,High income,2005,0.6054084,-0.635,74.2
Hungary,HUN,Europe & Central Asia,High income,2006,0.6056166,0.034,74.2
Hungary,HUN,Europe & Central Asia,High income,2007,0.5332085,-11.956,75.4
Hungary,HUN,Europe & Central Asia,High income,2008,0.4265714,-19.999,72
Hungary,HUN,Europe & Central Asia,High income,2009,0.3846322,-9.832,68.7
Hungary,HUN,Europe & Central Asia,High income,2010,0.2469328,-35.8,65.8
Hungary,HUN,Europe & Central Asia,High income,2011,0.2982138,20.767,66.8
Hungary,HUN,Europe & Central Asia,High income,2012,0.3833893,28.562,66.8
Hungary,HUN,Europe & Central Asia,High income,2013,0.3541563,-7.625,67.3
Hungary,HUN,Europe & Central Asia,High income,2014,0.172662,-51.247,63.9
Hungary,HUN,Europe & Central Asia,High income,2015,0.1723755,-0.166,61.3
Hungary,HUN,Europe & Central Asia,High income,2016,0.1568851,-8.986,62.3
Hungary,HUN,Europe & Central Asia,High income,2017,0.160723,2.446,61.8
Hungary,HUN,Europe & Central Asia,High income,2018,0.1391573,-13.418,60.3
Hungary,HUN,Europe & Central Asia,High income,2019,0.084756,-39.093,58.8
Hungary,HUN,Europe & Central Asia,High income,2020,0.1418393,67.35,61.3
Hungary,HUN,Europe & Central Asia,High income,2021,0.1312695,-7.452,60.2
Hungary,HUN,Europe & Central Asia,High income,2022,0.0402617,-69.329,57.8
Hungary,HUN,Europe & Central Asia,High income,2023,0.083173,106.581,57.3
Iceland,ISL,Europe & Central Asia,High income,2002,2.1184323,,97.8
Iceland,ISL,Europe & Central Asia,High income,2003,2.101196,-0.814,97.3
Iceland,ISL,Europe & Central Asia,High income,2004,1.9548506,-6.965,97.5
Iceland,ISL,Europe & Central Asia,High income,2005,2.2910864,17.2,99.5
Iceland,ISL,Europe & Central Asia,High income,2006,1.9648349,-14.24,94.9
Iceland,ISL,Europe & Central Asia,High income,2007,1.9939428,1.481,96
Iceland,ISL,Europe & Central Asia,High income,2008,2.1085545,5.748,97
Iceland,ISL,Europe & Central Asia,High income,2009,2.1468511,1.816,98.5
Iceland,ISL,Europe & Central Asia,High income,2010,1.8327409,-14.631,94.6
Iceland,ISL,Europe & Central Asia,High income,2011,1.881645,2.668,94.6
Iceland,ISL,Europe & Central Asia,High income,2012,1.8243195,-3.047,94.6
Iceland,ISL,Europe & Central Asia,High income,2013,1.8605171,1.984,95.5
Iceland,ISL,Europe & Central Asia,High income,2014,1.842095,-0.99,94.6
Iceland,ISL,Europe & Central Asia,High income,2015,1.9854027,7.78,95.6
Iceland,ISL,Europe & Central Asia,High income,2016,1.9714103,-0.705,95.6
Iceland,ISL,Europe & Central Asia,High income,2017,1.8691325,-5.188,95.1
Iceland,ISL,Europe & Central Asia,High income,2018,1.8868085,0.946,94.6
Iceland,ISL,Europe & Central Asia,High income,2019,1.8260874,-3.218,94.6
Iceland,ISL,Europe & Central Asia,High income,2020,1.8422993,0.888,94.6
Iceland,ISL,Europe & Central Asia,High income,2021,1.8584301,0.876,95.6
Iceland,ISL,Europe & Central Asia,High income,2022,1.6495728,-11.238,93.7
Iceland,ISL,Europe & Central Asia,High income,2023,1.6623764,0.776,93.7
India,IND,South Asia,Lower middle income,2002,-0.5564837,,41.4
India,IND,South Asia,Lower middle income,2003,-0.547555599999999,1.604,41.4
India,IND,South Asia,Lower middle income,2004,-0.3879804,29.143,42.6
India,IND,South Asia,Lower middle income,2005,-0.4094793,-5.541,43.9
India,IND,South Asia,Lower middle income,2006,-0.2300042,43.83,50.5
India,IND,South Asia,Lower middle income,2007,-0.327370999999999,-42.333,46.7
India,IND,South Asia,Lower middle income,2008,-0.2950408,9.876,47.5
India,IND,South Asia,Lower middle income,2009,-0.3452533,-17.019,42.8
India,IND,South Asia,Lower middle income,2010,-0.3618247,-4.8,45.5
India,IND,South Asia,Lower middle income,2011,-0.4906967,-35.617,38.6
India,IND,South Asia,Lower middle income,2012,-0.5029878,-2.505,37.6
India,IND,South Asia,Lower middle income,2013,-0.4708017,6.399,38.6
India,IND,South Asia,Lower middle income,2014,-0.4139641,12.073,44.1
India,IND,South Asia,Lower middle income,2015,-0.3449931,16.661,46.1
India,IND,South Asia,Lower middle income,2016,-0.2852229,17.325,47.1
India,IND,South Asia,Lower middle income,2017,-0.2244224,21.317,48.5
India,IND,South Asia,Lower middle income,2018,-0.2079644,7.333,47.5
India,IND,South Asia,Lower middle income,2019,-0.2183329,-4.986,46.1
India,IND,South Asia,Lower middle income,2020,-0.254487099999999,-16.559,45.6
India,IND,South Asia,Lower middle income,2021,-0.300757,-18.182,45.1
India,IND,South Asia,Lower middle income,2022,-0.2924866,2.75,45.6
India,IND,South Asia,Lower middle income,2023,-0.3353176,-14.644,43.2
Indonesia,IDN,East Asia & Pacific,Upper middle income,2002,-1.34073739999999,,7.5
Indonesia,IDN,East Asia & Pacific,Upper middle income,2003,-1.2216426,8.883,9.7
Indonesia,IDN,East Asia & Pacific,Upper middle income,2004,-1.1642347,4.699,11.7
Indonesia,IDN,East Asia & Pacific,Upper middle income,2005,-1.1351666,2.497,15.2
Indonesia,IDN,East Asia & Pacific,Upper middle income,2006,-0.896932499999999,20.987,20.7
Indonesia,IDN,East Asia & Pacific,Upper middle income,2007,-0.703207999999999,21.599,27.6
Indonesia,IDN,East Asia & Pacific,Upper middle income,2008,-0.5325944,24.262,35
Indonesia,IDN,East Asia & Pacific,Upper middle income,2009,-0.6204124,-16.489,29.9
Indonesia,IDN,East Asia & Pacific,Upper middle income,2010,-0.663338299999999,-6.919,28.2
Indonesia,IDN,East Asia & Pacific,Upper middle income,2011,-0.6451671,2.739,29.2
Indonesia,IDN,East Asia & Pacific,Upper middle income,2012,-0.772433599999999,-19.726,25.2
Indonesia,IDN,East Asia & Pacific,Upper middle income,2013,-0.727894399999999,5.766,28.7
Indonesia,IDN,East Asia & Pacific,Upper middle income,2014,-0.7150247,1.768,30.7
Indonesia,IDN,East Asia & Pacific,Upper middle income,2015,-0.5229666,26.86,38.2
Indonesia,IDN,East Asia & Pacific,Upper middle income,2016,-0.482257599999999,7.784,36.8
Indonesia,IDN,East Asia & Pacific,Upper middle income,2017,-0.3767695,21.874,43.6
Indonesia,IDN,East Asia & Pacific,Upper middle income,2018,-0.338129499999999,10.256,43.1
Indonesia,IDN,East Asia & Pacific,Upper middle income,2019,-0.427850399999999,-26.534,38.2
Indonesia,IDN,East Asia & Pacific,Upper middle income,2020,-0.3456603,19.21,40.2
Indonesia,IDN,East Asia & Pacific,Upper middle income,2021,-0.416213499999999,-20.411,37.9
Indonesia,IDN,East Asia & Pacific,Upper middle income,2022,-0.3702139,11.052,41.3
Indonesia,IDN,East Asia & Pacific,Upper middle income,2023,-0.4431661,-19.705,37.9
"Iran, Islamic Rep.",IRN,"Middle East, North Africa, Afghanistan & Pakistan",Upper middle income,2002,-0.4882621,,43.5
"Iran, Islamic Rep.",IRN,"Middle East, North Africa, Afghanistan & Pakistan",Upper middle income,2003,-0.500723799999999,-2.552,43
"Iran, Islamic Rep.",IRN,"Middle East, North Africa, Afghanistan & Pakistan",Upper middle income,2004,-0.6459403,-29.001,31
"Iran, Islamic Rep.",IRN,"Middle East, North Africa, Afghanistan & Pakistan",Upper middle income,2005,-0.769732699999999,-19.165,28.8
"Iran, Islamic Rep.",IRN,"Middle East, North Africa, Afghanistan & Pakistan",Upper middle income,2006,-0.7495746,2.619,25.3
"Iran, Islamic Rep.",IRN,"Middle East, North Africa, Afghanistan & Pakistan",Upper middle income,2007,-0.7763675,-3.574,24.6
"Iran, Islamic Rep.",IRN,"Middle East, North Africa, Afghanistan & Pakistan",Upper middle income,2008,-1.04128359999999,-34.123,15.5
"Iran, Islamic Rep.",IRN,"Middle East, North Africa, Afghanistan & Pakistan",Upper middle income,2009,-1.0476081,-0.607,15.9
"Iran, Islamic Rep.",IRN,"Middle East, North Africa, Afghanistan & Pakistan",Upper middle income,2010,-1.15665139999999,-10.409,11.4
"Iran, Islamic Rep.",IRN,"Middle East, North Africa, Afghanistan & Pakistan",Upper middle income,2011,-0.9423621,18.527,18.3
"Iran, Islamic Rep.",IRN,"Middle East, North Africa, Afghanistan & Pakistan",Upper middle income,2012,-0.98264,-4.274,17.8
"Iran, Islamic Rep.",IRN,"Middle East, North Africa, Afghanistan & Pakistan",Upper middle income,2013,-0.9147814,6.906,21.8
"Iran, Islamic Rep.",IRN,"Middle East, North Africa, Afghanistan & Pakistan",Upper middle income,2014,-0.816847099999999,10.706,26.2
"Iran, Islamic Rep.",IRN,"Middle East, North Africa, Afghanistan & Pakistan",Upper middle income,2015,-0.7596233,7.005,27.5
"Iran, Islamic Rep.",IRN,"Middle East, North Africa, Afghanistan & Pakistan",Upper middle income,2016,-0.656176099999999,13.618,30.4
"Iran, Islamic Rep.",IRN,"Middle East, North Africa, Afghanistan & Pakistan",Upper middle income,2017,-0.7011486,-6.854,30.4
"Iran, Islamic Rep.",IRN,"Middle East, North Africa, Afghanistan & Pakistan",Upper middle income,2018,-0.9420795,-34.362,20.1
"Iran, Islamic Rep.",IRN,"Middle East, North Africa, Afghanistan & Pakistan",Upper middle income,2019,-0.9919553,-5.294,16.7
"Iran, Islamic Rep.",IRN,"Middle East, North Africa, Afghanistan & Pakistan",Upper middle income,2020,-1.1044169,-11.337,12.7
"Iran, Islamic Rep.",IRN,"Middle East, North Africa, Afghanistan & Pakistan",Upper middle income,2021,-1.1267612,-2.023,13.1
"Iran, Islamic Rep.",IRN,"Middle East, North Africa, Afghanistan & Pakistan",Upper middle income,2022,-1.13191439999999,-0.457,14.1
"Iran, Islamic Rep.",IRN,"Middle East, North Africa, Afghanistan & Pakistan",Upper middle income,2023,-1.17112979999999,-3.465,11.7
Iraq,IRQ,"Middle East, North Africa, Afghanistan & Pakistan",Upper middle income,2002,-1.6165482,,0.5
Iraq,IRQ,"Middle East, North Africa, Afghanistan & Pakistan",Upper middle income,2003,-0.957683499999999,40.758,19.9
Iraq,IRQ,"Middle East, North Africa, Afghanistan & Pakistan",Upper middle income,2004,-1.1573744,-20.851,12.7
Iraq,IRQ,"Middle East, North Africa, Afghanistan & Pakistan",Upper middle income,2005,-1.2432218,-7.417,11.1
Iraq,IRQ,"Middle East, North Africa, Afghanistan & Pakistan",Upper middle income,2006,-1.5173537,-22.05,1.5
Iraq,IRQ,"Middle East, North Africa, Afghanistan & Pakistan",Upper middle income,2007,-1.54003309999999,-1.495,1
Iraq,IRQ,"Middle East, North Africa, Afghanistan & Pakistan",Upper middle income,2008,-1.53992629999999,0.007,1
Iraq,IRQ,"Middle East, North Africa, Afghanistan & Pakistan",Upper middle income,2009,-1.40441749999999,8.8,3.5
Iraq,IRQ,"Middle East, North Africa, Afghanistan & Pakistan",Upper middle income,2010,-1.3062258,6.992,5
Iraq,IRQ,"Middle East, North Africa, Afghanistan & Pakistan",Upper middle income,2011,-1.2387175,5.168,7.4
Iraq,IRQ,"Middle East, North Africa, Afghanistan & Pakistan",Upper middle income,2012,-1.26788219999999,-2.354,7.9
Iraq,IRQ,"Middle East, North Africa, Afghanistan & Pakistan",Upper middle income,2013,-1.26454969999999,0.263,8.4
Iraq,IRQ,"Middle East, North Africa, Afghanistan & Pakistan",Upper middle income,2014,-1.357674,-7.364,7.9
Iraq,IRQ,"Middle East, North Africa, Afghanistan & Pakistan",Upper middle income,2015,-1.393567,-2.644,6.9
Iraq,IRQ,"Middle East, North Africa, Afghanistan & Pakistan",Upper middle income,2016,-1.4012064,-0.548,7.8
Iraq,IRQ,"Middle East, North Africa, Afghanistan & Pakistan",Upper middle income,2017,-1.4065197,-0.379,7.8
Iraq,IRQ,"Middle East, North Africa, Afghanistan & Pakistan",Upper middle income,2018,-1.4767763,-4.995,5.9
Iraq,IRQ,"Middle East, North Africa, Afghanistan & Pakistan",Upper middle income,2019,-1.4433306,2.265,7.8
Iraq,IRQ,"Middle East, North Africa, Afghanistan & Pakistan",Upper middle income,2020,-1.3692381,5.133,6.9
Iraq,IRQ,"Middle East, North Africa, Afghanistan & Pakistan",Upper middle income,2021,-1.37400869999999,-0.348,6.3
Iraq,IRQ,"Middle East, North Africa, Afghanistan & Pakistan",Upper middle income,2022,-1.37334849999999,0.048,5.8
Iraq,IRQ,"Middle East, North Africa, Afghanistan & Pakistan",Upper middle income,2023,-1.4169702,-3.176,5.8
Ireland,IRL,Europe & Central Asia,High income,2002,1.4335105,,89.2
Ireland,IRL,Europe & Central Asia,High income,2003,1.4666734,2.313,90.3
Ireland,IRL,Europe & Central Asia,High income,2004,1.2335938,-15.892,89.3
Ireland,IRL,Europe & Central Asia,High income,2005,1.6445923,33.317,91.9
Ireland,IRL,Europe & Central Asia,High income,2006,1.5061161,-8.42,91.9
Ireland,IRL,Europe & Central Asia,High income,2007,1.4613994,-2.969,91.5
Ireland,IRL,Europe & Central Asia,High income,2008,1.4694605,0.552,92
Ireland,IRL,Europe & Central Asia,High income,2009,1.4425076,-1.834,91
Ireland,IRL,Europe & Central Asia,High income,2010,1.4080005,-2.392,90.6
Ireland,IRL,Europe & Central Asia,High income,2011,1.3802239,-1.973,88.6
Ireland,IRL,Europe & Central Asia,High income,2012,1.4035742,1.692,89.1
Ireland,IRL,Europe & Central Asia,High income,2013,1.5469722,10.217,93.1
Ireland,IRL,Europe & Central Asia,High income,2014,1.5913084,2.866,93.1
Ireland,IRL,Europe & Central Asia,High income,2015,1.6308016,2.482,91.7
Ireland,IRL,Europe & Central Asia,High income,2016,1.636332,0.339,91.7
Ireland,IRL,Europe & Central Asia,High income,2017,1.5580627,-4.783,90.7
Ireland,IRL,Europe & Central Asia,High income,2018,1.5533781,-0.301,90.7
Ireland,IRL,Europe & Central Asia,High income,2019,1.5189367,-2.217,90.2
Ireland,IRL,Europe & Central Asia,High income,2020,1.5958903,5.066,91.7
Ireland,IRL,Europe & Central Asia,High income,2021,1.6117468,0.994,91.7
Ireland,IRL,Europe & Central Asia,High income,2022,1.6463639,2.148,93.2
Ireland,IRL,Europe & Central Asia,High income,2023,1.5859129,-3.672,92.7
Israel,ISR,"Middle East, North Africa, Afghanistan & Pakistan",High income,2002,1.0503727,,83.3
Israel,ISR,"Middle East, North Africa, Afghanistan & Pakistan",High income,2003,1.0439559,-0.611,82.3
Israel,ISR,"Middle East, North Africa, Afghanistan & Pakistan",High income,2004,0.8222197,-21.24,80.7
Israel,ISR,"Middle East, North Africa, Afghanistan & Pakistan",High income,2005,0.8088567,-1.625,77.3
Israel,ISR,"Middle East, North Africa, Afghanistan & Pakistan",High income,2006,0.8416144,4.05,78.3
Israel,ISR,"Middle East, North Africa, Afghanistan & Pakistan",High income,2007,0.6742053,-19.891,75.9
Israel,ISR,"Middle East, North Africa, Afghanistan & Pakistan",High income,2008,0.6899302,2.332,76
Israel,ISR,"Middle East, North Africa, Afghanistan & Pakistan",High income,2009,0.6872948,-0.382,75.1
Israel,ISR,"Middle East, North Africa, Afghanistan & Pakistan",High income,2010,0.6767019,-1.541,74.8
Israel,ISR,"Middle East, North Africa, Afghanistan & Pakistan",High income,2011,0.722372,6.749,75.7
Israel,ISR,"Middle East, North Africa, Afghanistan & Pakistan",High income,2012,0.7558579,4.636,75.2
Israel,ISR,"Middle East, North Africa, Afghanistan & Pakistan",High income,2013,0.7521332,-0.493,75.7
Israel,ISR,"Middle East, North Africa, Afghanistan & Pakistan",High income,2014,0.7470115,-0.681,77.2
Israel,ISR,"Middle East, North Africa, Afghanistan & Pakistan",High income,2015,0.8495585,13.728,78.9
Israel,ISR,"Middle East, North Africa, Afghanistan & Pakistan",High income,2016,1.1108815,30.76,83.8
Israel,ISR,"Middle East, North Africa, Afghanistan & Pakistan",High income,2017,0.8089617,-27.178,79.4
Israel,ISR,"Middle East, North Africa, Afghanistan & Pakistan",High income,2018,0.7398512,-8.543,75.5
Israel,ISR,"Middle East, North Africa, Afghanistan & Pakistan",High income,2019,0.8011548,8.286,77.9
Israel,ISR,"Middle East, North Africa, Afghanistan & Pakistan",High income,2020,0.6932777,-13.465,74
Israel,ISR,"Middle East, North Africa, Afghanistan & Pakistan",High income,2021,0.9249105,33.411,81.1
Israel,ISR,"Middle East, North Africa, Afghanistan & Pakistan",High income,2022,0.8878345,-4.009,81.6
Israel,ISR,"Middle East, North Africa, Afghanistan & Pakistan",High income,2023,0.8712956,-1.863,80.6
Italy,ITA,Europe & Central Asia,High income,2002,0.6844831,,77.4
Italy,ITA,Europe & Central Asia,High income,2003,0.5080672,-25.774,73.7
Italy,ITA,Europe & Central Asia,High income,2004,0.4670869,-8.066,73.1
Italy,ITA,Europe & Central Asia,High income,2005,0.5477158,17.262,71.7
Italy,ITA,Europe & Central Asia,High income,2006,0.5465797,-0.207,73.7
Italy,ITA,Europe & Central Asia,High income,2007,0.3863064,-29.323,70.9
Italy,ITA,Europe & Central Asia,High income,2008,0.3135748,-18.827,68.5
Italy,ITA,Europe & Central Asia,High income,2009,0.2877974,-8.22,67.2
Italy,ITA,Europe & Central Asia,High income,2010,0.2007651,-30.241,64.9
Italy,ITA,Europe & Central Asia,High income,2011,0.2491583,24.104,65.8
Italy,ITA,Europe & Central Asia,High income,2012,0.1585745,-36.356,64.9
Italy,ITA,Europe & Central Asia,High income,2013,0.0420703,-73.47,60.9
Italy,ITA,Europe & Central Asia,High income,2014,0.0131434,-68.758,61.4
Italy,ITA,Europe & Central Asia,High income,2015,0.0677760999999999,415.666,59.8
Italy,ITA,Europe & Central Asia,High income,2016,0.1252339,84.776,61.8
Italy,ITA,Europe & Central Asia,High income,2017,0.1948577,55.595,62.7
Italy,ITA,Europe & Central Asia,High income,2018,0.2476928,27.115,63.2
Italy,ITA,Europe & Central Asia,High income,2019,0.2828802,14.206,62.3
Italy,ITA,Europe & Central Asia,High income,2020,0.5299614,87.345,71.1
Italy,ITA,Europe & Central Asia,High income,2021,0.5394316,1.787,72.3
Italy,ITA,Europe & Central Asia,High income,2022,0.5738577,6.382,73.3
Italy,ITA,Europe & Central Asia,High income,2023,0.571449,-0.42,71.8
Jamaica,JAM,Latin America & Caribbean,Upper middle income,2002,-0.3077318,,47.3
Jamaica,JAM,Latin America & Caribbean,Upper middle income,2003,-0.3888064,-26.346,45.2
Jamaica,JAM,Latin America & Caribbean,Upper middle income,2004,-0.3292527,15.317,45.7
Jamaica,JAM,Latin America & Caribbean,Upper middle income,2005,-0.3142249,4.564,48.5
Jamaica,JAM,Latin America & Caribbean,Upper middle income,2006,-0.211233999999999,32.776,53
Jamaica,JAM,Latin America & Caribbean,Upper middle income,2007,-0.2881667,-36.421,49.2
Jamaica,JAM,Latin America & Caribbean,Upper middle income,2008,-0.289931999999999,-0.613,49
Jamaica,JAM,Latin America & Caribbean,Upper middle income,2009,-0.2773341,4.345,48.3
Jamaica,JAM,Latin America & Caribbean,Upper middle income,2010,-0.2207188,20.414,51
Jamaica,JAM,Latin America & Caribbean,Upper middle income,2011,-0.0495086999999999,77.569,57.4
Jamaica,JAM,Latin America & Caribbean,Upper middle income,2012,-0.2406003,-385.976,50.5
Jamaica,JAM,Latin America & Caribbean,Upper middle income,2013,-0.2538053,-5.488,50
Jamaica,JAM,Latin America & Caribbean,Upper middle income,2014,-0.2893901,-14.021,49.5
Jamaica,JAM,Latin America & Caribbean,Upper middle income,2015,-0.2392146,17.338,52
Jamaica,JAM,Latin America & Caribbean,Upper middle income,2016,-0.166887999999999,30.235,51.5
Jamaica,JAM,Latin America & Caribbean,Upper middle income,2017,-0.1631899,2.216,50.5
Jamaica,JAM,Latin America & Caribbean,Upper middle income,2018,-0.174784399999999,-7.105,49.5
Jamaica,JAM,Latin America & Caribbean,Upper middle income,2019,-0.0636837,63.564,53.4
Jamaica,JAM,Latin America & Caribbean,Upper middle income,2020,-0.0800814,-25.749,52
Jamaica,JAM,Latin America & Caribbean,Upper middle income,2021,-0.0851526,-6.333,53.4
Jamaica,JAM,Latin America & Caribbean,Upper middle income,2022,-0.0788141,7.444,53.9
Jamaica,JAM,Latin America & Caribbean,Upper middle income,2023,-0.1364542,-73.134,52.9
Japan,JPN,East Asia & Pacific,High income,2002,0.8492287,,80.6
Japan,JPN,East Asia & Pacific,High income,2003,0.8804847,3.681,80.1
Japan,JPN,East Asia & Pacific,High income,2004,0.8891675,0.986,82.2
Japan,JPN,East Asia & Pacific,High income,2005,0.9277728,4.342,79.8
Japan,JPN,East Asia & Pacific,High income,2006,0.9794703,5.572,81.8
Japan,JPN,East Asia & Pacific,High income,2007,0.8591032,-12.289,78.4
Japan,JPN,East Asia & Pacific,High income,2008,0.9586641,11.589,81
Japan,JPN,East Asia & Pacific,High income,2009,1.1663245,21.661,86.6
Japan,JPN,East Asia & Pacific,High income,2010,1.3876183,18.974,90.1
Japan,JPN,East Asia & Pacific,High income,2011,1.5406092,11.025,91.1
Japan,JPN,East Asia & Pacific,High income,2012,1.4904141,-3.258,92.6
Japan,JPN,East Asia & Pacific,High income,2013,1.4979614,0.506,91.1
Japan,JPN,East Asia & Pacific,High income,2014,1.5393479,2.763,92.1
Japan,JPN,East Asia & Pacific,High income,2015,1.4505851,-5.766,90.2
Japan,JPN,East Asia & Pacific,High income,2016,1.4452816,-0.366,90.2
Japan,JPN,East Asia & Pacific,High income,2017,1.4760635,2.13,90.2
Japan,JPN,East Asia & Pacific,High income,2018,1.3909549,-5.766,88.2
Japan,JPN,East Asia & Pacific,High income,2019,1.4335295,3.061,88.7
Japan,JPN,East Asia & Pacific,High income,2020,1.4301233,-0.238,89.7
Japan,JPN,East Asia & Pacific,High income,2021,1.4554011,1.768,90.3
Japan,JPN,East Asia & Pacific,High income,2022,1.4419346,-0.925,90.3
Japan,JPN,East Asia & Pacific,High income,2023,1.3377896,-7.223,89.8
Jordan,JOR,"Middle East, North Africa, Afghanistan & Pakistan",Upper middle income,2002,-0.00647139999999999,,59.7
Jordan,JOR,"Middle East, North Africa, Afghanistan & Pakistan",Upper middle income,2003,0.2951936,4661.511,67.2
Jordan,JOR,"Middle East, North Africa, Afghanistan & Pakistan",Upper middle income,2004,0.067614,-77.095,58.9
Jordan,JOR,"Middle East, North Africa, Afghanistan & Pakistan",Upper middle income,2005,0.063524,-6.049,61.1
Jordan,JOR,"Middle East, North Africa, Afghanistan & Pakistan",Upper middle income,2006,0.0883568,39.092,59.6
Jordan,JOR,"Middle East, North Africa, Afghanistan & Pakistan",Upper middle income,2007,0.1029529,16.519,63.3
Jordan,JOR,"Middle East, North Africa, Afghanistan & Pakistan",Upper middle income,2008,0.2408529,133.945,66.5
Jordan,JOR,"Middle East, North Africa, Afghanistan & Pakistan",Upper middle income,2009,0.0885625,-63.23,61.2
Jordan,JOR,"Middle East, North Africa, Afghanistan & Pakistan",Upper middle income,2010,0.0263631,-70.232,58.9
Jordan,JOR,"Middle East, North Africa, Afghanistan & Pakistan",Upper middle income,2011,0.150624,471.344,62.4
Jordan,JOR,"Middle East, North Africa, Afghanistan & Pakistan",Upper middle income,2012,0.0948384999999999,-37.036,62.4
Jordan,JOR,"Middle East, North Africa, Afghanistan & Pakistan",Upper middle income,2013,0.0969314999999999,2.207,61.9
Jordan,JOR,"Middle East, North Africa, Afghanistan & Pakistan",Upper middle income,2014,0.0942006,-2.817,62.4
Jordan,JOR,"Middle East, North Africa, Afghanistan & Pakistan",Upper middle income,2015,0.2644497,180.73,63.7
Jordan,JOR,"Middle East, North Africa, Afghanistan & Pakistan",Upper middle income,2016,0.2009082,-24.028,63.2
Jordan,JOR,"Middle East, North Africa, Afghanistan & Pakistan",Upper middle income,2017,0.1776447,-11.579,62.3
Jordan,JOR,"Middle East, North Africa, Afghanistan & Pakistan",Upper middle income,2018,0.0742478,-58.204,59.8
Jordan,JOR,"Middle East, North Africa, Afghanistan & Pakistan",Upper middle income,2019,0.0894230999999999,20.439,59.3
Jordan,JOR,"Middle East, North Africa, Afghanistan & Pakistan",Upper middle income,2020,0.1409154,57.583,60.8
Jordan,JOR,"Middle East, North Africa, Afghanistan & Pakistan",Upper middle income,2021,0.0177108,-87.432,56.3
Jordan,JOR,"Middle East, North Africa, Afghanistan & Pakistan",Upper middle income,2022,0.0226578,27.932,57.3
Jordan,JOR,"Middle East, North Africa, Afghanistan & Pakistan",Upper middle income,2023,0.1060315,367.969,58.3
Kazakhstan,KAZ,Europe & Central Asia,Upper middle income,2002,-1.2720543,,10.2
Kazakhstan,KAZ,Europe & Central Asia,Upper middle income,2003,-1.2728152,-0.06,8.6
Kazakhstan,KAZ,Europe & Central Asia,Upper middle income,2004,-1.1610946,8.777,12.2
Kazakhstan,KAZ,Europe & Central Asia,Upper middle income,2005,-1.087526,6.336,16.2
Kazakhstan,KAZ,Europe & Central Asia,Upper middle income,2006,-1.2051616,-10.817,8.6
Kazakhstan,KAZ,Europe & Central Asia,Upper middle income,2007,-1.2166727,-0.955,9
Kazakhstan,KAZ,Europe & Central Asia,Upper middle income,2008,-1.0246822,15.78,17
Kazakhstan,KAZ,Europe & Central Asia,Upper middle income,2009,-0.9908614,3.301,17.9
Kazakhstan,KAZ,Europe & Central Asia,Upper middle income,2010,-0.9891057,0.177,16.8
Kazakhstan,KAZ,Europe & Central Asia,Upper middle income,2011,-0.8894339,10.077,19.8
Kazakhstan,KAZ,Europe & Central Asia,Upper middle income,2012,-0.912828,-2.63,20.3
Kazakhstan,KAZ,Europe & Central Asia,Upper middle income,2013,-0.9287508,-1.744,20.8
Kazakhstan,KAZ,Europe & Central Asia,Upper middle income,2014,-0.842471,9.29,23.8
Kazakhstan,KAZ,Europe & Central Asia,Upper middle income,2015,-0.8337886,1.031,24
Kazakhstan,KAZ,Europe & Central Asia,Upper middle income,2016,-0.7865395,5.667,27
Kazakhstan,KAZ,Europe & Central Asia,Upper middle income,2017,-0.7427939,5.562,28.4
Kazakhstan,KAZ,Europe & Central Asia,Upper middle income,2018,-0.5048657,32.032,35.8
Kazakhstan,KAZ,Europe & Central Asia,Upper middle income,2019,-0.207193,58.961,46.6
Kazakhstan,KAZ,Europe & Central Asia,Upper middle income,2020,-0.2881195,-39.059,43.1
Kazakhstan,KAZ,Europe & Central Asia,Upper middle income,2021,-0.2698189,6.352,45.6
Kazakhstan,KAZ,Europe & Central Asia,Upper middle income,2022,-0.1920096,28.838,50
Kazakhstan,KAZ,Europe & Central Asia,Upper middle income,2023,-0.2223164,-15.784,49
Kenya,KEN,Sub-Saharan Africa,Lower middle income,2002,-0.9730905,,22
Kenya,KEN,Sub-Saharan Africa,Lower middle income,2003,-0.7526162,22.657,30.1
Kenya,KEN,Sub-Saharan Africa,Lower middle income,2004,-0.8947352,-18.883,21.8
Kenya,KEN,Sub-Saharan Africa,Lower middle income,2005,-1.0460424,-16.911,18.7
Kenya,KEN,Sub-Saharan Africa,Lower middle income,2006,-0.946384999999999,9.527,19.2
Kenya,KEN,Sub-Saharan Africa,Lower middle income,2007,-0.961026199999999,-1.547,19.1
Kenya,KEN,Sub-Saharan Africa,Lower middle income,2008,-1.0513432,-9.398,14.5
Kenya,KEN,Sub-Saharan Africa,Lower middle income,2009,-1.1084859,-5.435,12.9
Kenya,KEN,Sub-Saharan Africa,Lower middle income,2010,-0.854366499999999,22.925,19.8
Kenya,KEN,Sub-Saharan Africa,Lower middle income,2011,-0.9218464,-7.898,18.8
Kenya,KEN,Sub-Saharan Africa,Lower middle income,2012,-0.974947799999999,-5.76,18.3
Kenya,KEN,Sub-Saharan Africa,Lower middle income,2013,-0.9346291,4.135,19.8
Kenya,KEN,Sub-Saharan Africa,Lower middle income,2014,-0.834178699999999,10.748,24.8
Kenya,KEN,Sub-Saharan Africa,Lower middle income,2015,-0.9711807,-16.424,19.1
Kenya,KEN,Sub-Saharan Africa,Lower middle income,2016,-0.900809099999999,7.246,20.1
Kenya,KEN,Sub-Saharan Africa,Lower middle income,2017,-0.8985955,0.246,21.6
Kenya,KEN,Sub-Saharan Africa,Lower middle income,2018,-0.8341484,7.172,25.5
Kenya,KEN,Sub-Saharan Africa,Lower middle income,2019,-0.809611299999999,2.942,24
Kenya,KEN,Sub-Saharan Africa,Lower middle income,2020,-0.7505394,7.296,26
Kenya,KEN,Sub-Saharan Africa,Lower middle income,2021,-0.710787899999999,5.296,25.7
Kenya,KEN,Sub-Saharan Africa,Lower middle income,2022,-0.751285,-5.697,24.8
Kenya,KEN,Sub-Saharan Africa,Lower middle income,2023,-0.7594497,-1.087,24.8
Kiribati,KIR,East Asia & Pacific,Lower middle income,2004,0.4367912,,72.1
Kiribati,KIR,East Asia & Pacific,Lower middle income,2005,0.3218331,-26.319,67.7
Kiribati,KIR,East Asia & Pacific,Lower middle income,2006,0.2439124,-24.212,64.1
Kiribati,KIR,East Asia & Pacific,Lower middle income,2007,0.281657,15.475,66.3
Kiribati,KIR,East Asia & Pacific,Lower middle income,2008,0.0947462,-66.361,62
Kiribati,KIR,East Asia & Pacific,Lower middle income,2009,-0.0076186,-108.041,58.7
Kiribati,KIR,East Asia & Pacific,Lower middle income,2010,0.0684729,998.76,60.4
Kiribati,KIR,East Asia & Pacific,Lower middle income,2011,0.2356682,244.177,65.3
Kiribati,KIR,East Asia & Pacific,Lower middle income,2012,0.145384,-38.31,63.4
Kiribati,KIR,East Asia & Pacific,Lower middle income,2013,0.1455969,0.146,63.9
Kiribati,KIR,East Asia & Pacific,Lower middle income,2014,0.2820761,93.738,65.8
Kiribati,KIR,East Asia & Pacific,Lower middle income,2015,0.2843015,0.789,64.2
Kiribati,KIR,East Asia & Pacific,Lower middle income,2016,0.2512942,-11.61,63.7
Kiribati,KIR,East Asia & Pacific,Lower middle income,2017,0.2500111,-0.511,64.7
Kiribati,KIR,East Asia & Pacific,Lower middle income,2018,0.2521934,0.873,63.7
Kiribati,KIR,East Asia & Pacific,Lower middle income,2019,0.3505035,38.982,64.7
Kiribati,KIR,East Asia & Pacific,Lower middle income,2020,0.3514103,0.259,65.2
Kiribati,KIR,East Asia & Pacific,Lower middle income,2021,0.3344081,-4.838,65.5
Kiribati,KIR,East Asia & Pacific,Lower middle income,2022,0.3338154,-0.177,66
Kiribati,KIR,East Asia & Pacific,Lower middle income,2023,0.3317797,-0.61,65
"Korea, Dem. People's Rep.",PRK,East Asia & Pacific,Low income,2002,-1.12703439999999,,12.4
"Korea, Dem. People's Rep.",PRK,East Asia & Pacific,Low income,2003,-1.56012899999999,-38.428,1.6
"Korea, Dem. People's Rep.",PRK,East Asia & Pacific,Low income,2004,-1.2593031,19.282,7.6
"Korea, Dem. People's Rep.",PRK,East Asia & Pacific,Low income,2005,-1.19179299999999,5.361,13.1
"Korea, Dem. People's Rep.",PRK,East Asia & Pacific,Low income,2006,-1.2900466,-8.244,7.1
"Korea, Dem. People's Rep.",PRK,East Asia & Pacific,Low income,2007,-1.2923254,-0.177,6
"Korea, Dem. People's Rep.",PRK,East Asia & Pacific,Low income,2008,-1.36949029999999,-5.971,4
"Korea, Dem. People's Rep.",PRK,East Asia & Pacific,Low income,2009,-1.2182519,11.043,8.5
"Korea, Dem. People's Rep.",PRK,East Asia & Pacific,Low income,2010,-0.966997,20.624,18.3
"Korea, Dem. People's Rep.",PRK,East Asia & Pacific,Low income,2011,-0.967500399999999,-0.052,17.3
"Korea, Dem. People's Rep.",PRK,East Asia & Pacific,Low income,2012,-1.27135319999999,-31.406,7.4
"Korea, Dem. People's Rep.",PRK,East Asia & Pacific,Low income,2013,-1.27127369999999,0.006,7.9
"Korea, Dem. People's Rep.",PRK,East Asia & Pacific,Low income,2014,-1.2722061,-0.073,9.4
"Korea, Dem. People's Rep.",PRK,East Asia & Pacific,Low income,2015,-1.2713751,0.065,10.3
"Korea, Dem. People's Rep.",PRK,East Asia & Pacific,Low income,2016,-1.41972829999999,-11.669,6.4
"Korea, Dem. People's Rep.",PRK,East Asia & Pacific,Low income,2017,-1.4202074,-0.034,7.4
"Korea, Dem. People's Rep.",PRK,East Asia & Pacific,Low income,2018,-1.5872449,-11.761,2.9
"Korea, Dem. People's Rep.",PRK,East Asia & Pacific,Low income,2019,-1.5773982,0.62,2.5
"Korea, Dem. People's Rep.",PRK,East Asia & Pacific,Low income,2020,-1.57352389999999,0.246,2
"Korea, Dem. People's Rep.",PRK,East Asia & Pacific,Low income,2021,-1.651571,-4.96,1
"Korea, Dem. People's Rep.",PRK,East Asia & Pacific,Low income,2022,-1.6517597,-0.011,1.5
"Korea, Dem. People's Rep.",PRK,East Asia & Pacific,Low income,2023,-1.5580486,5.673,2.4
"Korea, Rep.",KOR,East Asia & Pacific,High income,2002,0.2879473,,67.2
"Korea, Rep.",KOR,East Asia & Pacific,High income,2003,0.4162143,44.545,71.5
"Korea, Rep.",KOR,East Asia & Pacific,High income,2004,0.378397,-9.086,70.6
"Korea, Rep.",KOR,East Asia & Pacific,High income,2005,0.5818218,53.76,73.7
"Korea, Rep.",KOR,East Asia & Pacific,High income,2006,0.3855479,-33.734,67.7
"Korea, Rep.",KOR,East Asia & Pacific,High income,2007,0.5124785,32.922,74.9
"Korea, Rep.",KOR,East Asia & Pacific,High income,2008,0.414593,-19.1,71
"Korea, Rep.",KOR,East Asia & Pacific,High income,2009,0.4369534,5.393,71.1
"Korea, Rep.",KOR,East Asia & Pacific,High income,2010,0.4243376,-2.887,71.3
"Korea, Rep.",KOR,East Asia & Pacific,High income,2011,0.582102,37.179,73.8
"Korea, Rep.",KOR,East Asia & Pacific,High income,2012,0.5254345,-9.735,72.8
"Korea, Rep.",KOR,East Asia & Pacific,High income,2013,0.584669,11.273,73.8
"Korea, Rep.",KOR,East Asia & Pacific,High income,2014,0.5041579,-13.77,71.3
"Korea, Rep.",KOR,East Asia & Pacific,High income,2015,0.3449721,-31.575,66.2
"Korea, Rep.",KOR,East Asia & Pacific,High income,2016,0.3532288,2.393,66.2
"Korea, Rep.",KOR,East Asia & Pacific,High income,2017,0.427734,21.093,66.7
"Korea, Rep.",KOR,East Asia & Pacific,High income,2018,0.5413024,26.551,71.1
"Korea, Rep.",KOR,East Asia & Pacific,High income,2019,0.6133176,13.304,72.5
"Korea, Rep.",KOR,East Asia & Pacific,High income,2020,0.7558651,23.242,75.5
"Korea, Rep.",KOR,East Asia & Pacific,High income,2021,0.7614152,0.734,77.2
"Korea, Rep.",KOR,East Asia & Pacific,High income,2022,0.8217095,7.919,79.1
"Korea, Rep.",KOR,East Asia & Pacific,High income,2023,0.8788564,6.955,81.1
Kosovo,XKX,Europe & Central Asia,Upper middle income,2002,0.3137609,,68.3
Kosovo,XKX,Europe & Central Asia,Upper middle income,2003,0.154503,-50.758,64
Kosovo,XKX,Europe & Central Asia,Upper middle income,2004,0.0921869,-40.333,59.4
Kosovo,XKX,Europe & Central Asia,Upper middle income,2005,-0.2488485,-369.939,52.5
Kosovo,XKX,Europe & Central Asia,Upper middle income,2006,-0.380614099999999,-52.95,42.4
Kosovo,XKX,Europe & Central Asia,Upper middle income,2007,-0.3895304,-2.343,42.7
Kosovo,XKX,Europe & Central Asia,Upper middle income,2008,-0.5570823,-43.014,33.5
Kosovo,XKX,Europe & Central Asia,Upper middle income,2009,-0.4181452,24.94,39.8
Kosovo,XKX,Europe & Central Asia,Upper middle income,2010,-0.4550304,-8.821,38.1
Kosovo,XKX,Europe & Central Asia,Upper middle income,2011,-0.449542599999999,1.206,40.1
Kosovo,XKX,Europe & Central Asia,Upper middle income,2012,-0.4549896,-1.212,41.1
Kosovo,XKX,Europe & Central Asia,Upper middle income,2013,-0.451741399999999,0.714,40.1
Kosovo,XKX,Europe & Central Asia,Upper middle income,2014,-0.349694499999999,22.59,48
Kosovo,XKX,Europe & Central Asia,Upper middle income,2015,-0.370412299999999,-5.925,44.6
Kosovo,XKX,Europe & Central Asia,Upper middle income,2016,-0.2981032,19.521,46.1
Kosovo,XKX,Europe & Central Asia,Upper middle income,2017,-0.4089401,-37.181,40.7
Kosovo,XKX,Europe & Central Asia,Upper middle income,2018,-0.3876501,5.206,40.2
Kosovo,XKX,Europe & Central Asia,Upper middle income,2019,-0.344486299999999,11.135,41.7
Kosovo,XKX,Europe & Central Asia,Upper middle income,2020,-0.423589999999999,-22.963,37.7
Kosovo,XKX,Europe & Central Asia,Upper middle income,2021,-0.3919167,7.477,39.8
Kosovo,XKX,Europe & Central Asia,Upper middle income,2022,-0.2951205,24.698,45.1
Kosovo,XKX,Europe & Central Asia,Upper middle income,2023,-0.1480311,49.84,52.4
Kuwait,KWT,"Middle East, North Africa, Afghanistan & Pakistan",High income,2002,0.5740395,,75.3
Kuwait,KWT,"Middle East, North Africa, Afghanistan & Pakistan",High income,2003,0.4566733,-20.446,72.6
Kuwait,KWT,"Middle East, North Africa, Afghanistan & Pakistan",High income,2004,0.4076687,-10.731,71.6
Kuwait,KWT,"Middle East, North Africa, Afghanistan & Pakistan",High income,2005,0.4603332,12.918,70.7
Kuwait,KWT,"Middle East, North Africa, Afghanistan & Pakistan",High income,2006,0.15691,-65.914,63.1
Kuwait,KWT,"Middle East, North Africa, Afghanistan & Pakistan",High income,2007,0.0700515,-55.356,60.8
Kuwait,KWT,"Middle East, North Africa, Afghanistan & Pakistan",High income,2008,0.0880729,25.726,61.5
Kuwait,KWT,"Middle East, North Africa, Afghanistan & Pakistan",High income,2009,0.0933994,6.048,61.7
Kuwait,KWT,"Middle East, North Africa, Afghanistan & Pakistan",High income,2010,0.1131822,21.181,61.4
Kuwait,KWT,"Middle East, North Africa, Afghanistan & Pakistan",High income,2011,-0.0793826,-170.137,55.9
Kuwait,KWT,"Middle East, North Africa, Afghanistan & Pakistan",High income,2012,-0.1357484,-71.005,54.5
Kuwait,KWT,"Middle East, North Africa, Afghanistan & Pakistan",High income,2013,-0.123960599999999,8.684,55.4
Kuwait,KWT,"Middle East, North Africa, Afghanistan & Pakistan",High income,2014,-0.2717863,-119.252,51
Kuwait,KWT,"Middle East, North Africa, Afghanistan & Pakistan",High income,2015,-0.241923499999999,10.988,51
Kuwait,KWT,"Middle East, North Africa, Afghanistan & Pakistan",High income,2016,-0.338747099999999,-40.022,45.1
Kuwait,KWT,"Middle East, North Africa, Afghanistan & Pakistan",High income,2017,-0.3931383,-16.057,42.6
Kuwait,KWT,"Middle East, North Africa, Afghanistan & Pakistan",High income,2018,-0.2747578,30.112,46.1
Kuwait,KWT,"Middle East, North Africa, Afghanistan & Pakistan",High income,2019,-0.1345999,51.011,50
Kuwait,KWT,"Middle East, North Africa, Afghanistan & Pakistan",High income,2020,-0.1551226,-15.247,48.5
Kuwait,KWT,"Middle East, North Africa, Afghanistan & Pakistan",High income,2021,-0.0606404,60.908,54.4
Kuwait,KWT,"Middle East, North Africa, Afghanistan & Pakistan",High income,2022,0.0771437,227.215,59.7
Kuwait,KWT,"Middle East, North Africa, Afghanistan & Pakistan",High income,2023,0.1660086,115.194,61.2
Kyrgyz Republic,KGZ,Europe & Central Asia,Lower middle income,2002,-1.0348308,,17.7
Kyrgyz Republic,KGZ,Europe & Central Asia,Lower middle income,2003,-1.0366425,-0.175,15.6
Kyrgyz Republic,KGZ,Europe & Central Asia,Lower middle income,2004,-1.1207444,-8.113,14.2
Kyrgyz Republic,KGZ,Europe & Central Asia,Lower middle income,2005,-1.3417191,-19.717,6.6
Kyrgyz Republic,KGZ,Europe & Central Asia,Lower middle income,2006,-1.3607877,-1.421,4
Kyrgyz Republic,KGZ,Europe & Central Asia,Lower middle income,2007,-1.3303239,2.239,5
Kyrgyz Republic,KGZ,Europe & Central Asia,Lower middle income,2008,-1.30882489999999,1.616,6
Kyrgyz Republic,KGZ,Europe & Central Asia,Lower middle income,2009,-1.34281039999999,-2.597,5
Kyrgyz Republic,KGZ,Europe & Central Asia,Lower middle income,2010,-1.1425793,14.911,11.9
Kyrgyz Republic,KGZ,Europe & Central Asia,Lower middle income,2011,-1.21088169999999,-5.978,8.9
Kyrgyz Republic,KGZ,Europe & Central Asia,Lower middle income,2012,-1.1598391,4.215,12.9
Kyrgyz Republic,KGZ,Europe & Central Asia,Lower middle income,2013,-1.1747911,-1.289,11.9
Kyrgyz Republic,KGZ,Europe & Central Asia,Lower middle income,2014,-1.17187739999999,0.248,13.9
Kyrgyz Republic,KGZ,Europe & Central Asia,Lower middle income,2015,-1.2076555,-3.053,11.8
Kyrgyz Republic,KGZ,Europe & Central Asia,Lower middle income,2016,-1.19001389999999,1.461,11.8
Kyrgyz Republic,KGZ,Europe & Central Asia,Lower middle income,2017,-1.1583682,2.659,12.3
Kyrgyz Republic,KGZ,Europe & Central Asia,Lower middle income,2018,-1.0445924,9.822,15.7
Kyrgyz Republic,KGZ,Europe & Central Asia,Lower middle income,2019,-0.9826685,5.928,18.1
Kyrgyz Republic,KGZ,Europe & Central Asia,Lower middle income,2020,-1.048438,-6.693,15.7
Kyrgyz Republic,KGZ,Europe & Central Asia,Lower middle income,2021,-1.1583724,-10.486,12.6
Kyrgyz Republic,KGZ,Europe & Central Asia,Lower middle income,2022,-1.2024196,-3.803,11.2
Kyrgyz Republic,KGZ,Europe & Central Asia,Lower middle income,2023,-1.1965583,0.487,10.7
Lao PDR,LAO,East Asia & Pacific,Lower middle income,2002,-0.7471026,,32.3
Lao PDR,LAO,East Asia & Pacific,Lower middle income,2003,-0.7490623,-0.262,31.2
Lao PDR,LAO,East Asia & Pacific,Lower middle income,2004,-1.1120343,-48.457,15.7
Lao PDR,LAO,East Asia & Pacific,Lower middle income,2005,-1.2611503,-13.409,10.6
Lao PDR,LAO,East Asia & Pacific,Lower middle income,2006,-1.3010882,-3.167,5.6
Lao PDR,LAO,East Asia & Pacific,Lower middle income,2007,-1.27719959999999,1.836,8
Lao PDR,LAO,East Asia & Pacific,Lower middle income,2008,-1.2442881,2.577,8
Lao PDR,LAO,East Asia & Pacific,Lower middle income,2009,-1.24429939999999,-0.001,8
Lao PDR,LAO,East Asia & Pacific,Lower middle income,2010,-1.1900658,4.359,9.9
Lao PDR,LAO,East Asia & Pacific,Lower middle income,2011,-1.1502894,3.342,10.4
Lao PDR,LAO,East Asia & Pacific,Lower middle income,2012,-1.14478789999999,0.478,14.4
Lao PDR,LAO,East Asia & Pacific,Lower middle income,2013,-1.076746,5.944,16.3
Lao PDR,LAO,East Asia & Pacific,Lower middle income,2014,-1.02596969999999,4.716,16.8
Lao PDR,LAO,East Asia & Pacific,Lower middle income,2015,-0.9998267,2.548,17.6
Lao PDR,LAO,East Asia & Pacific,Lower middle income,2016,-0.947724799999999,5.211,18.6
Lao PDR,LAO,East Asia & Pacific,Lower middle income,2017,-1.00885769999999,-6.45,16.2
Lao PDR,LAO,East Asia & Pacific,Lower middle income,2018,-1.1101203,-10.037,14.7
Lao PDR,LAO,East Asia & Pacific,Lower middle income,2019,-1.1050142,0.46,14.2
Lao PDR,LAO,East Asia & Pacific,Lower middle income,2020,-1.0608703,3.995,14.7
Lao PDR,LAO,East Asia & Pacific,Lower middle income,2021,-1.0773186,-1.55,16
Lao PDR,LAO,East Asia & Pacific,Lower middle income,2022,-0.9974286,7.416,17.5
Lao PDR,LAO,East Asia & Pacific,Lower middle income,2023,-0.9646387,3.287,19.9
Latvia,LVA,Europe & Central Asia,High income,2002,0.1100643,,63.4
Latvia,LVA,Europe & Central Asia,High income,2003,0.2740176,148.961,66.1
Latvia,LVA,Europe & Central Asia,High income,2004,0.1727394,-36.96,62.9
Latvia,LVA,Europe & Central Asia,High income,2005,0.3168036,83.4,67.2
Latvia,LVA,Europe & Central Asia,High income,2006,0.3988244,25.89,68.2
Latvia,LVA,Europe & Central Asia,High income,2007,0.3061482,-23.237,67.8
Latvia,LVA,Europe & Central Asia,High income,2008,0.2777419,-9.279,67.5
Latvia,LVA,Europe & Central Asia,High income,2009,0.259018,-6.741,66.7
Latvia,LVA,Europe & Central Asia,High income,2010,0.3436554,32.676,69.3
Latvia,LVA,Europe & Central Asia,High income,2011,0.3903534,13.589,69.3
Latvia,LVA,Europe & Central Asia,High income,2012,0.3863394,-1.028,67.3
Latvia,LVA,Europe & Central Asia,High income,2013,0.4288743,11.01,70.3
Latvia,LVA,Europe & Central Asia,High income,2014,0.5065843,18.12,71.8
Latvia,LVA,Europe & Central Asia,High income,2015,0.6009075,18.619,72.1
Latvia,LVA,Europe & Central Asia,High income,2016,0.590799,-1.682,70.6
Latvia,LVA,Europe & Central Asia,High income,2017,0.6379966,7.989,73.5
Latvia,LVA,Europe & Central Asia,High income,2018,0.5446798,-14.627,71.6
Latvia,LVA,Europe & Central Asia,High income,2019,0.6990995,28.351,74.5
Latvia,LVA,Europe & Central Asia,High income,2020,0.7605048,8.783,76.5
Latvia,LVA,Europe & Central Asia,High income,2021,0.8423495,10.762,79.6
Latvia,LVA,Europe & Central Asia,High income,2022,0.8238921,-2.191,79.6
Latvia,LVA,Europe & Central Asia,High income,2023,0.7759204,-5.823,77.7
Lebanon,LBN,"Middle East, North Africa, Afghanistan & Pakistan",Lower middle income,2002,-0.6105956,,38.7
Lebanon,LBN,"Middle East, North Africa, Afghanistan & Pakistan",Lower middle income,2003,-0.6113814,-0.129,38.7
Lebanon,LBN,"Middle East, North Africa, Afghanistan & Pakistan",Lower middle income,2004,-0.703629899999999,-15.089,29.4
Lebanon,LBN,"Middle East, North Africa, Afghanistan & Pakistan",Lower middle income,2005,-0.6804753,3.291,31.3
Lebanon,LBN,"Middle East, North Africa, Afghanistan & Pakistan",Lower middle income,2006,-0.962901399999999,-41.504,18.2
Lebanon,LBN,"Middle East, North Africa, Afghanistan & Pakistan",Lower middle income,2007,-1.0164881,-5.565,18.1
Lebanon,LBN,"Middle East, North Africa, Afghanistan & Pakistan",Lower middle income,2008,-0.988152399999999,2.788,17.5
Lebanon,LBN,"Middle East, North Africa, Afghanistan & Pakistan",Lower middle income,2009,-0.979342199999999,0.892,18.4
Lebanon,LBN,"Middle East, North Africa, Afghanistan & Pakistan",Lower middle income,2010,-0.9593813,2.038,18.8
Lebanon,LBN,"Middle East, North Africa, Afghanistan & Pakistan",Lower middle income,2011,-0.8636085,9.983,20.3
Lebanon,LBN,"Middle East, North Africa, Afghanistan & Pakistan",Lower middle income,2012,-0.938608999999999,-8.685,19.8
Lebanon,LBN,"Middle East, North Africa, Afghanistan & Pakistan",Lower middle income,2013,-0.970074999999999,-3.352,18.8
Lebanon,LBN,"Middle East, North Africa, Afghanistan & Pakistan",Lower middle income,2014,-1.1059903,-14.011,15.3
Lebanon,LBN,"Middle East, North Africa, Afghanistan & Pakistan",Lower middle income,2015,-1.0047914,9.15,16.7
Lebanon,LBN,"Middle East, North Africa, Afghanistan & Pakistan",Lower middle income,2016,-1.069034,-6.394,14.7
Lebanon,LBN,"Middle East, North Africa, Afghanistan & Pakistan",Lower middle income,2017,-1.0714014,-0.221,14.7
Lebanon,LBN,"Middle East, North Africa, Afghanistan & Pakistan",Lower middle income,2018,-1.2208803,-13.952,11.3
Lebanon,LBN,"Middle East, North Africa, Afghanistan & Pakistan",Lower middle income,2019,-1.2286796,-0.639,11.3
Lebanon,LBN,"Middle East, North Africa, Afghanistan & Pakistan",Lower middle income,2020,-1.23052269999999,-0.15,10.3
Lebanon,LBN,"Middle East, North Africa, Afghanistan & Pakistan",Lower middle income,2021,-1.2586741,-2.288,9.2
Lebanon,LBN,"Middle East, North Africa, Afghanistan & Pakistan",Lower middle income,2022,-1.21762979999999,3.261,10.2
Lebanon,LBN,"Middle East, North Africa, Afghanistan & Pakistan",Lower middle income,2023,-1.2554109,-3.103,9.2
Lesotho,LSO,Sub-Saharan Africa,Lower middle income,2002,-0.4607172,,44.6
Lesotho,LSO,Sub-Saharan Africa,Lower middle income,2003,-0.4519129,1.911,43.5
Lesotho,LSO,Sub-Saharan Africa,Lower middle income,2004,-0.314591399999999,30.387,47.2
Lesotho,LSO,Sub-Saharan Africa,Lower middle income,2005,-0.1245853,60.398,56.1
Lesotho,LSO,Sub-Saharan Africa,Lower middle income,2006,0.075208,160.367,58.6
Lesotho,LSO,Sub-Saharan Africa,Lower middle income,2007,0.0238937,-68.23,58.8
Lesotho,LSO,Sub-Saharan Africa,Lower middle income,2008,0.1069533,347.621,62.5
Lesotho,LSO,Sub-Saharan Africa,Lower middle income,2009,0.1974813,84.643,64.7
Lesotho,LSO,Sub-Saharan Africa,Lower middle income,2010,0.1788739,-9.422,63.4
Lesotho,LSO,Sub-Saharan Africa,Lower middle income,2011,0.2006484,12.173,63.9
Lesotho,LSO,Sub-Saharan Africa,Lower middle income,2012,0.1451542,-27.657,62.9
Lesotho,LSO,Sub-Saharan Africa,Lower middle income,2013,0.2476871,70.637,66.3
Lesotho,LSO,Sub-Saharan Africa,Lower middle income,2014,0.1248333,-49.6,63.4
Lesotho,LSO,Sub-Saharan Africa,Lower middle income,2015,0.0497097,-60.179,59.3
Lesotho,LSO,Sub-Saharan Africa,Lower middle income,2016,0.0206204,-58.518,58.3
Lesotho,LSO,Sub-Saharan Africa,Lower middle income,2017,0.0469636,127.753,59.3
Lesotho,LSO,Sub-Saharan Africa,Lower middle income,2018,0.0206214,-56.091,58.3
Lesotho,LSO,Sub-Saharan Africa,Lower middle income,2019,-0.0282232,-236.864,55.9
Lesotho,LSO,Sub-Saharan Africa,Lower middle income,2020,-0.009674,65.723,57.4
Lesotho,LSO,Sub-Saharan Africa,Lower middle income,2021,-0.1543581,-1495.597,51.5
Lesotho,LSO,Sub-Saharan Africa,Lower middle income,2022,-0.1463735,5.173,51.5
Lesotho,LSO,Sub-Saharan Africa,Lower middle income,2023,-0.3006103,-105.372,46.1
Liberia,LBR,Sub-Saharan Africa,Low income,2002,-1.1101642,,12.9
Liberia,LBR,Sub-Saharan Africa,Low income,2003,-1.11161889999999,-0.131,11.3
Liberia,LBR,Sub-Saharan Africa,Low income,2004,-1.246766,-12.158,8.1
Liberia,LBR,Sub-Saharan Africa,Low income,2005,-1.3670714,-9.649,6.1
Liberia,LBR,Sub-Saharan Africa,Low income,2006,-0.783521799999999,42.686,24.2
Liberia,LBR,Sub-Saharan Africa,Low income,2007,-0.7198737,8.123,26.1
Liberia,LBR,Sub-Saharan Africa,Low income,2008,-0.6268627,12.92,31
Liberia,LBR,Sub-Saharan Africa,Low income,2009,-0.438770799999999,30.005,38.8
Liberia,LBR,Sub-Saharan Africa,Low income,2010,-0.412423,6.005,39.6
Liberia,LBR,Sub-Saharan Africa,Low income,2011,-0.5668276,-37.438,31.7
Liberia,LBR,Sub-Saharan Africa,Low income,2012,-0.4732171,16.515,39.1
Liberia,LBR,Sub-Saharan Africa,Low income,2013,-0.664203,-40.359,30.7
Liberia,LBR,Sub-Saharan Africa,Low income,2014,-0.7936808,-19.494,27.2
Liberia,LBR,Sub-Saharan Africa,Low income,2015,-0.734354699999999,7.475,28.9
Liberia,LBR,Sub-Saharan Africa,Low income,2016,-0.8475684,-15.417,22.1
Liberia,LBR,Sub-Saharan Africa,Low income,2017,-0.852785,-0.615,24.5
Liberia,LBR,Sub-Saharan Africa,Low income,2018,-0.9857106,-15.587,17.6
Liberia,LBR,Sub-Saharan Africa,Low income,2019,-0.9910994,-0.547,17.2
Liberia,LBR,Sub-Saharan Africa,Low income,2020,-0.9167423,7.502,17.6
Liberia,LBR,Sub-Saharan Africa,Low income,2021,-0.9896145,-7.949,17
Liberia,LBR,Sub-Saharan Africa,Low income,2022,-1.0479173,-5.891,16
Liberia,LBR,Sub-Saharan Africa,Low income,2023,-1.01213,3.415,17.5
Libya,LBY,"Middle East, North Africa, Afghanistan & Pakistan",Upper middle income,2002,-1.0539097,,17.2
Libya,LBY,"Middle East, North Africa, Afghanistan & Pakistan",Upper middle income,2003,-1.0548034,-0.085,14.5
Libya,LBY,"Middle East, North Africa, Afghanistan & Pakistan",Upper middle income,2004,-1.11627529999999,-5.828,14.7
Libya,LBY,"Middle East, North Africa, Afghanistan & Pakistan",Upper middle income,2005,-1.1957157,-7.117,12.1
Libya,LBY,"Middle East, North Africa, Afghanistan & Pakistan",Upper middle income,2006,-1.1939274,0.15,9.6
Libya,LBY,"Middle East, North Africa, Afghanistan & Pakistan",Upper middle income,2007,-1.1569251,3.099,10.6
Libya,LBY,"Middle East, North Africa, Afghanistan & Pakistan",Upper middle income,2008,-1.1162314,3.517,13
Libya,LBY,"Middle East, North Africa, Afghanistan & Pakistan",Upper middle income,2009,-1.2049286,-7.946,9.5
Libya,LBY,"Middle East, North Africa, Afghanistan & Pakistan",Upper middle income,2010,-1.2258396,-1.735,7.9
Libya,LBY,"Middle East, North Africa, Afghanistan & Pakistan",Upper middle income,2011,-1.250864,-2.041,6.4
Libya,LBY,"Middle East, North Africa, Afghanistan & Pakistan",Upper middle income,2012,-1.1136811,10.967,15.8
Libya,LBY,"Middle East, North Africa, Afghanistan & Pakistan",Upper middle income,2013,-1.2916518,-15.98,6.9
Libya,LBY,"Middle East, North Africa, Afghanistan & Pakistan",Upper middle income,2014,-1.475239,-14.213,5.4
Libya,LBY,"Middle East, North Africa, Afghanistan & Pakistan",Upper middle income,2015,-1.59599119999999,-8.185,1
Libya,LBY,"Middle East, North Africa, Afghanistan & Pakistan",Upper middle income,2016,-1.59775319999999,-0.11,2
Libya,LBY,"Middle East, North Africa, Afghanistan & Pakistan",Upper middle income,2017,-1.6097899,-0.753,2
Libya,LBY,"Middle East, North Africa, Afghanistan & Pakistan",Upper middle income,2018,-1.51601339999999,5.825,5.4
Libya,LBY,"Middle East, North Africa, Afghanistan & Pakistan",Upper middle income,2019,-1.5465395,-2.014,3.4
Libya,LBY,"Middle East, North Africa, Afghanistan & Pakistan",Upper middle income,2020,-1.5214215,1.624,2.9
Libya,LBY,"Middle East, North Africa, Afghanistan & Pakistan",Upper middle income,2021,-1.5502152,-1.893,2.9
Libya,LBY,"Middle East, North Africa, Afghanistan & Pakistan",Upper middle income,2022,-1.5332986,1.091,2.9
Libya,LBY,"Middle East, North Africa, Afghanistan & Pakistan",Upper middle income,2023,-1.5426693,-0.611,2.9
Liechtenstein,LIE,Europe & Central Asia,High income,2002,1.3358417,,86
Liechtenstein,LIE,Europe & Central Asia,High income,2003,1.332687,-0.236,86
Liechtenstein,LIE,Europe & Central Asia,High income,2004,1.1175694,-16.142,86.8
Liechtenstein,LIE,Europe & Central Asia,High income,2005,1.3271197,18.751,86.4
Liechtenstein,LIE,Europe & Central Asia,High income,2006,1.3353033,0.617,87.4
Liechtenstein,LIE,Europe & Central Asia,High income,2007,1.2571172,-5.855,86.9
Liechtenstein,LIE,Europe & Central Asia,High income,2008,1.2137618,-3.449,87
Liechtenstein,LIE,Europe & Central Asia,High income,2009,1.7630631,45.256,93.5
Liechtenstein,LIE,Europe & Central Asia,High income,2010,1.7634559,0.022,94.1
Liechtenstein,LIE,Europe & Central Asia,High income,2011,1.762472,-0.056,94.1
Liechtenstein,LIE,Europe & Central Asia,High income,2012,1.7604274,-0.116,94.1
Liechtenstein,LIE,Europe & Central Asia,High income,2013,1.8180523,3.273,94.6
Liechtenstein,LIE,Europe & Central Asia,High income,2014,2.0144421,10.802,96.5
Liechtenstein,LIE,Europe & Central Asia,High income,2015,2.0160894,0.082,96.1
Liechtenstein,LIE,Europe & Central Asia,High income,2016,2.0174169,0.066,96.1
Liechtenstein,LIE,Europe & Central Asia,High income,2017,2.0164671,-0.047,96.1
Liechtenstein,LIE,Europe & Central Asia,High income,2018,2.0180825,0.08,96.1
Liechtenstein,LIE,Europe & Central Asia,High income,2019,2.0203081,0.11,96.1
Liechtenstein,LIE,Europe & Central Asia,High income,2020,2.0208673,0.028,95.6
Liechtenstein,LIE,Europe & Central Asia,High income,2021,1.7554608,-13.133,94.7
Liechtenstein,LIE,Europe & Central Asia,High income,2022,1.7550868,-0.021,95.1
Liechtenstein,LIE,Europe & Central Asia,High income,2023,1.7538023,-0.073,95.1
Lithuania,LTU,Europe & Central Asia,High income,2002,0.2232329,,66.1
Lithuania,LTU,Europe & Central Asia,High income,2003,0.3131684,40.288,68.3
Lithuania,LTU,Europe & Central Asia,High income,2004,0.5136179,64.007,74.1
Lithuania,LTU,Europe & Central Asia,High income,2005,0.5123846,-0.24,71.2
Lithuania,LTU,Europe & Central Asia,High income,2006,0.3034082,-40.785,65.7
Lithuania,LTU,Europe & Central Asia,High income,2007,0.1802647,-40.587,64.8
Lithuania,LTU,Europe & Central Asia,High income,2008,0.1757147,-2.524,65.5
Lithuania,LTU,Europe & Central Asia,High income,2009,0.2168575,23.415,65.7
Lithuania,LTU,Europe & Central Asia,High income,2010,0.48572,123.981,72.3
Lithuania,LTU,Europe & Central Asia,High income,2011,0.4310611,-11.253,70.8
Lithuania,LTU,Europe & Central Asia,High income,2012,0.5599732,29.906,73.3
Lithuania,LTU,Europe & Central Asia,High income,2013,0.5798078,3.542,73.3
Lithuania,LTU,Europe & Central Asia,High income,2014,0.5991275,3.332,74.3
Lithuania,LTU,Europe & Central Asia,High income,2015,0.6814439,13.739,74.5
Lithuania,LTU,Europe & Central Asia,High income,2016,0.7346677,7.81,75
Lithuania,LTU,Europe & Central Asia,High income,2017,0.6761875,-7.96,74
Lithuania,LTU,Europe & Central Asia,High income,2018,0.4531588,-32.983,69.1
Lithuania,LTU,Europe & Central Asia,High income,2019,0.7581204,67.297,76
Lithuania,LTU,Europe & Central Asia,High income,2020,0.8813828,16.259,80.9
Lithuania,LTU,Europe & Central Asia,High income,2021,0.9249581,4.944,81.6
Lithuania,LTU,Europe & Central Asia,High income,2022,0.855068,-7.556,80.1
Lithuania,LTU,Europe & Central Asia,High income,2023,0.8884764,3.907,81.6
Luxembourg,LUX,Europe & Central Asia,High income,2002,1.9689887,,94.6
Luxembourg,LUX,Europe & Central Asia,High income,2003,1.697981,-13.764,91.9
Luxembourg,LUX,Europe & Central Asia,High income,2004,1.7217537,1.4,92.9
Luxembourg,LUX,Europe & Central Asia,High income,2005,1.7188585,-0.168,92.9
Luxembourg,LUX,Europe & Central Asia,High income,2006,2.0357708,18.437,96
Luxembourg,LUX,Europe & Central Asia,High income,2007,2.0689964,1.632,96.5
Luxembourg,LUX,Europe & Central Asia,High income,2008,2.0727676,0.182,96.5
Luxembourg,LUX,Europe & Central Asia,High income,2009,2.0505925,-1.07,97
Luxembourg,LUX,Europe & Central Asia,High income,2010,2.0803607,1.452,98.5
Luxembourg,LUX,Europe & Central Asia,High income,2011,2.2289765,7.144,99
Luxembourg,LUX,Europe & Central Asia,High income,2012,2.169911,-2.65,99
Luxembourg,LUX,Europe & Central Asia,High income,2013,2.1532216,-0.769,99
Luxembourg,LUX,Europe & Central Asia,High income,2014,2.1721389,0.879,99.5
Luxembourg,LUX,Europe & Central Asia,High income,2015,2.2241466,2.394,99.5
Luxembourg,LUX,Europe & Central Asia,High income,2016,2.1912929,-1.477,99
Luxembourg,LUX,Europe & Central Asia,High income,2017,2.1475168,-1.998,97.5
Luxembourg,LUX,Europe & Central Asia,High income,2018,2.2100505,2.912,99.5
Luxembourg,LUX,Europe & Central Asia,High income,2019,2.2590117,2.215,99.5
Luxembourg,LUX,Europe & Central Asia,High income,2020,2.2067723,-2.312,98.5
Luxembourg,LUX,Europe & Central Asia,High income,2021,1.9638476,-11.008,96.1
Luxembourg,LUX,Europe & Central Asia,High income,2022,1.9674109,0.181,96.6
Luxembourg,LUX,Europe & Central Asia,High income,2023,2.0124074,2.287,97.6
"Macao SAR, China",MAC,East Asia & Pacific,High income,2002,-0.0682631,,54.3
"Macao SAR, China",MAC,East Asia & Pacific,High income,2003,0.8646521,1366.646,78
"Macao SAR, China",MAC,East Asia & Pacific,High income,2004,1.1553904,33.625,87.3
"Macao SAR, China",MAC,East Asia & Pacific,High income,2005,0.3910498,-66.154,69.2
"Macao SAR, China",MAC,East Asia & Pacific,High income,2006,0.3992334,2.093,69.2
"Macao SAR, China",MAC,East Asia & Pacific,High income,2007,-0.0746635,-118.702,57.3
"Macao SAR, China",MAC,East Asia & Pacific,High income,2008,-0.0731053,2.087,57.5
"Macao SAR, China",MAC,East Asia & Pacific,High income,2009,0.339612,564.552,68.2
"Macao SAR, China",MAC,East Asia & Pacific,High income,2010,0.3400104,0.117,68.8
"Macao SAR, China",MAC,East Asia & Pacific,High income,2011,0.3390125,-0.293,68.3
"Macao SAR, China",MAC,East Asia & Pacific,High income,2012,0.0415248,-87.751,60.4
"Macao SAR, China",MAC,East Asia & Pacific,High income,2013,0.0416824,0.38,60.4
"Macao SAR, China",MAC,East Asia & Pacific,High income,2014,0.5684691,1263.811,73.8
"Macao SAR, China",MAC,East Asia & Pacific,High income,2015,0.5701164,0.29,70.1
"Macao SAR, China",MAC,East Asia & Pacific,High income,2016,0.8357614,46.595,78.4
"Macao SAR, China",MAC,East Asia & Pacific,High income,2017,0.5704941,-31.74,70.6
"Macao SAR, China",MAC,East Asia & Pacific,High income,2018,0.5721095,0.283,72.5
"Macao SAR, China",MAC,East Asia & Pacific,High income,2019,0.574335,0.389,71.1
"Macao SAR, China",MAC,East Asia & Pacific,High income,2020,0.5748942,0.097,72.1
"Macao SAR, China",MAC,East Asia & Pacific,High income,2021,0.5738053,-0.189,72.8
"Macao SAR, China",MAC,East Asia & Pacific,High income,2022,0.5734313,-0.065,72.8
"Macao SAR, China",MAC,East Asia & Pacific,High income,2023,0.5721468,-0.224,72.3
Madagascar,MDG,Sub-Saharan Africa,Low income,2002,-0.0393789,,58.1
Madagascar,MDG,Sub-Saharan Africa,Low income,2003,0.0792649,301.288,61.8
Madagascar,MDG,Sub-Saharan Africa,Low income,2004,-0.3107225,-492.005,48.2
Madagascar,MDG,Sub-Saharan Africa,Low income,2005,-0.3115825,-0.277,49
Madagascar,MDG,Sub-Saharan Africa,Low income,2006,-0.1926405,38.174,54
Madagascar,MDG,Sub-Saharan Africa,Low income,2007,-0.1559895,19.026,53.3
Madagascar,MDG,Sub-Saharan Africa,Low income,2008,-0.1853766,-18.839,54
Madagascar,MDG,Sub-Saharan Africa,Low income,2009,-0.211703299999999,-14.202,51.7
Madagascar,MDG,Sub-Saharan Africa,Low income,2010,-0.3902245,-84.326,42.1
Madagascar,MDG,Sub-Saharan Africa,Low income,2011,-0.4045495,-3.671,42.6
Madagascar,MDG,Sub-Saharan Africa,Low income,2012,-0.612370899999999,-51.371,33.7
Madagascar,MDG,Sub-Saharan Africa,Low income,2013,-0.7119532,-16.262,29.7
Madagascar,MDG,Sub-Saharan Africa,Low income,2014,-0.783836699999999,-10.097,28.2
Madagascar,MDG,Sub-Saharan Africa,Low income,2015,-0.784991,-0.147,27
Madagascar,MDG,Sub-Saharan Africa,Low income,2016,-0.794875999999999,-1.259,26
Madagascar,MDG,Sub-Saharan Africa,Low income,2017,-0.922522,-16.059,20.6
Madagascar,MDG,Sub-Saharan Africa,Low income,2018,-0.9185574,0.43,21.1
Madagascar,MDG,Sub-Saharan Africa,Low income,2019,-0.925669499999999,-0.774,20.6
Madagascar,MDG,Sub-Saharan Africa,Low income,2020,-0.8463989,8.564,19.6
Madagascar,MDG,Sub-Saharan Africa,Low income,2021,-0.9473613,-11.928,18
Madagascar,MDG,Sub-Saharan Africa,Low income,2022,-0.9659728,-1.965,19.4
Madagascar,MDG,Sub-Saharan Africa,Low income,2023,-0.9853603,-2.007,18.9
Malawi,MWI,Sub-Saharan Africa,Low income,2002,-1.0735796,,15.6
Malawi,MWI,Sub-Saharan Africa,Low income,2003,-0.9516688,11.356,20.4
Malawi,MWI,Sub-Saharan Africa,Low income,2004,-0.7886719,17.127,25.9
Malawi,MWI,Sub-Saharan Africa,Low income,2005,-0.782758899999999,0.75,27.8
Malawi,MWI,Sub-Saharan Africa,Low income,2006,-0.6539942,16.45,29.3
Malawi,MWI,Sub-Saharan Africa,Low income,2007,-0.663681899999999,-1.481,29.6
Malawi,MWI,Sub-Saharan Africa,Low income,2008,-0.5696725,14.165,32.5
Malawi,MWI,Sub-Saharan Africa,Low income,2009,-0.5351013,6.069,34.3
Malawi,MWI,Sub-Saharan Africa,Low income,2010,-0.4404681,17.685,38.6
Malawi,MWI,Sub-Saharan Africa,Low income,2011,-0.3507495,20.369,44.6
Malawi,MWI,Sub-Saharan Africa,Low income,2012,-0.4934439,-40.683,38.6
Malawi,MWI,Sub-Saharan Africa,Low income,2013,-0.643145499999999,-30.338,31.7
Malawi,MWI,Sub-Saharan Africa,Low income,2014,-0.819742899999999,-27.458,25.7
Malawi,MWI,Sub-Saharan Africa,Low income,2015,-0.829149999999999,-1.148,25
Malawi,MWI,Sub-Saharan Africa,Low income,2016,-0.8277565,0.168,23.5
Malawi,MWI,Sub-Saharan Africa,Low income,2017,-0.715168199999999,13.602,29.4
Malawi,MWI,Sub-Saharan Africa,Low income,2018,-0.8171813,-14.264,27.5
Malawi,MWI,Sub-Saharan Africa,Low income,2019,-0.802321,1.818,24.5
Malawi,MWI,Sub-Saharan Africa,Low income,2020,-0.4785598,40.353,35.8
Malawi,MWI,Sub-Saharan Africa,Low income,2021,-0.4316195,9.809,37.4
Malawi,MWI,Sub-Saharan Africa,Low income,2022,-0.6548107,-51.71,28.2
Malawi,MWI,Sub-Saharan Africa,Low income,2023,-0.627533999999999,4.166,28.6
Malaysia,MYS,East Asia & Pacific,Upper middle income,2002,0.0229281,,60.8
Malaysia,MYS,East Asia & Pacific,Upper middle income,2003,0.1430371,523.851,63.4
Malaysia,MYS,East Asia & Pacific,Upper middle income,2004,0.1525683,6.663,61.9
Malaysia,MYS,East Asia & Pacific,Upper middle income,2005,0.0332139,-78.23,60.6
Malaysia,MYS,East Asia & Pacific,Upper middle income,2006,0.1145548,244.9,61.1
Malaysia,MYS,East Asia & Pacific,Upper middle income,2007,0.05892,-48.566,59.8
Malaysia,MYS,East Asia & Pacific,Upper middle income,2008,-0.0949358,-261.127,56
Malaysia,MYS,East Asia & Pacific,Upper middle income,2009,-0.1462104,-54.01,54.2
Malaysia,MYS,East Asia & Pacific,Upper middle income,2010,-0.0491702,66.37,56.9
Malaysia,MYS,East Asia & Pacific,Upper middle income,2011,0.0660407,234.31,59.9
Malaysia,MYS,East Asia & Pacific,Upper middle income,2012,0.1532346,132.031,63.9
Malaysia,MYS,East Asia & Pacific,Upper middle income,2013,0.215957,40.932,65.8
Malaysia,MYS,East Asia & Pacific,Upper middle income,2014,0.2951748,36.682,66.8
Malaysia,MYS,East Asia & Pacific,Upper middle income,2015,0.2439907,-17.34,62.7
Malaysia,MYS,East Asia & Pacific,Upper middle income,2016,0.1034428,-57.604,60.3
Malaysia,MYS,East Asia & Pacific,Upper middle income,2017,0.0731841,-29.252,59.8
Malaysia,MYS,East Asia & Pacific,Upper middle income,2018,0.4935415,574.384,70.1
Malaysia,MYS,East Asia & Pacific,Upper middle income,2019,0.4609033,-6.613,69.1
Malaysia,MYS,East Asia & Pacific,Upper middle income,2020,0.420523,-8.761,68.6
Malaysia,MYS,East Asia & Pacific,Upper middle income,2021,0.3015023,-28.303,64.1
Malaysia,MYS,East Asia & Pacific,Upper middle income,2022,0.3710292,23.06,66.5
Malaysia,MYS,East Asia & Pacific,Upper middle income,2023,0.380697,2.606,67.5
Maldives,MDV,South Asia,Upper middle income,2002,-0.1745737,,52.2
Maldives,MDV,South Asia,Upper middle income,2003,-0.176533399999999,-1.123,52.7
Maldives,MDV,South Asia,Upper middle income,2004,-0.3830013,-116.957,43.7
Maldives,MDV,South Asia,Upper middle income,2005,-0.453515799999999,-18.411,40.4
Maldives,MDV,South Asia,Upper middle income,2006,-0.5325262,-17.422,34.8
Maldives,MDV,South Asia,Upper middle income,2007,-0.759346699999999,-42.593,25.1
Maldives,MDV,South Asia,Upper middle income,2008,-0.7361177,3.059,26
Maldives,MDV,South Asia,Upper middle income,2009,-0.5420702,26.361,33.3
Maldives,MDV,South Asia,Upper middle income,2010,-0.555744799999999,-2.523,34.7
Maldives,MDV,South Asia,Upper middle income,2011,-0.542532799999999,2.377,34.2
Maldives,MDV,South Asia,Upper middle income,2012,-0.7108251,-31.02,28.7
Maldives,MDV,South Asia,Upper middle income,2013,-0.763904599999999,-7.467,26.7
Maldives,MDV,South Asia,Upper middle income,2014,-0.5760219,24.595,38.1
Maldives,MDV,South Asia,Upper middle income,2015,-0.587453,-1.984,34.8
Maldives,MDV,South Asia,Upper middle income,2016,-0.764795,-30.188,28.4
Maldives,MDV,South Asia,Upper middle income,2017,-0.8676893,-13.454,23.5
Maldives,MDV,South Asia,Upper middle income,2018,-0.892958399999999,-2.912,22.5
Maldives,MDV,South Asia,Upper middle income,2019,-0.520747899999999,41.683,34.8
Maldives,MDV,South Asia,Upper middle income,2020,-0.1711344,67.137,48
Maldives,MDV,South Asia,Upper middle income,2021,-0.1632074,4.632,50.5
Maldives,MDV,South Asia,Upper middle income,2022,-0.265023299999999,-62.384,46.1
Maldives,MDV,South Asia,Upper middle income,2023,-0.2664677,-0.545,47.1
Mali,MLI,Sub-Saharan Africa,Low income,2002,-0.7363348,,32.8
Mali,MLI,Sub-Saharan Africa,Low income,2003,-0.7017145,4.702,33.9
Mali,MLI,Sub-Saharan Africa,Low income,2004,-0.5385639,23.25,36
Mali,MLI,Sub-Saharan Africa,Low income,2005,-0.5198863,3.468,38.4
Mali,MLI,Sub-Saharan Africa,Low income,2006,-0.4876272,6.205,36.4
Mali,MLI,Sub-Saharan Africa,Low income,2007,-0.506626,-3.896,35.7
Mali,MLI,Sub-Saharan Africa,Low income,2008,-0.5653538,-11.592,33
Mali,MLI,Sub-Saharan Africa,Low income,2009,-0.5124794,9.352,34.8
Mali,MLI,Sub-Saharan Africa,Low income,2010,-0.5808838,-13.348,32.7
Mali,MLI,Sub-Saharan Africa,Low income,2011,-0.5360999,7.71,35.1
Mali,MLI,Sub-Saharan Africa,Low income,2012,-0.666150799999999,-24.259,31.2
Mali,MLI,Sub-Saharan Africa,Low income,2013,-0.599550199999999,9.998,32.7
Mali,MLI,Sub-Saharan Africa,Low income,2014,-0.6426253,-7.185,32.7
Mali,MLI,Sub-Saharan Africa,Low income,2015,-0.6307364,1.85,31.9
Mali,MLI,Sub-Saharan Africa,Low income,2016,-0.6456428,-2.363,31.4
Mali,MLI,Sub-Saharan Africa,Low income,2017,-0.706974099999999,-9.499,29.9
Mali,MLI,Sub-Saharan Africa,Low income,2018,-0.744831199999999,-5.355,28.9
Mali,MLI,Sub-Saharan Africa,Low income,2019,-0.7719638,-3.643,26.5
Mali,MLI,Sub-Saharan Africa,Low income,2020,-0.7753949,-0.444,24
Mali,MLI,Sub-Saharan Africa,Low income,2021,-0.896400299999999,-15.606,20.9
Mali,MLI,Sub-Saharan Africa,Low income,2022,-0.8528176,4.862,22.3
Mali,MLI,Sub-Saharan Africa,Low income,2023,-0.849355899999999,0.406,23.3
Malta,MLT,"Middle East, North Africa, Afghanistan & Pakistan",High income,2002,0.8354077,,80.1
Malta,MLT,"Middle East, North Africa, Afghanistan & Pakistan",High income,2003,0.8904218,6.585,81.2
Malta,MLT,"Middle East, North Africa, Afghanistan & Pakistan",High income,2004,0.8467711,-4.902,81.2
Malta,MLT,"Middle East, North Africa, Afghanistan & Pakistan",High income,2005,0.9299871,9.827,80.3
Malta,MLT,"Middle East, North Africa, Afghanistan & Pakistan",High income,2006,1.0538865,13.323,84.3
Malta,MLT,"Middle East, North Africa, Afghanistan & Pakistan",High income,2007,1.0046746,-4.67,82.9
Malta,MLT,"Middle East, North Africa, Afghanistan & Pakistan",High income,2008,0.9990969,-0.555,82
Malta,MLT,"Middle East, North Africa, Afghanistan & Pakistan",High income,2009,0.964889,-3.424,80.6
Malta,MLT,"Middle East, North Africa, Afghanistan & Pakistan",High income,2010,0.9659229,0.107,80.2
Malta,MLT,"Middle East, North Africa, Afghanistan & Pakistan",High income,2011,0.9455787,-2.106,79.7
Malta,MLT,"Middle East, North Africa, Afghanistan & Pakistan",High income,2012,0.9075464,-4.022,79.2
Malta,MLT,"Middle East, North Africa, Afghanistan & Pakistan",High income,2013,0.9129264,0.593,79.7
Malta,MLT,"Middle East, North Africa, Afghanistan & Pakistan",High income,2014,0.8102062,-11.252,79.7
Malta,MLT,"Middle East, North Africa, Afghanistan & Pakistan",High income,2015,0.8513513,5.078,79.4
Malta,MLT,"Middle East, North Africa, Afghanistan & Pakistan",High income,2016,0.7852018,-7.77,77
Malta,MLT,"Middle East, North Africa, Afghanistan & Pakistan",High income,2017,0.7943079,1.16,78.4
Malta,MLT,"Middle East, North Africa, Afghanistan & Pakistan",High income,2018,0.7416132,-6.634,76
Malta,MLT,"Middle East, North Africa, Afghanistan & Pakistan",High income,2019,0.4163584,-43.858,66.7
Malta,MLT,"Middle East, North Africa, Afghanistan & Pakistan",High income,2020,0.611326,46.827,73
Malta,MLT,"Middle East, North Africa, Afghanistan & Pakistan",High income,2021,0.4667226,-23.654,69.9
Malta,MLT,"Middle East, North Africa, Afghanistan & Pakistan",High income,2022,0.4469911,-4.228,69.9
Malta,MLT,"Middle East, North Africa, Afghanistan & Pakistan",High income,2023,0.3219728,-27.969,64.1
Marshall Islands,MHL,East Asia & Pacific,Upper middle income,2005,-0.209334599999999,,54
Marshall Islands,MHL,East Asia & Pacific,Upper middle income,2006,-0.4768368,-127.787,36.9
Marshall Islands,MHL,East Asia & Pacific,Upper middle income,2007,-0.5066283,-6.248,35.2
Marshall Islands,MHL,East Asia & Pacific,Upper middle income,2008,-0.498709299999999,1.563,36
Marshall Islands,MHL,East Asia & Pacific,Upper middle income,2009,-0.3327901,33.27,43.8
Marshall Islands,MHL,East Asia & Pacific,Upper middle income,2010,-0.4162416,-25.076,39.1
Marshall Islands,MHL,East Asia & Pacific,Upper middle income,2011,-0.1709639,58.927,52
Marshall Islands,MHL,East Asia & Pacific,Upper middle income,2012,-0.1763141,-3.129,53
Marshall Islands,MHL,East Asia & Pacific,Upper middle income,2013,-0.0429856,75.62,57.9
Marshall Islands,MHL,East Asia & Pacific,Upper middle income,2014,-0.114215299999999,-165.706,56.4
Marshall Islands,MHL,East Asia & Pacific,Upper middle income,2015,0.81403,812.715,77.5
Marshall Islands,MHL,East Asia & Pacific,Upper middle income,2016,0.7744119,-4.867,76
Marshall Islands,MHL,East Asia & Pacific,Upper middle income,2017,0.7728719,-0.199,76.5
Marshall Islands,MHL,East Asia & Pacific,Upper middle income,2018,0.3468948,-55.116,65.7
Marshall Islands,MHL,East Asia & Pacific,Upper middle income,2019,0.3505035,1.04,64.7
Marshall Islands,MHL,East Asia & Pacific,Upper middle income,2020,-0.0245517,-107.005,55.9
Marshall Islands,MHL,East Asia & Pacific,Upper middle income,2021,-0.0263173999999999,-7.192,55.3
Marshall Islands,MHL,East Asia & Pacific,Upper middle income,2022,-0.0269237999999999,-2.304,55.3
Marshall Islands,MHL,East Asia & Pacific,Upper middle income,2023,-0.0290067,-7.736,55.8
Mauritania,MRT,Sub-Saharan Africa,Lower middle income,2002,-0.2834875,,48.4
Mauritania,MRT,Sub-Saharan Africa,Lower middle income,2003,-0.2854472,-0.691,48.9
Mauritania,MRT,Sub-Saharan Africa,Lower middle income,2004,-0.5709681,-100.026,35
Mauritania,MRT,Sub-Saharan Africa,Lower middle income,2005,-0.674049799999999,-18.054,31.8
Mauritania,MRT,Sub-Saharan Africa,Lower middle income,2006,-0.6238901,7.442,31.8
Mauritania,MRT,Sub-Saharan Africa,Lower middle income,2007,-0.5401178,13.427,33.2
Mauritania,MRT,Sub-Saharan Africa,Lower middle income,2008,-0.7988269,-47.899,23
Mauritania,MRT,Sub-Saharan Africa,Lower middle income,2009,-0.7090306,11.241,27.4
Mauritania,MRT,Sub-Saharan Africa,Lower middle income,2010,-0.6166503,13.029,30.7
Mauritania,MRT,Sub-Saharan Africa,Lower middle income,2011,-0.5421054,12.089,34.7
Mauritania,MRT,Sub-Saharan Africa,Lower middle income,2012,-0.734616199999999,-35.512,27.7
Mauritania,MRT,Sub-Saharan Africa,Lower middle income,2013,-0.7989219,-8.754,25.7
Mauritania,MRT,Sub-Saharan Africa,Lower middle income,2014,-0.9214158,-15.332,20.8
Mauritania,MRT,Sub-Saharan Africa,Lower middle income,2015,-0.9528354,-3.41,19.6
Mauritania,MRT,Sub-Saharan Africa,Lower middle income,2016,-0.8308534,12.802,23
Mauritania,MRT,Sub-Saharan Africa,Lower middle income,2017,-0.8700694,-4.72,23
Mauritania,MRT,Sub-Saharan Africa,Lower middle income,2018,-0.8944903,-2.807,22.1
Mauritania,MRT,Sub-Saharan Africa,Lower middle income,2019,-0.981007499999999,-9.672,18.6
Mauritania,MRT,Sub-Saharan Africa,Lower middle income,2020,-0.7915263,19.315,23
Mauritania,MRT,Sub-Saharan Africa,Lower middle income,2021,-0.879153,-11.071,21.4
Mauritania,MRT,Sub-Saharan Africa,Lower middle income,2022,-0.8477941,3.567,22.8
Mauritania,MRT,Sub-Saharan Africa,Lower middle income,2023,-0.7965253,6.047,24.3
Mauritius,MUS,Sub-Saharan Africa,Upper middle income,2002,0.4145757,,71
Mauritius,MUS,Sub-Saharan Africa,Upper middle income,2003,0.3492526,-15.757,69.4
Mauritius,MUS,Sub-Saharan Africa,Upper middle income,2004,0.2162981,-38.068,65
Mauritius,MUS,Sub-Saharan Africa,Upper middle income,2005,0.2458762,13.675,64.6
Mauritius,MUS,Sub-Saharan Africa,Upper middle income,2006,0.4004471,62.865,70.2
Mauritius,MUS,Sub-Saharan Africa,Upper middle income,2007,0.3592469,-10.289,69.8
Mauritius,MUS,Sub-Saharan Africa,Upper middle income,2008,0.5643594,57.095,75
Mauritius,MUS,Sub-Saharan Africa,Upper middle income,2009,0.5303188,-6.032,73.1
Mauritius,MUS,Sub-Saharan Africa,Upper middle income,2010,0.3259093,-38.545,67.8
Mauritius,MUS,Sub-Saharan Africa,Upper middle income,2011,0.343491,5.395,68.8
Mauritius,MUS,Sub-Saharan Africa,Upper middle income,2012,0.4410037,28.389,70.3
Mauritius,MUS,Sub-Saharan Africa,Upper middle income,2013,0.4205264,-4.643,69.3
Mauritius,MUS,Sub-Saharan Africa,Upper middle income,2014,0.4563263,8.513,68.8
Mauritius,MUS,Sub-Saharan Africa,Upper middle income,2015,0.2903886,-36.364,65.2
Mauritius,MUS,Sub-Saharan Africa,Upper middle income,2016,0.3223687,11.013,65.7
Mauritius,MUS,Sub-Saharan Africa,Upper middle income,2017,0.2855506,-11.421,65.2
Mauritius,MUS,Sub-Saharan Africa,Upper middle income,2018,0.3016043,5.622,64.7
Mauritius,MUS,Sub-Saharan Africa,Upper middle income,2019,0.3198001,6.033,63.7
Mauritius,MUS,Sub-Saharan Africa,Upper middle income,2020,0.3426669,7.15,64.7
Mauritius,MUS,Sub-Saharan Africa,Upper middle income,2021,0.416008,21.403,68.4
Mauritius,MUS,Sub-Saharan Africa,Upper middle income,2022,0.3948817,-5.078,68
Mauritius,MUS,Sub-Saharan Africa,Upper middle income,2023,0.3417899,-13.445,65.5
Mexico,MEX,Latin America & Caribbean,Upper middle income,2002,-0.323118099999999,,46.8
Mexico,MEX,Latin America & Caribbean,Upper middle income,2003,-0.321735899999999,0.428,47.8
Mexico,MEX,Latin America & Caribbean,Upper middle income,2004,-0.4561652,-41.782,38.1
Mexico,MEX,Latin America & Caribbean,Upper middle income,2005,-0.432437399999999,5.202,40.9
Mexico,MEX,Latin America & Caribbean,Upper middle income,2006,-0.337978799999999,21.843,44.4
Mexico,MEX,Latin America & Caribbean,Upper middle income,2007,-0.402557699999999,-19.107,42.2
Mexico,MEX,Latin America & Caribbean,Upper middle income,2008,-0.3871309,3.832,41.5
Mexico,MEX,Latin America & Caribbean,Upper middle income,2009,-0.316011999999999,18.371,45.8
Mexico,MEX,Latin America & Caribbean,Upper middle income,2010,-0.383217,-21.267,42.6
Mexico,MEX,Latin America & Caribbean,Upper middle income,2011,-0.4247504,-10.838,41.6
Mexico,MEX,Latin America & Caribbean,Upper middle income,2012,-0.4579567,-7.818,40.6
Mexico,MEX,Latin America & Caribbean,Upper middle income,2013,-0.5312775,-16.01,37.1
Mexico,MEX,Latin America & Caribbean,Upper middle income,2014,-0.7528978,-41.715,29.7
Mexico,MEX,Latin America & Caribbean,Upper middle income,2015,-0.840903899999999,-11.689,23.5
Mexico,MEX,Latin America & Caribbean,Upper middle income,2016,-0.8211672,2.347,25
Mexico,MEX,Latin America & Caribbean,Upper middle income,2017,-0.9481326,-15.462,18.1
Mexico,MEX,Latin America & Caribbean,Upper middle income,2018,-0.9427494,0.568,19.6
Mexico,MEX,Latin America & Caribbean,Upper middle income,2019,-0.8896518,5.632,21.6
Mexico,MEX,Latin America & Caribbean,Upper middle income,2020,-0.853792,4.031,19.1
Mexico,MEX,Latin America & Caribbean,Upper middle income,2021,-0.8733867,-2.295,21.8
Mexico,MEX,Latin America & Caribbean,Upper middle income,2022,-0.8757541,-0.271,21.8
Mexico,MEX,Latin America & Caribbean,Upper middle income,2023,-0.9321625,-6.441,20.9
"Micronesia, Fed. Sts.",FSM,East Asia & Pacific,Upper middle income,2004,0.2855074,,69
"Micronesia, Fed. Sts.",FSM,East Asia & Pacific,Upper middle income,2005,-0.0472444,-116.548,58.1
"Micronesia, Fed. Sts.",FSM,East Asia & Pacific,Upper middle income,2006,-0.0392937,16.829,56.6
"Micronesia, Fed. Sts.",FSM,East Asia & Pacific,Upper middle income,2007,-0.1040768,-164.869,55.3
"Micronesia, Fed. Sts.",FSM,East Asia & Pacific,Upper middle income,2008,-0.102563,1.455,55
"Micronesia, Fed. Sts.",FSM,East Asia & Pacific,Upper middle income,2009,-0.1026163,-0.052,55.2
"Micronesia, Fed. Sts.",FSM,East Asia & Pacific,Upper middle income,2010,-0.1017024,0.891,55.4
"Micronesia, Fed. Sts.",FSM,East Asia & Pacific,Upper middle income,2011,-0.2277112,-123.9,49
"Micronesia, Fed. Sts.",FSM,East Asia & Pacific,Upper middle income,2012,-0.0430928,81.076,56.9
"Micronesia, Fed. Sts.",FSM,East Asia & Pacific,Upper middle income,2013,-0.0428372,0.593,58.4
"Micronesia, Fed. Sts.",FSM,East Asia & Pacific,Upper middle income,2014,0.8531295,2091.562,80.7
"Micronesia, Fed. Sts.",FSM,East Asia & Pacific,Upper middle income,2015,0.8558006,0.313,79.9
"Micronesia, Fed. Sts.",FSM,East Asia & Pacific,Upper middle income,2016,0.7744119,-9.51,76
"Micronesia, Fed. Sts.",FSM,East Asia & Pacific,Upper middle income,2017,0.7728719,-0.199,76.5
"Micronesia, Fed. Sts.",FSM,East Asia & Pacific,Upper middle income,2018,0.7754912,0.339,77.9
"Micronesia, Fed. Sts.",FSM,East Asia & Pacific,Upper middle income,2019,0.7791,0.465,77
"Micronesia, Fed. Sts.",FSM,East Asia & Pacific,Upper middle income,2020,0.4040448,-48.14,67.6
"Micronesia, Fed. Sts.",FSM,East Asia & Pacific,Upper middle income,2021,0.3004111,-25.649,63.6
"Micronesia, Fed. Sts.",FSM,East Asia & Pacific,Upper middle income,2022,0.2998184,-0.197,64.1
"Micronesia, Fed. Sts.",FSM,East Asia & Pacific,Upper middle income,2023,0.2977827,-0.679,63.6
Moldova,MDA,Europe & Central Asia,Upper middle income,2002,-1.0149545,,18.8
Moldova,MDA,Europe & Central Asia,Upper middle income,2003,-1.0158162,-0.085,16.7
Moldova,MDA,Europe & Central Asia,Upper middle income,2004,-1.1664256,-14.826,10.7
Moldova,MDA,Europe & Central Asia,Upper middle income,2005,-0.931449,20.145,21.2
Moldova,MDA,Europe & Central Asia,Upper middle income,2006,-0.845778399999999,9.198,22.2
Moldova,MDA,Europe & Central Asia,Upper middle income,2007,-0.831110399999999,1.734,22.1
Moldova,MDA,Europe & Central Asia,Upper middle income,2008,-0.8023372,3.462,22.5
Moldova,MDA,Europe & Central Asia,Upper middle income,2009,-0.7723296,3.74,23.4
Moldova,MDA,Europe & Central Asia,Upper middle income,2010,-0.6878966,10.932,27.2
Moldova,MDA,Europe & Central Asia,Upper middle income,2011,-0.6534376,5.009,28.2
Moldova,MDA,Europe & Central Asia,Upper middle income,2012,-0.7197195,-10.144,28.2
Moldova,MDA,Europe & Central Asia,Upper middle income,2013,-0.8114962,-12.752,24.8
Moldova,MDA,Europe & Central Asia,Upper middle income,2014,-0.969687699999999,-19.494,19.8
Moldova,MDA,Europe & Central Asia,Upper middle income,2015,-1.03857019999999,-7.104,15.2
Moldova,MDA,Europe & Central Asia,Upper middle income,2016,-1.099628,-5.879,13.2
Moldova,MDA,Europe & Central Asia,Upper middle income,2017,-0.937231199999999,14.768,19.6
Moldova,MDA,Europe & Central Asia,Upper middle income,2018,-0.871319899999999,7.033,24
Moldova,MDA,Europe & Central Asia,Upper middle income,2019,-0.7732817,11.252,26
Moldova,MDA,Europe & Central Asia,Upper middle income,2020,-0.7308378,5.489,26.5
Moldova,MDA,Europe & Central Asia,Upper middle income,2021,-0.550342,24.697,33.5
Moldova,MDA,Europe & Central Asia,Upper middle income,2022,-0.421512599999999,23.409,38.3
Moldova,MDA,Europe & Central Asia,Upper middle income,2023,-0.266050299999999,36.882,47.6
Monaco,MCO,Europe & Central Asia,High income,2015,1.7925654,,93.6
Monaco,MCO,Europe & Central Asia,High income,2016,1.7956995,0.175,94.1
Monaco,MCO,Europe & Central Asia,High income,2017,1.7934572,-0.125,92.2
Monaco,MCO,Europe & Central Asia,High income,2018,1.7972711,0.213,92.6
Monaco,MCO,Europe & Central Asia,High income,2019,1.8025255,0.292,93.6
Monaco,MCO,Europe & Central Asia,High income,2020,1.1797991,-34.547,84.3
Monaco,MCO,Europe & Central Asia,High income,2021,1.1772281,-0.218,84.5
Monaco,MCO,Europe & Central Asia,High income,2022,1.1763452,-0.075,84
Monaco,MCO,Europe & Central Asia,High income,2023,1.1733125,-0.258,84
Mongolia,MNG,East Asia & Pacific,Upper middle income,2002,-0.1359898,,52.7
Mongolia,MNG,East Asia & Pacific,Upper middle income,2003,-0.330772399999999,-143.233,47.3
Mongolia,MNG,East Asia & Pacific,Upper middle income,2004,-0.3130479,5.359,47.7
Mongolia,MNG,East Asia & Pacific,Upper middle income,2005,-0.5181569,-65.52,38.9
Mongolia,MNG,East Asia & Pacific,Upper middle income,2006,-0.5684421,-9.705,34.3
Mongolia,MNG,East Asia & Pacific,Upper middle income,2007,-0.642802499999999,-13.081,30.2
Mongolia,MNG,East Asia & Pacific,Upper middle income,2008,-0.6709369,-4.377,28.5
Mongolia,MNG,East Asia & Pacific,Upper middle income,2009,-0.575945199999999,14.158,31.8
Mongolia,MNG,East Asia & Pacific,Upper middle income,2010,-0.6280549,-9.048,29.7
Mongolia,MNG,East Asia & Pacific,Upper middle income,2011,-0.5822872,7.287,30.2
Mongolia,MNG,East Asia & Pacific,Upper middle income,2012,-0.6058663,-4.049,34.7
Mongolia,MNG,East Asia & Pacific,Upper middle income,2013,-0.5605354,7.482,36.1
Mongolia,MNG,East Asia & Pacific,Upper middle income,2014,-0.5593028,0.22,38.6
Mongolia,MNG,East Asia & Pacific,Upper middle income,2015,-0.586661299999999,-4.892,35.3
Mongolia,MNG,East Asia & Pacific,Upper middle income,2016,-0.6103892,-4.045,33.3
Mongolia,MNG,East Asia & Pacific,Upper middle income,2017,-0.5320484,12.835,35.8
Mongolia,MNG,East Asia & Pacific,Upper middle income,2018,-0.573848799999999,-7.857,33.8
Mongolia,MNG,East Asia & Pacific,Upper middle income,2019,-0.6152153,-7.209,31.4
Mongolia,MNG,East Asia & Pacific,Upper middle income,2020,-0.6207183,-0.894,30.4
Mongolia,MNG,East Asia & Pacific,Upper middle income,2021,-0.6644684,-7.048,27.2
Mongolia,MNG,East Asia & Pacific,Upper middle income,2022,-0.662165,0.347,27.2
Mongolia,MNG,East Asia & Pacific,Upper middle income,2023,-0.6187813,6.552,29.6
Montenegro,MNE,Europe & Central Asia,Upper middle income,2002,-0.1806393,,51.1
Montenegro,MNE,Europe & Central Asia,Upper middle income,2003,-0.261542699999999,-44.787,50
Montenegro,MNE,Europe & Central Asia,Upper middle income,2004,-0.264438699999999,-1.107,50.3
Montenegro,MNE,Europe & Central Asia,Upper middle income,2005,-0.2683332,-1.473,51.5
Montenegro,MNE,Europe & Central Asia,Upper middle income,2006,-0.0452344,83.142,56.1
Montenegro,MNE,Europe & Central Asia,Upper middle income,2007,-0.0957006,-111.566,56.3
Montenegro,MNE,Europe & Central Asia,Upper middle income,2008,-0.2592603,-170.908,51
Montenegro,MNE,Europe & Central Asia,Upper middle income,2009,-0.2631765,-1.511,48.8
Montenegro,MNE,Europe & Central Asia,Upper middle income,2010,-0.560026599999999,-112.795,33.7
Montenegro,MNE,Europe & Central Asia,Upper middle income,2011,-0.559879,0.026,33.2
Montenegro,MNE,Europe & Central Asia,Upper middle income,2012,-0.337634999999999,39.695,48
Montenegro,MNE,Europe & Central Asia,Upper middle income,2013,-0.342360799999999,-1.4,46
Montenegro,MNE,Europe & Central Asia,Upper middle income,2014,-0.156991599999999,54.144,55
Montenegro,MNE,Europe & Central Asia,Upper middle income,2015,-0.1544911,1.593,53.4
Montenegro,MNE,Europe & Central Asia,Upper middle income,2016,-0.1624556,-5.155,52
Montenegro,MNE,Europe & Central Asia,Upper middle income,2017,-0.1096413,32.51,52.9
Montenegro,MNE,Europe & Central Asia,Upper middle income,2018,-0.0848879999999999,22.577,54.4
Montenegro,MNE,Europe & Central Asia,Upper middle income,2019,-0.0626438,26.204,53.9
Montenegro,MNE,Europe & Central Asia,Upper middle income,2020,-0.0359882,42.551,53.9
Montenegro,MNE,Europe & Central Asia,Upper middle income,2021,0.0383454,206.55,57.8
Montenegro,MNE,Europe & Central Asia,Upper middle income,2022,-0.0127453999999999,-133.238,55.8
Montenegro,MNE,Europe & Central Asia,Upper middle income,2023,-0.0680776999999999,-434.135,55.3
Morocco,MAR,"Middle East, North Africa, Afghanistan & Pakistan",Lower middle income,2002,-0.123071,,53.2
Morocco,MAR,"Middle East, North Africa, Afghanistan & Pakistan",Lower middle income,2003,-0.3936459,-219.853,44.6
Morocco,MAR,"Middle East, North Africa, Afghanistan & Pakistan",Lower middle income,2004,-0.3883585,1.343,42.1
Morocco,MAR,"Middle East, North Africa, Afghanistan & Pakistan",Lower middle income,2005,-0.5205989,-34.051,37.9
Morocco,MAR,"Middle East, North Africa, Afghanistan & Pakistan",Lower middle income,2006,-0.3493154,32.901,43.4
Morocco,MAR,"Middle East, North Africa, Afghanistan & Pakistan",Lower middle income,2007,-0.3077874,11.888,48.7
Morocco,MAR,"Middle East, North Africa, Afghanistan & Pakistan",Lower middle income,2008,-0.3770822,-22.514,42
Morocco,MAR,"Middle East, North Africa, Afghanistan & Pakistan",Lower middle income,2009,-0.3848958,-2.072,41.3
Morocco,MAR,"Middle East, North Africa, Afghanistan & Pakistan",Lower middle income,2010,-0.3011276,21.764,47.5
Morocco,MAR,"Middle East, North Africa, Afghanistan & Pakistan",Lower middle income,2011,-0.5058263,-67.977,37.1
Morocco,MAR,"Middle East, North Africa, Afghanistan & Pakistan",Lower middle income,2012,-0.5029325,0.572,38.1
Morocco,MAR,"Middle East, North Africa, Afghanistan & Pakistan",Lower middle income,2013,-0.4173212,17.022,41.6
Morocco,MAR,"Middle East, North Africa, Afghanistan & Pakistan",Lower middle income,2014,-0.4165717,0.18,43.6
Morocco,MAR,"Middle East, North Africa, Afghanistan & Pakistan",Lower middle income,2015,-0.352055199999999,15.487,45.1
Morocco,MAR,"Middle East, North Africa, Afghanistan & Pakistan",Lower middle income,2016,-0.3146541,10.624,45.6
Morocco,MAR,"Middle East, North Africa, Afghanistan & Pakistan",Lower middle income,2017,-0.3911459,-24.31,43.1
Morocco,MAR,"Middle East, North Africa, Afghanistan & Pakistan",Lower middle income,2018,-0.475142299999999,-21.474,36.8
Morocco,MAR,"Middle East, North Africa, Afghanistan & Pakistan",Lower middle income,2019,-0.425659399999999,10.414,39.2
Morocco,MAR,"Middle East, North Africa, Afghanistan & Pakistan",Lower middle income,2020,-0.408551999999999,4.019,38.2
Morocco,MAR,"Middle East, North Africa, Afghanistan & Pakistan",Lower middle income,2021,-0.4783966,-17.096,35.4
Morocco,MAR,"Middle East, North Africa, Afghanistan & Pakistan",Lower middle income,2022,-0.4879114,-1.989,35.4
Morocco,MAR,"Middle East, North Africa, Afghanistan & Pakistan",Lower middle income,2023,-0.5521901,-13.174,34
Mozambique,MOZ,Sub-Saharan Africa,Low income,2002,-0.664196599999999,,36.6
Mozambique,MOZ,Sub-Saharan Africa,Low income,2003,-0.6145358,7.477,38.2
Mozambique,MOZ,Sub-Saharan Africa,Low income,2004,-0.710106599999999,-15.552,28.9
Mozambique,MOZ,Sub-Saharan Africa,Low income,2005,-0.663562499999999,6.555,33.3
Mozambique,MOZ,Sub-Saharan Africa,Low income,2006,-0.6055707,8.739,32.8
Mozambique,MOZ,Sub-Saharan Africa,Low income,2007,-0.5146029,15.022,34.7
Mozambique,MOZ,Sub-Saharan Africa,Low income,2008,-0.4411018,14.283,39.5
Mozambique,MOZ,Sub-Saharan Africa,Low income,2009,-0.5409016,-22.625,33.8
Mozambique,MOZ,Sub-Saharan Africa,Low income,2010,-0.6420833,-18.706,28.7
Mozambique,MOZ,Sub-Saharan Africa,Low income,2011,-0.648115,-0.939,28.7
Mozambique,MOZ,Sub-Saharan Africa,Low income,2012,-0.5844214,9.828,35.1
Mozambique,MOZ,Sub-Saharan Africa,Low income,2013,-0.7525881,-28.775,27.7
Mozambique,MOZ,Sub-Saharan Africa,Low income,2014,-0.861341399999999,-14.451,22.8
Mozambique,MOZ,Sub-Saharan Africa,Low income,2015,-0.8687712,-0.863,22.5
Mozambique,MOZ,Sub-Saharan Africa,Low income,2016,-0.991651899999999,-14.144,17.2
Mozambique,MOZ,Sub-Saharan Africa,Low income,2017,-0.9645689,2.731,17.2
Mozambique,MOZ,Sub-Saharan Africa,Low income,2018,-0.8725989,9.535,23.5
Mozambique,MOZ,Sub-Saharan Africa,Low income,2019,-0.8757647,-0.363,22.5
Mozambique,MOZ,Sub-Saharan Africa,Low income,2020,-0.7627176,12.908,25
Mozambique,MOZ,Sub-Saharan Africa,Low income,2021,-0.809070699999999,-6.077,22.8
Mozambique,MOZ,Sub-Saharan Africa,Low income,2022,-0.9013357,-11.404,21.4
Mozambique,MOZ,Sub-Saharan Africa,Low income,2023,-0.904286399999999,-0.327,21.8
Myanmar,MMR,East Asia & Pacific,Lower middle income,2002,-1.4955136,,3.8
Myanmar,MMR,East Asia & Pacific,Lower middle income,2003,-1.49640739999999,-0.06,3.8
Myanmar,MMR,East Asia & Pacific,Lower middle income,2004,-1.5927276,-6.437,0.5
Myanmar,MMR,East Asia & Pacific,Lower middle income,2005,-1.59277809999999,-0.003,0.5
Myanmar,MMR,East Asia & Pacific,Lower middle income,2006,-1.59102949999999,0.11,0.5
Myanmar,MMR,East Asia & Pacific,Lower middle income,2007,-1.532181,3.699,1.5
Myanmar,MMR,East Asia & Pacific,Lower middle income,2008,-1.5318481,0.022,2.5
Myanmar,MMR,East Asia & Pacific,Lower middle income,2009,-1.5504204,-1.212,1
Myanmar,MMR,East Asia & Pacific,Lower middle income,2010,-1.1870224,23.439,10.4
Myanmar,MMR,East Asia & Pacific,Lower middle income,2011,-1.1856058,0.119,9.4
Myanmar,MMR,East Asia & Pacific,Lower middle income,2012,-1.3191853,-11.267,6.4
Myanmar,MMR,East Asia & Pacific,Lower middle income,2013,-1.149632,12.853,12.9
Myanmar,MMR,East Asia & Pacific,Lower middle income,2014,-1.0510924,8.571,16.3
Myanmar,MMR,East Asia & Pacific,Lower middle income,2015,-1.0035195,4.526,17.2
Myanmar,MMR,East Asia & Pacific,Lower middle income,2016,-0.854276199999999,14.872,21.6
Myanmar,MMR,East Asia & Pacific,Lower middle income,2017,-0.7617201,10.834,27.9
Myanmar,MMR,East Asia & Pacific,Lower middle income,2018,-0.7679218,-0.814,27.9
Myanmar,MMR,East Asia & Pacific,Lower middle income,2019,-0.7649935,0.381,27.5
Myanmar,MMR,East Asia & Pacific,Lower middle income,2020,-0.6277817,17.936,29.4
Myanmar,MMR,East Asia & Pacific,Lower middle income,2021,-0.9391159,-49.593,18.4
Myanmar,MMR,East Asia & Pacific,Lower middle income,2022,-1.136637,-21.033,13.6
Myanmar,MMR,East Asia & Pacific,Lower middle income,2023,-1.11163979999999,2.199,14.6
Namibia,NAM,Sub-Saharan Africa,Lower middle income,2002,0.1007833,,62.9
Namibia,NAM,Sub-Saharan Africa,Lower middle income,2003,0.0648883,-35.616,61.3
Namibia,NAM,Sub-Saharan Africa,Lower middle income,2004,-0.0108496,-116.72,57.9
Namibia,NAM,Sub-Saharan Africa,Lower middle income,2005,-0.0218681999999999,-101.558,59.6
Namibia,NAM,Sub-Saharan Africa,Lower middle income,2006,0.3198085,1562.436,66.7
Namibia,NAM,Sub-Saharan Africa,Lower middle income,2007,0.2818941,-11.855,66.8
Namibia,NAM,Sub-Saharan Africa,Lower middle income,2008,0.5812992,106.212,75.5
Namibia,NAM,Sub-Saharan Africa,Lower middle income,2009,0.4769442,-17.952,71.6
Namibia,NAM,Sub-Saharan Africa,Lower middle income,2010,0.3382449,-29.081,68.3
Namibia,NAM,Sub-Saharan Africa,Lower middle income,2011,0.3080152,-8.937,67.3
Namibia,NAM,Sub-Saharan Africa,Lower middle income,2012,0.4912085,59.475,71.3
Namibia,NAM,Sub-Saharan Africa,Lower middle income,2013,0.4707981,-4.155,71.3
Namibia,NAM,Sub-Saharan Africa,Lower middle income,2014,0.4361437,-7.361,68.3
Namibia,NAM,Sub-Saharan Africa,Lower middle income,2015,0.4537303,4.032,67.2
Namibia,NAM,Sub-Saharan Africa,Lower middle income,2016,0.4077914,-10.125,66.7
Namibia,NAM,Sub-Saharan Africa,Lower middle income,2017,0.3675534,-9.867,66.2
Namibia,NAM,Sub-Saharan Africa,Lower middle income,2018,0.4425861,20.414,67.6
Namibia,NAM,Sub-Saharan Africa,Lower middle income,2019,0.4318792,-2.419,67.2
Namibia,NAM,Sub-Saharan Africa,Lower middle income,2020,0.3917523,-9.291,66.7
Namibia,NAM,Sub-Saharan Africa,Lower middle income,2021,0.3260821,-16.763,65
Namibia,NAM,Sub-Saharan Africa,Lower middle income,2022,0.3167748,-2.854,65
Namibia,NAM,Sub-Saharan Africa,Lower middle income,2023,0.1649292,-47.935,60.7
Naoero,NRU,East Asia & Pacific,High income,2007,-0.197535599999999,,52.8
Naoero,NRU,East Asia & Pacific,High income,2008,-0.1896166,4.009,53
Naoero,NRU,East Asia & Pacific,High income,2009,-0.1898956,-0.147,52.7
Naoero,NRU,East Asia & Pacific,High income,2010,0.1239776,165.287,62.4
Naoero,NRU,East Asia & Pacific,High income,2011,0.1120032,-9.659,61.9
Naoero,NRU,East Asia & Pacific,High income,2012,0.0871205999999999,-22.216,61.4
Naoero,NRU,East Asia & Pacific,High income,2013,-0.2200811,-352.617,52
Naoero,NRU,East Asia & Pacific,High income,2014,-0.242259199999999,-10.077,52
Naoero,NRU,East Asia & Pacific,High income,2015,0.4974376,305.333,67.6
Naoero,NRU,East Asia & Pacific,High income,2016,0.4413946,-11.266,67.6
Naoero,NRU,East Asia & Pacific,High income,2017,0.4392161,-0.494,67.2
Naoero,NRU,East Asia & Pacific,High income,2018,0.4429214,0.844,68.1
Naoero,NRU,East Asia & Pacific,High income,2019,0.4480263,1.153,67.6
Naoero,NRU,East Asia & Pacific,High income,2020,0.449309,0.286,69.1
Naoero,NRU,East Asia & Pacific,High income,2021,0.4468112,-0.556,68.9
Naoero,NRU,East Asia & Pacific,High income,2022,0.4459534,-0.192,68.9
Naoero,NRU,East Asia & Pacific,High income,2023,0.443007,-0.661,69.4
Nepal,NPL,South Asia,Lower middle income,2002,-0.5220089,,42.5
Nepal,NPL,South Asia,Lower middle income,2003,-0.3414469,34.59,46.8
Nepal,NPL,South Asia,Lower middle income,2004,-0.9235359,-170.477,20.3
Nepal,NPL,South Asia,Lower middle income,2005,-0.872854399999999,5.488,24.2
Nepal,NPL,South Asia,Lower middle income,2006,-0.735571,15.728,25.8
Nepal,NPL,South Asia,Lower middle income,2007,-0.783480899999999,-6.513,24.1
Nepal,NPL,South Asia,Lower middle income,2008,-0.8631829,-10.173,21.5
Nepal,NPL,South Asia,Lower middle income,2009,-0.757598099999999,12.232,24.4
Nepal,NPL,South Asia,Lower middle income,2010,-0.727675499999999,3.95,23.8
Nepal,NPL,South Asia,Lower middle income,2011,-0.8315433,-14.274,21.8
Nepal,NPL,South Asia,Lower middle income,2012,-0.9736551,-17.09,18.8
Nepal,NPL,South Asia,Lower middle income,2013,-0.9181893,5.697,21.3
Nepal,NPL,South Asia,Lower middle income,2014,-0.8428983,8.2,23.3
Nepal,NPL,South Asia,Lower middle income,2015,-0.830829399999999,1.432,24.5
Nepal,NPL,South Asia,Lower middle income,2016,-0.846169499999999,-1.846,22.5
Nepal,NPL,South Asia,Lower middle income,2017,-0.781145,7.685,26.5
Nepal,NPL,South Asia,Lower middle income,2018,-0.7384128,5.47,29.4
Nepal,NPL,South Asia,Lower middle income,2019,-0.7367895,0.22,28.4
Nepal,NPL,South Asia,Lower middle income,2020,-0.701156999999999,4.836,27.5
Nepal,NPL,South Asia,Lower middle income,2021,-0.624520499999999,10.93,30.1
Nepal,NPL,South Asia,Lower middle income,2022,-0.652050399999999,-4.408,28.6
Nepal,NPL,South Asia,Lower middle income,2023,-0.629219899999999,3.501,28.2
Netherlands,NLD,Europe & Central Asia,High income,2002,2.0243224,,96.2
Netherlands,NLD,Europe & Central Asia,High income,2003,2.0071151,-0.85,95.7
Netherlands,NLD,Europe & Central Asia,High income,2004,1.9056799,-5.054,96.4
Netherlands,NLD,Europe & Central Asia,High income,2005,1.9826747,4.04,96.5
Netherlands,NLD,Europe & Central Asia,High income,2006,2.0600723,3.904,96.5
Netherlands,NLD,Europe & Central Asia,High income,2007,2.0981723,1.849,97
Netherlands,NLD,Europe & Central Asia,High income,2008,2.0721003,-1.243,96
Netherlands,NLD,Europe & Central Asia,High income,2009,2.0386844,-1.613,96
Netherlands,NLD,Europe & Central Asia,High income,2010,1.9892792,-2.423,96
Netherlands,NLD,Europe & Central Asia,High income,2011,2.0151382,1.3,96
Netherlands,NLD,Europe & Central Asia,High income,2012,2.0604599,2.249,96
Netherlands,NLD,Europe & Central Asia,High income,2013,1.9281622,-6.421,96
Netherlands,NLD,Europe & Central Asia,High income,2014,1.9485,1.055,95.5
Netherlands,NLD,Europe & Central Asia,High income,2015,1.8631148,-4.382,94.6
Netherlands,NLD,Europe & Central Asia,High income,2016,1.9077694,2.397,94.6
Netherlands,NLD,Europe & Central Asia,High income,2017,1.8270031,-4.234,94.6
Netherlands,NLD,Europe & Central Asia,High income,2018,1.9465556,6.544,95.6
Netherlands,NLD,Europe & Central Asia,High income,2019,1.9497836,0.166,95.6
Netherlands,NLD,Europe & Central Asia,High income,2020,2.0646075,5.889,96.1
Netherlands,NLD,Europe & Central Asia,High income,2021,2.0280226,-1.772,96.6
Netherlands,NLD,Europe & Central Asia,High income,2022,1.9175777,-5.446,96.1
Netherlands,NLD,Europe & Central Asia,High income,2023,1.8837073,-1.766,96.1
New Caledonia,NCL,East Asia & Pacific,High income,2021,0.1313142,,60.7
New Caledonia,NCL,East Asia & Pacific,High income,2022,0.1269261,-3.342,60.7
New Caledonia,NCL,East Asia & Pacific,High income,2023,0.1118532,-11.875,58.7
New Zealand,NZL,East Asia & Pacific,High income,2002,2.2344037,,98.4
New Zealand,NZL,East Asia & Pacific,High income,2003,2.2516947,0.774,98.9
New Zealand,NZL,East Asia & Pacific,High income,2004,2.2088428,-1.903,99
New Zealand,NZL,East Asia & Pacific,High income,2005,2.2001559,-0.393,98.5
New Zealand,NZL,East Asia & Pacific,High income,2006,2.2946774,4.296,99
New Zealand,NZL,East Asia & Pacific,High income,2007,2.2640781,-1.333,99
New Zealand,NZL,East Asia & Pacific,High income,2008,2.2557956,-0.366,99
New Zealand,NZL,East Asia & Pacific,High income,2009,2.2791384,1.035,99.5
New Zealand,NZL,East Asia & Pacific,High income,2010,2.2287548,-2.211,99.5
New Zealand,NZL,East Asia & Pacific,High income,2011,2.2483581,0.88,99.5
New Zealand,NZL,East Asia & Pacific,High income,2012,2.1842584,-2.851,99.5
New Zealand,NZL,East Asia & Pacific,High income,2013,2.1951607,0.499,99.5
New Zealand,NZL,East Asia & Pacific,High income,2014,2.1663289,-1.313,99
New Zealand,NZL,East Asia & Pacific,High income,2015,2.1997554,1.543,99
New Zealand,NZL,East Asia & Pacific,High income,2016,2.2087113,0.407,99.5
New Zealand,NZL,East Asia & Pacific,High income,2017,2.169806,-1.761,98.5
New Zealand,NZL,East Asia & Pacific,High income,2018,2.0940331,-3.492,97.1
New Zealand,NZL,East Asia & Pacific,High income,2019,2.1526849,2.801,98
New Zealand,NZL,East Asia & Pacific,High income,2020,2.154305,0.075,98
New Zealand,NZL,East Asia & Pacific,High income,2021,2.1244607,-1.385,99
New Zealand,NZL,East Asia & Pacific,High income,2022,2.0822927,-1.985,98.5
New Zealand,NZL,East Asia & Pacific,High income,2023,2.0156067,-3.203,98.1
Nicaragua,NIC,Latin America & Caribbean,Lower middle income,2002,-0.824830899999999,,27.4
Nicaragua,NIC,Latin America & Caribbean,Lower middle income,2003,-0.7451009,9.666,31.7
Nicaragua,NIC,Latin America & Caribbean,Lower middle income,2004,-0.5554549,25.452,35.5
Nicaragua,NIC,Latin America & Caribbean,Lower middle income,2005,-0.7076327,-27.397,30.3
Nicaragua,NIC,Latin America & Caribbean,Lower middle income,2006,-0.7299823,-3.158,26.3
Nicaragua,NIC,Latin America & Caribbean,Lower middle income,2007,-0.8209443,-12.461,23.1
Nicaragua,NIC,Latin America & Caribbean,Lower middle income,2008,-0.825777,-0.589,22
Nicaragua,NIC,Latin America & Caribbean,Lower middle income,2009,-0.8179046,0.953,21.9
Nicaragua,NIC,Latin America & Caribbean,Lower middle income,2010,-0.8482531,-3.711,20.3
Nicaragua,NIC,Latin America & Caribbean,Lower middle income,2011,-0.8486233,-0.044,21.3
Nicaragua,NIC,Latin America & Caribbean,Lower middle income,2012,-0.843244,0.634,21.8
Nicaragua,NIC,Latin America & Caribbean,Lower middle income,2013,-0.815753,3.26,23.8
Nicaragua,NIC,Latin America & Caribbean,Lower middle income,2014,-0.9953873,-22.021,17.8
Nicaragua,NIC,Latin America & Caribbean,Lower middle income,2015,-1.01658009999999,-2.129,15.7
Nicaragua,NIC,Latin America & Caribbean,Lower middle income,2016,-1.094141,-7.63,13.7
Nicaragua,NIC,Latin America & Caribbean,Lower middle income,2017,-1.0961543,-0.184,13.7
Nicaragua,NIC,Latin America & Caribbean,Lower middle income,2018,-1.2181897,-11.133,11.8
Nicaragua,NIC,Latin America & Caribbean,Lower middle income,2019,-1.2048569,1.094,11.8
Nicaragua,NIC,Latin America & Caribbean,Lower middle income,2020,-1.1373893,5.6,11.3
Nicaragua,NIC,Latin America & Caribbean,Lower middle income,2021,-1.237514,-8.803,9.7
Nicaragua,NIC,Latin America & Caribbean,Lower middle income,2022,-1.2447097,-0.581,9.2
Nicaragua,NIC,Latin America & Caribbean,Lower middle income,2023,-1.25988029999999,-1.219,8.7
Niger,NER,Sub-Saharan Africa,Low income,2002,-1.0018861,,19.4
Niger,NER,Sub-Saharan Africa,Low income,2003,-1.0033408,-0.145,17.7
Niger,NER,Sub-Saharan Africa,Low income,2004,-0.8820479,12.089,23.4
Niger,NER,Sub-Saharan Africa,Low income,2005,-0.7805882,11.503,28.3
Niger,NER,Sub-Saharan Africa,Low income,2006,-0.772062999999999,1.092,24.7
Niger,NER,Sub-Saharan Africa,Low income,2007,-0.6805262,11.856,28.6
Niger,NER,Sub-Saharan Africa,Low income,2008,-0.5497619,19.215,34
Niger,NER,Sub-Saharan Africa,Low income,2009,-0.632288699999999,-15.011,29.4
Niger,NER,Sub-Saharan Africa,Low income,2010,-0.6019841,4.793,31.7
Niger,NER,Sub-Saharan Africa,Low income,2011,-0.511074399999999,15.102,36.6
Niger,NER,Sub-Saharan Africa,Low income,2012,-0.435072099999999,14.871,42.1
Niger,NER,Sub-Saharan Africa,Low income,2013,-0.374697,13.877,44.1
Niger,NER,Sub-Saharan Africa,Low income,2014,-0.4434815,-18.357,41.6
Niger,NER,Sub-Saharan Africa,Low income,2015,-0.4307116,2.879,42.2
Niger,NER,Sub-Saharan Africa,Low income,2016,-0.4203841,2.398,40.7
Niger,NER,Sub-Saharan Africa,Low income,2017,-0.4352048,-3.526,39.2
Niger,NER,Sub-Saharan Africa,Low income,2018,-0.4471908,-2.754,38.2
Niger,NER,Sub-Saharan Africa,Low income,2019,-0.438836799999999,1.868,37.3
Niger,NER,Sub-Saharan Africa,Low income,2020,-0.529990899999999,-20.772,32.8
Niger,NER,Sub-Saharan Africa,Low income,2021,-0.5632509,-6.276,32.5
Niger,NER,Sub-Saharan Africa,Low income,2022,-0.5631731,0.014,33
Niger,NER,Sub-Saharan Africa,Low income,2023,-0.517433,8.122,35
Nigeria,NGA,Sub-Saharan Africa,Lower middle income,2002,-1.6883572,,0
Nigeria,NGA,Sub-Saharan Africa,Lower middle income,2003,-1.5156767,10.228,3.2
Nigeria,NGA,Sub-Saharan Africa,Lower middle income,2004,-1.39574779999999,7.913,4.1
Nigeria,NGA,Sub-Saharan Africa,Lower middle income,2005,-1.2796302,8.319,9.1
Nigeria,NGA,Sub-Saharan Africa,Lower middle income,2006,-1.18877529999999,7.1,10.1
Nigeria,NGA,Sub-Saharan Africa,Lower middle income,2007,-1.1576585,2.618,10.1
Nigeria,NGA,Sub-Saharan Africa,Lower middle income,2008,-1.0428079,9.921,15
Nigeria,NGA,Sub-Saharan Africa,Lower middle income,2009,-1.0705308,-2.658,15.4
Nigeria,NGA,Sub-Saharan Africa,Lower middle income,2010,-1.1312205,-5.669,12.4
Nigeria,NGA,Sub-Saharan Africa,Lower middle income,2011,-1.1407268,-0.84,11.4
Nigeria,NGA,Sub-Saharan Africa,Lower middle income,2012,-1.1466737,-0.521,13.9
Nigeria,NGA,Sub-Saharan Africa,Lower middle income,2013,-1.1851958,-3.359,11.4
Nigeria,NGA,Sub-Saharan Africa,Lower middle income,2014,-1.29811949999999,-9.528,8.4
Nigeria,NGA,Sub-Saharan Africa,Lower middle income,2015,-1.1613946,10.533,12.7
Nigeria,NGA,Sub-Saharan Africa,Lower middle income,2016,-1.0910815,6.054,14.2
Nigeria,NGA,Sub-Saharan Africa,Lower middle income,2017,-1.14439619999999,-4.886,13.2
Nigeria,NGA,Sub-Saharan Africa,Lower middle income,2018,-1.1452871,-0.078,13.2
Nigeria,NGA,Sub-Saharan Africa,Lower middle income,2019,-1.1258494,1.697,13.2
Nigeria,NGA,Sub-Saharan Africa,Lower middle income,2020,-1.1178348,0.712,11.8
Nigeria,NGA,Sub-Saharan Africa,Lower middle income,2021,-1.1909306,-6.539,11.7
Nigeria,NGA,Sub-Saharan Africa,Lower middle income,2022,-1.225087,-2.868,9.7
Nigeria,NGA,Sub-Saharan Africa,Lower middle income,2023,-1.098731,10.314,15.5
North Macedonia,MKD,Europe & Central Asia,Upper middle income,2002,-0.8826737,,24.7
North Macedonia,MKD,Europe & Central Asia,Upper middle income,2003,-0.906940899999999,-2.749,23.1
North Macedonia,MKD,Europe & Central Asia,Upper middle income,2004,-0.491574299999999,45.799,37.1
North Macedonia,MKD,Europe & Central Asia,Upper middle income,2005,-0.516346,-5.039,39.4
North Macedonia,MKD,Europe & Central Asia,Upper middle income,2006,-0.2936871,43.122,47.5
North Macedonia,MKD,Europe & Central Asia,Upper middle income,2007,-0.2757399,6.111,50.8
North Macedonia,MKD,Europe & Central Asia,Upper middle income,2008,-0.2650308,3.884,50.5
North Macedonia,MKD,Europe & Central Asia,Upper middle income,2009,-0.2499787,5.679,50.2
North Macedonia,MKD,Europe & Central Asia,Upper middle income,2010,-0.3133081,-25.334,47
North Macedonia,MKD,Europe & Central Asia,Upper middle income,2011,-0.3397578,-8.442,46
North Macedonia,MKD,Europe & Central Asia,Upper middle income,2012,-0.127850599999999,62.37,55
North Macedonia,MKD,Europe & Central Asia,Upper middle income,2013,-0.0923630999999999,27.757,55.9
North Macedonia,MKD,Europe & Central Asia,Upper middle income,2014,-0.145443799999999,-57.47,55.9
North Macedonia,MKD,Europe & Central Asia,Upper middle income,2015,-0.3062159,-110.539,48.5
North Macedonia,MKD,Europe & Central Asia,Upper middle income,2016,-0.295904899999999,3.367,46.6
North Macedonia,MKD,Europe & Central Asia,Upper middle income,2017,-0.2620741,11.433,47.1
North Macedonia,MKD,Europe & Central Asia,Upper middle income,2018,-0.340857199999999,-30.061,42.2
North Macedonia,MKD,Europe & Central Asia,Upper middle income,2019,-0.460025199999999,-34.961,36.3
North Macedonia,MKD,Europe & Central Asia,Upper middle income,2020,-0.456976999999999,0.663,36.8
North Macedonia,MKD,Europe & Central Asia,Upper middle income,2021,-0.3856405,15.611,40.8
North Macedonia,MKD,Europe & Central Asia,Upper middle income,2022,-0.332673,13.735,43.2
North Macedonia,MKD,Europe & Central Asia,Upper middle income,2023,-0.3541776,-6.464,41.7
Norway,NOR,Europe & Central Asia,High income,2002,2.0686406,,96.8
Norway,NOR,Europe & Central Asia,High income,2003,2.0211967,-2.293,96.2
Norway,NOR,Europe & Central Asia,High income,2004,1.8590594,-8.022,95.4
Norway,NOR,Europe & Central Asia,High income,2005,2.0172526,8.509,97.5
Norway,NOR,Europe & Central Asia,High income,2006,2.0946634,3.837,97
Norway,NOR,Europe & Central Asia,High income,2007,1.912833,-8.681,94.5
Norway,NOR,Europe & Central Asia,High income,2008,1.8541704,-3.067,94.5
Norway,NOR,Europe & Central Asia,High income,2009,1.8987615,2.405,94.5
Norway,NOR,Europe & Central Asia,High income,2010,1.9314806,1.723,95
Norway,NOR,Europe & Central Asia,High income,2011,2.0777923,7.575,97
Norway,NOR,Europe & Central Asia,High income,2012,2.1281645,2.424,97.5
Norway,NOR,Europe & Central Asia,High income,2013,2.1405464,0.582,98.5
Norway,NOR,Europe & Central Asia,High income,2014,2.1311201,-0.44,98
Norway,NOR,Europe & Central Asia,High income,2015,2.1755199,2.083,98.5
Norway,NOR,Europe & Central Asia,High income,2016,2.1206565,-2.522,97.5
Norway,NOR,Europe & Central Asia,High income,2017,2.1682749,2.245,98
Norway,NOR,Europe & Central Asia,High income,2018,2.0857026,-3.808,96.6
Norway,NOR,Europe & Central Asia,High income,2019,2.0603725,-1.214,96.6
Norway,NOR,Europe & Central Asia,High income,2020,2.0836375,1.129,96.6
Norway,NOR,Europe & Central Asia,High income,2021,2.070812,-0.616,97.1
Norway,NOR,Europe & Central Asia,High income,2022,2.0332101,-1.816,98.1
Norway,NOR,Europe & Central Asia,High income,2023,2.0745237,2.032,98.5
Oman,OMN,"Middle East, North Africa, Afghanistan & Pakistan",High income,2002,0.6811065,,76.9
Oman,OMN,"Middle East, North Africa, Afghanistan & Pakistan",High income,2003,0.5541684,-18.637,74.7
Oman,OMN,"Middle East, North Africa, Afghanistan & Pakistan",High income,2004,0.5924371,6.906,76.6
Oman,OMN,"Middle East, North Africa, Afghanistan & Pakistan",High income,2005,0.5527816,-6.694,72.2
Oman,OMN,"Middle East, North Africa, Afghanistan & Pakistan",High income,2006,0.5045908,-8.718,72.7
Oman,OMN,"Middle East, North Africa, Afghanistan & Pakistan",High income,2007,0.3274633,-35.103,69.3
Oman,OMN,"Middle East, North Africa, Afghanistan & Pakistan",High income,2008,0.3348495,2.256,69.5
Oman,OMN,"Middle East, North Africa, Afghanistan & Pakistan",High income,2009,0.3084555,-7.882,67.7
Oman,OMN,"Middle East, North Africa, Afghanistan & Pakistan",High income,2010,0.276183,-10.463,66.8
Oman,OMN,"Middle East, North Africa, Afghanistan & Pakistan",High income,2011,-0.0352342,-112.758,57.9
Oman,OMN,"Middle East, North Africa, Afghanistan & Pakistan",High income,2012,-0.0252944999999999,28.21,57.9
Oman,OMN,"Middle East, North Africa, Afghanistan & Pakistan",High income,2013,-0.0651045,-157.386,56.9
Oman,OMN,"Middle East, North Africa, Afghanistan & Pakistan",High income,2014,0.0116479,117.891,60.4
Oman,OMN,"Middle East, North Africa, Afghanistan & Pakistan",High income,2015,-0.0016798,-114.421,57.4
Oman,OMN,"Middle East, North Africa, Afghanistan & Pakistan",High income,2016,-0.020659,-1129.849,57.4
Oman,OMN,"Middle East, North Africa, Afghanistan & Pakistan",High income,2017,-0.0211191,-2.227,57.4
Oman,OMN,"Middle East, North Africa, Afghanistan & Pakistan",High income,2018,-0.0203366,3.705,56.4
Oman,OMN,"Middle East, North Africa, Afghanistan & Pakistan",High income,2019,0.1612579,892.944,59.8
Oman,OMN,"Middle East, North Africa, Afghanistan & Pakistan",High income,2020,0.0239194,-85.167,57.8
Oman,OMN,"Middle East, North Africa, Afghanistan & Pakistan",High income,2021,0.0233919,-2.205,56.8
Oman,OMN,"Middle East, North Africa, Afghanistan & Pakistan",High income,2022,0.0212395,-9.201,56.8
Oman,OMN,"Middle East, North Africa, Afghanistan & Pakistan",High income,2023,0.227724,972.172,61.7
Pakistan,PAK,"Middle East, North Africa, Afghanistan & Pakistan",Lower middle income,2002,-0.913544199999999,,23.1
Pakistan,PAK,"Middle East, North Africa, Afghanistan & Pakistan",Lower middle income,2003,-0.9225643,-0.987,22.6
Pakistan,PAK,"Middle East, North Africa, Afghanistan & Pakistan",Lower middle income,2004,-1.0879191,-17.923,16.8
Pakistan,PAK,"Middle East, North Africa, Afghanistan & Pakistan",Lower middle income,2005,-1.07430729999999,1.251,17.7
Pakistan,PAK,"Middle East, North Africa, Afghanistan & Pakistan",Lower middle income,2006,-0.8810819,17.986,21.2
Pakistan,PAK,"Middle East, North Africa, Afghanistan & Pakistan",Lower middle income,2007,-0.846103199999999,3.97,21.1
Pakistan,PAK,"Middle East, North Africa, Afghanistan & Pakistan",Lower middle income,2008,-1.0382107,-22.705,16.5
Pakistan,PAK,"Middle East, North Africa, Afghanistan & Pakistan",Lower middle income,2009,-1.1784502,-13.508,10.9
Pakistan,PAK,"Middle East, North Africa, Afghanistan & Pakistan",Lower middle income,2010,-1.2022076,-2.016,8.9
Pakistan,PAK,"Middle East, North Africa, Afghanistan & Pakistan",Lower middle income,2011,-1.2203431,-1.509,8.4
Pakistan,PAK,"Middle East, North Africa, Afghanistan & Pakistan",Lower middle income,2012,-1.24519539999999,-2.037,9.9
Pakistan,PAK,"Middle East, North Africa, Afghanistan & Pakistan",Lower middle income,2013,-1.1290617,9.327,15.3
Pakistan,PAK,"Middle East, North Africa, Afghanistan & Pakistan",Lower middle income,2014,-1.0043761,11.043,17.3
Pakistan,PAK,"Middle East, North Africa, Afghanistan & Pakistan",Lower middle income,2015,-0.981116999999999,2.316,18.1
Pakistan,PAK,"Middle East, North Africa, Afghanistan & Pakistan",Lower middle income,2016,-0.9729255,0.835,18.1
Pakistan,PAK,"Middle East, North Africa, Afghanistan & Pakistan",Lower middle income,2017,-0.935033999999999,3.895,20.1
Pakistan,PAK,"Middle East, North Africa, Afghanistan & Pakistan",Lower middle income,2018,-0.9640896,-3.107,19.1
Pakistan,PAK,"Middle East, North Africa, Afghanistan & Pakistan",Lower middle income,2019,-0.9714617,-0.765,19.1
Pakistan,PAK,"Middle East, North Africa, Afghanistan & Pakistan",Lower middle income,2020,-0.9370003,3.547,16.7
Pakistan,PAK,"Middle East, North Africa, Afghanistan & Pakistan",Lower middle income,2021,-0.906181199999999,3.289,19.9
Pakistan,PAK,"Middle East, North Africa, Afghanistan & Pakistan",Lower middle income,2022,-0.9459689,-4.391,20.4
Pakistan,PAK,"Middle East, North Africa, Afghanistan & Pakistan",Lower middle income,2023,-1.0461855,-10.594,16.5
Palau,PLW,East Asia & Pacific,High income,2008,-0.1896166,,53
Palau,PLW,East Asia & Pacific,High income,2009,-0.1898956,-0.147,52.7
Palau,PLW,East Asia & Pacific,High income,2010,-0.1851151,2.517,53
Palau,PLW,East Asia & Pacific,High income,2011,-0.1970895,-6.469,51
Palau,PLW,East Asia & Pacific,High income,2012,-0.221972099999999,-12.625,52
Palau,PLW,East Asia & Pacific,High income,2013,-0.2200811,0.852,52
Palau,PLW,East Asia & Pacific,High income,2014,-0.242259199999999,-10.077,52
Palau,PLW,East Asia & Pacific,High income,2015,0.4974376,305.333,67.6
Palau,PLW,East Asia & Pacific,High income,2016,0.4413946,-11.266,67.6
Palau,PLW,East Asia & Pacific,High income,2017,0.4392161,-0.494,67.2
Palau,PLW,East Asia & Pacific,High income,2018,0.4429214,0.844,68.1
Palau,PLW,East Asia & Pacific,High income,2019,0.4480263,1.153,67.6
Palau,PLW,East Asia & Pacific,High income,2020,0.449309,0.286,69.1
Palau,PLW,East Asia & Pacific,High income,2021,0.4468112,-0.556,68.9
Palau,PLW,East Asia & Pacific,High income,2022,0.4459534,-0.192,68.9
Palau,PLW,East Asia & Pacific,High income,2023,0.443007,-0.661,69.4
Panama,PAN,Latin America & Caribbean,High income,2002,-0.477059399999999,,44.1
Panama,PAN,Latin America & Caribbean,High income,2003,-0.411485699999999,13.745,44.1
Panama,PAN,Latin America & Caribbean,High income,2004,-0.403640799999999,1.906,41.1
Panama,PAN,Latin America & Caribbean,High income,2005,-0.4800212,-18.923,39.9
Panama,PAN,Latin America & Caribbean,High income,2006,-0.4315926,10.089,39.9
Panama,PAN,Latin America & Caribbean,High income,2007,-0.4810331,-11.455,38.2
Panama,PAN,Latin America & Caribbean,High income,2008,-0.217408599999999,54.804,52
Panama,PAN,Latin America & Caribbean,High income,2009,-0.2986068,-37.348,46.8
Panama,PAN,Latin America & Caribbean,High income,2010,-0.3394637,-13.683,46
Panama,PAN,Latin America & Caribbean,High income,2011,-0.3472258,-2.287,45.5
Panama,PAN,Latin America & Caribbean,High income,2012,-0.459041,-32.202,40.1
Panama,PAN,Latin America & Caribbean,High income,2013,-0.4300887,6.307,41.1
Panama,PAN,Latin America & Caribbean,High income,2014,-0.3942406,8.335,45
Panama,PAN,Latin America & Caribbean,High income,2015,-0.424039399999999,-7.559,42.6
Panama,PAN,Latin America & Caribbean,High income,2016,-0.5035567,-18.752,36.3
Panama,PAN,Latin America & Caribbean,High income,2017,-0.558947899999999,-11,34.8
Panama,PAN,Latin America & Caribbean,High income,2018,-0.5480745,1.945,34.3
Panama,PAN,Latin America & Caribbean,High income,2019,-0.543706599999999,0.797,32.4
Panama,PAN,Latin America & Caribbean,High income,2020,-0.5190072,4.543,33.3
Panama,PAN,Latin America & Caribbean,High income,2021,-0.5235702,-0.879,34.5
Panama,PAN,Latin America & Caribbean,High income,2022,-0.562926599999999,-7.517,33.5
Panama,PAN,Latin America & Caribbean,High income,2023,-0.566951499999999,-0.715,33.5
Papua New Guinea,PNG,East Asia & Pacific,Lower middle income,2002,-0.8510205,,25.8
Papua New Guinea,PNG,East Asia & Pacific,Lower middle income,2003,-0.8519142,-0.105,25.8
Papua New Guinea,PNG,East Asia & Pacific,Lower middle income,2004,-1.1020596,-29.363,16.2
Papua New Guinea,PNG,East Asia & Pacific,Lower middle income,2005,-1.1920123,-8.162,12.6
Papua New Guinea,PNG,East Asia & Pacific,Lower middle income,2006,-1.0546271,11.525,16.2
Papua New Guinea,PNG,East Asia & Pacific,Lower middle income,2007,-1.0483268,0.597,17.1
Papua New Guinea,PNG,East Asia & Pacific,Lower middle income,2008,-1.0818488,-3.198,14
Papua New Guinea,PNG,East Asia & Pacific,Lower middle income,2009,-1.0987722,-1.564,13.4
Papua New Guinea,PNG,East Asia & Pacific,Lower middle income,2010,-0.9715433,11.579,17.8
Papua New Guinea,PNG,East Asia & Pacific,Lower middle income,2011,-0.9769416,-0.556,16.3
Papua New Guinea,PNG,East Asia & Pacific,Lower middle income,2012,-1.0036539,-2.734,17.3
Papua New Guinea,PNG,East Asia & Pacific,Lower middle income,2013,-1.0035819,0.007,16.8
Papua New Guinea,PNG,East Asia & Pacific,Lower middle income,2014,-0.9742497,2.923,19.3
Papua New Guinea,PNG,East Asia & Pacific,Lower middle income,2015,-0.9734974,0.077,18.6
Papua New Guinea,PNG,East Asia & Pacific,Lower middle income,2016,-0.984655,-1.146,17.6
Papua New Guinea,PNG,East Asia & Pacific,Lower middle income,2017,-0.9946183,-1.012,16.7
Papua New Guinea,PNG,East Asia & Pacific,Lower middle income,2018,-0.940001,5.491,20.6
Papua New Guinea,PNG,East Asia & Pacific,Lower middle income,2019,-0.987122899999999,-5.013,17.6
Papua New Guinea,PNG,East Asia & Pacific,Lower middle income,2020,-0.5484433,44.44,31.4
Papua New Guinea,PNG,East Asia & Pacific,Lower middle income,2021,-0.6567906,-19.755,27.7
Papua New Guinea,PNG,East Asia & Pacific,Lower middle income,2022,-0.588226999999999,10.439,31.6
Papua New Guinea,PNG,East Asia & Pacific,Lower middle income,2023,-0.6018212,-2.311,30.6
Paraguay,PRY,Latin America & Caribbean,Upper middle income,2002,-1.6027924,,1.6
Paraguay,PRY,Latin America & Caribbean,Upper middle income,2003,-1.58579919999999,1.06,1.1
Paraguay,PRY,Latin America & Caribbean,Upper middle income,2004,-1.3774883,13.136,4.6
Paraguay,PRY,Latin America & Caribbean,Upper middle income,2005,-1.26163999999999,8.41,10.1
Paraguay,PRY,Latin America & Caribbean,Upper middle income,2006,-0.984501099999999,21.967,17.2
Paraguay,PRY,Latin America & Caribbean,Upper middle income,2007,-1.05614719999999,-7.277,15.1
Paraguay,PRY,Latin America & Caribbean,Upper middle income,2008,-0.897985399999999,14.975,20.5
Paraguay,PRY,Latin America & Caribbean,Upper middle income,2009,-0.856383999999999,4.633,20.9
Paraguay,PRY,Latin America & Caribbean,Upper middle income,2010,-0.7003918,18.215,25.7
Paraguay,PRY,Latin America & Caribbean,Upper middle income,2011,-0.6726051,3.967,26.2
Paraguay,PRY,Latin America & Caribbean,Upper middle income,2012,-0.7579324,-12.686,27.2
Paraguay,PRY,Latin America & Caribbean,Upper middle income,2013,-0.947690799999999,-25.036,19.3
Paraguay,PRY,Latin America & Caribbean,Upper middle income,2014,-0.9760553,-2.993,18.8
Paraguay,PRY,Latin America & Caribbean,Upper middle income,2015,-0.951100899999999,2.557,20.1
Paraguay,PRY,Latin America & Caribbean,Upper middle income,2016,-0.8070807,15.142,25.5
Paraguay,PRY,Latin America & Caribbean,Upper middle income,2017,-0.8291544,-2.735,25
Paraguay,PRY,Latin America & Caribbean,Upper middle income,2018,-0.8709501,-5.041,24.5
Paraguay,PRY,Latin America & Caribbean,Upper middle income,2019,-0.8760395,-0.584,22.1
Paraguay,PRY,Latin America & Caribbean,Upper middle income,2020,-0.8101421,7.522,21.6
Paraguay,PRY,Latin America & Caribbean,Upper middle income,2021,-0.905500299999999,-11.771,20.4
Paraguay,PRY,Latin America & Caribbean,Upper middle income,2022,-0.953862099999999,-5.341,19.9
Paraguay,PRY,Latin America & Caribbean,Upper middle income,2023,-1.0149203,-6.401,17
Peru,PER,Latin America & Caribbean,Upper middle income,2002,-0.2430338,,49.5
Peru,PER,Latin America & Caribbean,Upper middle income,2003,-0.057581,76.307,58.1
Peru,PER,Latin America & Caribbean,Upper middle income,2004,-0.4101705,-612.337,40.1
Peru,PER,Latin America & Caribbean,Upper middle income,2005,-0.4001666,2.439,44.9
Peru,PER,Latin America & Caribbean,Upper middle income,2006,-0.260941,34.792,49
Peru,PER,Latin America & Caribbean,Upper middle income,2007,-0.355667199999999,-36.302,44.7
Peru,PER,Latin America & Caribbean,Upper middle income,2008,-0.302610999999999,14.917,46
Peru,PER,Latin America & Caribbean,Upper middle income,2009,-0.3848159,-27.165,41.8
Peru,PER,Latin America & Caribbean,Upper middle income,2010,-0.2613416,32.087,49
Peru,PER,Latin America & Caribbean,Upper middle income,2011,-0.2482217,5.02,48
Peru,PER,Latin America & Caribbean,Upper middle income,2012,-0.3605037,-45.235,46.5
Peru,PER,Latin America & Caribbean,Upper middle income,2013,-0.399042199999999,-10.69,43.6
Peru,PER,Latin America & Caribbean,Upper middle income,2014,-0.5816106,-45.752,37.1
Peru,PER,Latin America & Caribbean,Upper middle income,2015,-0.5919962,-1.786,33.8
Peru,PER,Latin America & Caribbean,Upper middle income,2016,-0.5112656,13.637,35.3
Peru,PER,Latin America & Caribbean,Upper middle income,2017,-0.593187599999999,-16.023,32.4
Peru,PER,Latin America & Caribbean,Upper middle income,2018,-0.5877892,0.91,32.4
Peru,PER,Latin America & Caribbean,Upper middle income,2019,-0.490189,16.605,35.8
Peru,PER,Latin America & Caribbean,Upper middle income,2020,-0.4980887,-1.612,34.8
Peru,PER,Latin America & Caribbean,Upper middle income,2021,-0.509709,-2.333,35
Peru,PER,Latin America & Caribbean,Upper middle income,2022,-0.641561199999999,-25.868,29.6
Peru,PER,Latin America & Caribbean,Upper middle income,2023,-0.6654876,-3.729,26.7
Philippines,PHL,East Asia & Pacific,Upper middle income,2002,-0.701159099999999,,34.9
Philippines,PHL,East Asia & Pacific,Upper middle income,2003,-0.645360199999999,7.958,36.6
Philippines,PHL,East Asia & Pacific,Upper middle income,2004,-0.658141099999999,-1.98,30.5
Philippines,PHL,East Asia & Pacific,Upper middle income,2005,-0.739631199999999,-12.382,29.8
Philippines,PHL,East Asia & Pacific,Upper middle income,2006,-0.661034799999999,10.626,27.8
Philippines,PHL,East Asia & Pacific,Upper middle income,2007,-0.6865834,-3.865,28.1
Philippines,PHL,East Asia & Pacific,Upper middle income,2008,-0.6874488,-0.126,28
Philippines,PHL,East Asia & Pacific,Upper middle income,2009,-0.8274589,-20.367,21.4
Philippines,PHL,East Asia & Pacific,Upper middle income,2010,-0.7820844,5.484,22.3
Philippines,PHL,East Asia & Pacific,Upper middle income,2011,-0.565533899999999,27.689,32.2
Philippines,PHL,East Asia & Pacific,Upper middle income,2012,-0.633583,-12.033,31.7
Philippines,PHL,East Asia & Pacific,Upper middle income,2013,-0.498170899999999,21.372,38.1
Philippines,PHL,East Asia & Pacific,Upper middle income,2014,-0.5826913,-16.966,36.6
Philippines,PHL,East Asia & Pacific,Upper middle income,2015,-0.590425299999999,-1.327,34.3
Philippines,PHL,East Asia & Pacific,Upper middle income,2016,-0.613111,-3.842,32.8
Philippines,PHL,East Asia & Pacific,Upper middle income,2017,-0.636865,-3.874,31.9
Philippines,PHL,East Asia & Pacific,Upper middle income,2018,-0.6388345,-0.309,30.4
Philippines,PHL,East Asia & Pacific,Upper middle income,2019,-0.6111557,4.333,31.9
Philippines,PHL,East Asia & Pacific,Upper middle income,2020,-0.5392618,11.764,31.9
Philippines,PHL,East Asia & Pacific,Upper middle income,2021,-0.5743865,-6.513,32
Philippines,PHL,East Asia & Pacific,Upper middle income,2022,-0.5774689,-0.537,32
Philippines,PHL,East Asia & Pacific,Upper middle income,2023,-0.5690313,1.461,32.5
Poland,POL,Europe & Central Asia,High income,2002,0.3442164,,69.4
Poland,POL,Europe & Central Asia,High income,2003,0.3611585,4.922,69.9
Poland,POL,Europe & Central Asia,High income,2004,0.1126454,-68.81,60.4
Poland,POL,Europe & Central Asia,High income,2005,0.2504764,122.358,65.2
Poland,POL,Europe & Central Asia,High income,2006,0.3249713,29.741,67.2
Poland,POL,Europe & Central Asia,High income,2007,0.3179195,-2.17,68.8
Poland,POL,Europe & Central Asia,High income,2008,0.4272964,34.404,72.5
Poland,POL,Europe & Central Asia,High income,2009,0.5739409,34.319,74.1
Poland,POL,Europe & Central Asia,High income,2010,0.6391266,11.358,74.3
Poland,POL,Europe & Central Asia,High income,2011,0.7618911,19.208,76.2
Poland,POL,Europe & Central Asia,High income,2012,0.8135218,6.777,76.2
Poland,POL,Europe & Central Asia,High income,2013,0.8071492,-0.783,77.2
Poland,POL,Europe & Central Asia,High income,2014,0.773833,-4.128,78.2
Poland,POL,Europe & Central Asia,High income,2015,0.8356935,7.994,77.9
Poland,POL,Europe & Central Asia,High income,2016,0.8706559,4.184,80.4
Poland,POL,Europe & Central Asia,High income,2017,0.8294474,-4.733,80.9
Poland,POL,Europe & Central Asia,High income,2018,0.776821,-6.345,78.4
Poland,POL,Europe & Central Asia,High income,2019,0.7162582,-7.796,75
Poland,POL,Europe & Central Asia,High income,2020,0.7442004,3.901,75
Poland,POL,Europe & Central Asia,High income,2021,0.6869719,-7.69,74.3
Poland,POL,Europe & Central Asia,High income,2022,0.6673922,-2.85,75.2
Poland,POL,Europe & Central Asia,High income,2023,0.7534838,12.9,76.7
Portugal,PRT,Europe & Central Asia,High income,2002,1.2667352,,84.9
Portugal,PRT,Europe & Central Asia,High income,2003,1.225262,-3.274,84.4
Portugal,PRT,Europe & Central Asia,High income,2004,1.1930716,-2.627,88.8
Portugal,PRT,Europe & Central Asia,High income,2005,1.1939157,0.071,84.8
Portugal,PRT,Europe & Central Asia,High income,2006,0.8841299,-25.947,79.8
Portugal,PRT,Europe & Central Asia,High income,2007,0.9121206,3.166,80.4
Portugal,PRT,Europe & Central Asia,High income,2008,0.92888,1.837,80.5
Portugal,PRT,Europe & Central Asia,High income,2009,0.8871941,-4.488,78.6
Portugal,PRT,Europe & Central Asia,High income,2010,0.741273,-16.447,76.2
Portugal,PRT,Europe & Central Asia,High income,2011,0.7934673,7.041,76.7
Portugal,PRT,Europe & Central Asia,High income,2012,0.7983905,0.62,75.7
Portugal,PRT,Europe & Central Asia,High income,2013,0.7363017,-7.777,75.2
Portugal,PRT,Europe & Central Asia,High income,2014,0.6840178,-7.101,76.7
Portugal,PRT,Europe & Central Asia,High income,2015,0.7238455,5.823,75.5
Portugal,PRT,Europe & Central Asia,High income,2016,0.7134054,-1.442,74
Portugal,PRT,Europe & Central Asia,High income,2017,0.8191801,14.827,80.4
Portugal,PRT,Europe & Central Asia,High income,2018,0.803067,-1.967,78.9
Portugal,PRT,Europe & Central Asia,High income,2019,0.7971215,-0.74,77.5
Portugal,PRT,Europe & Central Asia,High income,2020,0.795911,-0.152,77.9
Portugal,PRT,Europe & Central Asia,High income,2021,0.8188182,2.878,78.6
Portugal,PRT,Europe & Central Asia,High income,2022,0.7860609,-4.001,77.7
Portugal,PRT,Europe & Central Asia,High income,2023,0.7848198,-0.158,78.2
Puerto Rico (US),PRI,Latin America & Caribbean,High income,2002,1.3358417,,86
Puerto Rico (US),PRI,Latin America & Caribbean,High income,2003,1.332687,-0.236,86
Puerto Rico (US),PRI,Latin America & Caribbean,High income,2004,1.0419275,-21.818,85.3
Puerto Rico (US),PRI,Latin America & Caribbean,High income,2005,1.3271197,27.372,86.4
Puerto Rico (US),PRI,Latin America & Caribbean,High income,2006,0.6400965,-51.768,74.7
Puerto Rico (US),PRI,Latin America & Caribbean,High income,2007,0.4928521,-23.003,74.4
Puerto Rico (US),PRI,Latin America & Caribbean,High income,2008,0.4780849,-2.996,73.5
Puerto Rico (US),PRI,Latin America & Caribbean,High income,2009,0.5692707,19.073,73.6
Puerto Rico (US),PRI,Latin America & Caribbean,High income,2010,0.5568988,-2.173,73.8
Puerto Rico (US),PRI,Latin America & Caribbean,High income,2011,0.5095491,-8.502,72.8
Puerto Rico (US),PRI,Latin America & Caribbean,High income,2012,0.5734808,12.547,73.8
Puerto Rico (US),PRI,Latin America & Caribbean,High income,2013,0.5242394,-8.586,72.3
Puerto Rico (US),PRI,Latin America & Caribbean,High income,2014,0.4739515,-9.593,69.8
Puerto Rico (US),PRI,Latin America & Caribbean,High income,2015,0.2515234,-46.931,63.2
Puerto Rico (US),PRI,Latin America & Caribbean,High income,2016,0.2525954,0.426,64.2
Puerto Rico (US),PRI,Latin America & Caribbean,High income,2017,0.2407217,-4.701,64.2
Puerto Rico (US),PRI,Latin America & Caribbean,High income,2018,0.2420261,0.542,62.7
Puerto Rico (US),PRI,Latin America & Caribbean,High income,2019,0.2828827,16.881,62.7
Puerto Rico (US),PRI,Latin America & Caribbean,High income,2020,0.2833466,0.164,63.2
Puerto Rico (US),PRI,Latin America & Caribbean,High income,2021,0.5017099,77.066,71.8
Puerto Rico (US),PRI,Latin America & Caribbean,High income,2022,0.4768446,-4.956,70.9
Puerto Rico (US),PRI,Latin America & Caribbean,High income,2023,0.3527223,-26.03,66.5
Qatar,QAT,"Middle East, North Africa, Afghanistan & Pakistan",High income,2002,0.5957195,,75.8
Qatar,QAT,"Middle East, North Africa, Afghanistan & Pakistan",High income,2003,0.5949337,-0.132,75.8
Qatar,QAT,"Middle East, North Africa, Afghanistan & Pakistan",High income,2004,0.5543046,-6.829,75.1
Qatar,QAT,"Middle East, North Africa, Afghanistan & Pakistan",High income,2005,0.666323,20.209,74.7
Qatar,QAT,"Middle East, North Africa, Afghanistan & Pakistan",High income,2006,0.8261586,23.988,77.8
Qatar,QAT,"Middle East, North Africa, Afghanistan & Pakistan",High income,2007,0.9099992,10.148,79.9
Qatar,QAT,"Middle East, North Africa, Afghanistan & Pakistan",High income,2008,1.0956962,20.406,84.5
Qatar,QAT,"Middle East, North Africa, Afghanistan & Pakistan",High income,2009,1.3734502,25.35,89.6
Qatar,QAT,"Middle East, North Africa, Afghanistan & Pakistan",High income,2010,1.3446901,-2.094,87.6
Qatar,QAT,"Middle East, North Africa, Afghanistan & Pakistan",High income,2011,1.1504795,-14.443,83.2
Qatar,QAT,"Middle East, North Africa, Afghanistan & Pakistan",High income,2012,1.1558661,0.468,84.2
Qatar,QAT,"Middle East, North Africa, Afghanistan & Pakistan",High income,2013,1.1766023,1.794,84.7
Qatar,QAT,"Middle East, North Africa, Afghanistan & Pakistan",High income,2014,0.8617689,-26.758,81.2
Qatar,QAT,"Middle East, North Africa, Afghanistan & Pakistan",High income,2015,0.8450167,-1.944,78.4
Qatar,QAT,"Middle East, North Africa, Afghanistan & Pakistan",High income,2016,0.8601436,1.79,79.9
Qatar,QAT,"Middle East, North Africa, Afghanistan & Pakistan",High income,2017,0.7457912,-13.295,75.5
Qatar,QAT,"Middle East, North Africa, Afghanistan & Pakistan",High income,2018,0.7493739,0.48,77
Qatar,QAT,"Middle East, North Africa, Afghanistan & Pakistan",High income,2019,0.8776184,17.114,80.4
Qatar,QAT,"Middle East, North Africa, Afghanistan & Pakistan",High income,2020,0.8746817,-0.335,80.4
Qatar,QAT,"Middle East, North Africa, Afghanistan & Pakistan",High income,2021,0.8394432,-4.029,79.1
Qatar,QAT,"Middle East, North Africa, Afghanistan & Pakistan",High income,2022,0.8197673,-2.344,78.6
Qatar,QAT,"Middle East, North Africa, Afghanistan & Pakistan",High income,2023,0.7757739,-5.367,77.2
Romania,ROU,Europe & Central Asia,High income,2002,-0.565959,,40.3
Romania,ROU,Europe & Central Asia,High income,2003,-0.5530621,2.279,39.8
Romania,ROU,Europe & Central Asia,High income,2004,-0.328193399999999,40.659,46.2
Romania,ROU,Europe & Central Asia,High income,2005,-0.353771499999999,-7.794,47
Romania,ROU,Europe & Central Asia,High income,2006,-0.2549146,27.944,49.5
Romania,ROU,Europe & Central Asia,High income,2007,-0.3353236,-31.544,46.2
Romania,ROU,Europe & Central Asia,High income,2008,-0.294165499999999,12.274,48
Romania,ROU,Europe & Central Asia,High income,2009,-0.3246557,-10.365,44.3
Romania,ROU,Europe & Central Asia,High income,2010,-0.2925809,9.88,48
Romania,ROU,Europe & Central Asia,High income,2011,-0.1779463,39.18,51.5
Romania,ROU,Europe & Central Asia,High income,2012,-0.3587285,-101.594,47
Romania,ROU,Europe & Central Asia,High income,2013,-0.282036,21.379,48.5
Romania,ROU,Europe & Central Asia,High income,2014,-0.2306942,18.204,53.5
Romania,ROU,Europe & Central Asia,High income,2015,-0.0980376999999999,57.503,54.9
Romania,ROU,Europe & Central Asia,High income,2016,-0.0698652,28.736,55.9
Romania,ROU,Europe & Central Asia,High income,2017,-0.0489883999999999,29.882,56.4
Romania,ROU,Europe & Central Asia,High income,2018,-0.168955,-244.888,50
Romania,ROU,Europe & Central Asia,High income,2019,-0.1199219,29.021,51
Romania,ROU,Europe & Central Asia,High income,2020,-0.0497221,58.538,53.4
Romania,ROU,Europe & Central Asia,High income,2021,0.0096051,119.318,55.8
Romania,ROU,Europe & Central Asia,High income,2022,0.0662149,589.372,59.2
Romania,ROU,Europe & Central Asia,High income,2023,0.0314923,-52.439,56.3
Russian Federation,RUS,Europe & Central Asia,High income,2002,-1.1090206,,14
Russian Federation,RUS,Europe & Central Asia,High income,2003,-1.0015646,9.689,18.3
Russian Federation,RUS,Europe & Central Asia,High income,2004,-0.8915877,10.981,22.3
Russian Federation,RUS,Europe & Central Asia,High income,2005,-0.9104202,-2.112,22.2
Russian Federation,RUS,Europe & Central Asia,High income,2006,-0.9771356,-7.328,17.7
Russian Federation,RUS,Europe & Central Asia,High income,2007,-1.0809178,-10.621,13.1
Russian Federation,RUS,Europe & Central Asia,High income,2008,-1.14019499999999,-5.484,12
Russian Federation,RUS,Europe & Central Asia,High income,2009,-1.16184779999999,-1.899,11.4
Russian Federation,RUS,Europe & Central Asia,High income,2010,-1.07554859999999,7.428,14.4
Russian Federation,RUS,Europe & Central Asia,High income,2011,-0.9445528,12.179,17.8
Russian Federation,RUS,Europe & Central Asia,High income,2012,-1.06889979999999,-13.165,16.8
Russian Federation,RUS,Europe & Central Asia,High income,2013,-1.002184,6.242,17.8
Russian Federation,RUS,Europe & Central Asia,High income,2014,-0.887628899999999,11.431,21.8
Russian Federation,RUS,Europe & Central Asia,High income,2015,-0.913436199999999,-2.907,21.6
Russian Federation,RUS,Europe & Central Asia,High income,2016,-0.8264543,9.522,24.5
Russian Federation,RUS,Europe & Central Asia,High income,2017,-0.9134357,-10.525,21.1
Russian Federation,RUS,Europe & Central Asia,High income,2018,-0.888736499999999,2.704,23
Russian Federation,RUS,Europe & Central Asia,High income,2019,-0.7696119,13.404,27
Russian Federation,RUS,Europe & Central Asia,High income,2020,-0.7746533,-0.655,24.5
Russian Federation,RUS,Europe & Central Asia,High income,2021,-0.7788442,-0.541,24.3
Russian Federation,RUS,Europe & Central Asia,High income,2022,-0.772806099999999,0.775,24.3
Russian Federation,RUS,Europe & Central Asia,High income,2023,-0.8877345,-14.872,22.3
Rwanda,RWA,Sub-Saharan Africa,Low income,2002,-0.7155773,,34.4
Rwanda,RWA,Sub-Saharan Africa,Low income,2003,-0.717537,-0.274,32.8
Rwanda,RWA,Sub-Saharan Africa,Low income,2004,-0.3583417,50.059,44.2
Rwanda,RWA,Sub-Saharan Africa,Low income,2005,-0.3597549,-0.394,46.5
Rwanda,RWA,Sub-Saharan Africa,Low income,2006,-0.224057199999999,37.719,51.5
Rwanda,RWA,Sub-Saharan Africa,Low income,2007,-0.1290585,42.399,54.3
Rwanda,RWA,Sub-Saharan Africa,Low income,2008,0.0459088,135.572,59.5
Rwanda,RWA,Sub-Saharan Africa,Low income,2009,0.0325468,-29.106,59.7
Rwanda,RWA,Sub-Saharan Africa,Low income,2010,0.2778291,753.63,67.3
Rwanda,RWA,Sub-Saharan Africa,Low income,2011,0.2939461,5.801,66.3
Rwanda,RWA,Sub-Saharan Africa,Low income,2012,0.4271324,45.31,69.8
Rwanda,RWA,Sub-Saharan Africa,Low income,2013,0.4277974,0.156,69.8
Rwanda,RWA,Sub-Saharan Africa,Low income,2014,0.4896227,14.452,70.8
Rwanda,RWA,Sub-Saharan Africa,Low income,2015,0.5000821,2.136,68.6
Rwanda,RWA,Sub-Saharan Africa,Low income,2016,0.5807531,16.132,70.1
Rwanda,RWA,Sub-Saharan Africa,Low income,2017,0.5061897,-12.839,69.6
Rwanda,RWA,Sub-Saharan Africa,Low income,2018,0.4362084,-13.825,67.2
Rwanda,RWA,Sub-Saharan Africa,Low income,2019,0.4520132,3.623,68.6
Rwanda,RWA,Sub-Saharan Africa,Low income,2020,0.5134655,13.595,70.6
Rwanda,RWA,Sub-Saharan Africa,Low income,2021,0.4694992,-8.563,70.4
Rwanda,RWA,Sub-Saharan Africa,Low income,2022,0.5279544,12.451,71.4
Rwanda,RWA,Sub-Saharan Africa,Low income,2023,0.6808504,28.96,74.8
Samoa,WSM,East Asia & Pacific,Upper middle income,2002,-0.0682631,,54.3
Samoa,WSM,East Asia & Pacific,Upper middle income,2003,-0.0714178,-4.621,56.5
Samoa,WSM,East Asia & Pacific,Upper middle income,2004,-0.168344599999999,-135.718,52.3
Samoa,WSM,East Asia & Pacific,Upper middle income,2005,0.2719079,261.519,65.7
Samoa,WSM,East Asia & Pacific,Upper middle income,2006,0.2775284,2.067,65.2
Samoa,WSM,East Asia & Pacific,Upper middle income,2007,0.2735024,-1.451,65.8
Samoa,WSM,East Asia & Pacific,Upper middle income,2008,0.2745725,0.391,67
Samoa,WSM,East Asia & Pacific,Upper middle income,2009,0.206813,-24.678,65.2
Samoa,WSM,East Asia & Pacific,Upper middle income,2010,0.1834923,-11.276,64.4
Samoa,WSM,East Asia & Pacific,Upper middle income,2011,0.1821441,-0.735,62.9
Samoa,WSM,East Asia & Pacific,Upper middle income,2012,0.1793426,-1.538,66.3
Samoa,WSM,East Asia & Pacific,Upper middle income,2013,0.1795555,0.119,64.9
Samoa,WSM,East Asia & Pacific,Upper middle income,2014,0.1770585,-1.391,64.4
Samoa,WSM,East Asia & Pacific,Upper middle income,2015,0.1792839,1.257,61.8
Samoa,WSM,East Asia & Pacific,Upper middle income,2016,0.1887409,5.275,62.7
Samoa,WSM,East Asia & Pacific,Upper middle income,2017,0.6157976,226.266,72.5
Samoa,WSM,East Asia & Pacific,Upper middle income,2018,0.618417,0.425,74
Samoa,WSM,East Asia & Pacific,Upper middle income,2019,0.6220257,0.584,73
Samoa,WSM,East Asia & Pacific,Upper middle income,2020,0.8109135,30.367,78.9
Samoa,WSM,East Asia & Pacific,Upper middle income,2021,0.7667536,-5.446,77.7
Samoa,WSM,East Asia & Pacific,Upper middle income,2022,0.7661609,-0.077,76.7
Samoa,WSM,East Asia & Pacific,Upper middle income,2023,0.8188682,6.879,78.6
San Marino,SMR,Europe & Central Asia,High income,2015,1.1685187,,84.8
San Marino,SMR,Europe & Central Asia,High income,2016,1.1716528,0.268,85.8
San Marino,SMR,Europe & Central Asia,High income,2017,1.1694105,-0.191,84.8
San Marino,SMR,Europe & Central Asia,High income,2018,1.1732244,0.326,84.8
San Marino,SMR,Europe & Central Asia,High income,2019,1.1784788,0.448,84.8
San Marino,SMR,Europe & Central Asia,High income,2020,1.1797991,0.112,84.3
San Marino,SMR,Europe & Central Asia,High income,2021,1.1772281,-0.218,84.5
San Marino,SMR,Europe & Central Asia,High income,2022,1.1763452,-0.075,84
San Marino,SMR,Europe & Central Asia,High income,2023,1.1733125,-0.258,84
Sao Tome and Principe,STP,Sub-Saharan Africa,Lower middle income,2002,0.2105487,,65.6
Sao Tome and Principe,STP,Sub-Saharan Africa,Lower middle income,2003,-0.0821514,-139.018,55.9
Sao Tome and Principe,STP,Sub-Saharan Africa,Lower middle income,2004,-0.322845,-292.988,46.7
Sao Tome and Principe,STP,Sub-Saharan Africa,Lower middle income,2005,-0.4171686,-29.216,42.4
Sao Tome and Principe,STP,Sub-Saharan Africa,Lower middle income,2006,-0.459173699999999,-10.069,37.9
Sao Tome and Principe,STP,Sub-Saharan Africa,Lower middle income,2007,-0.3761365,18.084,43.2
Sao Tome and Principe,STP,Sub-Saharan Africa,Lower middle income,2008,-0.2913022,22.554,48.5
Sao Tome and Principe,STP,Sub-Saharan Africa,Lower middle income,2009,-0.24061,17.402,51.2
Sao Tome and Principe,STP,Sub-Saharan Africa,Lower middle income,2010,-0.2249869,6.493,50.5
Sao Tome and Principe,STP,Sub-Saharan Africa,Lower middle income,2011,-0.158021599999999,29.764,53
Sao Tome and Principe,STP,Sub-Saharan Africa,Lower middle income,2012,-0.1592074,-0.75,53.5
Sao Tome and Principe,STP,Sub-Saharan Africa,Lower middle income,2013,-0.1937576,-21.701,53
Sao Tome and Principe,STP,Sub-Saharan Africa,Lower middle income,2014,-0.0806894,58.355,57.9
Sao Tome and Principe,STP,Sub-Saharan Africa,Lower middle income,2015,-0.0797689999999999,1.141,55.9
Sao Tome and Principe,STP,Sub-Saharan Africa,Lower middle income,2016,-0.1169146,-46.566,53.9
Sao Tome and Principe,STP,Sub-Saharan Africa,Lower middle income,2017,0.0961283999999999,182.221,60.3
Sao Tome and Principe,STP,Sub-Saharan Africa,Lower middle income,2018,0.1565474,62.852,61.3
Sao Tome and Principe,STP,Sub-Saharan Africa,Lower middle income,2019,0.1759771,12.411,60.3
Sao Tome and Principe,STP,Sub-Saharan Africa,Lower middle income,2020,0.0892524,-49.282,59.3
Sao Tome and Principe,STP,Sub-Saharan Africa,Lower middle income,2021,0.1620477,81.561,61.2
Sao Tome and Principe,STP,Sub-Saharan Africa,Lower middle income,2022,0.1448531,-10.611,61.7
Sao Tome and Principe,STP,Sub-Saharan Africa,Lower middle income,2023,0.1218554,-15.877,60.2
Saudi Arabia,SAU,"Middle East, North Africa, Afghanistan & Pakistan",High income,2002,-0.0396103,,57.5
Saudi Arabia,SAU,"Middle East, North Africa, Afghanistan & Pakistan",High income,2003,-0.2735569,-590.621,49.5
Saudi Arabia,SAU,"Middle East, North Africa, Afghanistan & Pakistan",High income,2004,-0.4781623,-74.794,37.6
Saudi Arabia,SAU,"Middle East, North Africa, Afghanistan & Pakistan",High income,2005,-0.4021855,15.889,44.4
Saudi Arabia,SAU,"Middle East, North Africa, Afghanistan & Pakistan",High income,2006,-0.326085099999999,18.922,45.5
Saudi Arabia,SAU,"Middle East, North Africa, Afghanistan & Pakistan",High income,2007,-0.3219808,1.259,47.2
Saudi Arabia,SAU,"Middle East, North Africa, Afghanistan & Pakistan",High income,2008,-0.201515399999999,37.414,52.5
Saudi Arabia,SAU,"Middle East, North Africa, Afghanistan & Pakistan",High income,2009,-0.2616499,-29.841,49.3
Saudi Arabia,SAU,"Middle East, North Africa, Afghanistan & Pakistan",High income,2010,-0.121664399999999,53.501,54.5
Saudi Arabia,SAU,"Middle East, North Africa, Afghanistan & Pakistan",High income,2011,-0.2131986,-75.235,50
Saudi Arabia,SAU,"Middle East, North Africa, Afghanistan & Pakistan",High income,2012,-0.1950621,8.507,52.5
Saudi Arabia,SAU,"Middle East, North Africa, Afghanistan & Pakistan",High income,2013,-0.1775677,8.969,53.5
Saudi Arabia,SAU,"Middle East, North Africa, Afghanistan & Pakistan",High income,2014,-0.2508778,-41.286,51.5
Saudi Arabia,SAU,"Middle East, North Africa, Afghanistan & Pakistan",High income,2015,-0.140992099999999,43.8,53.9
Saudi Arabia,SAU,"Middle East, North Africa, Afghanistan & Pakistan",High income,2016,0.1203849,185.384,61.3
Saudi Arabia,SAU,"Middle East, North Africa, Afghanistan & Pakistan",High income,2017,0.1100011,-8.626,60.8
Saudi Arabia,SAU,"Middle East, North Africa, Afghanistan & Pakistan",High income,2018,0.1556309,41.481,60.8
Saudi Arabia,SAU,"Middle East, North Africa, Afghanistan & Pakistan",High income,2019,0.2130276,36.88,60.8
Saudi Arabia,SAU,"Middle East, North Africa, Afghanistan & Pakistan",High income,2020,0.32153,50.933,63.7
Saudi Arabia,SAU,"Middle East, North Africa, Afghanistan & Pakistan",High income,2021,0.2365231,-26.438,63.1
Saudi Arabia,SAU,"Middle East, North Africa, Afghanistan & Pakistan",High income,2022,0.2767396,17.003,63.1
Saudi Arabia,SAU,"Middle East, North Africa, Afghanistan & Pakistan",High income,2023,0.476953,72.347,70.4
Senegal,SEN,Sub-Saharan Africa,Lower middle income,2002,0.3635809,,69.9
Senegal,SEN,Sub-Saharan Africa,Lower middle income,2003,-0.164649799999999,-145.286,53.2
Senegal,SEN,Sub-Saharan Africa,Lower middle income,2004,-0.153957899999999,6.494,54.3
Senegal,SEN,Sub-Saharan Africa,Lower middle income,2005,-0.184227299999999,-19.661,54.5
Senegal,SEN,Sub-Saharan Africa,Lower middle income,2006,-0.2938212,-59.488,47
Senegal,SEN,Sub-Saharan Africa,Lower middle income,2007,-0.366259699999999,-24.654,43.7
Senegal,SEN,Sub-Saharan Africa,Lower middle income,2008,-0.373044899999999,-1.853,42.5
Senegal,SEN,Sub-Saharan Africa,Lower middle income,2009,-0.4445787,-19.176,38.3
Senegal,SEN,Sub-Saharan Africa,Lower middle income,2010,-0.5598176,-25.921,34.2
Senegal,SEN,Sub-Saharan Africa,Lower middle income,2011,-0.3719629,33.556,43.1
Senegal,SEN,Sub-Saharan Africa,Lower middle income,2012,-0.2609003,29.859,50
Senegal,SEN,Sub-Saharan Africa,Lower middle income,2013,-0.221789899999999,14.991,51.5
Senegal,SEN,Sub-Saharan Africa,Lower middle income,2014,0.03561,116.056,61.9
Senegal,SEN,Sub-Saharan Africa,Lower middle income,2015,0.0806390999999999,126.451,60.3
Senegal,SEN,Sub-Saharan Africa,Lower middle income,2016,0.0315258,-60.905,59.3
Senegal,SEN,Sub-Saharan Africa,Lower middle income,2017,-0.0177432,-156.282,57.8
Senegal,SEN,Sub-Saharan Africa,Lower middle income,2018,0.0271111,252.797,59.3
Senegal,SEN,Sub-Saharan Africa,Lower middle income,2019,-0.000328699999999999,-101.212,56.4
Senegal,SEN,Sub-Saharan Africa,Lower middle income,2020,-0.0155587,-4633.404,56.9
Senegal,SEN,Sub-Saharan Africa,Lower middle income,2021,0.0360917,331.971,57.3
Senegal,SEN,Sub-Saharan Africa,Lower middle income,2022,0.0169424,-53.057,56.3
Senegal,SEN,Sub-Saharan Africa,Lower middle income,2023,0.0381077,124.925,56.8
Serbia,SRB,Europe & Central Asia,Upper middle income,2002,-1.165171,,11.3
Serbia,SRB,Europe & Central Asia,Upper middle income,2003,-0.749599,35.666,30.6
Serbia,SRB,Europe & Central Asia,Upper middle income,2004,-0.609888,18.638,33
Serbia,SRB,Europe & Central Asia,Upper middle income,2005,-0.624759699999999,-2.438,35.4
Serbia,SRB,Europe & Central Asia,Upper middle income,2006,-0.2366528,62.121,50
Serbia,SRB,Europe & Central Asia,Upper middle income,2007,-0.3109326,-31.388,48.2
Serbia,SRB,Europe & Central Asia,Upper middle income,2008,-0.310971,-0.012,45.5
Serbia,SRB,Europe & Central Asia,Upper middle income,2009,-0.334054099999999,-7.423,43.3
Serbia,SRB,Europe & Central Asia,Upper middle income,2010,-0.365913799999999,-9.537,45
Serbia,SRB,Europe & Central Asia,Upper middle income,2011,-0.3321697,9.222,47
Serbia,SRB,Europe & Central Asia,Upper middle income,2012,-0.392706,-18.225,45
Serbia,SRB,Europe & Central Asia,Upper middle income,2013,-0.368659099999999,6.123,44.6
Serbia,SRB,Europe & Central Asia,Upper middle income,2014,-0.2208569,40.092,54
Serbia,SRB,Europe & Central Asia,Upper middle income,2015,-0.3238735,-46.644,47.5
Serbia,SRB,Europe & Central Asia,Upper middle income,2016,-0.3507415,-8.296,44.1
Serbia,SRB,Europe & Central Asia,Upper middle income,2017,-0.408215599999999,-16.386,41.2
Serbia,SRB,Europe & Central Asia,Upper middle income,2018,-0.386952199999999,5.209,40.7
Serbia,SRB,Europe & Central Asia,Upper middle income,2019,-0.3635548,6.047,40.7
Serbia,SRB,Europe & Central Asia,Upper middle income,2020,-0.3682278,-1.285,39.7
Serbia,SRB,Europe & Central Asia,Upper middle income,2021,-0.4707878,-27.852,36.4
Serbia,SRB,Europe & Central Asia,Upper middle income,2022,-0.484904899999999,-2.999,35.9
Serbia,SRB,Europe & Central Asia,Upper middle income,2023,-0.501692,-3.462,35.4
Seychelles,SYC,Sub-Saharan Africa,High income,2002,0.6681958,,76.3
Seychelles,SYC,Sub-Saharan Africa,High income,2003,0.727407,8.861,76.3
Seychelles,SYC,Sub-Saharan Africa,High income,2004,0.2196211,-69.808,65.5
Seychelles,SYC,Sub-Saharan Africa,High income,2005,0.1121234,-48.947,61.6
Seychelles,SYC,Sub-Saharan Africa,High income,2006,0.1146319,2.237,61.6
Seychelles,SYC,Sub-Saharan Africa,High income,2007,0.112835,-1.568,64.3
Seychelles,SYC,Sub-Saharan Africa,High income,2008,0.1133127,0.423,63.5
Seychelles,SYC,Sub-Saharan Africa,High income,2009,0.4120842,263.67,70.1
Seychelles,SYC,Sub-Saharan Africa,High income,2010,0.4410844,7.037,71.8
Seychelles,SYC,Sub-Saharan Africa,High income,2011,0.4403622,-0.164,71.3
Seychelles,SYC,Sub-Saharan Africa,High income,2012,0.4106607,-6.745,69.3
Seychelles,SYC,Sub-Saharan Africa,High income,2013,0.4170086,1.546,68.8
Seychelles,SYC,Sub-Saharan Africa,High income,2014,0.4713108,13.022,69.3
Seychelles,SYC,Sub-Saharan Africa,High income,2015,0.9238577,96.019,81.9
Seychelles,SYC,Sub-Saharan Africa,High income,2016,0.9114965,-1.338,80.9
Seychelles,SYC,Sub-Saharan Africa,High income,2017,0.7220791,-20.781,75
Seychelles,SYC,Sub-Saharan Africa,High income,2018,0.8163729,13.059,79.4
Seychelles,SYC,Sub-Saharan Africa,High income,2019,1.0734136,31.486,81.4
Seychelles,SYC,Sub-Saharan Africa,High income,2020,1.1448063,6.651,82.8
Seychelles,SYC,Sub-Saharan Africa,High income,2021,1.1441374,-0.058,83.5
Seychelles,SYC,Sub-Saharan Africa,High income,2022,1.1495314,0.471,83.5
Seychelles,SYC,Sub-Saharan Africa,High income,2023,1.151735,0.192,83.5
Sierra Leone,SLE,Sub-Saharan Africa,Low income,2002,-0.8043632,,28
Sierra Leone,SLE,Sub-Saharan Africa,Low income,2003,-0.8124904,-1.01,28.5
Sierra Leone,SLE,Sub-Saharan Africa,Low income,2004,-0.8325731,-2.472,24.4
Sierra Leone,SLE,Sub-Saharan Africa,Low income,2005,-1.0388939,-24.781,19.2
Sierra Leone,SLE,Sub-Saharan Africa,Low income,2006,-1.0120347,2.585,16.7
Sierra Leone,SLE,Sub-Saharan Africa,Low income,2007,-0.956930899999999,5.445,19.6
Sierra Leone,SLE,Sub-Saharan Africa,Low income,2008,-0.890809299999999,6.91,21
Sierra Leone,SLE,Sub-Saharan Africa,Low income,2009,-0.7565101,15.076,24.9
Sierra Leone,SLE,Sub-Saharan Africa,Low income,2010,-0.6318848,16.474,29.2
Sierra Leone,SLE,Sub-Saharan Africa,Low income,2011,-0.6666656,-5.504,27.2
Sierra Leone,SLE,Sub-Saharan Africa,Low income,2012,-0.7690941,-15.364,26.7
Sierra Leone,SLE,Sub-Saharan Africa,Low income,2013,-0.801596699999999,-4.226,25.2
Sierra Leone,SLE,Sub-Saharan Africa,Low income,2014,-0.8422333,-5.069,24.3
Sierra Leone,SLE,Sub-Saharan Africa,Low income,2015,-0.7988086,5.156,26
Sierra Leone,SLE,Sub-Saharan Africa,Low income,2016,-0.826636199999999,-3.484,24
Sierra Leone,SLE,Sub-Saharan Africa,Low income,2017,-0.6651075,19.54,31.4
Sierra Leone,SLE,Sub-Saharan Africa,Low income,2018,-0.5315771,20.077,35.3
Sierra Leone,SLE,Sub-Saharan Africa,Low income,2019,-0.512898499999999,3.514,35.3
Sierra Leone,SLE,Sub-Saharan Africa,Low income,2020,-0.4611415,10.091,36.3
Sierra Leone,SLE,Sub-Saharan Africa,Low income,2021,-0.478002999999999,-3.656,35.9
Sierra Leone,SLE,Sub-Saharan Africa,Low income,2022,-0.5533309,-15.759,34
Sierra Leone,SLE,Sub-Saharan Africa,Low income,2023,-0.568678999999999,-2.774,33
Singapore,SGP,East Asia & Pacific,High income,2002,2.1109512,,97.3
Singapore,SGP,East Asia & Pacific,High income,2003,2.1045874,-0.301,97.8
Singapore,SGP,East Asia & Pacific,High income,2004,2.0039426,-4.782,98
Singapore,SGP,East Asia & Pacific,High income,2005,2.0030373,-0.045,97
Singapore,SGP,East Asia & Pacific,High income,2006,2.1499328,7.334,98
Singapore,SGP,East Asia & Pacific,High income,2007,2.1699161,0.929,98
Singapore,SGP,East Asia & Pacific,High income,2008,2.1684032,-0.07,98
Singapore,SGP,East Asia & Pacific,High income,2009,2.1408814,-1.269,97.5
Singapore,SGP,East Asia & Pacific,High income,2010,2.07204,-3.216,97.5
Singapore,SGP,East Asia & Pacific,High income,2011,2.0725464,0.024,96.5
Singapore,SGP,East Asia & Pacific,High income,2012,2.0881784,0.754,96.5
Singapore,SGP,East Asia & Pacific,High income,2013,2.0543133,-1.622,97
Singapore,SGP,East Asia & Pacific,High income,2014,2.0560463,0.084,97.5
Singapore,SGP,East Asia & Pacific,High income,2015,2.0799858,1.164,96.6
Singapore,SGP,East Asia & Pacific,High income,2016,2.1044197,1.175,96.6
Singapore,SGP,East Asia & Pacific,High income,2017,2.1125052,0.384,97.1
Singapore,SGP,East Asia & Pacific,High income,2018,2.1254362,0.612,98
Singapore,SGP,East Asia & Pacific,High income,2019,2.1188705,-0.309,97.1
Singapore,SGP,East Asia & Pacific,High income,2020,2.1272918,0.397,97.1
Singapore,SGP,East Asia & Pacific,High income,2021,2.0800635,-2.22,97.6
Singapore,SGP,East Asia & Pacific,High income,2022,2.0329943,-2.263,97.6
Singapore,SGP,East Asia & Pacific,High income,2023,1.9240956,-5.357,96.6
Slovak Republic,SVK,Europe & Central Asia,High income,2002,0.0410618,,61.3
Slovak Republic,SVK,Europe & Central Asia,High income,2003,0.2910522,608.815,66.7
Slovak Republic,SVK,Europe & Central Asia,High income,2004,0.3615812,24.232,70.1
Slovak Republic,SVK,Europe & Central Asia,High income,2005,0.4467467,23.554,70.2
Slovak Republic,SVK,Europe & Central Asia,High income,2006,0.4786729,7.146,72.2
Slovak Republic,SVK,Europe & Central Asia,High income,2007,0.3825594,-20.079,70.4
Slovak Republic,SVK,Europe & Central Asia,High income,2008,0.3196223,-16.452,69
Slovak Republic,SVK,Europe & Central Asia,High income,2009,0.1802111,-43.617,64.2
Slovak Republic,SVK,Europe & Central Asia,High income,2010,0.2279608,26.497,65.3
Slovak Republic,SVK,Europe & Central Asia,High income,2011,0.2279303,-0.013,64.9
Slovak Republic,SVK,Europe & Central Asia,High income,2012,0.1773254,-22.202,65.8
Slovak Republic,SVK,Europe & Central Asia,High income,2013,0.1495037,-15.69,64.4
Slovak Republic,SVK,Europe & Central Asia,High income,2014,0.1860971,24.477,64.9
Slovak Republic,SVK,Europe & Central Asia,High income,2015,0.192681,3.538,62.3
Slovak Republic,SVK,Europe & Central Asia,High income,2016,0.2841166,47.454,64.7
Slovak Republic,SVK,Europe & Central Asia,High income,2017,0.2266169,-20.238,63.7
Slovak Republic,SVK,Europe & Central Asia,High income,2018,0.26406,16.523,64.2
Slovak Republic,SVK,Europe & Central Asia,High income,2019,0.2499712,-5.335,61.8
Slovak Republic,SVK,Europe & Central Asia,High income,2020,0.4197316,67.912,68.1
Slovak Republic,SVK,Europe & Central Asia,High income,2021,0.3575001,-14.826,66.5
Slovak Republic,SVK,Europe & Central Asia,High income,2022,0.3774853,5.59,67.5
Slovak Republic,SVK,Europe & Central Asia,High income,2023,0.3846188,1.89,68
Slovenia,SVN,Europe & Central Asia,High income,2002,0.7811225,,79
Slovenia,SVN,Europe & Central Asia,High income,2003,0.7897525,1.105,76.9
Slovenia,SVN,Europe & Central Asia,High income,2004,0.8698542,10.143,81.7
Slovenia,SVN,Europe & Central Asia,High income,2005,0.8361885,-3.87,77.8
Slovenia,SVN,Europe & Central Asia,High income,2006,0.9608579,14.909,80.8
Slovenia,SVN,Europe & Central Asia,High income,2007,0.9858268,2.599,81.9
Slovenia,SVN,Europe & Central Asia,High income,2008,0.8826006,-10.471,79
Slovenia,SVN,Europe & Central Asia,High income,2009,0.9078798,2.864,79.1
Slovenia,SVN,Europe & Central Asia,High income,2010,0.7280642,-19.806,75.7
Slovenia,SVN,Europe & Central Asia,High income,2011,0.6998632,-3.873,74.8
Slovenia,SVN,Europe & Central Asia,High income,2012,0.6842766,-2.227,74.8
Slovenia,SVN,Europe & Central Asia,High income,2013,0.6001872,-12.289,74.3
Slovenia,SVN,Europe & Central Asia,High income,2014,0.6036712,0.58,75.2
Slovenia,SVN,Europe & Central Asia,High income,2015,0.6575394,8.923,73.5
Slovenia,SVN,Europe & Central Asia,High income,2016,0.7620923,15.901,75.5
Slovenia,SVN,Europe & Central Asia,High income,2017,0.7942102,4.214,77.9
Slovenia,SVN,Europe & Central Asia,High income,2018,0.819582,3.195,79.9
Slovenia,SVN,Europe & Central Asia,High income,2019,0.848482,3.526,79.9
Slovenia,SVN,Europe & Central Asia,High income,2020,0.7760206,-8.54,77.5
Slovenia,SVN,Europe & Central Asia,High income,2021,0.6986582,-9.969,74.8
Slovenia,SVN,Europe & Central Asia,High income,2022,0.7480799,7.074,76.2
Slovenia,SVN,Europe & Central Asia,High income,2023,0.6814999,-8.9,75.2
Solomon Islands,SLB,East Asia & Pacific,Lower middle income,2002,-0.0632192,,55.9
Solomon Islands,SLB,East Asia & Pacific,Lower middle income,2003,-0.0672779,-6.42,57.5
Solomon Islands,SLB,East Asia & Pacific,Lower middle income,2004,-0.19366,-187.851,51.8
Solomon Islands,SLB,East Asia & Pacific,Lower middle income,2005,-0.0437549,77.406,59.1
Solomon Islands,SLB,East Asia & Pacific,Lower middle income,2006,-0.2837935,-548.598,48
Solomon Islands,SLB,East Asia & Pacific,Lower middle income,2007,-0.4805075,-69.316,38.7
Solomon Islands,SLB,East Asia & Pacific,Lower middle income,2008,-0.4231645,11.934,40
Solomon Islands,SLB,East Asia & Pacific,Lower middle income,2009,-0.317736299999999,24.914,44.8
Solomon Islands,SLB,East Asia & Pacific,Lower middle income,2010,-0.411535999999999,-29.521,40.6
Solomon Islands,SLB,East Asia & Pacific,Lower middle income,2011,-0.427587899999999,-3.9,41.1
Solomon Islands,SLB,East Asia & Pacific,Lower middle income,2012,-0.4011688,6.179,44.6
Solomon Islands,SLB,East Asia & Pacific,Lower middle income,2013,-0.405030899999999,-0.963,43.1
Solomon Islands,SLB,East Asia & Pacific,Lower middle income,2014,-0.3998249,1.285,44.6
Solomon Islands,SLB,East Asia & Pacific,Lower middle income,2015,-0.4012117,-0.347,43.1
Solomon Islands,SLB,East Asia & Pacific,Lower middle income,2016,-0.4109498,-2.427,41.2
Solomon Islands,SLB,East Asia & Pacific,Lower middle income,2017,-0.1494384,63.636,51.5
Solomon Islands,SLB,East Asia & Pacific,Lower middle income,2018,-0.1478206,1.083,51.5
Solomon Islands,SLB,East Asia & Pacific,Lower middle income,2019,0.0004546,100.308,56.9
Solomon Islands,SLB,East Asia & Pacific,Lower middle income,2020,-0.0256466,-5741.575,55.4
Solomon Islands,SLB,East Asia & Pacific,Lower middle income,2021,-0.1748432,-581.74,49.5
Solomon Islands,SLB,East Asia & Pacific,Lower middle income,2022,-0.1752124,-0.211,50.5
Solomon Islands,SLB,East Asia & Pacific,Lower middle income,2023,-0.1764808,-0.724,51
"Somalia, Fed. Rep.",SOM,Sub-Saharan Africa,Low income,2002,-1.39394359999999,,5.4
"Somalia, Fed. Rep.",SOM,Sub-Saharan Africa,Low income,2003,-1.6112183,-15.587,0
"Somalia, Fed. Rep.",SOM,Sub-Saharan Africa,Low income,2004,-1.64426269999999,-2.051,0
"Somalia, Fed. Rep.",SOM,Sub-Saharan Africa,Low income,2005,-1.657789,-0.823,0
"Somalia, Fed. Rep.",SOM,Sub-Saharan Africa,Low income,2006,-1.6536954,0.247,0
"Somalia, Fed. Rep.",SOM,Sub-Saharan Africa,Low income,2007,-1.6552547,-0.094,0
"Somalia, Fed. Rep.",SOM,Sub-Saharan Africa,Low income,2008,-1.6858822,-1.85,0
"Somalia, Fed. Rep.",SOM,Sub-Saharan Africa,Low income,2009,-1.5862218,5.911,0
"Somalia, Fed. Rep.",SOM,Sub-Saharan Africa,Low income,2010,-1.684578,-6.201,0
"Somalia, Fed. Rep.",SOM,Sub-Saharan Africa,Low income,2011,-1.6615444,1.367,0
"Somalia, Fed. Rep.",SOM,Sub-Saharan Africa,Low income,2012,-1.649052,0.752,0
"Somalia, Fed. Rep.",SOM,Sub-Saharan Africa,Low income,2013,-1.64551309999999,0.215,0
"Somalia, Fed. Rep.",SOM,Sub-Saharan Africa,Low income,2014,-1.73994569999999,-5.739,0
"Somalia, Fed. Rep.",SOM,Sub-Saharan Africa,Low income,2015,-1.7297878,0.584,0.5
"Somalia, Fed. Rep.",SOM,Sub-Saharan Africa,Low income,2016,-1.7350014,-0.301,0.5
"Somalia, Fed. Rep.",SOM,Sub-Saharan Africa,Low income,2017,-1.721871,0.757,0.5
"Somalia, Fed. Rep.",SOM,Sub-Saharan Africa,Low income,2018,-1.80642059999999,-4.91,0.5
"Somalia, Fed. Rep.",SOM,Sub-Saharan Africa,Low income,2019,-1.6343465,9.526,1.5
"Somalia, Fed. Rep.",SOM,Sub-Saharan Africa,Low income,2020,-1.5494727,5.193,2.5
"Somalia, Fed. Rep.",SOM,Sub-Saharan Africa,Low income,2021,-1.6031075,-3.461,1.5
"Somalia, Fed. Rep.",SOM,Sub-Saharan Africa,Low income,2022,-1.59878449999999,0.27,2.4
"Somalia, Fed. Rep.",SOM,Sub-Saharan Africa,Low income,2023,-1.61685259999999,-1.13,1
South Africa,ZAF,Sub-Saharan Africa,Upper middle income,2002,0.2011764,,65.1
South Africa,ZAF,Sub-Saharan Africa,Upper middle income,2003,0.1374478,-31.678,62.9
South Africa,ZAF,Sub-Saharan Africa,Upper middle income,2004,0.2207295,60.592,66
South Africa,ZAF,Sub-Saharan Africa,Upper middle income,2005,0.3388716,53.523,68.2
South Africa,ZAF,Sub-Saharan Africa,Upper middle income,2006,0.4594323,35.577,71.2
South Africa,ZAF,Sub-Saharan Africa,Upper middle income,2007,0.3081368,-32.931,68.3
South Africa,ZAF,Sub-Saharan Africa,Upper middle income,2008,0.1596049,-48.203,64.5
South Africa,ZAF,Sub-Saharan Africa,Upper middle income,2009,0.1056357,-33.814,62.7
South Africa,ZAF,Sub-Saharan Africa,Upper middle income,2010,0.093303,-11.675,60.9
South Africa,ZAF,Sub-Saharan Africa,Upper middle income,2011,0.1087565,16.563,61.4
South Africa,ZAF,Sub-Saharan Africa,Upper middle income,2012,-0.0291711999999999,-126.822,57.4
South Africa,ZAF,Sub-Saharan Africa,Upper middle income,2013,-0.0335595,-15.043,58.9
South Africa,ZAF,Sub-Saharan Africa,Upper middle income,2014,-0.0143828,57.142,59.4
South Africa,ZAF,Sub-Saharan Africa,Upper middle income,2015,0.0114254,179.438,57.8
South Africa,ZAF,Sub-Saharan Africa,Upper middle income,2016,0.0306383,168.16,58.8
South Africa,ZAF,Sub-Saharan Africa,Upper middle income,2017,-0.0798663999999999,-360.675,53.9
South Africa,ZAF,Sub-Saharan Africa,Upper middle income,2018,-0.0473417999999999,40.724,55.4
South Africa,ZAF,Sub-Saharan Africa,Upper middle income,2019,0.0349803,173.889,58.3
South Africa,ZAF,Sub-Saharan Africa,Upper middle income,2020,0.0256677,-26.622,58.3
South Africa,ZAF,Sub-Saharan Africa,Upper middle income,2021,0.0645613,151.527,59.2
South Africa,ZAF,Sub-Saharan Africa,Upper middle income,2022,-0.1634734,-353.206,51
South Africa,ZAF,Sub-Saharan Africa,Upper middle income,2023,-0.2095917,-28.212,49.5
South Sudan,SSD,Sub-Saharan Africa,Low income,2010,-0.214174099999999,,52
South Sudan,SSD,Sub-Saharan Africa,Low income,2011,-1.2275676,-473.163,7.9
South Sudan,SSD,Sub-Saharan Africa,Low income,2012,-1.34178249999999,-9.304,5.4
South Sudan,SSD,Sub-Saharan Africa,Low income,2013,-1.4236144,-6.099,3.5
South Sudan,SSD,Sub-Saharan Africa,Low income,2014,-1.71827969999999,-20.698,0.5
South Sudan,SSD,Sub-Saharan Africa,Low income,2015,-1.77074769999999,-3.054,0
South Sudan,SSD,Sub-Saharan Africa,Low income,2016,-1.7919554,-1.198,0
South Sudan,SSD,Sub-Saharan Africa,Low income,2017,-1.7562035,1.995,0
South Sudan,SSD,Sub-Saharan Africa,Low income,2018,-1.8304337,-4.227,0
South Sudan,SSD,Sub-Saharan Africa,Low income,2019,-1.8861426,-3.043,0
South Sudan,SSD,Sub-Saharan Africa,Low income,2020,-1.80683669999999,4.205,0
South Sudan,SSD,Sub-Saharan Africa,Low income,2021,-1.82343179999999,-0.918,0
South Sudan,SSD,Sub-Saharan Africa,Low income,2022,-1.861122,-2.067,0
South Sudan,SSD,Sub-Saharan Africa,Low income,2023,-1.87741769999999,-0.876,0
Spain,ESP,Europe & Central Asia,High income,2002,1.5119264,,90.3
Spain,ESP,Europe & Central Asia,High income,2003,1.5377704,1.709,91.4
Spain,ESP,Europe & Central Asia,High income,2004,1.2365966,-19.585,89.8
Spain,ESP,Europe & Central Asia,High income,2005,1.2563014,1.593,85.4
Spain,ESP,Europe & Central Asia,High income,2006,1.1783348,-6.206,85.9
Spain,ESP,Europe & Central Asia,High income,2007,1.0458322,-11.245,83.4
Spain,ESP,Europe & Central Asia,High income,2008,1.1454928,9.529,85.5
Spain,ESP,Europe & Central Asia,High income,2009,1.0216805,-10.809,82.1
Spain,ESP,Europe & Central Asia,High income,2010,1.0363797,1.439,83.2
Spain,ESP,Europe & Central Asia,High income,2011,1.1180861,7.884,82.2
Spain,ESP,Europe & Central Asia,High income,2012,1.1056885,-1.109,82.7
Spain,ESP,Europe & Central Asia,High income,2013,0.7866619,-28.853,76.7
Spain,ESP,Europe & Central Asia,High income,2014,0.5991782,-23.833,74.8
Spain,ESP,Europe & Central Asia,High income,2015,0.5903482,-1.474,71.1
Spain,ESP,Europe & Central Asia,High income,2016,0.6246332,5.808,72.1
Spain,ESP,Europe & Central Asia,High income,2017,0.5939905,-4.906,71.6
Spain,ESP,Europe & Central Asia,High income,2018,0.7455087,25.509,76.5
Spain,ESP,Europe & Central Asia,High income,2019,0.8202611,10.027,78.4
Spain,ESP,Europe & Central Asia,High income,2020,0.8309019,1.297,79.9
Spain,ESP,Europe & Central Asia,High income,2021,0.8120886,-2.264,78.2
Spain,ESP,Europe & Central Asia,High income,2022,0.7816745,-3.745,77.2
Spain,ESP,Europe & Central Asia,High income,2023,0.7395223,-5.393,76.2
Sri Lanka,LKA,South Asia,Upper middle income,2002,-0.1750525,,51.6
Sri Lanka,LKA,South Asia,Upper middle income,2003,-0.2136698,-22.06,51.6
Sri Lanka,LKA,South Asia,Upper middle income,2004,-0.0555028,74.024,56.9
Sri Lanka,LKA,South Asia,Upper middle income,2005,-0.242344299999999,-336.634,53.5
Sri Lanka,LKA,South Asia,Upper middle income,2006,-0.226476099999999,6.548,51
Sri Lanka,LKA,South Asia,Upper middle income,2007,-0.1378825,39.118,53.8
Sri Lanka,LKA,South Asia,Upper middle income,2008,-0.267343699999999,-93.892,50
Sri Lanka,LKA,South Asia,Upper middle income,2009,-0.1917813,28.264,52.2
Sri Lanka,LKA,South Asia,Upper middle income,2010,-0.2614436,-36.324,48.5
Sri Lanka,LKA,South Asia,Upper middle income,2011,-0.2480769,5.113,48.5
Sri Lanka,LKA,South Asia,Upper middle income,2012,-0.3066483,-23.61,49
Sri Lanka,LKA,South Asia,Upper middle income,2013,-0.3103438,-1.205,47.5
Sri Lanka,LKA,South Asia,Upper middle income,2014,-0.4501459,-45.047,40.1
Sri Lanka,LKA,South Asia,Upper middle income,2015,-0.3413605,24.167,46.6
Sri Lanka,LKA,South Asia,Upper middle income,2016,-0.2510246,26.463,49
Sri Lanka,LKA,South Asia,Upper middle income,2017,-0.307832799999999,-22.631,45.6
Sri Lanka,LKA,South Asia,Upper middle income,2018,-0.2047049,33.501,48
Sri Lanka,LKA,South Asia,Upper middle income,2019,-0.1639347,19.917,49
Sri Lanka,LKA,South Asia,Upper middle income,2020,-0.2760375,-68.383,44.1
Sri Lanka,LKA,South Asia,Upper middle income,2021,-0.3367364,-21.989,42.2
Sri Lanka,LKA,South Asia,Upper middle income,2022,-0.3533578,-4.936,42.2
Sri Lanka,LKA,South Asia,Upper middle income,2023,-0.3868314,-9.473,40.8
St. Kitts and Nevis,KNA,Latin America & Caribbean,High income,2004,0.1506398,,61.4
St. Kitts and Nevis,KNA,Latin America & Caribbean,High income,2005,1.0449279,593.66,83.3
St. Kitts and Nevis,KNA,Latin America & Caribbean,High income,2006,1.0512639,0.606,82.8
St. Kitts and Nevis,KNA,Latin America & Caribbean,High income,2007,1.0467254,-0.432,83.9
St. Kitts and Nevis,KNA,Latin America & Caribbean,High income,2008,1.0479318,0.115,83.5
St. Kitts and Nevis,KNA,Latin America & Caribbean,High income,2009,1.0478893,-0.004,84.1
St. Kitts and Nevis,KNA,Latin America & Caribbean,High income,2010,1.3318853,27.102,85.1
St. Kitts and Nevis,KNA,Latin America & Caribbean,High income,2011,1.3295291,-0.177,85.6
St. Kitts and Nevis,KNA,Latin America & Caribbean,High income,2012,1.3246331,-0.368,86.1
St. Kitts and Nevis,KNA,Latin America & Caribbean,High income,2013,1.3250051,0.028,86.1
St. Kitts and Nevis,KNA,Latin America & Caribbean,High income,2014,-0.0834636,-106.299,57.4
St. Kitts and Nevis,KNA,Latin America & Caribbean,High income,2015,0.429142,614.167,66.7
St. Kitts and Nevis,KNA,Latin America & Caribbean,High income,2016,0.4304457,0.304,67.2
St. Kitts and Nevis,KNA,Latin America & Caribbean,High income,2017,0.4660328,8.268,68.6
St. Kitts and Nevis,KNA,Latin America & Caribbean,High income,2018,0.4031973,-13.483,66.2
St. Kitts and Nevis,KNA,Latin America & Caribbean,High income,2019,0.324202,-19.592,64.2
St. Kitts and Nevis,KNA,Latin America & Caribbean,High income,2020,0.3247512,0.169,64.2
St. Kitts and Nevis,KNA,Latin America & Caribbean,High income,2021,0.352033,8.401,66
St. Kitts and Nevis,KNA,Latin America & Caribbean,High income,2022,0.3109783,-11.662,64.6
St. Kitts and Nevis,KNA,Latin America & Caribbean,High income,2023,0.3519798,13.185,66
St. Lucia,LCA,Latin America & Caribbean,Upper middle income,2004,0.2092037,,64
St. Lucia,LCA,Latin America & Caribbean,Upper middle income,2005,1.1326284,441.4,83.8
St. Lucia,LCA,Latin America & Caribbean,Upper middle income,2006,1.1373909,0.42,84.8
St. Lucia,LCA,Latin America & Caribbean,Upper middle income,2007,1.1339794,-0.3,85.9
St. Lucia,LCA,Latin America & Caribbean,Upper middle income,2008,1.1348862,0.08,85
St. Lucia,LCA,Latin America & Caribbean,Upper middle income,2009,1.1348543,-0.003,85.6
St. Lucia,LCA,Latin America & Caribbean,Upper middle income,2010,1.3516835,19.106,88.6
St. Lucia,LCA,Latin America & Caribbean,Upper middle income,2011,1.350032,-0.122,88.1
St. Lucia,LCA,Latin America & Caribbean,Upper middle income,2012,1.1696019,-13.365,84.7
St. Lucia,LCA,Latin America & Caribbean,Upper middle income,2013,1.1698184,0.019,83.7
St. Lucia,LCA,Latin America & Caribbean,Upper middle income,2014,0.3501512,-70.068,67.8
St. Lucia,LCA,Latin America & Caribbean,Upper middle income,2015,0.5702666,62.863,70.6
St. Lucia,LCA,Latin America & Caribbean,Upper middle income,2016,0.5712704,0.176,69.6
St. Lucia,LCA,Latin America & Caribbean,Upper middle income,2017,0.5017334,-12.172,69.1
St. Lucia,LCA,Latin America & Caribbean,Upper middle income,2018,0.4535507,-9.603,69.6
St. Lucia,LCA,Latin America & Caribbean,Upper middle income,2019,0.4745651,4.633,69.6
St. Lucia,LCA,Latin America & Caribbean,Upper middle income,2020,0.37834,-20.276,65.7
St. Lucia,LCA,Latin America & Caribbean,Upper middle income,2021,0.370132,-2.169,67
St. Lucia,LCA,Latin America & Caribbean,Upper middle income,2022,0.3713679,0.334,67
St. Lucia,LCA,Latin America & Caribbean,Upper middle income,2023,0.3771938,1.569,67
St. Vincent and the Grenadines,VCT,Latin America & Caribbean,Upper middle income,2004,0.2092037,,64
St. Vincent and the Grenadines,VCT,Latin America & Caribbean,Upper middle income,2005,0.9733442,365.261,82.3
St. Vincent and the Grenadines,VCT,Latin America & Caribbean,Upper middle income,2006,0.9781067,0.489,81.3
St. Vincent and the Grenadines,VCT,Latin America & Caribbean,Upper middle income,2007,0.9746953,-0.349,81.4
St. Vincent and the Grenadines,VCT,Latin America & Caribbean,Upper middle income,2008,0.9756021,0.093,81.5
St. Vincent and the Grenadines,VCT,Latin America & Caribbean,Upper middle income,2009,0.9755701,-0.003,81.1
St. Vincent and the Grenadines,VCT,Latin America & Caribbean,Upper middle income,2010,1.1598426,18.889,84.7
St. Vincent and the Grenadines,VCT,Latin America & Caribbean,Upper middle income,2011,1.1581912,-0.142,83.7
St. Vincent and the Grenadines,VCT,Latin America & Caribbean,Upper middle income,2012,1.1547595,-0.296,83.7
St. Vincent and the Grenadines,VCT,Latin America & Caribbean,Upper middle income,2013,1.1550203,0.023,83.2
St. Vincent and the Grenadines,VCT,Latin America & Caribbean,Upper middle income,2014,0.6052154,-47.601,75.7
St. Vincent and the Grenadines,VCT,Latin America & Caribbean,Upper middle income,2015,0.6766032,11.795,74
St. Vincent and the Grenadines,VCT,Latin America & Caribbean,Upper middle income,2016,0.6777104,0.164,73.5
St. Vincent and the Grenadines,VCT,Latin America & Caribbean,Upper middle income,2017,0.7018791,3.566,74.5
St. Vincent and the Grenadines,VCT,Latin America & Caribbean,Upper middle income,2018,0.7531367,7.303,77.5
St. Vincent and the Grenadines,VCT,Latin America & Caribbean,Upper middle income,2019,0.7602069,0.939,76.5
St. Vincent and the Grenadines,VCT,Latin America & Caribbean,Upper middle income,2020,0.7606733,0.061,77
St. Vincent and the Grenadines,VCT,Latin America & Caribbean,Upper middle income,2021,0.7401119,-2.703,76.7
St. Vincent and the Grenadines,VCT,Latin America & Caribbean,Upper middle income,2022,0.7243711,-2.127,75.7
St. Vincent and the Grenadines,VCT,Latin America & Caribbean,Upper middle income,2023,0.7112575,-1.81,75.7
Sudan,SDN,Sub-Saharan Africa,Low income,2002,-1.1833566,,10.8
Sudan,SDN,Sub-Saharan Africa,Low income,2003,-1.3168528,-11.281,8.1
Sudan,SDN,Sub-Saharan Africa,Low income,2004,-1.30601939999999,0.823,6.6
Sudan,SDN,Sub-Saharan Africa,Low income,2005,-1.41500919999999,-8.345,5.6
Sudan,SDN,Sub-Saharan Africa,Low income,2006,-1.2022545,15.036,9.1
Sudan,SDN,Sub-Saharan Africa,Low income,2007,-1.31310249999999,-9.22,5.5
Sudan,SDN,Sub-Saharan Africa,Low income,2008,-1.4268295,-8.661,3.5
Sudan,SDN,Sub-Saharan Africa,Low income,2009,-1.42912899999999,-0.161,3
Sudan,SDN,Sub-Saharan Africa,Low income,2010,-1.4777406,-3.401,1.5
Sudan,SDN,Sub-Saharan Africa,Low income,2011,-1.46601389999999,0.794,1.5
Sudan,SDN,Sub-Saharan Africa,Low income,2012,-1.57216549999999,-7.241,1
Sudan,SDN,Sub-Saharan Africa,Low income,2013,-1.5693861,0.177,1
Sudan,SDN,Sub-Saharan Africa,Low income,2014,-1.5461064,1.483,2.5
Sudan,SDN,Sub-Saharan Africa,Low income,2015,-1.4808042,4.224,4.9
Sudan,SDN,Sub-Saharan Africa,Low income,2016,-1.4810828,-0.019,4.9
Sudan,SDN,Sub-Saharan Africa,Low income,2017,-1.480461,0.042,3.9
Sudan,SDN,Sub-Saharan Africa,Low income,2018,-1.5184609,-2.567,4.9
Sudan,SDN,Sub-Saharan Africa,Low income,2019,-1.47108899999999,3.12,6.4
Sudan,SDN,Sub-Saharan Africa,Low income,2020,-1.3828975,5.995,5.9
Sudan,SDN,Sub-Saharan Africa,Low income,2021,-1.292527,6.535,8.7
Sudan,SDN,Sub-Saharan Africa,Low income,2022,-1.4462818,-11.896,5.3
Sudan,SDN,Sub-Saharan Africa,Low income,2023,-1.4513517,-0.351,5.3
Suriname,SUR,Latin America & Caribbean,Upper middle income,2002,0.3269481,,68.8
Suriname,SUR,Latin America & Caribbean,Upper middle income,2003,0.3254934,-0.445,68.8
Suriname,SUR,Latin America & Caribbean,Upper middle income,2004,0.2578046,-20.796,67.5
Suriname,SUR,Latin America & Caribbean,Upper middle income,2005,0.2853308,10.677,66.2
Suriname,SUR,Latin America & Caribbean,Upper middle income,2006,0.139396,-51.146,62.6
Suriname,SUR,Latin America & Caribbean,Upper middle income,2007,0.0924045999999999,-33.711,62.3
Suriname,SUR,Latin America & Caribbean,Upper middle income,2008,0.1073481,16.172,63
Suriname,SUR,Latin America & Caribbean,Upper middle income,2009,-0.1101563,-202.616,54.7
Suriname,SUR,Latin America & Caribbean,Upper middle income,2010,-0.1624579,-47.479,54
Suriname,SUR,Latin America & Caribbean,Upper middle income,2011,-0.1481547,8.804,53.5
Suriname,SUR,Latin America & Caribbean,Upper middle income,2012,-0.1383846,6.595,54
Suriname,SUR,Latin America & Caribbean,Upper middle income,2013,-0.1615538,-16.743,54
Suriname,SUR,Latin America & Caribbean,Upper middle income,2014,-0.3215014,-99.006,48.5
Suriname,SUR,Latin America & Caribbean,Upper middle income,2015,-0.202065,37.15,52.5
Suriname,SUR,Latin America & Caribbean,Upper middle income,2016,-0.1787366,11.545,51
Suriname,SUR,Latin America & Caribbean,Upper middle income,2017,-0.195415199999999,-9.331,49.5
Suriname,SUR,Latin America & Caribbean,Upper middle income,2018,-0.2886333,-47.703,45.1
Suriname,SUR,Latin America & Caribbean,Upper middle income,2019,-0.281896,2.334,44.1
Suriname,SUR,Latin America & Caribbean,Upper middle income,2020,-0.3026185,-7.351,42.2
Suriname,SUR,Latin America & Caribbean,Upper middle income,2021,-0.311597299999999,-2.967,43.7
Suriname,SUR,Latin America & Caribbean,Upper middle income,2022,-0.308943099999999,0.852,43.7
Suriname,SUR,Latin America & Caribbean,Upper middle income,2023,-0.3292402,-6.57,43.7
Sweden,SWE,Europe & Central Asia,High income,2002,2.3170467,,99.5
Sweden,SWE,Europe & Central Asia,High income,2003,2.1571809,-6.9,98.4
Sweden,SWE,Europe & Central Asia,High income,2004,2.0262663,-6.069,98.5
Sweden,SWE,Europe & Central Asia,High income,2005,2.0329723,0.331,98
Sweden,SWE,Europe & Central Asia,High income,2006,2.1381523,5.174,97.5
Sweden,SWE,Europe & Central Asia,High income,2007,2.1579783,0.927,97.5
Sweden,SWE,Europe & Central Asia,High income,2008,2.1588003,0.038,97.5
Sweden,SWE,Europe & Central Asia,High income,2009,2.1435016,-0.709,98
Sweden,SWE,Europe & Central Asia,High income,2010,2.1306982,-0.597,99
Sweden,SWE,Europe & Central Asia,High income,2011,2.1230571,-0.359,98
Sweden,SWE,Europe & Central Asia,High income,2012,2.1691497,2.171,98.5
Sweden,SWE,Europe & Central Asia,High income,2013,2.07534,-4.325,97.5
Sweden,SWE,Europe & Central Asia,High income,2014,2.0070816,-3.289,96
Sweden,SWE,Europe & Central Asia,High income,2015,2.0948719,4.374,97.1
Sweden,SWE,Europe & Central Asia,High income,2016,2.1058509,0.524,97.1
Sweden,SWE,Europe & Central Asia,High income,2017,2.1093078,0.164,96.6
Sweden,SWE,Europe & Central Asia,High income,2018,2.1157895,0.307,97.5
Sweden,SWE,Europe & Central Asia,High income,2019,2.1292113,0.634,97.5
Sweden,SWE,Europe & Central Asia,High income,2020,2.1337232,0.212,97.5
Sweden,SWE,Europe & Central Asia,High income,2021,2.0899139,-2.053,98.1
Sweden,SWE,Europe & Central Asia,High income,2022,2.0255279,-3.081,97.1
Sweden,SWE,Europe & Central Asia,High income,2023,1.9804259,-2.227,97.1
Switzerland,CHE,Europe & Central Asia,High income,2002,1.9920292,,95.2
Switzerland,CHE,Europe & Central Asia,High income,2003,1.9749083,-0.859,94.6
Switzerland,CHE,Europe & Central Asia,High income,2004,1.8671879,-5.454,95.9
Switzerland,CHE,Europe & Central Asia,High income,2005,1.9821243,6.156,96
Switzerland,CHE,Europe & Central Asia,High income,2006,2.1927741,10.627,98.5
Switzerland,CHE,Europe & Central Asia,High income,2007,2.1803588,-0.566,98.5
Switzerland,CHE,Europe & Central Asia,High income,2008,2.176294,-0.186,98.5
Switzerland,CHE,Europe & Central Asia,High income,2009,2.0499015,-5.808,96.5
Switzerland,CHE,Europe & Central Asia,High income,2010,2.0649103,0.732,97
Switzerland,CHE,Europe & Central Asia,High income,2011,2.0892423,1.178,97.5
Switzerland,CHE,Europe & Central Asia,High income,2012,2.1649502,3.624,98
Switzerland,CHE,Europe & Central Asia,High income,2013,2.1291279,-1.655,98
Switzerland,CHE,Europe & Central Asia,High income,2014,2.2607465,6.182,100
Switzerland,CHE,Europe & Central Asia,High income,2015,2.2702247,0.419,100
Switzerland,CHE,Europe & Central Asia,High income,2016,2.2830399,0.564,100
Switzerland,CHE,Europe & Central Asia,High income,2017,2.3027582,0.864,100
Switzerland,CHE,Europe & Central Asia,High income,2018,2.2937762,-0.39,100
Switzerland,CHE,Europe & Central Asia,High income,2019,2.3009699,0.314,100
Switzerland,CHE,Europe & Central Asia,High income,2020,2.2868791,-0.612,100
Switzerland,CHE,Europe & Central Asia,High income,2021,2.1059546,-7.911,98.5
Switzerland,CHE,Europe & Central Asia,High income,2022,2.0949429,-0.523,99
Switzerland,CHE,Europe & Central Asia,High income,2023,2.0972439,0.11,99
Syrian Arab Republic,SYR,"Middle East, North Africa, Afghanistan & Pakistan",Low income,2002,-0.752282999999999,,31.7
Syrian Arab Republic,SYR,"Middle East, North Africa, Afghanistan & Pakistan",Low income,2003,-0.9507806,-26.386,21
Syrian Arab Republic,SYR,"Middle East, North Africa, Afghanistan & Pakistan",Low income,2004,-0.9659962,-1.6,18.8
Syrian Arab Republic,SYR,"Middle East, North Africa, Afghanistan & Pakistan",Low income,2005,-0.956773299999999,0.955,19.7
Syrian Arab Republic,SYR,"Middle East, North Africa, Afghanistan & Pakistan",Low income,2006,-0.9608346,-0.424,18.7
Syrian Arab Republic,SYR,"Middle East, North Africa, Afghanistan & Pakistan",Low income,2007,-1.0765041,-12.038,13.6
Syrian Arab Republic,SYR,"Middle East, North Africa, Afghanistan & Pakistan",Low income,2008,-1.09826089999999,-2.021,13.5
Syrian Arab Republic,SYR,"Middle East, North Africa, Afghanistan & Pakistan",Low income,2009,-1.0457825,4.778,16.4
Syrian Arab Republic,SYR,"Middle East, North Africa, Afghanistan & Pakistan",Low income,2010,-1.0905246,-4.278,13.9
Syrian Arab Republic,SYR,"Middle East, North Africa, Afghanistan & Pakistan",Low income,2011,-1.106722,-1.485,14.4
Syrian Arab Republic,SYR,"Middle East, North Africa, Afghanistan & Pakistan",Low income,2012,-1.19016529999999,-7.54,11.9
Syrian Arab Republic,SYR,"Middle East, North Africa, Afghanistan & Pakistan",Low income,2013,-1.20834819999999,-1.528,10.4
Syrian Arab Republic,SYR,"Middle East, North Africa, Afghanistan & Pakistan",Low income,2014,-1.5306381,-26.672,3
Syrian Arab Republic,SYR,"Middle East, North Africa, Afghanistan & Pakistan",Low income,2015,-1.5307718,-0.009,2.5
Syrian Arab Republic,SYR,"Middle East, North Africa, Afghanistan & Pakistan",Low income,2016,-1.5915844,-3.973,2.5
Syrian Arab Republic,SYR,"Middle East, North Africa, Afghanistan & Pakistan",Low income,2017,-1.5920556,-0.03,2.5
Syrian Arab Republic,SYR,"Middle East, North Africa, Afghanistan & Pakistan",Low income,2018,-1.5912541,0.05,2.5
Syrian Arab Republic,SYR,"Middle East, North Africa, Afghanistan & Pakistan",Low income,2019,-1.6558161,-4.057,1
Syrian Arab Republic,SYR,"Middle East, North Africa, Afghanistan & Pakistan",Low income,2020,-1.6873687,-1.906,0.5
Syrian Arab Republic,SYR,"Middle East, North Africa, Afghanistan & Pakistan",Low income,2021,-1.79070699999999,-6.124,0.5
Syrian Arab Republic,SYR,"Middle East, North Africa, Afghanistan & Pakistan",Low income,2022,-1.79243509999999,-0.097,0.5
Syrian Arab Republic,SYR,"Middle East, North Africa, Afghanistan & Pakistan",Low income,2023,-1.7817933,0.594,0.5
Tajikistan,TJK,Europe & Central Asia,Lower middle income,2002,-1.3167668,,8.1
Tajikistan,TJK,Europe & Central Asia,Lower middle income,2003,-1.31857849999999,-0.138,7.5
Tajikistan,TJK,Europe & Central Asia,Lower middle income,2004,-1.3298111,-0.852,5.1
Tajikistan,TJK,Europe & Central Asia,Lower middle income,2005,-1.3079375,1.645,7.6
Tajikistan,TJK,Europe & Central Asia,Lower middle income,2006,-1.0710889,18.109,15.2
Tajikistan,TJK,Europe & Central Asia,Lower middle income,2007,-1.0629799,0.757,14.1
Tajikistan,TJK,Europe & Central Asia,Lower middle income,2008,-1.2558509,-18.144,7.5
Tajikistan,TJK,Europe & Central Asia,Lower middle income,2009,-1.2681926,-0.983,7
Tajikistan,TJK,Europe & Central Asia,Lower middle income,2010,-1.3765192,-8.542,3.5
Tajikistan,TJK,Europe & Central Asia,Lower middle income,2011,-1.2406842,9.868,6.9
Tajikistan,TJK,Europe & Central Asia,Lower middle income,2012,-1.3105533,-5.631,6.9
Tajikistan,TJK,Europe & Central Asia,Lower middle income,2013,-1.3323463,-1.663,5.4
Tajikistan,TJK,Europe & Central Asia,Lower middle income,2014,-1.2400034,6.931,11.4
Tajikistan,TJK,Europe & Central Asia,Lower middle income,2015,-1.2043521,2.875,12.3
Tajikistan,TJK,Europe & Central Asia,Lower middle income,2016,-1.1861023,1.515,12.3
Tajikistan,TJK,Europe & Central Asia,Lower middle income,2017,-1.2132801,-2.291,11.3
Tajikistan,TJK,Europe & Central Asia,Lower middle income,2018,-1.3482752,-11.126,9.8
Tajikistan,TJK,Europe & Central Asia,Lower middle income,2019,-1.27219939999999,5.642,10.3
Tajikistan,TJK,Europe & Central Asia,Lower middle income,2020,-1.083847,14.805,13.7
Tajikistan,TJK,Europe & Central Asia,Lower middle income,2021,-1.0874541,-0.333,15.5
Tajikistan,TJK,Europe & Central Asia,Lower middle income,2022,-1.1230133,-3.27,14.6
Tajikistan,TJK,Europe & Central Asia,Lower middle income,2023,-1.1236074,-0.053,13.6
Tanzania,TZA,Sub-Saharan Africa,Lower middle income,2002,-0.757763699999999,,31.2
Tanzania,TZA,Sub-Saharan Africa,Lower middle income,2003,-0.7197376,5.018,32.3
Tanzania,TZA,Sub-Saharan Africa,Lower middle income,2004,-0.604957499999999,15.947,34
Tanzania,TZA,Sub-Saharan Africa,Lower middle income,2005,-0.669065599999999,-10.597,32.3
Tanzania,TZA,Sub-Saharan Africa,Lower middle income,2006,-0.2154179,67.803,52
Tanzania,TZA,Sub-Saharan Africa,Lower middle income,2007,-0.3125541,-45.092,47.7
Tanzania,TZA,Sub-Saharan Africa,Lower middle income,2008,-0.347588299999999,-11.209,44
Tanzania,TZA,Sub-Saharan Africa,Lower middle income,2009,-0.3744225,-7.72,42.3
Tanzania,TZA,Sub-Saharan Africa,Lower middle income,2010,-0.493373299999999,-31.769,36.6
Tanzania,TZA,Sub-Saharan Africa,Lower middle income,2011,-0.5267179,-6.758,35.6
Tanzania,TZA,Sub-Saharan Africa,Lower middle income,2012,-0.6184419,-17.414,32.2
Tanzania,TZA,Sub-Saharan Africa,Lower middle income,2013,-0.6530961,-5.603,31.2
Tanzania,TZA,Sub-Saharan Africa,Lower middle income,2014,-0.6311616,3.359,34.2
Tanzania,TZA,Sub-Saharan Africa,Lower middle income,2015,-0.5825641,7.7,36.3
Tanzania,TZA,Sub-Saharan Africa,Lower middle income,2016,-0.4354617,25.251,39.2
Tanzania,TZA,Sub-Saharan Africa,Lower middle income,2017,-0.3504596,19.52,44.6
Tanzania,TZA,Sub-Saharan Africa,Lower middle income,2018,-0.3396123,3.095,42.6
Tanzania,TZA,Sub-Saharan Africa,Lower middle income,2019,-0.2829332,16.689,43.6
Tanzania,TZA,Sub-Saharan Africa,Lower middle income,2020,-0.2540505,10.208,46.1
Tanzania,TZA,Sub-Saharan Africa,Lower middle income,2021,-0.351543,-38.375,41.3
Tanzania,TZA,Sub-Saharan Africa,Lower middle income,2022,-0.3590925,-2.148,41.7
Tanzania,TZA,Sub-Saharan Africa,Lower middle income,2023,-0.346236,3.58,42.7
Thailand,THA,East Asia & Pacific,Upper middle income,2002,-0.5285957,,41.9
Thailand,THA,East Asia & Pacific,Upper middle income,2003,-0.55629,-5.239,39.2
Thailand,THA,East Asia & Pacific,Upper middle income,2004,-0.437662799999999,21.325,39.1
Thailand,THA,East Asia & Pacific,Upper middle income,2005,-0.3525114,19.456,47.5
Thailand,THA,East Asia & Pacific,Upper middle income,2006,-0.4581751,-29.975,38.4
Thailand,THA,East Asia & Pacific,Upper middle income,2007,-0.2413121,47.332,51.8
Thailand,THA,East Asia & Pacific,Upper middle income,2008,-0.300508999999999,-24.531,46.5
Thailand,THA,East Asia & Pacific,Upper middle income,2009,-0.169330999999999,43.652,53.7
Thailand,THA,East Asia & Pacific,Upper middle income,2010,-0.2171947,-28.266,51.5
Thailand,THA,East Asia & Pacific,Upper middle income,2011,-0.147218899999999,32.218,54
Thailand,THA,East Asia & Pacific,Upper middle income,2012,-0.3712467,-152.173,46
Thailand,THA,East Asia & Pacific,Upper middle income,2013,-0.2742545,26.126,49.5
Thailand,THA,East Asia & Pacific,Upper middle income,2014,-0.446293599999999,-62.73,40.6
Thailand,THA,East Asia & Pacific,Upper middle income,2015,-0.5473428,-22.642,37.3
Thailand,THA,East Asia & Pacific,Upper middle income,2016,-0.408719499999999,25.327,42.2
Thailand,THA,East Asia & Pacific,Upper middle income,2017,-0.3709316,9.245,44.1
Thailand,THA,East Asia & Pacific,Upper middle income,2018,-0.3729339,-0.54,41.2
Thailand,THA,East Asia & Pacific,Upper middle income,2019,-0.3854632,-3.36,39.7
Thailand,THA,East Asia & Pacific,Upper middle income,2020,-0.3820186,0.894,38.7
Thailand,THA,East Asia & Pacific,Upper middle income,2021,-0.3893452,-1.918,40.3
Thailand,THA,East Asia & Pacific,Upper middle income,2022,-0.403978499999999,-3.758,40.3
Thailand,THA,East Asia & Pacific,Upper middle income,2023,-0.439334199999999,-8.752,38.3
Timor-Leste,TLS,East Asia & Pacific,Lower middle income,2002,-0.0548282,,56.5
Timor-Leste,TLS,East Asia & Pacific,Lower middle income,2003,-0.1590887,-190.159,54.3
Timor-Leste,TLS,East Asia & Pacific,Lower middle income,2004,-0.1635481,-2.803,53.3
Timor-Leste,TLS,East Asia & Pacific,Lower middle income,2005,-0.322873099999999,-97.418,48
Timor-Leste,TLS,East Asia & Pacific,Lower middle income,2006,-0.417402899999999,-29.278,40.9
Timor-Leste,TLS,East Asia & Pacific,Lower middle income,2007,-0.4973819,-19.161,36.7
Timor-Leste,TLS,East Asia & Pacific,Lower middle income,2008,-0.4884552,1.795,36.5
Timor-Leste,TLS,East Asia & Pacific,Lower middle income,2009,-0.739824199999999,-51.462,25.4
Timor-Leste,TLS,East Asia & Pacific,Lower middle income,2010,-0.72329,2.235,24.3
Timor-Leste,TLS,East Asia & Pacific,Lower middle income,2011,-0.8197424,-13.335,22.3
Timor-Leste,TLS,East Asia & Pacific,Lower middle income,2012,-0.807659599999999,1.474,23.8
Timor-Leste,TLS,East Asia & Pacific,Lower middle income,2013,-0.7354721,8.938,28.2
Timor-Leste,TLS,East Asia & Pacific,Lower middle income,2014,-0.6498965,11.635,32.2
Timor-Leste,TLS,East Asia & Pacific,Lower middle income,2015,-0.646685699999999,0.494,30.4
Timor-Leste,TLS,East Asia & Pacific,Lower middle income,2016,-0.6402264,0.999,32.4
Timor-Leste,TLS,East Asia & Pacific,Lower middle income,2017,-0.6807561,-6.331,30.9
Timor-Leste,TLS,East Asia & Pacific,Lower middle income,2018,-0.5893993,13.42,31.9
Timor-Leste,TLS,East Asia & Pacific,Lower middle income,2019,-0.438596799999999,25.586,37.7
Timor-Leste,TLS,East Asia & Pacific,Lower middle income,2020,-0.424278699999999,3.265,37.3
Timor-Leste,TLS,East Asia & Pacific,Lower middle income,2021,-0.3019067,28.842,44.7
Timor-Leste,TLS,East Asia & Pacific,Lower middle income,2022,-0.4506594,-49.271,36.9
Timor-Leste,TLS,East Asia & Pacific,Lower middle income,2023,-0.4265439,5.351,39.8
Togo,TGO,Sub-Saharan Africa,Lower middle income,2002,-0.901118099999999,,24.2
Togo,TGO,Sub-Saharan Africa,Lower middle income,2003,-0.9025728,-0.161,23.7
Togo,TGO,Sub-Saharan Africa,Lower middle income,2004,-0.9227871,-2.24,20.8
Togo,TGO,Sub-Saharan Africa,Lower middle income,2005,-0.9351421,-1.339,20.7
Togo,TGO,Sub-Saharan Africa,Lower middle income,2006,-1.0720376,-14.639,14.6
Togo,TGO,Sub-Saharan Africa,Lower middle income,2007,-1.0360718,3.355,17.6
Togo,TGO,Sub-Saharan Africa,Lower middle income,2008,-1.0401869,-0.397,16
Togo,TGO,Sub-Saharan Africa,Lower middle income,2009,-1.0333147,0.661,16.9
Togo,TGO,Sub-Saharan Africa,Lower middle income,2010,-0.786170199999999,23.918,21.8
Togo,TGO,Sub-Saharan Africa,Lower middle income,2011,-0.8497363,-8.086,20.8
Togo,TGO,Sub-Saharan Africa,Lower middle income,2012,-0.818918399999999,3.627,23.3
Togo,TGO,Sub-Saharan Africa,Lower middle income,2013,-0.8443157,-3.101,22.8
Togo,TGO,Sub-Saharan Africa,Lower middle income,2014,-0.791632799999999,6.24,27.7
Togo,TGO,Sub-Saharan Africa,Lower middle income,2015,-0.6308001,20.317,31.4
Togo,TGO,Sub-Saharan Africa,Lower middle income,2016,-0.6534352,-3.588,30.9
Togo,TGO,Sub-Saharan Africa,Lower middle income,2017,-0.7306167,-11.812,28.9
Togo,TGO,Sub-Saharan Africa,Lower middle income,2018,-0.7549576,-3.332,28.4
Togo,TGO,Sub-Saharan Africa,Lower middle income,2019,-0.7066703,6.396,28.9
Togo,TGO,Sub-Saharan Africa,Lower middle income,2020,-0.644805899999999,8.754,28.4
Togo,TGO,Sub-Saharan Africa,Lower middle income,2021,-0.6519768,-1.112,28.2
Togo,TGO,Sub-Saharan Africa,Lower middle income,2022,-0.630985799999999,3.22,30.1
Togo,TGO,Sub-Saharan Africa,Lower middle income,2023,-0.5879504,6.82,32
Tonga,TON,East Asia & Pacific,Upper middle income,2004,0.0964022,,59.9
Tonga,TON,East Asia & Pacific,Upper middle income,2005,-1.3317641,-1481.467,7.1
Tonga,TON,East Asia & Pacific,Upper middle income,2006,-1.3261436,0.422,5.1
Tonga,TON,East Asia & Pacific,Upper middle income,2007,-1.0586474,20.171,14.6
Tonga,TON,East Asia & Pacific,Upper middle income,2008,-0.6398446,39.56,29.5
Tonga,TON,East Asia & Pacific,Upper middle income,2009,-0.6196342,3.159,30.3
Tonga,TON,East Asia & Pacific,Upper middle income,2010,-0.232594,62.463,50
Tonga,TON,East Asia & Pacific,Upper middle income,2011,-0.222012699999999,4.549,49.5
Tonga,TON,East Asia & Pacific,Upper middle income,2012,-0.2248143,-1.262,51.5
Tonga,TON,East Asia & Pacific,Upper middle income,2013,-0.224601299999999,0.095,51
Tonga,TON,East Asia & Pacific,Upper middle income,2014,-0.5841786,-160.096,36.1
Tonga,TON,East Asia & Pacific,Upper middle income,2015,-0.593882599999999,-1.661,33.3
Tonga,TON,East Asia & Pacific,Upper middle income,2016,-0.592089299999999,0.302,33.8
Tonga,TON,East Asia & Pacific,Upper middle income,2017,-0.236292099999999,60.092,48
Tonga,TON,East Asia & Pacific,Upper middle income,2018,-0.0849916,64.031,53.9
Tonga,TON,East Asia & Pacific,Upper middle income,2019,-0.4390652,-416.598,36.8
Tonga,TON,East Asia & Pacific,Upper middle income,2020,-0.2816956,35.842,43.6
Tonga,TON,East Asia & Pacific,Upper middle income,2021,-0.3427691,-21.681,41.7
Tonga,TON,East Asia & Pacific,Upper middle income,2022,-0.496913,-44.97,35
Tonga,TON,East Asia & Pacific,Upper middle income,2023,-0.4947162,0.442,35.9
Trinidad and Tobago,TTO,Latin America & Caribbean,High income,2002,0.2514787,,66.7
Trinidad and Tobago,TTO,Latin America & Caribbean,High income,2003,0.1990394,-20.852,65.1
Trinidad and Tobago,TTO,Latin America & Caribbean,High income,2004,0.162558,-18.329,62.4
Trinidad and Tobago,TTO,Latin America & Caribbean,High income,2005,0.176292,8.449,63.1
Trinidad and Tobago,TTO,Latin America & Caribbean,High income,2006,-0.00104149999999999,-100.591,57.6
Trinidad and Tobago,TTO,Latin America & Caribbean,High income,2007,-0.0413561999999999,-3870.831,58.3
Trinidad and Tobago,TTO,Latin America & Caribbean,High income,2008,-0.0630559,-52.47,58
Trinidad and Tobago,TTO,Latin America & Caribbean,High income,2009,-0.0252713,59.922,57.2
Trinidad and Tobago,TTO,Latin America & Caribbean,High income,2010,-0.1175861,-365.295,55
Trinidad and Tobago,TTO,Latin America & Caribbean,High income,2011,-0.0897853,23.643,55.4
Trinidad and Tobago,TTO,Latin America & Caribbean,High income,2012,-0.1055709,-17.581,55.9
Trinidad and Tobago,TTO,Latin America & Caribbean,High income,2013,-0.1579496,-49.615,54.5
Trinidad and Tobago,TTO,Latin America & Caribbean,High income,2014,-0.4187145,-165.094,43.1
Trinidad and Tobago,TTO,Latin America & Caribbean,High income,2015,-0.2917364,30.326,49
Trinidad and Tobago,TTO,Latin America & Caribbean,High income,2016,-0.256357599999999,12.127,48.5
Trinidad and Tobago,TTO,Latin America & Caribbean,High income,2017,-0.259017,-1.037,47.5
Trinidad and Tobago,TTO,Latin America & Caribbean,High income,2018,-0.2775407,-7.152,45.6
Trinidad and Tobago,TTO,Latin America & Caribbean,High income,2019,-0.2006209,27.715,47.5
Trinidad and Tobago,TTO,Latin America & Caribbean,High income,2020,-0.1941792,3.211,47.5
Trinidad and Tobago,TTO,Latin America & Caribbean,High income,2021,-0.2305843,-18.748,46.6
Trinidad and Tobago,TTO,Latin America & Caribbean,High income,2022,-0.2989622,-29.654,44.7
Trinidad and Tobago,TTO,Latin America & Caribbean,High income,2023,-0.3161967,-5.765,44.2
Tunisia,TUN,"Middle East, North Africa, Afghanistan & Pakistan",Lower middle income,2002,-0.0488823,,57
Tunisia,TUN,"Middle East, North Africa, Afghanistan & Pakistan",Lower middle income,2003,-0.2307968,-372.148,51.1
Tunisia,TUN,"Middle East, North Africa, Afghanistan & Pakistan",Lower middle income,2004,-0.1547903,32.932,53.8
Tunisia,TUN,"Middle East, North Africa, Afghanistan & Pakistan",Lower middle income,2005,-0.2831211,-82.906,51
Tunisia,TUN,"Middle East, North Africa, Afghanistan & Pakistan",Lower middle income,2006,-0.0584308999999999,79.362,55.6
Tunisia,TUN,"Middle East, North Africa, Afghanistan & Pakistan",Lower middle income,2007,-0.114220499999999,-95.48,54.8
Tunisia,TUN,"Middle East, North Africa, Afghanistan & Pakistan",Lower middle income,2008,-0.298259899999999,-161.126,47
Tunisia,TUN,"Middle East, North Africa, Afghanistan & Pakistan",Lower middle income,2009,-0.2882811,3.346,47.8
Tunisia,TUN,"Middle East, North Africa, Afghanistan & Pakistan",Lower middle income,2010,-0.1941292,32.66,52.5
Tunisia,TUN,"Middle East, North Africa, Afghanistan & Pakistan",Lower middle income,2011,0.0507,126.117,58.9
Tunisia,TUN,"Middle East, North Africa, Afghanistan & Pakistan",Lower middle income,2012,0.0016466,-96.752,59.9
Tunisia,TUN,"Middle East, North Africa, Afghanistan & Pakistan",Lower middle income,2013,-0.0117731,-814.995,59.9
Tunisia,TUN,"Middle East, North Africa, Afghanistan & Pakistan",Lower middle income,2014,0.012509,206.251,60.9
Tunisia,TUN,"Middle East, North Africa, Afghanistan & Pakistan",Lower middle income,2015,-0.0143711,-214.886,56.9
Tunisia,TUN,"Middle East, North Africa, Afghanistan & Pakistan",Lower middle income,2016,-0.0577612999999999,-301.927,56.4
Tunisia,TUN,"Middle East, North Africa, Afghanistan & Pakistan",Lower middle income,2017,-0.0490023999999999,15.164,55.9
Tunisia,TUN,"Middle East, North Africa, Afghanistan & Pakistan",Lower middle income,2018,0.00133739999999999,102.729,57.8
Tunisia,TUN,"Middle East, North Africa, Afghanistan & Pakistan",Lower middle income,2019,-0.0286669999999999,-2243.487,55.4
Tunisia,TUN,"Middle East, North Africa, Afghanistan & Pakistan",Lower middle income,2020,-0.019263,32.804,56.4
Tunisia,TUN,"Middle East, North Africa, Afghanistan & Pakistan",Lower middle income,2021,-0.1415165,-634.655,51.9
Tunisia,TUN,"Middle East, North Africa, Afghanistan & Pakistan",Lower middle income,2022,-0.1992466,-40.794,49.5
Tunisia,TUN,"Middle East, North Africa, Afghanistan & Pakistan",Lower middle income,2023,-0.192361099999999,3.456,50
Turkiye,TUR,Europe & Central Asia,Upper middle income,2002,-0.362128599999999,,46.2
Turkiye,TUR,Europe & Central Asia,Upper middle income,2003,-0.1638257,54.76,53.8
Turkiye,TUR,Europe & Central Asia,Upper middle income,2004,-0.1644536,-0.383,52.8
Turkiye,TUR,Europe & Central Asia,Upper middle income,2005,-0.0714981,56.524,57.1
Turkiye,TUR,Europe & Central Asia,Upper middle income,2006,0.0500441,169.994,58.1
Turkiye,TUR,Europe & Central Asia,Upper middle income,2007,0.074927,49.722,61.3
Turkiye,TUR,Europe & Central Asia,Upper middle income,2008,0.0490015,-34.601,60.5
Turkiye,TUR,Europe & Central Asia,Upper middle income,2009,0.0307792,-37.187,59.2
Turkiye,TUR,Europe & Central Asia,Upper middle income,2010,0.0487911,58.52,59.4
Turkiye,TUR,Europe & Central Asia,Upper middle income,2011,0.0464784,-4.74,58.4
Turkiye,TUR,Europe & Central Asia,Upper middle income,2012,0.1585192,241.06,64.4
Turkiye,TUR,Europe & Central Asia,Upper middle income,2013,0.1399698,-11.702,63.4
Turkiye,TUR,Europe & Central Asia,Upper middle income,2014,-0.1089047,-177.806,56.9
Turkiye,TUR,Europe & Central Asia,Upper middle income,2015,-0.1063785,2.32,54.4
Turkiye,TUR,Europe & Central Asia,Upper middle income,2016,-0.0845918,20.48,55.4
Turkiye,TUR,Europe & Central Asia,Upper middle income,2017,-0.0665516,21.326,54.4
Turkiye,TUR,Europe & Central Asia,Upper middle income,2018,-0.2317166,-248.176,47.1
Turkiye,TUR,Europe & Central Asia,Upper middle income,2019,-0.1801871,22.238,48.5
Turkiye,TUR,Europe & Central Asia,Upper middle income,2020,-0.3242268,-79.939,41.2
Turkiye,TUR,Europe & Central Asia,Upper middle income,2021,-0.3992138,-23.128,39.3
Turkiye,TUR,Europe & Central Asia,Upper middle income,2022,-0.4324578,-8.327,37.4
Turkiye,TUR,Europe & Central Asia,Upper middle income,2023,-0.4374572,-1.156,38.8
Turkmenistan,TKM,Europe & Central Asia,Upper middle income,2002,-0.994533399999999,,20.4
Turkmenistan,TKM,Europe & Central Asia,Upper middle income,2003,-0.9964425,-0.192,18.8
Turkmenistan,TKM,Europe & Central Asia,Upper middle income,2004,-1.2851035,-28.969,7.1
Turkmenistan,TKM,Europe & Central Asia,Upper middle income,2005,-1.48509089999999,-15.562,3.5
Turkmenistan,TKM,Europe & Central Asia,Upper middle income,2006,-1.48297749999999,0.142,2.5
Turkmenistan,TKM,Europe & Central Asia,Upper middle income,2007,-1.4844913,-0.102,2
Turkmenistan,TKM,Europe & Central Asia,Upper middle income,2008,-1.4890508,-0.307,3
Turkmenistan,TKM,Europe & Central Asia,Upper middle income,2009,-1.4965077,-0.501,2
Turkmenistan,TKM,Europe & Central Asia,Upper middle income,2010,-1.49626479999999,0.016,1
Turkmenistan,TKM,Europe & Central Asia,Upper middle income,2011,-1.49687329999999,-0.041,1
Turkmenistan,TKM,Europe & Central Asia,Upper middle income,2012,-1.4981376,-0.084,1.5
Turkmenistan,TKM,Europe & Central Asia,Upper middle income,2013,-1.5017629,-0.242,1.5
Turkmenistan,TKM,Europe & Central Asia,Upper middle income,2014,-1.4626017,2.608,5.9
Turkmenistan,TKM,Europe & Central Asia,Upper middle income,2015,-1.4615973,0.069,5.4
Turkmenistan,TKM,Europe & Central Asia,Upper middle income,2016,-1.464505,-0.199,5.9
Turkmenistan,TKM,Europe & Central Asia,Upper middle income,2017,-1.4526795,0.807,4.9
Turkmenistan,TKM,Europe & Central Asia,Upper middle income,2018,-1.4516946,0.068,7.4
Turkmenistan,TKM,Europe & Central Asia,Upper middle income,2019,-1.362369,6.153,8.8
Turkmenistan,TKM,Europe & Central Asia,Upper middle income,2020,-1.3595471,0.207,7.8
Turkmenistan,TKM,Europe & Central Asia,Upper middle income,2021,-1.36021099999999,-0.049,7.3
Turkmenistan,TKM,Europe & Central Asia,Upper middle income,2022,-1.360439,-0.017,7.3
Turkmenistan,TKM,Europe & Central Asia,Upper middle income,2023,-1.350058,0.763,7.8
Tuvalu,TUV,East Asia & Pacific,Upper middle income,2004,0.6637174,,78.2
Tuvalu,TUV,East Asia & Pacific,Upper middle income,2005,-0.0472444,-107.118,58.1
Tuvalu,TUV,East Asia & Pacific,Upper middle income,2006,-0.0392937,16.829,56.6
Tuvalu,TUV,East Asia & Pacific,Upper middle income,2007,-0.1040768,-164.869,55.3
Tuvalu,TUV,East Asia & Pacific,Upper middle income,2008,-0.102563,1.455,55
Tuvalu,TUV,East Asia & Pacific,Upper middle income,2009,-0.1026163,-0.052,55.2
Tuvalu,TUV,East Asia & Pacific,Upper middle income,2010,-0.1017024,0.891,55.4
Tuvalu,TUV,East Asia & Pacific,Upper middle income,2011,-0.1039915,-2.251,55
Tuvalu,TUV,East Asia & Pacific,Upper middle income,2012,-0.2310738,-122.205,51
Tuvalu,TUV,East Asia & Pacific,Upper middle income,2013,-0.2308182,0.111,50.5
Tuvalu,TUV,East Asia & Pacific,Upper middle income,2014,-0.0458344,80.143,58.4
Tuvalu,TUV,East Asia & Pacific,Upper middle income,2015,-0.0431632,5.828,56.4
Tuvalu,TUV,East Asia & Pacific,Upper middle income,2016,-0.0410107,4.987,56.9
Tuvalu,TUV,East Asia & Pacific,Upper middle income,2017,-0.0425507,-3.755,56.9
Tuvalu,TUV,East Asia & Pacific,Upper middle income,2018,-0.0399314,6.156,55.9
Tuvalu,TUV,East Asia & Pacific,Upper middle income,2019,0.3922741,1082.37,66.2
Tuvalu,TUV,East Asia & Pacific,Upper middle income,2020,0.2051999,-47.69,61.8
Tuvalu,TUV,East Asia & Pacific,Upper middle income,2021,0.2034342,-0.86,62.1
Tuvalu,TUV,East Asia & Pacific,Upper middle income,2022,0.2445984,20.235,62.6
Tuvalu,TUV,East Asia & Pacific,Upper middle income,2023,0.2425155,-0.852,62.6
Uganda,UGA,Sub-Saharan Africa,Low income,2002,-1.1472765,,11.8
Uganda,UGA,Sub-Saharan Africa,Low income,2003,-1.0880722,5.16,12.9
Uganda,UGA,Sub-Saharan Africa,Low income,2004,-0.832184399999999,23.518,24.9
Uganda,UGA,Sub-Saharan Africa,Low income,2005,-0.8971513,-7.807,22.7
Uganda,UGA,Sub-Saharan Africa,Low income,2006,-0.643684199999999,28.252,30.3
Uganda,UGA,Sub-Saharan Africa,Low income,2007,-0.7161406,-11.257,26.6
Uganda,UGA,Sub-Saharan Africa,Low income,2008,-0.707299999999999,1.234,27
Uganda,UGA,Sub-Saharan Africa,Low income,2009,-0.7593312,-7.356,23.9
Uganda,UGA,Sub-Saharan Africa,Low income,2010,-0.7605074,-0.155,23.3
Uganda,UGA,Sub-Saharan Africa,Low income,2011,-0.7939237,-4.394,23.3
Uganda,UGA,Sub-Saharan Africa,Low income,2012,-0.8567334,-7.911,21.3
Uganda,UGA,Sub-Saharan Africa,Low income,2013,-0.9342784,-9.051,20.3
Uganda,UGA,Sub-Saharan Africa,Low income,2014,-0.988474499999999,-5.801,18.3
Uganda,UGA,Sub-Saharan Africa,Low income,2015,-1.0129557,-2.477,16.2
Uganda,UGA,Sub-Saharan Africa,Low income,2016,-0.9946961,1.803,16.7
Uganda,UGA,Sub-Saharan Africa,Low income,2017,-1.0168329,-2.225,15.7
Uganda,UGA,Sub-Saharan Africa,Low income,2018,-1.0296281,-1.258,16.2
Uganda,UGA,Sub-Saharan Africa,Low income,2019,-1.1024791,-7.075,14.7
Uganda,UGA,Sub-Saharan Africa,Low income,2020,-0.936142199999999,15.088,17.2
Uganda,UGA,Sub-Saharan Africa,Low income,2021,-0.9322359,0.417,18.9
Uganda,UGA,Sub-Saharan Africa,Low income,2022,-0.9890036,-6.089,18
Uganda,UGA,Sub-Saharan Africa,Low income,2023,-0.996690299999999,-0.777,18.4
Ukraine,UKR,Europe & Central Asia,Upper middle income,2002,-1.3131065,,8.6
Ukraine,UKR,Europe & Central Asia,Upper middle income,2003,-1.3389776,-1.97,6.5
Ukraine,UKR,Europe & Central Asia,Upper middle income,2004,-1.11234869999999,16.926,15.2
Ukraine,UKR,Europe & Central Asia,Upper middle income,2005,-0.9260936,16.744,21.7
Ukraine,UKR,Europe & Central Asia,Upper middle income,2006,-0.911187899999999,1.61,20.2
Ukraine,UKR,Europe & Central Asia,Upper middle income,2007,-0.954175,-4.718,20.1
Ukraine,UKR,Europe & Central Asia,Upper middle income,2008,-0.976162099999999,-2.304,18
Ukraine,UKR,Europe & Central Asia,Upper middle income,2009,-1.0904026,-11.703,14.9
Ukraine,UKR,Europe & Central Asia,Upper middle income,2010,-1.1211122,-2.816,13.4
Ukraine,UKR,Europe & Central Asia,Upper middle income,2011,-1.12750519999999,-0.57,11.9
Ukraine,UKR,Europe & Central Asia,Upper middle income,2012,-1.2152257,-7.78,11.4
Ukraine,UKR,Europe & Central Asia,Upper middle income,2013,-1.209471,0.474,9.9
Ukraine,UKR,Europe & Central Asia,Upper middle income,2014,-1.0708377,11.462,15.8
Ukraine,UKR,Europe & Central Asia,Upper middle income,2015,-1.0636259,0.673,14.7
Ukraine,UKR,Europe & Central Asia,Upper middle income,2016,-1.0150766,4.565,15.7
Ukraine,UKR,Europe & Central Asia,Upper middle income,2017,-0.953207199999999,6.095,17.6
Ukraine,UKR,Europe & Central Asia,Upper middle income,2018,-0.9896988,-3.828,17.2
Ukraine,UKR,Europe & Central Asia,Upper middle income,2019,-0.782195,20.966,25.5
Ukraine,UKR,Europe & Central Asia,Upper middle income,2020,-0.830952599999999,-6.233,20.6
Ukraine,UKR,Europe & Central Asia,Upper middle income,2021,-0.8040912,3.233,23.3
Ukraine,UKR,Europe & Central Asia,Upper middle income,2022,-0.683771799999999,14.963,25.7
Ukraine,UKR,Europe & Central Asia,Upper middle income,2023,-0.7242773,-5.924,25.2
United Arab Emirates,ARE,"Middle East, North Africa, Afghanistan & Pakistan",High income,2002,0.770858,,78.5
United Arab Emirates,ARE,"Middle East, North Africa, Afghanistan & Pakistan",High income,2003,0.8866525,15.022,80.6
United Arab Emirates,ARE,"Middle East, North Africa, Afghanistan & Pakistan",High income,2004,0.7749327,-12.6,79.7
United Arab Emirates,ARE,"Middle East, North Africa, Afghanistan & Pakistan",High income,2005,0.7573962,-2.263,76.8
United Arab Emirates,ARE,"Middle East, North Africa, Afghanistan & Pakistan",High income,2006,0.7816632,3.204,76.8
United Arab Emirates,ARE,"Middle East, North Africa, Afghanistan & Pakistan",High income,2007,0.7779631,-0.473,76.9
United Arab Emirates,ARE,"Middle East, North Africa, Afghanistan & Pakistan",High income,2008,0.9123012,17.268,80
United Arab Emirates,ARE,"Middle East, North Africa, Afghanistan & Pakistan",High income,2009,0.8451488,-7.361,76.6
United Arab Emirates,ARE,"Middle East, North Africa, Afghanistan & Pakistan",High income,2010,0.9100894,7.684,79.2
United Arab Emirates,ARE,"Middle East, North Africa, Afghanistan & Pakistan",High income,2011,1.1319379,24.377,82.7
United Arab Emirates,ARE,"Middle East, North Africa, Afghanistan & Pakistan",High income,2012,1.0894763,-3.751,82.2
United Arab Emirates,ARE,"Middle East, North Africa, Afghanistan & Pakistan",High income,2013,1.1513193,5.676,82.7
United Arab Emirates,ARE,"Middle East, North Africa, Afghanistan & Pakistan",High income,2014,0.9856797,-14.387,83.7
United Arab Emirates,ARE,"Middle East, North Africa, Afghanistan & Pakistan",High income,2015,0.9199437,-6.669,81.4
United Arab Emirates,ARE,"Middle East, North Africa, Afghanistan & Pakistan",High income,2016,1.1064348,20.272,82.8
United Arab Emirates,ARE,"Middle East, North Africa, Afghanistan & Pakistan",High income,2017,1.0762151,-2.731,81.9
United Arab Emirates,ARE,"Middle East, North Africa, Afghanistan & Pakistan",High income,2018,1.0948106,1.728,81.9
United Arab Emirates,ARE,"Middle East, North Africa, Afghanistan & Pakistan",High income,2019,1.0878297,-0.638,81.9
United Arab Emirates,ARE,"Middle East, North Africa, Afghanistan & Pakistan",High income,2020,1.0614313,-2.427,81.4
United Arab Emirates,ARE,"Middle East, North Africa, Afghanistan & Pakistan",High income,2021,1.0349829,-2.492,82.5
United Arab Emirates,ARE,"Middle East, North Africa, Afghanistan & Pakistan",High income,2022,1.0223468,-1.221,82
United Arab Emirates,ARE,"Middle East, North Africa, Afghanistan & Pakistan",High income,2023,0.9918577,-2.982,82
United Kingdom,GBR,Europe & Central Asia,High income,2002,1.9357319,,94.1
United Kingdom,GBR,Europe & Central Asia,High income,2003,1.9558108,1.037,93.5
United Kingdom,GBR,Europe & Central Asia,High income,2004,1.8359316,-6.129,94.9
United Kingdom,GBR,Europe & Central Asia,High income,2005,1.9020685,3.602,93.9
United Kingdom,GBR,Europe & Central Asia,High income,2006,1.7309828,-8.995,93.4
United Kingdom,GBR,Europe & Central Asia,High income,2007,1.6278157,-5.96,92.5
United Kingdom,GBR,Europe & Central Asia,High income,2008,1.573173,-3.357,92.5
United Kingdom,GBR,Europe & Central Asia,High income,2009,1.3683606,-13.019,89.1
United Kingdom,GBR,Europe & Central Asia,High income,2010,1.3760491,0.562,89.1
United Kingdom,GBR,Europe & Central Asia,High income,2011,1.4486391,5.275,89.1
United Kingdom,GBR,Europe & Central Asia,High income,2012,1.4826832,2.35,91.6
United Kingdom,GBR,Europe & Central Asia,High income,2013,1.504608,1.479,92.1
United Kingdom,GBR,Europe & Central Asia,High income,2014,1.5201669,1.034,91.6
United Kingdom,GBR,Europe & Central Asia,High income,2015,1.6542704,8.822,92.6
United Kingdom,GBR,Europe & Central Asia,High income,2016,1.7599161,6.386,92.6
United Kingdom,GBR,Europe & Central Asia,High income,2017,1.8161165,3.193,93.6
United Kingdom,GBR,Europe & Central Asia,High income,2018,1.8043714,-0.647,93.6
United Kingdom,GBR,Europe & Central Asia,High income,2019,1.7674285,-2.047,92.2
United Kingdom,GBR,Europe & Central Asia,High income,2020,1.7210258,-2.625,94.1
United Kingdom,GBR,Europe & Central Asia,High income,2021,1.6641761,-3.303,93.7
United Kingdom,GBR,Europe & Central Asia,High income,2022,1.6352771,-1.737,92.7
United Kingdom,GBR,Europe & Central Asia,High income,2023,1.4745753,-9.827,91.3
United States,USA,North America,High income,2002,1.8239201,,92.5
United States,USA,North America,High income,2003,1.5264422,-16.31,90.9
United States,USA,North America,High income,2004,1.6149113,5.796,91.9
United States,USA,North America,High income,2005,1.4877645,-7.873,90.9
United States,USA,North America,High income,2006,1.2941505,-13.014,86.4
United States,USA,North America,High income,2007,1.2346554,-4.597,86.4
United States,USA,North America,High income,2008,1.3233739,7.186,88
United States,USA,North America,High income,2009,1.1486487,-13.203,86.1
United States,USA,North America,High income,2010,1.1573891,0.761,84.2
United States,USA,North America,High income,2011,1.2705574,9.778,85.1
United States,USA,North America,High income,2012,1.263101,-0.587,85.6
United States,USA,North America,High income,2013,1.180704,-6.523,85.1
United States,USA,North America,High income,2014,1.2391968,4.954,87.6
United States,USA,North America,High income,2015,1.2367604,-0.197,88.2
United States,USA,North America,High income,2016,1.2420313,0.426,88.2
United States,USA,North America,High income,2017,1.3058193,5.136,87.7
United States,USA,North America,High income,2018,1.2504255,-4.242,87.3
United States,USA,North America,High income,2019,1.1719722,-6.274,84.3
United States,USA,North America,High income,2020,1.124297,-4.068,82.4
United States,USA,North America,High income,2021,1.1247591,0.041,83
United States,USA,North America,High income,2022,1.2023562,6.899,87.9
United States,USA,North America,High income,2023,1.1951066,-0.603,87.4
Uruguay,URY,Latin America & Caribbean,High income,2002,1.0087146,,82.8
Uruguay,URY,Latin America & Caribbean,High income,2003,0.9941983,-1.439,81.7
Uruguay,URY,Latin America & Caribbean,High income,2004,0.7994107,-19.592,80.2
Uruguay,URY,Latin America & Caribbean,High income,2005,0.9349505,16.955,80.8
Uruguay,URY,Latin America & Caribbean,High income,2006,1.0023353,7.207,82.3
Uruguay,URY,Latin America & Caribbean,High income,2007,1.0493699,4.693,84.9
Uruguay,URY,Latin America & Caribbean,High income,2008,1.1793592,12.387,86
Uruguay,URY,Latin America & Caribbean,High income,2009,1.196035,1.414,87.1
Uruguay,URY,Latin America & Caribbean,High income,2010,1.3461634,12.552,88.1
Uruguay,URY,Latin America & Caribbean,High income,2011,1.3457663,-0.029,87.6
Uruguay,URY,Latin America & Caribbean,High income,2012,1.3317592,-1.041,88.1
Uruguay,URY,Latin America & Caribbean,High income,2013,1.3468082,1.13,88.6
Uruguay,URY,Latin America & Caribbean,High income,2014,1.288067,-4.362,88.6
Uruguay,URY,Latin America & Caribbean,High income,2015,1.2570517,-2.408,88.7
Uruguay,URY,Latin America & Caribbean,High income,2016,1.3854382,10.213,89.7
Uruguay,URY,Latin America & Caribbean,High income,2017,1.3464781,-2.812,88.2
Uruguay,URY,Latin America & Caribbean,High income,2018,1.3627449,1.208,87.7
Uruguay,URY,Latin America & Caribbean,High income,2019,1.3889225,1.921,88.2
Uruguay,URY,Latin America & Caribbean,High income,2020,1.5144744,9.04,90.2
Uruguay,URY,Latin America & Caribbean,High income,2021,1.6220519,7.103,92.7
Uruguay,URY,Latin America & Caribbean,High income,2022,1.6139339,-0.5,92.2
Uruguay,URY,Latin America & Caribbean,High income,2023,1.5493831,-4,91.7
Uzbekistan,UZB,Europe & Central Asia,Lower middle income,2002,-1.0900414,,14.5
Uzbekistan,UZB,Europe & Central Asia,Lower middle income,2003,-1.1057682,-1.443,12.4
Uzbekistan,UZB,Europe & Central Asia,Lower middle income,2004,-1.24355289999999,-12.461,9.1
Uzbekistan,UZB,Europe & Central Asia,Lower middle income,2005,-1.4380121,-15.637,5.1
Uzbekistan,UZB,Europe & Central Asia,Lower middle income,2006,-1.2178175,15.312,8.1
Uzbekistan,UZB,Europe & Central Asia,Lower middle income,2007,-1.2191216,-0.107,8.5
Uzbekistan,UZB,Europe & Central Asia,Lower middle income,2008,-1.221967,-0.233,8.5
Uzbekistan,UZB,Europe & Central Asia,Lower middle income,2009,-1.3731472,-12.372,4.5
Uzbekistan,UZB,Europe & Central Asia,Lower middle income,2010,-1.3718693,0.093,4
Uzbekistan,UZB,Europe & Central Asia,Lower middle income,2011,-1.4422773,-5.132,2.5
Uzbekistan,UZB,Europe & Central Asia,Lower middle income,2012,-1.3688011,5.094,4
Uzbekistan,UZB,Europe & Central Asia,Lower middle income,2013,-1.2602046,7.934,8.9
Uzbekistan,UZB,Europe & Central Asia,Lower middle income,2014,-1.2360262,1.919,11.9
Uzbekistan,UZB,Europe & Central Asia,Lower middle income,2015,-1.25906189999999,-1.864,10.8
Uzbekistan,UZB,Europe & Central Asia,Lower middle income,2016,-1.2283125,2.442,11.3
Uzbekistan,UZB,Europe & Central Asia,Lower middle income,2017,-1.24484559999999,-1.346,10.8
Uzbekistan,UZB,Europe & Central Asia,Lower middle income,2018,-1.2111454,2.707,12.3
Uzbekistan,UZB,Europe & Central Asia,Lower middle income,2019,-1.1224344,7.325,13.7
Uzbekistan,UZB,Europe & Central Asia,Lower middle income,2020,-0.835694199999999,25.546,20.1
Uzbekistan,UZB,Europe & Central Asia,Lower middle income,2021,-0.7419446,11.218,25.2
Uzbekistan,UZB,Europe & Central Asia,Lower middle income,2022,-0.699129999999999,5.771,25.2
Uzbekistan,UZB,Europe & Central Asia,Lower middle income,2023,-0.701745899999999,-0.374,26.2
Vanuatu,VUT,East Asia & Pacific,Lower middle income,2002,0.1314509,,64
Vanuatu,VUT,East Asia & Pacific,Lower middle income,2003,0.1273922,-3.088,62.4
Vanuatu,VUT,East Asia & Pacific,Lower middle income,2004,-0.0880899,-169.149,55.8
Vanuatu,VUT,East Asia & Pacific,Lower middle income,2005,0.311482,453.596,66.7
Vanuatu,VUT,East Asia & Pacific,Lower middle income,2006,0.3154434,1.272,66.2
Vanuatu,VUT,East Asia & Pacific,Lower middle income,2007,0.4118688,30.568,71.9
Vanuatu,VUT,East Asia & Pacific,Lower middle income,2008,0.4125895,0.175,70.5
Vanuatu,VUT,East Asia & Pacific,Lower middle income,2009,0.4125641,-0.006,70.6
Vanuatu,VUT,East Asia & Pacific,Lower middle income,2010,0.4030639,-2.303,70.8
Vanuatu,VUT,East Asia & Pacific,Lower middle income,2011,0.4019909,-0.266,70.3
Vanuatu,VUT,East Asia & Pacific,Lower middle income,2012,0.4102544,2.056,68.3
Vanuatu,VUT,East Asia & Pacific,Lower middle income,2013,0.4393991,7.104,70.8
Vanuatu,VUT,East Asia & Pacific,Lower middle income,2014,0.4750184,8.106,70.3
Vanuatu,VUT,East Asia & Pacific,Lower middle income,2015,-0.0938241,-119.752,55.4
Vanuatu,VUT,East Asia & Pacific,Lower middle income,2016,-0.117948199999999,-25.712,53.4
Vanuatu,VUT,East Asia & Pacific,Lower middle income,2017,-0.0663812,43.72,54.9
Vanuatu,VUT,East Asia & Pacific,Lower middle income,2018,-0.1863588,-180.74,49
Vanuatu,VUT,East Asia & Pacific,Lower middle income,2019,-0.1851487,0.649,48
Vanuatu,VUT,East Asia & Pacific,Lower middle income,2020,-0.0267151,85.571,54.9
Vanuatu,VUT,East Asia & Pacific,Lower middle income,2021,-0.0360087,-34.788,54.9
Vanuatu,VUT,East Asia & Pacific,Lower middle income,2022,-0.135775999999999,-277.064,52.4
Vanuatu,VUT,East Asia & Pacific,Lower middle income,2023,-0.1852979,-36.473,50.5
"Venezuela, RB",VEN,Latin America & Caribbean,Lower middle income,2002,-1.0638596,,16.7
"Venezuela, RB",VEN,Latin America & Caribbean,Lower middle income,2003,-1.072741,-0.835,13.4
"Venezuela, RB",VEN,Latin America & Caribbean,Lower middle income,2004,-0.999268899999999,6.849,17.8
"Venezuela, RB",VEN,Latin America & Caribbean,Lower middle income,2005,-1.08006889999999,-8.086,16.7
"Venezuela, RB",VEN,Latin America & Caribbean,Lower middle income,2006,-1.086031,-0.552,13.6
"Venezuela, RB",VEN,Latin America & Caribbean,Lower middle income,2007,-1.2819329,-18.038,7
"Venezuela, RB",VEN,Latin America & Caribbean,Lower middle income,2008,-1.3074351,-1.989,6.5
"Venezuela, RB",VEN,Latin America & Caribbean,Lower middle income,2009,-1.26444999999999,3.288,7.5
"Venezuela, RB",VEN,Latin America & Caribbean,Lower middle income,2010,-1.2608652,0.284,6.4
"Venezuela, RB",VEN,Latin America & Caribbean,Lower middle income,2011,-1.1254851,10.737,12.4
"Venezuela, RB",VEN,Latin America & Caribbean,Lower middle income,2012,-1.2642649,-12.331,8.4
"Venezuela, RB",VEN,Latin America & Caribbean,Lower middle income,2013,-1.30248719999999,-3.023,6.4
"Venezuela, RB",VEN,Latin America & Caribbean,Lower middle income,2014,-1.4287488,-9.694,7.4
"Venezuela, RB",VEN,Latin America & Caribbean,Lower middle income,2015,-1.4246938,0.284,6.4
"Venezuela, RB",VEN,Latin America & Caribbean,Lower middle income,2016,-1.4158486,0.621,7.4
"Venezuela, RB",VEN,Latin America & Caribbean,Lower middle income,2017,-1.4525617,-2.593,5.4
"Venezuela, RB",VEN,Latin America & Caribbean,Lower middle income,2018,-1.59491649999999,-9.8,2
"Venezuela, RB",VEN,Latin America & Caribbean,Lower middle income,2019,-1.5948486,0.004,2
"Venezuela, RB",VEN,Latin America & Caribbean,Lower middle income,2020,-1.57832329999999,1.036,1.5
"Venezuela, RB",VEN,Latin America & Caribbean,Lower middle income,2021,-1.58437079999999,-0.383,2.4
"Venezuela, RB",VEN,Latin America & Caribbean,Lower middle income,2022,-1.603038,-1.178,1.9
"Venezuela, RB",VEN,Latin America & Caribbean,Lower middle income,2023,-1.5592697,2.73,1.9
Viet Nam,VNM,East Asia & Pacific,Upper middle income,2002,-0.800942199999999,,29.6
Viet Nam,VNM,East Asia & Pacific,Upper middle income,2003,-0.6741923,15.825,34.9
Viet Nam,VNM,East Asia & Pacific,Upper middle income,2004,-0.804947099999999,-19.394,25.4
Viet Nam,VNM,East Asia & Pacific,Upper middle income,2005,-0.791206499999999,1.707,27.3
Viet Nam,VNM,East Asia & Pacific,Upper middle income,2006,-0.5812801,26.532,33.3
Viet Nam,VNM,East Asia & Pacific,Upper middle income,2007,-0.4258129,26.746,40.7
Viet Nam,VNM,East Asia & Pacific,Upper middle income,2008,-0.3559755,16.401,43.5
Viet Nam,VNM,East Asia & Pacific,Upper middle income,2009,-0.316417399999999,11.113,45.3
Viet Nam,VNM,East Asia & Pacific,Upper middle income,2010,-0.4115989,-30.081,40.1
Viet Nam,VNM,East Asia & Pacific,Upper middle income,2011,-0.358809799999999,12.825,43.6
Viet Nam,VNM,East Asia & Pacific,Upper middle income,2012,-0.4625662,-28.917,39.6
Viet Nam,VNM,East Asia & Pacific,Upper middle income,2013,-0.4169478,9.862,42.1
Viet Nam,VNM,East Asia & Pacific,Upper middle income,2014,-0.361941399999999,13.193,47
Viet Nam,VNM,East Asia & Pacific,Upper middle income,2015,-0.3774131,-4.275,44.1
Viet Nam,VNM,East Asia & Pacific,Upper middle income,2016,-0.356688499999999,5.491,43.6
Viet Nam,VNM,East Asia & Pacific,Upper middle income,2017,-0.4238211,-18.821,39.7
Viet Nam,VNM,East Asia & Pacific,Upper middle income,2018,-0.3951053,6.775,39.7
Viet Nam,VNM,East Asia & Pacific,Upper middle income,2019,-0.3621433,8.343,41.2
Viet Nam,VNM,East Asia & Pacific,Upper middle income,2020,-0.3131812,13.52,41.7
Viet Nam,VNM,East Asia & Pacific,Upper middle income,2021,-0.310677,0.8,44.2
Viet Nam,VNM,East Asia & Pacific,Upper middle income,2022,-0.2459866,20.822,47.1
Viet Nam,VNM,East Asia & Pacific,Upper middle income,2023,-0.3083958,-25.371,45.6
Virgin Islands (U.S.),VIR,Latin America & Caribbean,High income,2004,0.5502545,,74.6
Virgin Islands (U.S.),VIR,Latin America & Caribbean,High income,2005,0.8590847,56.125,78.3
Virgin Islands (U.S.),VIR,Latin America & Caribbean,High income,2006,0.8672683,0.953,78.8
Virgin Islands (U.S.),VIR,Latin America & Caribbean,High income,2007,0.8614064,-0.676,78.9
Virgin Islands (U.S.),VIR,Latin America & Caribbean,High income,2008,0.8629646,0.181,77
Virgin Islands (U.S.),VIR,Latin America & Caribbean,High income,2009,0.8629097,-0.006,77.1
Virgin Islands (U.S.),VIR,Latin America & Caribbean,High income,2010,0.8638503,0.109,78.2
Virgin Islands (U.S.),VIR,Latin America & Caribbean,High income,2011,0.8614942,-0.273,77.7
Virgin Islands (U.S.),VIR,Latin America & Caribbean,High income,2012,0.8565981,-0.568,77.7
Virgin Islands (U.S.),VIR,Latin America & Caribbean,High income,2013,0.8569702,0.043,78.7
Virgin Islands (U.S.),VIR,Latin America & Caribbean,High income,2014,0.5405831,-36.919,72.8
Virgin Islands (U.S.),VIR,Latin America & Caribbean,High income,2015,0.5444724,0.719,69.6
Virgin Islands (U.S.),VIR,Latin America & Caribbean,High income,2016,0.5476065,0.576,69.1
Virgin Islands (U.S.),VIR,Latin America & Caribbean,High income,2017,0.5453642,-0.409,70.1
Virgin Islands (U.S.),VIR,Latin America & Caribbean,High income,2018,0.549178,0.699,72.1
Virgin Islands (U.S.),VIR,Latin America & Caribbean,High income,2019,0.5544325,0.957,70.6
Virgin Islands (U.S.),VIR,Latin America & Caribbean,High income,2020,-0.0682938999999999,-112.318,52.9
Virgin Islands (U.S.),VIR,Latin America & Caribbean,High income,2021,-0.0708649,-3.765,53.9
Virgin Islands (U.S.),VIR,Latin America & Caribbean,High income,2022,-0.0717478,-1.246,54.4
Virgin Islands (U.S.),VIR,Latin America & Caribbean,High income,2023,-0.0747806,-4.227,54.9
West Bank and Gaza,PSE,"Middle East, North Africa, Afghanistan & Pakistan",Lower middle income,2002,-0.3664561,,45.7
West Bank and Gaza,PSE,"Middle East, North Africa, Afghanistan & Pakistan",Lower middle income,2003,-0.368415799999999,-0.535,45.7
West Bank and Gaza,PSE,"Middle East, North Africa, Afghanistan & Pakistan",Lower middle income,2004,0.023597,106.405,58.4
West Bank and Gaza,PSE,"Middle East, North Africa, Afghanistan & Pakistan",Lower middle income,2005,-0.2615283,-1208.312,52
West Bank and Gaza,PSE,"Middle East, North Africa, Afghanistan & Pakistan",Lower middle income,2006,-0.3012835,-15.201,46.5
West Bank and Gaza,PSE,"Middle East, North Africa, Afghanistan & Pakistan",Lower middle income,2007,-0.2175811,27.782,52.3
West Bank and Gaza,PSE,"Middle East, North Africa, Afghanistan & Pakistan",Lower middle income,2008,-0.453152,-108.268,38.5
West Bank and Gaza,PSE,"Middle East, North Africa, Afghanistan & Pakistan",Lower middle income,2009,-0.0190615,95.794,57.7
West Bank and Gaza,PSE,"Middle East, North Africa, Afghanistan & Pakistan",Lower middle income,2010,-0.0181378,4.846,57.9
West Bank and Gaza,PSE,"Middle East, North Africa, Afghanistan & Pakistan",Lower middle income,2011,-0.4653574,-2465.677,39.1
West Bank and Gaza,PSE,"Middle East, North Africa, Afghanistan & Pakistan",Lower middle income,2012,-0.428972199999999,7.819,42.6
West Bank and Gaza,PSE,"Middle East, North Africa, Afghanistan & Pakistan",Lower middle income,2013,-0.3344603,22.032,46.5
West Bank and Gaza,PSE,"Middle East, North Africa, Afghanistan & Pakistan",Lower middle income,2014,-0.4330927,-29.49,42.1
West Bank and Gaza,PSE,"Middle East, North Africa, Afghanistan & Pakistan",Lower middle income,2015,-0.4552156,-5.108,40.7
West Bank and Gaza,PSE,"Middle East, North Africa, Afghanistan & Pakistan",Lower middle income,2016,-0.2822615,37.994,47.5
West Bank and Gaza,PSE,"Middle East, North Africa, Afghanistan & Pakistan",Lower middle income,2017,-0.3074945,-8.94,46.1
West Bank and Gaza,PSE,"Middle East, North Africa, Afghanistan & Pakistan",Lower middle income,2018,-0.303765299999999,1.213,44.1
West Bank and Gaza,PSE,"Middle East, North Africa, Afghanistan & Pakistan",Lower middle income,2019,-0.318133699999999,-4.73,42.6
West Bank and Gaza,PSE,"Middle East, North Africa, Afghanistan & Pakistan",Lower middle income,2020,-0.5368921,-68.763,32.4
West Bank and Gaza,PSE,"Middle East, North Africa, Afghanistan & Pakistan",Lower middle income,2021,-0.5922462,-10.31,31.1
West Bank and Gaza,PSE,"Middle East, North Africa, Afghanistan & Pakistan",Lower middle income,2022,-0.5708588,3.611,32.5
West Bank and Gaza,PSE,"Middle East, North Africa, Afghanistan & Pakistan",Lower middle income,2023,-0.5990356,-4.936,31.1
"Yemen, Rep.",YEM,"Middle East, North Africa, Afghanistan & Pakistan",Low income,2002,-1.07024079999999,,16.1
"Yemen, Rep.",YEM,"Middle East, North Africa, Afghanistan & Pakistan",Low income,2003,-1.11365119999999,-4.056,10.8
"Yemen, Rep.",YEM,"Middle East, North Africa, Afghanistan & Pakistan",Low income,2004,-1.16508909999999,-4.619,11.2
"Yemen, Rep.",YEM,"Middle East, North Africa, Afghanistan & Pakistan",Low income,2005,-1.076701,7.586,17.2
"Yemen, Rep.",YEM,"Middle East, North Africa, Afghanistan & Pakistan",Low income,2006,-0.807354599999999,25.016,23.7
"Yemen, Rep.",YEM,"Middle East, North Africa, Afghanistan & Pakistan",Low income,2007,-0.8370202,-3.674,21.6
"Yemen, Rep.",YEM,"Middle East, North Africa, Afghanistan & Pakistan",Low income,2008,-0.7667813,8.392,24.5
"Yemen, Rep.",YEM,"Middle East, North Africa, Afghanistan & Pakistan",Low income,2009,-0.942782399999999,-22.953,18.9
"Yemen, Rep.",YEM,"Middle East, North Africa, Afghanistan & Pakistan",Low income,2010,-1.0527598,-11.665,14.9
"Yemen, Rep.",YEM,"Middle East, North Africa, Afghanistan & Pakistan",Low income,2011,-1.1246744,-6.831,12.9
"Yemen, Rep.",YEM,"Middle East, North Africa, Afghanistan & Pakistan",Low income,2012,-1.2532021,-11.428,9.4
"Yemen, Rep.",YEM,"Middle East, North Africa, Afghanistan & Pakistan",Low income,2013,-1.2149396,3.053,9.4
"Yemen, Rep.",YEM,"Middle East, North Africa, Afghanistan & Pakistan",Low income,2014,-1.50166699999999,-23.6,3.5
"Yemen, Rep.",YEM,"Middle East, North Africa, Afghanistan & Pakistan",Low income,2015,-1.4855019,1.076,4.4
"Yemen, Rep.",YEM,"Middle East, North Africa, Afghanistan & Pakistan",Low income,2016,-1.6101168,-8.389,1.5
"Yemen, Rep.",YEM,"Middle East, North Africa, Afghanistan & Pakistan",Low income,2017,-1.59097469999999,1.189,2.9
"Yemen, Rep.",YEM,"Middle East, North Africa, Afghanistan & Pakistan",Low income,2018,-1.7530313,-10.186,1
"Yemen, Rep.",YEM,"Middle East, North Africa, Afghanistan & Pakistan",Low income,2019,-1.7416979,0.647,0.5
"Yemen, Rep.",YEM,"Middle East, North Africa, Afghanistan & Pakistan",Low income,2020,-1.59971739999999,8.152,1
"Yemen, Rep.",YEM,"Middle East, North Africa, Afghanistan & Pakistan",Low income,2021,-1.5920705,0.478,1.9
"Yemen, Rep.",YEM,"Middle East, North Africa, Afghanistan & Pakistan",Low income,2022,-1.66627979999999,-4.661,1
"Yemen, Rep.",YEM,"Middle East, North Africa, Afghanistan & Pakistan",Low income,2023,-1.6020865,3.852,1.5
Zambia,ZMB,Sub-Saharan Africa,Lower middle income,2002,-0.8018168,,29
Zambia,ZMB,Sub-Saharan Africa,Lower middle income,2003,-0.809389799999999,-0.944,29.6
Zambia,ZMB,Sub-Saharan Africa,Lower middle income,2004,-0.6055574,25.183,33.5
Zambia,ZMB,Sub-Saharan Africa,Lower middle income,2005,-0.603934499999999,0.268,36.9
Zambia,ZMB,Sub-Saharan Africa,Lower middle income,2006,-0.392071,35.081,41.9
Zambia,ZMB,Sub-Saharan Africa,Lower middle income,2007,-0.3472209,11.439,45.2
Zambia,ZMB,Sub-Saharan Africa,Lower middle income,2008,-0.345906899999999,0.378,44.5
Zambia,ZMB,Sub-Saharan Africa,Lower middle income,2009,-0.3090289,10.661,46.3
Zambia,ZMB,Sub-Saharan Africa,Lower middle income,2010,-0.369043,-19.42,44.1
Zambia,ZMB,Sub-Saharan Africa,Lower middle income,2011,-0.273636999999999,25.852,47.5
Zambia,ZMB,Sub-Saharan Africa,Lower middle income,2012,-0.269322599999999,1.577,49.5
Zambia,ZMB,Sub-Saharan Africa,Lower middle income,2013,-0.305174,-13.312,48
Zambia,ZMB,Sub-Saharan Africa,Lower middle income,2014,-0.390403499999999,-27.928,46
Zambia,ZMB,Sub-Saharan Africa,Lower middle income,2015,-0.395175899999999,-1.222,43.6
Zambia,ZMB,Sub-Saharan Africa,Lower middle income,2016,-0.423830999999999,-7.251,40.2
Zambia,ZMB,Sub-Saharan Africa,Lower middle income,2017,-0.464061199999999,-9.492,38.7
Zambia,ZMB,Sub-Saharan Africa,Lower middle income,2018,-0.6165275,-32.855,31.4
Zambia,ZMB,Sub-Saharan Africa,Lower middle income,2019,-0.6455711,-4.711,29.9
Zambia,ZMB,Sub-Saharan Africa,Lower middle income,2020,-0.6050749,6.273,30.9
Zambia,ZMB,Sub-Saharan Africa,Lower middle income,2021,-0.6928953,-14.514,26.2
Zambia,ZMB,Sub-Saharan Africa,Lower middle income,2022,-0.4180775,39.662,38.8
Zambia,ZMB,Sub-Saharan Africa,Lower middle income,2023,-0.39812,4.774,40.3
Zimbabwe,ZWE,Sub-Saharan Africa,Lower middle income,2002,-1.36732069999999,,6.5
Zimbabwe,ZWE,Sub-Saharan Africa,Lower middle income,2003,-1.41782839999999,-3.694,5.9
Zimbabwe,ZWE,Sub-Saharan Africa,Lower middle income,2004,-1.40678899999999,0.779,2.5
Zimbabwe,ZWE,Sub-Saharan Africa,Lower middle income,2005,-1.498948,-6.551,3
Zimbabwe,ZWE,Sub-Saharan Africa,Lower middle income,2006,-1.3723553,8.445,3.5
Zimbabwe,ZWE,Sub-Saharan Africa,Lower middle income,2007,-1.402998,-2.233,2.5
Zimbabwe,ZWE,Sub-Saharan Africa,Lower middle income,2008,-1.5353415,-9.433,2
Zimbabwe,ZWE,Sub-Saharan Africa,Lower middle income,2009,-1.5461452,-0.704,1.5
Zimbabwe,ZWE,Sub-Saharan Africa,Lower middle income,2010,-1.4687145,5.008,2
Zimbabwe,ZWE,Sub-Saharan Africa,Lower middle income,2011,-1.4551794,0.922,2
Zimbabwe,ZWE,Sub-Saharan Africa,Lower middle income,2012,-1.3288997,8.678,5.9
Zimbabwe,ZWE,Sub-Saharan Africa,Lower middle income,2013,-1.3977252,-5.179,4
Zimbabwe,ZWE,Sub-Saharan Africa,Lower middle income,2014,-1.4973623,-7.129,4
Zimbabwe,ZWE,Sub-Saharan Africa,Lower middle income,2015,-1.3029239,12.985,8.8
Zimbabwe,ZWE,Sub-Saharan Africa,Lower middle income,2016,-1.3004061,0.193,9.8
Zimbabwe,ZWE,Sub-Saharan Africa,Lower middle income,2017,-1.2922875,0.624,10.3
Zimbabwe,ZWE,Sub-Saharan Africa,Lower middle income,2018,-1.3111277,-1.458,10.3
Zimbabwe,ZWE,Sub-Saharan Africa,Lower middle income,2019,-1.28338019999999,2.116,9.8
Zimbabwe,ZWE,Sub-Saharan Africa,Lower middle income,2020,-1.1729479,8.605,10.8
Zimbabwe,ZWE,Sub-Saharan Africa,Lower middle income,2021,-1.1867823,-1.179,12.1
Zimbabwe,ZWE,Sub-Saharan Africa,Lower middle income,2022,-1.1984753,-0.985,11.7
Zimbabwe,ZWE,Sub-Saharan Africa,Lower middle income,2023,-1.1914608,0.585,11.2
