country,iso3,region,income_group,year,value,pct_change_yoy,percentile_rank
Afghanistan,AFG,"Middle East, North Africa, Afghanistan & Pakistan",Low income,2002,123.1,,87.2
Afghanistan,AFG,"Middle East, North Africa, Afghanistan & Pakistan",Low income,2003,118.5,-3.737,87.2
Afghanistan,AFG,"Middle East, North Africa, Afghanistan & Pakistan",Low income,2004,113.9,-3.882,86.7
Afghanistan,AFG,"Middle East, North Africa, Afghanistan & Pakistan",Low income,2005,109.3,-4.039,88.2
Afghanistan,AFG,"Middle East, North Africa, Afghanistan & Pakistan",Low income,2006,104.8,-4.117,88.7
Afghanistan,AFG,"Middle East, North Africa, Afghanistan & Pakistan",Low income,2007,100.4,-4.198,89.2
Afghanistan,AFG,"Middle East, North Africa, Afghanistan & Pakistan",Low income,2008,96.1,-4.283,88.2
Afghanistan,AFG,"Middle East, North Africa, Afghanistan & Pakistan",Low income,2009,91.9,-4.37,89.2
Afghanistan,AFG,"Middle East, North Africa, Afghanistan & Pakistan",Low income,2010,88,-4.244,88.7
Afghanistan,AFG,"Middle East, North Africa, Afghanistan & Pakistan",Low income,2011,84.3,-4.205,88.7
Afghanistan,AFG,"Middle East, North Africa, Afghanistan & Pakistan",Low income,2012,80.8,-4.152,89.2
Afghanistan,AFG,"Middle East, North Africa, Afghanistan & Pakistan",Low income,2013,77.6,-3.96,89.2
Afghanistan,AFG,"Middle East, North Africa, Afghanistan & Pakistan",Low income,2014,74.6,-3.866,89.2
Afghanistan,AFG,"Middle East, North Africa, Afghanistan & Pakistan",Low income,2015,71.9,-3.619,89.2
Afghanistan,AFG,"Middle East, North Africa, Afghanistan & Pakistan",Low income,2016,69.4,-3.477,89.2
Afghanistan,AFG,"Middle East, North Africa, Afghanistan & Pakistan",Low income,2017,67.1,-3.314,89.2
Afghanistan,AFG,"Middle East, North Africa, Afghanistan & Pakistan",Low income,2018,64.8,-3.428,88.7
Afghanistan,AFG,"Middle East, North Africa, Afghanistan & Pakistan",Low income,2019,62.7,-3.241,88.7
Afghanistan,AFG,"Middle East, North Africa, Afghanistan & Pakistan",Low income,2020,60.7,-3.19,88.2
Afghanistan,AFG,"Middle East, North Africa, Afghanistan & Pakistan",Low income,2021,58.7,-3.295,87.7
Afghanistan,AFG,"Middle East, North Africa, Afghanistan & Pakistan",Low income,2022,56.8,-3.237,87.7
Afghanistan,AFG,"Middle East, North Africa, Afghanistan & Pakistan",Low income,2023,54.9,-3.345,87.7
Albania,ALB,Europe & Central Asia,Upper middle income,2002,24.3,,44.6
Albania,ALB,Europe & Central Asia,Upper middle income,2003,22.9,-5.761,43.6
Albania,ALB,Europe & Central Asia,Upper middle income,2004,21.4,-6.55,41
Albania,ALB,Europe & Central Asia,Upper middle income,2005,20,-6.542,41
Albania,ALB,Europe & Central Asia,Upper middle income,2006,18.5,-7.5,38.5
Albania,ALB,Europe & Central Asia,Upper middle income,2007,17.1,-7.568,37.9
Albania,ALB,Europe & Central Asia,Upper middle income,2008,15.8,-7.602,37.4
Albania,ALB,Europe & Central Asia,Upper middle income,2009,14.5,-8.228,34.4
Albania,ALB,Europe & Central Asia,Upper middle income,2010,13.3,-8.276,33.8
Albania,ALB,Europe & Central Asia,Upper middle income,2011,12.2,-8.271,32.8
Albania,ALB,Europe & Central Asia,Upper middle income,2012,11.2,-8.197,31.3
Albania,ALB,Europe & Central Asia,Upper middle income,2013,10.5,-6.25,30.8
Albania,ALB,Europe & Central Asia,Upper middle income,2014,9.9,-5.714,30.3
Albania,ALB,Europe & Central Asia,Upper middle income,2015,9.6,-3.03,30.8
Albania,ALB,Europe & Central Asia,Upper middle income,2016,9.4,-2.083,31.3
Albania,ALB,Europe & Central Asia,Upper middle income,2017,9.3,-1.064,31.3
Albania,ALB,Europe & Central Asia,Upper middle income,2018,9.3,0,32.3
Albania,ALB,Europe & Central Asia,Upper middle income,2019,9.4,1.075,32.3
Albania,ALB,Europe & Central Asia,Upper middle income,2020,9.4,0,32.3
Albania,ALB,Europe & Central Asia,Upper middle income,2021,9.5,1.064,32.3
Albania,ALB,Europe & Central Asia,Upper middle income,2022,9.4,-1.053,32.8
Albania,ALB,Europe & Central Asia,Upper middle income,2023,9.4,0,34.4
Algeria,DZA,"Middle East, North Africa, Afghanistan & Pakistan",Upper middle income,2002,38.6,,60
Algeria,DZA,"Middle East, North Africa, Afghanistan & Pakistan",Upper middle income,2003,37,-4.145,61
Algeria,DZA,"Middle East, North Africa, Afghanistan & Pakistan",Upper middle income,2004,35.4,-4.324,60.5
Algeria,DZA,"Middle East, North Africa, Afghanistan & Pakistan",Upper middle income,2005,33.9,-4.237,60
Algeria,DZA,"Middle East, North Africa, Afghanistan & Pakistan",Upper middle income,2006,32.5,-4.13,59.5
Algeria,DZA,"Middle East, North Africa, Afghanistan & Pakistan",Upper middle income,2007,31.2,-4,59
Algeria,DZA,"Middle East, North Africa, Afghanistan & Pakistan",Upper middle income,2008,30.1,-3.526,59.5
Algeria,DZA,"Middle East, North Africa, Afghanistan & Pakistan",Upper middle income,2009,29,-3.654,60
Algeria,DZA,"Middle East, North Africa, Afghanistan & Pakistan",Upper middle income,2010,28.1,-3.103,60
Algeria,DZA,"Middle East, North Africa, Afghanistan & Pakistan",Upper middle income,2011,27.3,-2.847,60.5
Algeria,DZA,"Middle East, North Africa, Afghanistan & Pakistan",Upper middle income,2012,26.6,-2.564,61
Algeria,DZA,"Middle East, North Africa, Afghanistan & Pakistan",Upper middle income,2013,25.9,-2.632,60.5
Algeria,DZA,"Middle East, North Africa, Afghanistan & Pakistan",Upper middle income,2014,25.4,-1.931,60.5
Algeria,DZA,"Middle East, North Africa, Afghanistan & Pakistan",Upper middle income,2015,24.9,-1.969,61
Algeria,DZA,"Middle East, North Africa, Afghanistan & Pakistan",Upper middle income,2016,24.5,-1.606,61
Algeria,DZA,"Middle East, North Africa, Afghanistan & Pakistan",Upper middle income,2017,24,-2.041,61.5
Algeria,DZA,"Middle East, North Africa, Afghanistan & Pakistan",Upper middle income,2018,23.7,-1.25,62.1
Algeria,DZA,"Middle East, North Africa, Afghanistan & Pakistan",Upper middle income,2019,23.3,-1.688,63.1
Algeria,DZA,"Middle East, North Africa, Afghanistan & Pakistan",Upper middle income,2020,22.9,-1.717,63.6
Algeria,DZA,"Middle East, North Africa, Afghanistan & Pakistan",Upper middle income,2021,22.6,-1.31,63.6
Algeria,DZA,"Middle East, North Africa, Afghanistan & Pakistan",Upper middle income,2022,22.3,-1.327,64.1
Algeria,DZA,"Middle East, North Africa, Afghanistan & Pakistan",Upper middle income,2023,22,-1.345,63.6
Andorra,AND,Europe & Central Asia,High income,2002,6.8,,14.4
Andorra,AND,Europe & Central Asia,High income,2003,6.5,-4.412,14.9
Andorra,AND,Europe & Central Asia,High income,2004,6.2,-4.615,14.9
Andorra,AND,Europe & Central Asia,High income,2005,5.9,-4.839,13.8
Andorra,AND,Europe & Central Asia,High income,2006,5.6,-5.085,13.3
Andorra,AND,Europe & Central Asia,High income,2007,5.3,-5.357,13.3
Andorra,AND,Europe & Central Asia,High income,2008,5,-5.66,13.3
Andorra,AND,Europe & Central Asia,High income,2009,4.8,-4,13.3
Andorra,AND,Europe & Central Asia,High income,2010,4.5,-6.25,11.8
Andorra,AND,Europe & Central Asia,High income,2011,4.3,-4.444,11.8
Andorra,AND,Europe & Central Asia,High income,2012,4.1,-4.651,10.8
Andorra,AND,Europe & Central Asia,High income,2013,3.9,-4.878,8.7
Andorra,AND,Europe & Central Asia,High income,2014,3.7,-5.128,8.7
Andorra,AND,Europe & Central Asia,High income,2015,3.5,-5.405,6.7
Andorra,AND,Europe & Central Asia,High income,2016,3.4,-2.857,6.7
Andorra,AND,Europe & Central Asia,High income,2017,3.2,-5.882,5.6
Andorra,AND,Europe & Central Asia,High income,2018,3.1,-3.125,5.6
Andorra,AND,Europe & Central Asia,High income,2019,3,-3.226,5.1
Andorra,AND,Europe & Central Asia,High income,2020,2.9,-3.333,5.1
Andorra,AND,Europe & Central Asia,High income,2021,2.8,-3.448,5.1
Andorra,AND,Europe & Central Asia,High income,2022,2.7,-3.571,5.6
Andorra,AND,Europe & Central Asia,High income,2023,2.6,-3.704,5.1
Angola,AGO,Sub-Saharan Africa,Lower middle income,2002,166.4,,95.9
Angola,AGO,Sub-Saharan Africa,Lower middle income,2003,155.5,-6.55,94.4
Angola,AGO,Sub-Saharan Africa,Lower middle income,2004,143.7,-7.588,93.8
Angola,AGO,Sub-Saharan Africa,Lower middle income,2005,131.5,-8.49,93.3
Angola,AGO,Sub-Saharan Africa,Lower middle income,2006,119.8,-8.897,92.8
Angola,AGO,Sub-Saharan Africa,Lower middle income,2007,109,-9.015,89.7
Angola,AGO,Sub-Saharan Africa,Lower middle income,2008,99.2,-8.991,89.2
Angola,AGO,Sub-Saharan Africa,Lower middle income,2009,90.7,-8.569,88.2
Angola,AGO,Sub-Saharan Africa,Lower middle income,2010,83.4,-8.049,87.2
Angola,AGO,Sub-Saharan Africa,Lower middle income,2011,77.2,-7.434,87.2
Angola,AGO,Sub-Saharan Africa,Lower middle income,2012,72,-6.736,87.2
Angola,AGO,Sub-Saharan Africa,Lower middle income,2013,67.9,-5.694,86.7
Angola,AGO,Sub-Saharan Africa,Lower middle income,2014,64.5,-5.007,85.6
Angola,AGO,Sub-Saharan Africa,Lower middle income,2015,61.8,-4.186,85.6
Angola,AGO,Sub-Saharan Africa,Lower middle income,2016,59.6,-3.56,85.6
Angola,AGO,Sub-Saharan Africa,Lower middle income,2017,57.9,-2.852,85.1
Angola,AGO,Sub-Saharan Africa,Lower middle income,2018,56.5,-2.418,85.6
Angola,AGO,Sub-Saharan Africa,Lower middle income,2019,55.3,-2.124,85.1
Angola,AGO,Sub-Saharan Africa,Lower middle income,2020,54.2,-1.989,85.1
Angola,AGO,Sub-Saharan Africa,Lower middle income,2021,53.2,-1.845,85.6
Angola,AGO,Sub-Saharan Africa,Lower middle income,2022,51.9,-2.444,85.6
Angola,AGO,Sub-Saharan Africa,Lower middle income,2023,50.5,-2.697,85.1
Antigua and Barbuda,ATG,Latin America & Caribbean,High income,2002,14.3,,28.2
Antigua and Barbuda,ATG,Latin America & Caribbean,High income,2003,13.9,-2.797,28.2
Antigua and Barbuda,ATG,Latin America & Caribbean,High income,2004,13.6,-2.158,28.2
Antigua and Barbuda,ATG,Latin America & Caribbean,High income,2005,13.3,-2.206,28.2
Antigua and Barbuda,ATG,Latin America & Caribbean,High income,2006,13,-2.256,29.2
Antigua and Barbuda,ATG,Latin America & Caribbean,High income,2007,12.7,-2.308,30.3
Antigua and Barbuda,ATG,Latin America & Caribbean,High income,2008,12.5,-1.575,30.8
Antigua and Barbuda,ATG,Latin America & Caribbean,High income,2009,12.2,-2.4,30.3
Antigua and Barbuda,ATG,Latin America & Caribbean,High income,2010,12,-1.639,31.3
Antigua and Barbuda,ATG,Latin America & Caribbean,High income,2011,11.8,-1.667,31.8
Antigua and Barbuda,ATG,Latin America & Caribbean,High income,2012,11.6,-1.695,32.8
Antigua and Barbuda,ATG,Latin America & Caribbean,High income,2013,11.4,-1.724,33.3
Antigua and Barbuda,ATG,Latin America & Caribbean,High income,2014,11.2,-1.754,33.3
Antigua and Barbuda,ATG,Latin America & Caribbean,High income,2015,11,-1.786,33.3
Antigua and Barbuda,ATG,Latin America & Caribbean,High income,2016,10.8,-1.818,33.8
Antigua and Barbuda,ATG,Latin America & Caribbean,High income,2017,10.7,-0.926,33.8
Antigua and Barbuda,ATG,Latin America & Caribbean,High income,2018,10.5,-1.869,33.8
Antigua and Barbuda,ATG,Latin America & Caribbean,High income,2019,10.3,-1.905,33.8
Antigua and Barbuda,ATG,Latin America & Caribbean,High income,2020,10.1,-1.942,33.3
Antigua and Barbuda,ATG,Latin America & Caribbean,High income,2021,9.8,-2.97,33.3
Antigua and Barbuda,ATG,Latin America & Caribbean,High income,2022,9.6,-2.041,34.4
Antigua and Barbuda,ATG,Latin America & Caribbean,High income,2023,9.3,-3.125,33.8
Argentina,ARG,Latin America & Caribbean,Upper middle income,2002,18.3,,35.9
Argentina,ARG,Latin America & Caribbean,Upper middle income,2003,17.8,-2.732,35.9
Argentina,ARG,Latin America & Caribbean,Upper middle income,2004,17.3,-2.809,35.4
Argentina,ARG,Latin America & Caribbean,Upper middle income,2005,16.7,-3.468,35.9
Argentina,ARG,Latin America & Caribbean,Upper middle income,2006,16.2,-2.994,35.9
Argentina,ARG,Latin America & Caribbean,Upper middle income,2007,15.8,-2.469,36.4
Argentina,ARG,Latin America & Caribbean,Upper middle income,2008,15.4,-2.532,36.4
Argentina,ARG,Latin America & Caribbean,Upper middle income,2009,15,-2.597,36.4
Argentina,ARG,Latin America & Caribbean,Upper middle income,2010,14.4,-4,36.9
Argentina,ARG,Latin America & Caribbean,Upper middle income,2011,13.9,-3.472,36.4
Argentina,ARG,Latin America & Caribbean,Upper middle income,2012,13.3,-4.317,35.9
Argentina,ARG,Latin America & Caribbean,Upper middle income,2013,12.7,-4.511,35.4
Argentina,ARG,Latin America & Caribbean,Upper middle income,2014,12.2,-3.937,35.4
Argentina,ARG,Latin America & Caribbean,Upper middle income,2015,11.7,-4.098,34.9
Argentina,ARG,Latin America & Caribbean,Upper middle income,2016,11.4,-2.564,35.4
Argentina,ARG,Latin America & Caribbean,Upper middle income,2017,11,-3.509,34.9
Argentina,ARG,Latin America & Caribbean,Upper middle income,2018,10.7,-2.727,34.9
Argentina,ARG,Latin America & Caribbean,Upper middle income,2019,10.5,-1.869,34.9
Argentina,ARG,Latin America & Caribbean,Upper middle income,2020,10.3,-1.905,34.9
Argentina,ARG,Latin America & Caribbean,Upper middle income,2021,10.1,-1.942,35.9
Argentina,ARG,Latin America & Caribbean,Upper middle income,2022,9.9,-1.98,35.4
Argentina,ARG,Latin America & Caribbean,Upper middle income,2023,9.7,-2.02,35.4
Armenia,ARM,Europe & Central Asia,Upper middle income,2002,27.7,,48.7
Armenia,ARM,Europe & Central Asia,Upper middle income,2003,26.4,-4.693,48.7
Armenia,ARM,Europe & Central Asia,Upper middle income,2004,25.1,-4.924,48.2
Armenia,ARM,Europe & Central Asia,Upper middle income,2005,23.9,-4.781,49.2
Armenia,ARM,Europe & Central Asia,Upper middle income,2006,22.7,-5.021,48.2
Armenia,ARM,Europe & Central Asia,Upper middle income,2007,21.6,-4.846,48.2
Armenia,ARM,Europe & Central Asia,Upper middle income,2008,20.6,-4.63,49.2
Armenia,ARM,Europe & Central Asia,Upper middle income,2009,19.6,-4.854,47.7
Armenia,ARM,Europe & Central Asia,Upper middle income,2010,18.7,-4.592,43.6
Armenia,ARM,Europe & Central Asia,Upper middle income,2011,17.8,-4.813,42.6
Armenia,ARM,Europe & Central Asia,Upper middle income,2012,16.9,-5.056,42.6
Armenia,ARM,Europe & Central Asia,Upper middle income,2013,16.1,-4.734,42.1
Armenia,ARM,Europe & Central Asia,Upper middle income,2014,15.4,-4.348,41.5
Armenia,ARM,Europe & Central Asia,Upper middle income,2015,14.7,-4.545,41.5
Armenia,ARM,Europe & Central Asia,Upper middle income,2016,14,-4.762,40.5
Armenia,ARM,Europe & Central Asia,Upper middle income,2017,13.3,-5,39
Armenia,ARM,Europe & Central Asia,Upper middle income,2018,12.7,-4.511,39
Armenia,ARM,Europe & Central Asia,Upper middle income,2019,12.1,-4.724,39.5
Armenia,ARM,Europe & Central Asia,Upper middle income,2020,11.6,-4.132,39.5
Armenia,ARM,Europe & Central Asia,Upper middle income,2021,11,-5.172,39.5
Armenia,ARM,Europe & Central Asia,Upper middle income,2022,10.5,-4.545,39
Armenia,ARM,Europe & Central Asia,Upper middle income,2023,10,-4.762,36.4
Australia,AUS,East Asia & Pacific,High income,2002,6,,11.3
Australia,AUS,East Asia & Pacific,High income,2003,5.9,-1.667,11.8
Australia,AUS,East Asia & Pacific,High income,2004,5.8,-1.695,12.3
Australia,AUS,East Asia & Pacific,High income,2005,5.7,-1.724,13.3
Australia,AUS,East Asia & Pacific,High income,2006,5.6,-1.754,13.3
Australia,AUS,East Asia & Pacific,High income,2007,5.4,-3.571,13.8
Australia,AUS,East Asia & Pacific,High income,2008,5.2,-3.704,13.8
Australia,AUS,East Asia & Pacific,High income,2009,5,-3.846,13.8
Australia,AUS,East Asia & Pacific,High income,2010,4.8,-4,14.4
Australia,AUS,East Asia & Pacific,High income,2011,4.5,-6.25,13.8
Australia,AUS,East Asia & Pacific,High income,2012,4.3,-4.444,12.8
Australia,AUS,East Asia & Pacific,High income,2013,4.1,-4.651,10.8
Australia,AUS,East Asia & Pacific,High income,2014,4,-2.439,10.3
Australia,AUS,East Asia & Pacific,High income,2015,3.9,-2.5,10.3
Australia,AUS,East Asia & Pacific,High income,2016,3.8,-2.564,10.3
Australia,AUS,East Asia & Pacific,High income,2017,3.8,0,11.8
Australia,AUS,East Asia & Pacific,High income,2018,3.8,0,11.8
Australia,AUS,East Asia & Pacific,High income,2019,3.8,0,12.3
Australia,AUS,East Asia & Pacific,High income,2020,3.8,0,13.8
Australia,AUS,East Asia & Pacific,High income,2021,3.7,-2.632,12.3
Australia,AUS,East Asia & Pacific,High income,2022,3.7,0,11.8
Australia,AUS,East Asia & Pacific,High income,2023,3.7,0,12.3
Austria,AUT,Europe & Central Asia,High income,2002,5.3,,7.7
Austria,AUT,Europe & Central Asia,High income,2003,5.2,-1.887,7.7
Austria,AUT,Europe & Central Asia,High income,2004,5,-3.846,8.2
Austria,AUT,Europe & Central Asia,High income,2005,4.9,-2,9.7
Austria,AUT,Europe & Central Asia,High income,2006,4.8,-2.041,9.7
Austria,AUT,Europe & Central Asia,High income,2007,4.6,-4.167,9.7
Austria,AUT,Europe & Central Asia,High income,2008,4.5,-2.174,10.3
Austria,AUT,Europe & Central Asia,High income,2009,4.4,-2.222,10.8
Austria,AUT,Europe & Central Asia,High income,2010,4.3,-2.273,10.8
Austria,AUT,Europe & Central Asia,High income,2011,4.2,-2.326,10.3
Austria,AUT,Europe & Central Asia,High income,2012,4,-4.762,8.7
Austria,AUT,Europe & Central Asia,High income,2013,3.9,-2.5,8.7
Austria,AUT,Europe & Central Asia,High income,2014,3.8,-2.564,9.2
Austria,AUT,Europe & Central Asia,High income,2015,3.7,-2.632,9.2
Austria,AUT,Europe & Central Asia,High income,2016,3.6,-2.703,8.7
Austria,AUT,Europe & Central Asia,High income,2017,3.6,0,9.2
Austria,AUT,Europe & Central Asia,High income,2018,3.5,-2.778,10.3
Austria,AUT,Europe & Central Asia,High income,2019,3.5,0,10.3
Austria,AUT,Europe & Central Asia,High income,2020,3.4,-2.857,9.7
Austria,AUT,Europe & Central Asia,High income,2021,3.4,0,10.3
Austria,AUT,Europe & Central Asia,High income,2022,3.3,-2.941,9.7
Austria,AUT,Europe & Central Asia,High income,2023,3.3,0,10.3
Azerbaijan,AZE,Europe & Central Asia,Upper middle income,2002,64.4,,68.7
Azerbaijan,AZE,Europe & Central Asia,Upper middle income,2003,59.9,-6.988,69.2
Azerbaijan,AZE,Europe & Central Asia,Upper middle income,2004,55.8,-6.845,69.2
Azerbaijan,AZE,Europe & Central Asia,Upper middle income,2005,52.1,-6.631,68.7
Azerbaijan,AZE,Europe & Central Asia,Upper middle income,2006,48.7,-6.526,68.7
Azerbaijan,AZE,Europe & Central Asia,Upper middle income,2007,45.7,-6.16,68.7
Azerbaijan,AZE,Europe & Central Asia,Upper middle income,2008,42.9,-6.127,68.7
Azerbaijan,AZE,Europe & Central Asia,Upper middle income,2009,40.2,-6.294,69.2
Azerbaijan,AZE,Europe & Central Asia,Upper middle income,2010,37.8,-5.97,68.7
Azerbaijan,AZE,Europe & Central Asia,Upper middle income,2011,35.5,-6.085,67.7
Azerbaijan,AZE,Europe & Central Asia,Upper middle income,2012,33.4,-5.915,66.7
Azerbaijan,AZE,Europe & Central Asia,Upper middle income,2013,31.4,-5.988,66.2
Azerbaijan,AZE,Europe & Central Asia,Upper middle income,2014,29.6,-5.732,65.6
Azerbaijan,AZE,Europe & Central Asia,Upper middle income,2015,27.9,-5.743,64.1
Azerbaijan,AZE,Europe & Central Asia,Upper middle income,2016,26.5,-5.018,64.1
Azerbaijan,AZE,Europe & Central Asia,Upper middle income,2017,25.1,-5.283,63.6
Azerbaijan,AZE,Europe & Central Asia,Upper middle income,2018,23.8,-5.179,62.6
Azerbaijan,AZE,Europe & Central Asia,Upper middle income,2019,22.7,-4.622,60
Azerbaijan,AZE,Europe & Central Asia,Upper middle income,2020,21.5,-5.286,61
Azerbaijan,AZE,Europe & Central Asia,Upper middle income,2021,20.5,-4.651,61
Azerbaijan,AZE,Europe & Central Asia,Upper middle income,2022,19.6,-4.39,60.5
Azerbaijan,AZE,Europe & Central Asia,Upper middle income,2023,18.7,-4.592,59.5
"Bahamas, The",BHS,Latin America & Caribbean,High income,2002,16.5,,33.3
"Bahamas, The",BHS,Latin America & Caribbean,High income,2003,16.7,1.212,34.9
"Bahamas, The",BHS,Latin America & Caribbean,High income,2004,16.8,0.599,34.9
"Bahamas, The",BHS,Latin America & Caribbean,High income,2005,16.9,0.595,36.4
"Bahamas, The",BHS,Latin America & Caribbean,High income,2006,16.8,-0.592,37.4
"Bahamas, The",BHS,Latin America & Caribbean,High income,2007,16.5,-1.786,37.4
"Bahamas, The",BHS,Latin America & Caribbean,High income,2008,16.2,-1.818,38.5
"Bahamas, The",BHS,Latin America & Caribbean,High income,2009,15.8,-2.469,38.5
"Bahamas, The",BHS,Latin America & Caribbean,High income,2010,15.4,-2.532,37.9
"Bahamas, The",BHS,Latin America & Caribbean,High income,2011,15.1,-1.948,38.5
"Bahamas, The",BHS,Latin America & Caribbean,High income,2012,14.7,-2.649,37.9
"Bahamas, The",BHS,Latin America & Caribbean,High income,2013,14.4,-2.041,37.4
"Bahamas, The",BHS,Latin America & Caribbean,High income,2014,14.2,-1.389,39
"Bahamas, The",BHS,Latin America & Caribbean,High income,2015,14,-1.408,39
"Bahamas, The",BHS,Latin America & Caribbean,High income,2016,13.8,-1.429,39.5
"Bahamas, The",BHS,Latin America & Caribbean,High income,2017,13.7,-0.725,40.5
"Bahamas, The",BHS,Latin America & Caribbean,High income,2018,13.5,-1.46,40.5
"Bahamas, The",BHS,Latin America & Caribbean,High income,2019,24.3,80,64.1
"Bahamas, The",BHS,Latin America & Caribbean,High income,2020,13.3,-45.267,42.1
"Bahamas, The",BHS,Latin America & Caribbean,High income,2021,13.1,-1.504,43.1
"Bahamas, The",BHS,Latin America & Caribbean,High income,2022,12.9,-1.527,43.1
"Bahamas, The",BHS,Latin America & Caribbean,High income,2023,12.7,-1.55,41.5
Bahrain,BHR,"Middle East, North Africa, Afghanistan & Pakistan",High income,2002,11.6,,24.6
Bahrain,BHR,"Middle East, North Africa, Afghanistan & Pakistan",High income,2003,11.3,-2.586,25.1
Bahrain,BHR,"Middle East, North Africa, Afghanistan & Pakistan",High income,2004,11,-2.655,25.1
Bahrain,BHR,"Middle East, North Africa, Afghanistan & Pakistan",High income,2005,10.6,-3.636,25.6
Bahrain,BHR,"Middle East, North Africa, Afghanistan & Pakistan",High income,2006,10.3,-2.83,26.2
Bahrain,BHR,"Middle East, North Africa, Afghanistan & Pakistan",High income,2007,9.8,-4.854,25.6
Bahrain,BHR,"Middle East, North Africa, Afghanistan & Pakistan",High income,2008,9.4,-4.082,25.1
Bahrain,BHR,"Middle East, North Africa, Afghanistan & Pakistan",High income,2009,9,-4.255,24.6
Bahrain,BHR,"Middle East, North Africa, Afghanistan & Pakistan",High income,2010,8.6,-4.444,24.1
Bahrain,BHR,"Middle East, North Africa, Afghanistan & Pakistan",High income,2011,8.3,-3.488,24.1
Bahrain,BHR,"Middle East, North Africa, Afghanistan & Pakistan",High income,2012,8.1,-2.41,24.1
Bahrain,BHR,"Middle East, North Africa, Afghanistan & Pakistan",High income,2013,7.9,-2.469,23.6
Bahrain,BHR,"Middle East, North Africa, Afghanistan & Pakistan",High income,2014,7.8,-1.266,23.6
Bahrain,BHR,"Middle East, North Africa, Afghanistan & Pakistan",High income,2015,7.7,-1.282,24.1
Bahrain,BHR,"Middle East, North Africa, Afghanistan & Pakistan",High income,2016,7.6,-1.299,25.1
Bahrain,BHR,"Middle East, North Africa, Afghanistan & Pakistan",High income,2017,7.7,1.316,26.2
Bahrain,BHR,"Middle East, North Africa, Afghanistan & Pakistan",High income,2018,7.7,0,27.7
Bahrain,BHR,"Middle East, North Africa, Afghanistan & Pakistan",High income,2019,7.8,1.299,29.2
Bahrain,BHR,"Middle East, North Africa, Afghanistan & Pakistan",High income,2020,8,2.564,29.7
Bahrain,BHR,"Middle East, North Africa, Afghanistan & Pakistan",High income,2021,8.2,2.5,29.7
Bahrain,BHR,"Middle East, North Africa, Afghanistan & Pakistan",High income,2022,8.4,2.439,30.3
Bahrain,BHR,"Middle East, North Africa, Afghanistan & Pakistan",High income,2023,8.6,2.381,31.3
Bangladesh,BGD,South Asia,Lower middle income,2002,75.3,,72.8
Bangladesh,BGD,South Asia,Lower middle income,2003,70.8,-5.976,72.8
Bangladesh,BGD,South Asia,Lower middle income,2004,66.8,-5.65,72.3
Bangladesh,BGD,South Asia,Lower middle income,2005,63,-5.689,71.8
Bangladesh,BGD,South Asia,Lower middle income,2006,59.6,-5.397,71.8
Bangladesh,BGD,South Asia,Lower middle income,2007,56.5,-5.201,71.8
Bangladesh,BGD,South Asia,Lower middle income,2008,53.6,-5.133,71.8
Bangladesh,BGD,South Asia,Lower middle income,2009,51.1,-4.664,71.8
Bangladesh,BGD,South Asia,Lower middle income,2010,48.7,-4.697,71.8
Bangladesh,BGD,South Asia,Lower middle income,2011,46.5,-4.517,72.3
Bangladesh,BGD,South Asia,Lower middle income,2012,44.4,-4.516,72.3
Bangladesh,BGD,South Asia,Lower middle income,2013,42.4,-4.505,71.8
Bangladesh,BGD,South Asia,Lower middle income,2014,40.5,-4.481,71.8
Bangladesh,BGD,South Asia,Lower middle income,2015,38.5,-4.938,71.8
Bangladesh,BGD,South Asia,Lower middle income,2016,36.7,-4.675,71.3
Bangladesh,BGD,South Asia,Lower middle income,2017,35,-4.632,71.3
Bangladesh,BGD,South Asia,Lower middle income,2018,33.5,-4.286,70.8
Bangladesh,BGD,South Asia,Lower middle income,2019,32.3,-3.582,70.3
Bangladesh,BGD,South Asia,Lower middle income,2020,31.4,-2.786,70.3
Bangladesh,BGD,South Asia,Lower middle income,2021,30.9,-1.592,70.3
Bangladesh,BGD,South Asia,Lower middle income,2022,30.7,-0.647,70.8
Bangladesh,BGD,South Asia,Lower middle income,2023,30.6,-0.326,70.3
Barbados,BRB,Latin America & Caribbean,High income,2002,14.7,,29.7
Barbados,BRB,Latin America & Caribbean,High income,2003,14.8,0.68,29.7
Barbados,BRB,Latin America & Caribbean,High income,2004,14.9,0.676,30.8
Barbados,BRB,Latin America & Caribbean,High income,2005,14.8,-0.671,32.3
Barbados,BRB,Latin America & Caribbean,High income,2006,14.7,-0.676,33.3
Barbados,BRB,Latin America & Caribbean,High income,2007,14.5,-1.361,33.3
Barbados,BRB,Latin America & Caribbean,High income,2008,14.3,-1.379,34.4
Barbados,BRB,Latin America & Caribbean,High income,2009,14.1,-1.399,33.8
Barbados,BRB,Latin America & Caribbean,High income,2010,13.9,-1.418,34.9
Barbados,BRB,Latin America & Caribbean,High income,2011,13.7,-1.439,35.9
Barbados,BRB,Latin America & Caribbean,High income,2012,13.5,-1.46,36.4
Barbados,BRB,Latin America & Caribbean,High income,2013,13.3,-1.481,36.9
Barbados,BRB,Latin America & Caribbean,High income,2014,13.1,-1.504,37.4
Barbados,BRB,Latin America & Caribbean,High income,2015,12.8,-2.29,36.9
Barbados,BRB,Latin America & Caribbean,High income,2016,12.4,-3.125,36.9
Barbados,BRB,Latin America & Caribbean,High income,2017,12.1,-2.419,36.9
Barbados,BRB,Latin America & Caribbean,High income,2018,11.8,-2.479,37.4
Barbados,BRB,Latin America & Caribbean,High income,2019,11.4,-3.39,37.9
Barbados,BRB,Latin America & Caribbean,High income,2020,11.1,-2.632,38.5
Barbados,BRB,Latin America & Caribbean,High income,2021,10.7,-3.604,38.5
Barbados,BRB,Latin America & Caribbean,High income,2022,10.4,-2.804,37.9
Barbados,BRB,Latin America & Caribbean,High income,2023,10.1,-2.885,36.9
Belarus,BLR,Europe & Central Asia,Upper middle income,2002,10.9,,23.6
Belarus,BLR,Europe & Central Asia,Upper middle income,2003,10.1,-7.339,23.1
Belarus,BLR,Europe & Central Asia,Upper middle income,2004,9.4,-6.931,22.1
Belarus,BLR,Europe & Central Asia,Upper middle income,2005,8.7,-7.447,21
Belarus,BLR,Europe & Central Asia,Upper middle income,2006,8,-8.046,20
Belarus,BLR,Europe & Central Asia,Upper middle income,2007,7.3,-8.75,19.5
Belarus,BLR,Europe & Central Asia,Upper middle income,2008,6.6,-9.589,17.9
Belarus,BLR,Europe & Central Asia,Upper middle income,2009,6.1,-7.576,16.4
Belarus,BLR,Europe & Central Asia,Upper middle income,2010,5.6,-8.197,15.9
Belarus,BLR,Europe & Central Asia,Upper middle income,2011,5.2,-7.143,15.4
Belarus,BLR,Europe & Central Asia,Upper middle income,2012,4.9,-5.769,15.4
Belarus,BLR,Europe & Central Asia,Upper middle income,2013,4.6,-6.122,14.9
Belarus,BLR,Europe & Central Asia,Upper middle income,2014,4.3,-6.522,14.4
Belarus,BLR,Europe & Central Asia,Upper middle income,2015,4.1,-4.651,11.8
Belarus,BLR,Europe & Central Asia,Upper middle income,2016,3.9,-4.878,11.3
Belarus,BLR,Europe & Central Asia,Upper middle income,2017,3.6,-7.692,9.2
Belarus,BLR,Europe & Central Asia,Upper middle income,2018,3.4,-5.556,9.2
Belarus,BLR,Europe & Central Asia,Upper middle income,2019,3.1,-8.824,6.7
Belarus,BLR,Europe & Central Asia,Upper middle income,2020,2.9,-6.452,5.1
Belarus,BLR,Europe & Central Asia,Upper middle income,2021,2.7,-6.897,4.6
Belarus,BLR,Europe & Central Asia,Upper middle income,2022,2.6,-3.704,4.6
Belarus,BLR,Europe & Central Asia,Upper middle income,2023,2.4,-7.692,2.1
Belgium,BEL,Europe & Central Asia,High income,2002,5.5,,9.2
Belgium,BEL,Europe & Central Asia,High income,2003,5.3,-3.636,9.2
Belgium,BEL,Europe & Central Asia,High income,2004,5.2,-1.887,10.3
Belgium,BEL,Europe & Central Asia,High income,2005,5,-3.846,10.3
Belgium,BEL,Europe & Central Asia,High income,2006,4.9,-2,10.8
Belgium,BEL,Europe & Central Asia,High income,2007,4.8,-2.041,10.8
Belgium,BEL,Europe & Central Asia,High income,2008,4.7,-2.083,11.3
Belgium,BEL,Europe & Central Asia,High income,2009,4.6,-2.128,11.3
Belgium,BEL,Europe & Central Asia,High income,2010,4.5,-2.174,11.8
Belgium,BEL,Europe & Central Asia,High income,2011,4.4,-2.222,12.8
Belgium,BEL,Europe & Central Asia,High income,2012,4.3,-2.273,12.8
Belgium,BEL,Europe & Central Asia,High income,2013,4.2,-2.326,13.3
Belgium,BEL,Europe & Central Asia,High income,2014,4.1,-2.381,11.8
Belgium,BEL,Europe & Central Asia,High income,2015,4.1,0,11.8
Belgium,BEL,Europe & Central Asia,High income,2016,4.1,0,13.3
Belgium,BEL,Europe & Central Asia,High income,2017,4,-2.439,13.3
Belgium,BEL,Europe & Central Asia,High income,2018,4,0,13.3
Belgium,BEL,Europe & Central Asia,High income,2019,3.9,-2.5,13.3
Belgium,BEL,Europe & Central Asia,High income,2020,3.9,0,14.4
Belgium,BEL,Europe & Central Asia,High income,2021,3.8,-2.564,14.4
Belgium,BEL,Europe & Central Asia,High income,2022,3.8,0,13.3
Belgium,BEL,Europe & Central Asia,High income,2023,3.7,-2.632,12.3
Belize,BLZ,Latin America & Caribbean,Upper middle income,2002,22.8,,42.6
Belize,BLZ,Latin America & Caribbean,Upper middle income,2003,22.1,-3.07,41.5
Belize,BLZ,Latin America & Caribbean,Upper middle income,2004,21.5,-2.715,41.5
Belize,BLZ,Latin America & Caribbean,Upper middle income,2005,21,-2.326,42.1
Belize,BLZ,Latin America & Caribbean,Upper middle income,2006,20.6,-1.905,42.6
Belize,BLZ,Latin America & Caribbean,Upper middle income,2007,20.2,-1.942,44.6
Belize,BLZ,Latin America & Caribbean,Upper middle income,2008,19.7,-2.475,45.1
Belize,BLZ,Latin America & Caribbean,Upper middle income,2009,19.3,-2.03,45.1
Belize,BLZ,Latin America & Caribbean,Upper middle income,2010,18.8,-2.591,45.1
Belize,BLZ,Latin America & Caribbean,Upper middle income,2011,18.3,-2.66,44.1
Belize,BLZ,Latin America & Caribbean,Upper middle income,2012,17.7,-3.279,46.2
Belize,BLZ,Latin America & Caribbean,Upper middle income,2013,17,-3.955,45.6
Belize,BLZ,Latin America & Caribbean,Upper middle income,2014,16.3,-4.118,44.6
Belize,BLZ,Latin America & Caribbean,Upper middle income,2015,15.6,-4.294,44.1
Belize,BLZ,Latin America & Caribbean,Upper middle income,2016,15,-3.846,43.1
Belize,BLZ,Latin America & Caribbean,Upper middle income,2017,14.4,-4,41
Belize,BLZ,Latin America & Caribbean,Upper middle income,2018,13.9,-3.472,41
Belize,BLZ,Latin America & Caribbean,Upper middle income,2019,13.5,-2.878,41
Belize,BLZ,Latin America & Caribbean,Upper middle income,2020,13.2,-2.222,41.5
Belize,BLZ,Latin America & Caribbean,Upper middle income,2021,13,-1.515,42.6
Belize,BLZ,Latin America & Caribbean,Upper middle income,2022,12.8,-1.538,42.6
Belize,BLZ,Latin America & Caribbean,Upper middle income,2023,12.8,0,42.6
Benin,BEN,Sub-Saharan Africa,Lower middle income,2002,128.5,,88.2
Benin,BEN,Sub-Saharan Africa,Lower middle income,2003,125.4,-2.412,89.2
Benin,BEN,Sub-Saharan Africa,Lower middle income,2004,122.5,-2.313,90.3
Benin,BEN,Sub-Saharan Africa,Lower middle income,2005,119.7,-2.286,90.3
Benin,BEN,Sub-Saharan Africa,Lower middle income,2006,117,-2.256,90.8
Benin,BEN,Sub-Saharan Africa,Lower middle income,2007,114.4,-2.222,92.8
Benin,BEN,Sub-Saharan Africa,Lower middle income,2008,112,-2.098,92.8
Benin,BEN,Sub-Saharan Africa,Lower middle income,2009,109.7,-2.054,93.3
Benin,BEN,Sub-Saharan Africa,Lower middle income,2010,107.4,-2.097,93.3
Benin,BEN,Sub-Saharan Africa,Lower middle income,2011,105.1,-2.142,93.8
Benin,BEN,Sub-Saharan Africa,Lower middle income,2012,102.9,-2.093,94.9
Benin,BEN,Sub-Saharan Africa,Lower middle income,2013,100.6,-2.235,95.4
Benin,BEN,Sub-Saharan Africa,Lower middle income,2014,98.4,-2.187,94.9
Benin,BEN,Sub-Saharan Africa,Lower middle income,2015,96.1,-2.337,94.9
Benin,BEN,Sub-Saharan Africa,Lower middle income,2016,94,-2.185,94.9
Benin,BEN,Sub-Saharan Africa,Lower middle income,2017,91.8,-2.34,94.9
Benin,BEN,Sub-Saharan Africa,Lower middle income,2018,89.4,-2.614,93.8
Benin,BEN,Sub-Saharan Africa,Lower middle income,2019,87,-2.685,93.8
Benin,BEN,Sub-Saharan Africa,Lower middle income,2020,84.6,-2.759,93.8
Benin,BEN,Sub-Saharan Africa,Lower middle income,2021,82.2,-2.837,93.8
Benin,BEN,Sub-Saharan Africa,Lower middle income,2022,79.6,-3.163,93.8
Benin,BEN,Sub-Saharan Africa,Lower middle income,2023,77.2,-3.015,94.4
Bhutan,BTN,South Asia,Lower middle income,2002,68.8,,69.7
Bhutan,BTN,South Asia,Lower middle income,2003,64.6,-6.105,70.3
Bhutan,BTN,South Asia,Lower middle income,2004,60.6,-6.192,70.3
Bhutan,BTN,South Asia,Lower middle income,2005,56.7,-6.436,70.3
Bhutan,BTN,South Asia,Lower middle income,2006,52.9,-6.702,70.3
Bhutan,BTN,South Asia,Lower middle income,2007,49.5,-6.427,70.3
Bhutan,BTN,South Asia,Lower middle income,2008,46.2,-6.667,69.7
Bhutan,BTN,South Asia,Lower middle income,2009,43.3,-6.277,69.7
Bhutan,BTN,South Asia,Lower middle income,2010,40.5,-6.467,69.7
Bhutan,BTN,South Asia,Lower middle income,2011,37.9,-6.42,69.2
Bhutan,BTN,South Asia,Lower middle income,2012,35.5,-6.332,68.7
Bhutan,BTN,South Asia,Lower middle income,2013,33.2,-6.479,67.2
Bhutan,BTN,South Asia,Lower middle income,2014,31.2,-6.024,67.2
Bhutan,BTN,South Asia,Lower middle income,2015,29.2,-6.41,65.6
Bhutan,BTN,South Asia,Lower middle income,2016,27.4,-6.164,65.1
Bhutan,BTN,South Asia,Lower middle income,2017,25.8,-5.839,65.1
Bhutan,BTN,South Asia,Lower middle income,2018,24.2,-6.202,63.6
Bhutan,BTN,South Asia,Lower middle income,2019,22.7,-6.198,60
Bhutan,BTN,South Asia,Lower middle income,2020,21.3,-6.167,60.5
Bhutan,BTN,South Asia,Lower middle income,2021,20,-6.103,60
Bhutan,BTN,South Asia,Lower middle income,2022,19,-5,59.5
Bhutan,BTN,South Asia,Lower middle income,2023,18,-5.263,56.9
Bolivia,BOL,Latin America & Caribbean,Lower middle income,2002,62.1,,67.7
Bolivia,BOL,Latin America & Caribbean,Lower middle income,2003,58.2,-6.28,67.7
Bolivia,BOL,Latin America & Caribbean,Lower middle income,2004,54.5,-6.357,67.7
Bolivia,BOL,Latin America & Caribbean,Lower middle income,2005,51,-6.422,68.2
Bolivia,BOL,Latin America & Caribbean,Lower middle income,2006,47.7,-6.471,68.2
Bolivia,BOL,Latin America & Caribbean,Lower middle income,2007,44.7,-6.289,68.2
Bolivia,BOL,Latin America & Caribbean,Lower middle income,2008,41.8,-6.488,68.2
Bolivia,BOL,Latin America & Caribbean,Lower middle income,2009,39.1,-6.459,67.2
Bolivia,BOL,Latin America & Caribbean,Lower middle income,2010,36.7,-6.138,67.2
Bolivia,BOL,Latin America & Caribbean,Lower middle income,2011,34.4,-6.267,66.7
Bolivia,BOL,Latin America & Caribbean,Lower middle income,2012,32.3,-6.105,65.1
Bolivia,BOL,Latin America & Caribbean,Lower middle income,2013,30.3,-6.192,64.6
Bolivia,BOL,Latin America & Caribbean,Lower middle income,2014,28.4,-6.271,64.6
Bolivia,BOL,Latin America & Caribbean,Lower middle income,2015,26.7,-5.986,63.6
Bolivia,BOL,Latin America & Caribbean,Lower middle income,2016,25,-6.367,62.1
Bolivia,BOL,Latin America & Caribbean,Lower middle income,2017,23.4,-6.4,60.5
Bolivia,BOL,Latin America & Caribbean,Lower middle income,2018,22,-5.983,59.5
Bolivia,BOL,Latin America & Caribbean,Lower middle income,2019,20.6,-6.364,58.5
Bolivia,BOL,Latin America & Caribbean,Lower middle income,2020,19.3,-6.311,58.5
Bolivia,BOL,Latin America & Caribbean,Lower middle income,2021,18.2,-5.699,57.4
Bolivia,BOL,Latin America & Caribbean,Lower middle income,2022,17.3,-4.945,54.9
Bolivia,BOL,Latin America & Caribbean,Lower middle income,2023,16.4,-5.202,52.8
Bosnia and Herzegovina,BIH,Europe & Central Asia,Upper middle income,2002,8.4,,17.9
Bosnia and Herzegovina,BIH,Europe & Central Asia,Upper middle income,2003,8,-4.762,16.9
Bosnia and Herzegovina,BIH,Europe & Central Asia,Upper middle income,2004,7.6,-5,17.4
Bosnia and Herzegovina,BIH,Europe & Central Asia,Upper middle income,2005,7.4,-2.632,17.9
Bosnia and Herzegovina,BIH,Europe & Central Asia,Upper middle income,2006,7.2,-2.703,17.9
Bosnia and Herzegovina,BIH,Europe & Central Asia,Upper middle income,2007,7.1,-1.389,19
Bosnia and Herzegovina,BIH,Europe & Central Asia,Upper middle income,2008,7,-1.408,19.5
Bosnia and Herzegovina,BIH,Europe & Central Asia,Upper middle income,2009,6.9,-1.429,19.5
Bosnia and Herzegovina,BIH,Europe & Central Asia,Upper middle income,2010,6.8,-1.449,20
Bosnia and Herzegovina,BIH,Europe & Central Asia,Upper middle income,2011,6.8,0,20.5
Bosnia and Herzegovina,BIH,Europe & Central Asia,Upper middle income,2012,6.7,-1.471,21
Bosnia and Herzegovina,BIH,Europe & Central Asia,Upper middle income,2013,6.7,0,21.5
Bosnia and Herzegovina,BIH,Europe & Central Asia,Upper middle income,2014,6.7,0,22.1
Bosnia and Herzegovina,BIH,Europe & Central Asia,Upper middle income,2015,6.7,0,22.6
Bosnia and Herzegovina,BIH,Europe & Central Asia,Upper middle income,2016,6.8,1.493,23.1
Bosnia and Herzegovina,BIH,Europe & Central Asia,Upper middle income,2017,6.8,0,23.1
Bosnia and Herzegovina,BIH,Europe & Central Asia,Upper middle income,2018,6.8,0,24.1
Bosnia and Herzegovina,BIH,Europe & Central Asia,Upper middle income,2019,6.7,-1.471,24.1
Bosnia and Herzegovina,BIH,Europe & Central Asia,Upper middle income,2020,6.6,-1.493,25.6
Bosnia and Herzegovina,BIH,Europe & Central Asia,Upper middle income,2021,6.4,-3.03,24.6
Bosnia and Herzegovina,BIH,Europe & Central Asia,Upper middle income,2022,6.2,-3.125,25.1
Bosnia and Herzegovina,BIH,Europe & Central Asia,Upper middle income,2023,6,-3.226,24.1
Botswana,BWA,Sub-Saharan Africa,Upper middle income,2002,77.9,,74.9
Botswana,BWA,Sub-Saharan Africa,Upper middle income,2003,76.7,-1.54,74.9
Botswana,BWA,Sub-Saharan Africa,Upper middle income,2004,75.7,-1.304,75.9
Botswana,BWA,Sub-Saharan Africa,Upper middle income,2005,70.8,-6.473,75.4
Botswana,BWA,Sub-Saharan Africa,Upper middle income,2006,66,-6.78,74.9
Botswana,BWA,Sub-Saharan Africa,Upper middle income,2007,64.3,-2.576,76.4
Botswana,BWA,Sub-Saharan Africa,Upper middle income,2008,63.7,-0.933,76.9
Botswana,BWA,Sub-Saharan Africa,Upper middle income,2009,60.6,-4.867,77.4
Botswana,BWA,Sub-Saharan Africa,Upper middle income,2010,58.4,-3.63,77.4
Botswana,BWA,Sub-Saharan Africa,Upper middle income,2011,58.8,0.685,79
Botswana,BWA,Sub-Saharan Africa,Upper middle income,2012,53.9,-8.333,77.4
Botswana,BWA,Sub-Saharan Africa,Upper middle income,2013,50.3,-6.679,75.9
Botswana,BWA,Sub-Saharan Africa,Upper middle income,2014,49,-2.584,75.9
Botswana,BWA,Sub-Saharan Africa,Upper middle income,2015,46.7,-4.694,74.9
Botswana,BWA,Sub-Saharan Africa,Upper middle income,2016,45.1,-3.426,74.9
Botswana,BWA,Sub-Saharan Africa,Upper middle income,2017,42.1,-6.652,73.8
Botswana,BWA,Sub-Saharan Africa,Upper middle income,2018,41.2,-2.138,73.8
Botswana,BWA,Sub-Saharan Africa,Upper middle income,2019,40,-2.913,73.8
Botswana,BWA,Sub-Saharan Africa,Upper middle income,2020,38.9,-2.75,73.8
Botswana,BWA,Sub-Saharan Africa,Upper middle income,2021,37.1,-4.627,73.8
Botswana,BWA,Sub-Saharan Africa,Upper middle income,2022,35.7,-3.774,73.8
Botswana,BWA,Sub-Saharan Africa,Upper middle income,2023,34.6,-3.081,72.3
Brazil,BRA,Latin America & Caribbean,Upper middle income,2002,30.1,,52.3
Brazil,BRA,Latin America & Caribbean,Upper middle income,2003,28.2,-6.312,52.3
Brazil,BRA,Latin America & Caribbean,Upper middle income,2004,26.3,-6.738,50.3
Brazil,BRA,Latin America & Caribbean,Upper middle income,2005,24.6,-6.464,51.3
Brazil,BRA,Latin America & Caribbean,Upper middle income,2006,23.1,-6.098,50.3
Brazil,BRA,Latin America & Caribbean,Upper middle income,2007,21.7,-6.061,48.7
Brazil,BRA,Latin America & Caribbean,Upper middle income,2008,20.5,-5.53,48.7
Brazil,BRA,Latin America & Caribbean,Upper middle income,2009,19.5,-4.878,46.2
Brazil,BRA,Latin America & Caribbean,Upper middle income,2010,18.6,-4.615,43.1
Brazil,BRA,Latin America & Caribbean,Upper middle income,2011,17.9,-3.763,43.1
Brazil,BRA,Latin America & Caribbean,Upper middle income,2012,17.2,-3.911,43.6
Brazil,BRA,Latin America & Caribbean,Upper middle income,2013,16.7,-2.907,44.1
Brazil,BRA,Latin America & Caribbean,Upper middle income,2014,16.3,-2.395,44.6
Brazil,BRA,Latin America & Caribbean,Upper middle income,2015,16,-1.84,45.1
Brazil,BRA,Latin America & Caribbean,Upper middle income,2016,16.8,5,48.2
Brazil,BRA,Latin America & Caribbean,Upper middle income,2017,15.4,-8.333,45.6
Brazil,BRA,Latin America & Caribbean,Upper middle income,2018,15.2,-1.299,46.2
Brazil,BRA,Latin America & Caribbean,Upper middle income,2019,15,-1.316,46.7
Brazil,BRA,Latin America & Caribbean,Upper middle income,2020,14.9,-0.667,47.7
Brazil,BRA,Latin America & Caribbean,Upper middle income,2021,14.7,-1.342,48.2
Brazil,BRA,Latin America & Caribbean,Upper middle income,2022,14.6,-0.68,49.2
Brazil,BRA,Latin America & Caribbean,Upper middle income,2023,14.4,-1.37,48.7
British Virgin Islands,VGB,Latin America & Caribbean,High income,2002,16.4,,32.8
British Virgin Islands,VGB,Latin America & Caribbean,High income,2003,16.1,-1.829,33.8
British Virgin Islands,VGB,Latin America & Caribbean,High income,2004,16,-0.621,33.8
British Virgin Islands,VGB,Latin America & Caribbean,High income,2005,15.9,-0.625,34.9
British Virgin Islands,VGB,Latin America & Caribbean,High income,2006,15.8,-0.629,35.4
British Virgin Islands,VGB,Latin America & Caribbean,High income,2007,15.7,-0.633,35.9
British Virgin Islands,VGB,Latin America & Caribbean,High income,2008,15.7,0,36.9
British Virgin Islands,VGB,Latin America & Caribbean,High income,2009,15.6,-0.637,37.9
British Virgin Islands,VGB,Latin America & Caribbean,High income,2010,15.6,0,38.5
British Virgin Islands,VGB,Latin America & Caribbean,High income,2011,15.6,0,39
British Virgin Islands,VGB,Latin America & Caribbean,High income,2012,15.6,0,39.5
British Virgin Islands,VGB,Latin America & Caribbean,High income,2013,15.6,0,40.5
British Virgin Islands,VGB,Latin America & Caribbean,High income,2014,15.6,0,42.1
British Virgin Islands,VGB,Latin America & Caribbean,High income,2015,15.5,-0.641,42.6
British Virgin Islands,VGB,Latin America & Caribbean,High income,2016,15.2,-1.935,44.1
British Virgin Islands,VGB,Latin America & Caribbean,High income,2017,14.9,-1.974,44.1
British Virgin Islands,VGB,Latin America & Caribbean,High income,2018,14.6,-2.013,43.6
British Virgin Islands,VGB,Latin America & Caribbean,High income,2019,14.2,-2.74,43.1
British Virgin Islands,VGB,Latin America & Caribbean,High income,2020,13.8,-2.817,44.1
British Virgin Islands,VGB,Latin America & Caribbean,High income,2021,13.5,-2.174,44.1
British Virgin Islands,VGB,Latin America & Caribbean,High income,2022,13.1,-2.963,43.6
British Virgin Islands,VGB,Latin America & Caribbean,High income,2023,12.7,-3.053,41.5
Brunei Darussalam,BRN,East Asia & Pacific,High income,2002,9.8,,21
Brunei Darussalam,BRN,East Asia & Pacific,High income,2003,9.7,-1.02,22.1
Brunei Darussalam,BRN,East Asia & Pacific,High income,2004,9.6,-1.031,23.1
Brunei Darussalam,BRN,East Asia & Pacific,High income,2005,9.5,-1.042,23.6
Brunei Darussalam,BRN,East Asia & Pacific,High income,2006,9.5,0,23.6
Brunei Darussalam,BRN,East Asia & Pacific,High income,2007,9.6,1.053,25.1
Brunei Darussalam,BRN,East Asia & Pacific,High income,2008,9.6,0,25.6
Brunei Darussalam,BRN,East Asia & Pacific,High income,2009,9.7,1.042,26.2
Brunei Darussalam,BRN,East Asia & Pacific,High income,2010,9.9,2.062,26.2
Brunei Darussalam,BRN,East Asia & Pacific,High income,2011,10,1.01,26.2
Brunei Darussalam,BRN,East Asia & Pacific,High income,2012,10.2,2,28.7
Brunei Darussalam,BRN,East Asia & Pacific,High income,2013,10.4,1.961,30.3
Brunei Darussalam,BRN,East Asia & Pacific,High income,2014,10.6,1.923,31.3
Brunei Darussalam,BRN,East Asia & Pacific,High income,2015,10.7,0.943,32.3
Brunei Darussalam,BRN,East Asia & Pacific,High income,2016,10.7,0,33.3
Brunei Darussalam,BRN,East Asia & Pacific,High income,2017,10.7,0,33.8
Brunei Darussalam,BRN,East Asia & Pacific,High income,2018,10.6,-0.935,34.4
Brunei Darussalam,BRN,East Asia & Pacific,High income,2019,10.5,-0.943,34.9
Brunei Darussalam,BRN,East Asia & Pacific,High income,2020,10.4,-0.952,35.4
Brunei Darussalam,BRN,East Asia & Pacific,High income,2021,10.3,-0.962,36.4
Brunei Darussalam,BRN,East Asia & Pacific,High income,2022,10.2,-0.971,36.9
Brunei Darussalam,BRN,East Asia & Pacific,High income,2023,10.1,-0.98,36.9
Bulgaria,BGR,Europe & Central Asia,High income,2002,16,,31.3
Bulgaria,BGR,Europe & Central Asia,High income,2003,15.1,-5.625,30.8
Bulgaria,BGR,Europe & Central Asia,High income,2004,14.2,-5.96,29.7
Bulgaria,BGR,Europe & Central Asia,High income,2005,13.3,-6.338,28.2
Bulgaria,BGR,Europe & Central Asia,High income,2006,12.5,-6.015,27.7
Bulgaria,BGR,Europe & Central Asia,High income,2007,11.9,-4.8,27.7
Bulgaria,BGR,Europe & Central Asia,High income,2008,11.4,-4.202,28.2
Bulgaria,BGR,Europe & Central Asia,High income,2009,11.1,-2.632,28.7
Bulgaria,BGR,Europe & Central Asia,High income,2010,10.9,-1.802,29.2
Bulgaria,BGR,Europe & Central Asia,High income,2011,10.4,-4.587,28.7
Bulgaria,BGR,Europe & Central Asia,High income,2012,9.9,-4.808,26.7
Bulgaria,BGR,Europe & Central Asia,High income,2013,9.3,-6.061,26.2
Bulgaria,BGR,Europe & Central Asia,High income,2014,8.7,-6.452,26.2
Bulgaria,BGR,Europe & Central Asia,High income,2015,8.2,-5.747,25.6
Bulgaria,BGR,Europe & Central Asia,High income,2016,7.7,-6.098,25.6
Bulgaria,BGR,Europe & Central Asia,High income,2017,7.3,-5.195,25.1
Bulgaria,BGR,Europe & Central Asia,High income,2018,7,-4.11,25.1
Bulgaria,BGR,Europe & Central Asia,High income,2019,6.7,-4.286,24.1
Bulgaria,BGR,Europe & Central Asia,High income,2020,6.5,-2.985,24.1
Bulgaria,BGR,Europe & Central Asia,High income,2021,6.3,-3.077,24.1
Bulgaria,BGR,Europe & Central Asia,High income,2022,6.1,-3.175,23.6
Bulgaria,BGR,Europe & Central Asia,High income,2023,5.9,-3.279,23.6
Burkina Faso,BFA,Sub-Saharan Africa,Low income,2002,167.3,,96.4
Burkina Faso,BFA,Sub-Saharan Africa,Low income,2003,162.3,-2.989,96.9
Burkina Faso,BFA,Sub-Saharan Africa,Low income,2004,156.8,-3.389,96.9
Burkina Faso,BFA,Sub-Saharan Africa,Low income,2005,150.8,-3.827,97.4
Burkina Faso,BFA,Sub-Saharan Africa,Low income,2006,144.4,-4.244,97.4
Burkina Faso,BFA,Sub-Saharan Africa,Low income,2007,138.1,-4.363,96.9
Burkina Faso,BFA,Sub-Saharan Africa,Low income,2008,132.1,-4.345,96.4
Burkina Faso,BFA,Sub-Saharan Africa,Low income,2009,126.5,-4.239,96.4
Burkina Faso,BFA,Sub-Saharan Africa,Low income,2010,121.3,-4.111,95.4
Burkina Faso,BFA,Sub-Saharan Africa,Low income,2011,116.6,-3.875,95.9
Burkina Faso,BFA,Sub-Saharan Africa,Low income,2012,112.3,-3.688,95.9
Burkina Faso,BFA,Sub-Saharan Africa,Low income,2013,108.2,-3.651,95.9
Burkina Faso,BFA,Sub-Saharan Africa,Low income,2014,104.3,-3.604,95.4
Burkina Faso,BFA,Sub-Saharan Africa,Low income,2015,100.8,-3.356,95.4
Burkina Faso,BFA,Sub-Saharan Africa,Low income,2016,97.4,-3.373,95.4
Burkina Faso,BFA,Sub-Saharan Africa,Low income,2017,94.1,-3.388,95.4
Burkina Faso,BFA,Sub-Saharan Africa,Low income,2018,91,-3.294,94.9
Burkina Faso,BFA,Sub-Saharan Africa,Low income,2019,88.1,-3.187,94.4
Burkina Faso,BFA,Sub-Saharan Africa,Low income,2020,85.1,-3.405,94.4
Burkina Faso,BFA,Sub-Saharan Africa,Low income,2021,82.4,-3.173,94.4
Burkina Faso,BFA,Sub-Saharan Africa,Low income,2022,79.8,-3.155,94.9
Burkina Faso,BFA,Sub-Saharan Africa,Low income,2023,77.4,-3.008,94.9
Burundi,BDI,Sub-Saharan Africa,Low income,2002,142.3,,90.8
Burundi,BDI,Sub-Saharan Africa,Low income,2003,136.6,-4.006,91.8
Burundi,BDI,Sub-Saharan Africa,Low income,2004,130.4,-4.539,91.3
Burundi,BDI,Sub-Saharan Africa,Low income,2005,123.7,-5.138,91.3
Burundi,BDI,Sub-Saharan Africa,Low income,2006,116.6,-5.74,90.3
Burundi,BDI,Sub-Saharan Africa,Low income,2007,109.5,-6.089,90.3
Burundi,BDI,Sub-Saharan Africa,Low income,2008,102.6,-6.301,90.3
Burundi,BDI,Sub-Saharan Africa,Low income,2009,96.1,-6.335,90.3
Burundi,BDI,Sub-Saharan Africa,Low income,2010,90.2,-6.139,89.7
Burundi,BDI,Sub-Saharan Africa,Low income,2011,84.7,-6.098,89.7
Burundi,BDI,Sub-Saharan Africa,Low income,2012,79.6,-6.021,88.7
Burundi,BDI,Sub-Saharan Africa,Low income,2013,74.9,-5.905,88.7
Burundi,BDI,Sub-Saharan Africa,Low income,2014,70.6,-5.741,88.2
Burundi,BDI,Sub-Saharan Africa,Low income,2015,66.9,-5.241,88.2
Burundi,BDI,Sub-Saharan Africa,Low income,2016,63.7,-4.783,87.7
Burundi,BDI,Sub-Saharan Africa,Low income,2017,60.9,-4.396,87.2
Burundi,BDI,Sub-Saharan Africa,Low income,2018,58.5,-3.941,86.7
Burundi,BDI,Sub-Saharan Africa,Low income,2019,56.2,-3.932,86.2
Burundi,BDI,Sub-Saharan Africa,Low income,2020,54.3,-3.381,85.6
Burundi,BDI,Sub-Saharan Africa,Low income,2021,52.3,-3.683,84.6
Burundi,BDI,Sub-Saharan Africa,Low income,2022,50.3,-3.824,84.1
Burundi,BDI,Sub-Saharan Africa,Low income,2023,48.7,-3.181,82.6
Cabo Verde,CPV,Sub-Saharan Africa,Upper middle income,2002,30.5,,52.8
Cabo Verde,CPV,Sub-Saharan Africa,Upper middle income,2003,29,-4.918,53.8
Cabo Verde,CPV,Sub-Saharan Africa,Upper middle income,2004,28.2,-2.759,53.8
Cabo Verde,CPV,Sub-Saharan Africa,Upper middle income,2005,28,-0.709,55.4
Cabo Verde,CPV,Sub-Saharan Africa,Upper middle income,2006,28,0,55.4
Cabo Verde,CPV,Sub-Saharan Africa,Upper middle income,2007,28.1,0.357,57.4
Cabo Verde,CPV,Sub-Saharan Africa,Upper middle income,2008,27.9,-0.712,57.9
Cabo Verde,CPV,Sub-Saharan Africa,Upper middle income,2009,27.5,-1.434,57.9
Cabo Verde,CPV,Sub-Saharan Africa,Upper middle income,2010,26.7,-2.909,59
Cabo Verde,CPV,Sub-Saharan Africa,Upper middle income,2011,25.6,-4.12,58.5
Cabo Verde,CPV,Sub-Saharan Africa,Upper middle income,2012,24.2,-5.469,57.4
Cabo Verde,CPV,Sub-Saharan Africa,Upper middle income,2013,22.6,-6.612,56.9
Cabo Verde,CPV,Sub-Saharan Africa,Upper middle income,2014,20.9,-7.522,54.9
Cabo Verde,CPV,Sub-Saharan Africa,Upper middle income,2015,19.2,-8.134,53.3
Cabo Verde,CPV,Sub-Saharan Africa,Upper middle income,2016,17.6,-8.333,49.7
Cabo Verde,CPV,Sub-Saharan Africa,Upper middle income,2017,16.2,-7.955,48.7
Cabo Verde,CPV,Sub-Saharan Africa,Upper middle income,2018,15.1,-6.79,45.6
Cabo Verde,CPV,Sub-Saharan Africa,Upper middle income,2019,14.1,-6.623,42.6
Cabo Verde,CPV,Sub-Saharan Africa,Upper middle income,2020,13.3,-5.674,42.1
Cabo Verde,CPV,Sub-Saharan Africa,Upper middle income,2021,12.7,-4.511,41
Cabo Verde,CPV,Sub-Saharan Africa,Upper middle income,2022,12.1,-4.724,40.5
Cabo Verde,CPV,Sub-Saharan Africa,Upper middle income,2023,11.6,-4.132,39.5
Cambodia,KHM,East Asia & Pacific,Lower middle income,2002,86.2,,77.4
Cambodia,KHM,East Asia & Pacific,Lower middle income,2003,77.5,-10.093,75.4
Cambodia,KHM,East Asia & Pacific,Lower middle income,2004,70.4,-9.161,73.8
Cambodia,KHM,East Asia & Pacific,Lower middle income,2005,64.4,-8.523,72.8
Cambodia,KHM,East Asia & Pacific,Lower middle income,2006,59.3,-7.919,71.3
Cambodia,KHM,East Asia & Pacific,Lower middle income,2007,54.9,-7.42,71.3
Cambodia,KHM,East Asia & Pacific,Lower middle income,2008,50.8,-7.468,70.8
Cambodia,KHM,East Asia & Pacific,Lower middle income,2009,47,-7.48,70.8
Cambodia,KHM,East Asia & Pacific,Lower middle income,2010,43.5,-7.447,70.3
Cambodia,KHM,East Asia & Pacific,Lower middle income,2011,40.3,-7.356,70.3
Cambodia,KHM,East Asia & Pacific,Lower middle income,2012,37.2,-7.692,69.7
Cambodia,KHM,East Asia & Pacific,Lower middle income,2013,34.5,-7.258,68.2
Cambodia,KHM,East Asia & Pacific,Lower middle income,2014,32,-7.246,67.7
Cambodia,KHM,East Asia & Pacific,Lower middle income,2015,29.6,-7.5,67.2
Cambodia,KHM,East Asia & Pacific,Lower middle income,2016,27.5,-7.095,65.6
Cambodia,KHM,East Asia & Pacific,Lower middle income,2017,25.6,-6.909,64.1
Cambodia,KHM,East Asia & Pacific,Lower middle income,2018,24.1,-5.859,63.1
Cambodia,KHM,East Asia & Pacific,Lower middle income,2019,22.8,-5.394,61.5
Cambodia,KHM,East Asia & Pacific,Lower middle income,2020,21.8,-4.386,61.5
Cambodia,KHM,East Asia & Pacific,Lower middle income,2021,20.8,-4.587,62.1
Cambodia,KHM,East Asia & Pacific,Lower middle income,2022,19.9,-4.327,61
Cambodia,KHM,East Asia & Pacific,Lower middle income,2023,19.1,-4.02,60
Cameroon,CMR,Sub-Saharan Africa,Lower middle income,2002,137.6,,90.3
Cameroon,CMR,Sub-Saharan Africa,Lower middle income,2003,134.3,-2.398,91.3
Cameroon,CMR,Sub-Saharan Africa,Lower middle income,2004,130.9,-2.532,91.8
Cameroon,CMR,Sub-Saharan Africa,Lower middle income,2005,127.6,-2.521,92.8
Cameroon,CMR,Sub-Saharan Africa,Lower middle income,2006,124.2,-2.665,93.3
Cameroon,CMR,Sub-Saharan Africa,Lower middle income,2007,120.8,-2.738,93.8
Cameroon,CMR,Sub-Saharan Africa,Lower middle income,2008,117.2,-2.98,93.8
Cameroon,CMR,Sub-Saharan Africa,Lower middle income,2009,113.7,-2.986,94.9
Cameroon,CMR,Sub-Saharan Africa,Lower middle income,2010,109.5,-3.694,94.4
Cameroon,CMR,Sub-Saharan Africa,Lower middle income,2011,105.2,-3.927,94.4
Cameroon,CMR,Sub-Saharan Africa,Lower middle income,2012,100.8,-4.183,93.8
Cameroon,CMR,Sub-Saharan Africa,Lower middle income,2013,96.5,-4.266,92.8
Cameroon,CMR,Sub-Saharan Africa,Lower middle income,2014,92.4,-4.249,92.3
Cameroon,CMR,Sub-Saharan Africa,Lower middle income,2015,88.5,-4.221,92.3
Cameroon,CMR,Sub-Saharan Africa,Lower middle income,2016,85.1,-3.842,92.3
Cameroon,CMR,Sub-Saharan Africa,Lower middle income,2017,81.9,-3.76,92.3
Cameroon,CMR,Sub-Saharan Africa,Lower middle income,2018,78.9,-3.663,92.3
Cameroon,CMR,Sub-Saharan Africa,Lower middle income,2019,76.6,-2.915,92.3
Cameroon,CMR,Sub-Saharan Africa,Lower middle income,2020,74.4,-2.872,92.3
Cameroon,CMR,Sub-Saharan Africa,Lower middle income,2021,71.9,-3.36,92.3
Cameroon,CMR,Sub-Saharan Africa,Lower middle income,2022,69.4,-3.477,92.3
Cameroon,CMR,Sub-Saharan Africa,Lower middle income,2023,67,-3.458,92.3
Canada,CAN,North America,High income,2002,6.2,,12.3
Canada,CAN,North America,High income,2003,6.2,0,13.3
Canada,CAN,North America,High income,2004,6.1,-1.613,13.8
Canada,CAN,North America,High income,2005,6.1,0,14.9
Canada,CAN,North America,High income,2006,6,-1.639,14.9
Canada,CAN,North America,High income,2007,6,0,15.4
Canada,CAN,North America,High income,2008,5.9,-1.667,15.4
Canada,CAN,North America,High income,2009,5.8,-1.695,15.9
Canada,CAN,North America,High income,2010,5.7,-1.724,16.4
Canada,CAN,North America,High income,2011,5.6,-1.754,16.4
Canada,CAN,North America,High income,2012,5.6,0,17.9
Canada,CAN,North America,High income,2013,5.5,-1.786,17.9
Canada,CAN,North America,High income,2014,5.4,-1.818,18.5
Canada,CAN,North America,High income,2015,5.3,-1.852,19
Canada,CAN,North America,High income,2016,5.3,0,19
Canada,CAN,North America,High income,2017,5.2,-1.887,19
Canada,CAN,North America,High income,2018,5.2,0,19
Canada,CAN,North America,High income,2019,5.2,0,19
Canada,CAN,North America,High income,2020,5.2,0,19.5
Canada,CAN,North America,High income,2021,5.2,0,20.5
Canada,CAN,North America,High income,2022,5.3,1.923,20.5
Canada,CAN,North America,High income,2023,5.4,1.887,21.5
Central African Republic,CAF,Sub-Saharan Africa,Low income,2002,159,,93.8
Central African Republic,CAF,Sub-Saharan Africa,Low income,2003,155.6,-2.138,94.9
Central African Republic,CAF,Sub-Saharan Africa,Low income,2004,151.8,-2.442,96.4
Central African Republic,CAF,Sub-Saharan Africa,Low income,2005,147.9,-2.569,96.9
Central African Republic,CAF,Sub-Saharan Africa,Low income,2006,143.5,-2.975,96.9
Central African Republic,CAF,Sub-Saharan Africa,Low income,2007,139.3,-2.927,97.4
Central African Republic,CAF,Sub-Saharan Africa,Low income,2008,135.5,-2.728,97.4
Central African Republic,CAF,Sub-Saharan Africa,Low income,2009,489.3,261.107,100
Central African Republic,CAF,Sub-Saharan Africa,Low income,2010,150.7,-69.201,99
Central African Republic,CAF,Sub-Saharan Africa,Low income,2011,125.1,-16.987,97.4
Central African Republic,CAF,Sub-Saharan Africa,Low income,2012,121.9,-2.558,97.4
Central African Republic,CAF,Sub-Saharan Africa,Low income,2013,134.2,10.09,98.5
Central African Republic,CAF,Sub-Saharan Africa,Low income,2014,186.8,39.195,100
Central African Republic,CAF,Sub-Saharan Africa,Low income,2015,113.7,-39.133,96.4
Central African Republic,CAF,Sub-Saharan Africa,Low income,2016,126.8,11.522,99
Central African Republic,CAF,Sub-Saharan Africa,Low income,2017,155.2,22.397,99
Central African Republic,CAF,Sub-Saharan Africa,Low income,2018,120.2,-22.552,98.5
Central African Republic,CAF,Sub-Saharan Africa,Low income,2019,254.7,111.897,100
Central African Republic,CAF,Sub-Saharan Africa,Low income,2020,124.2,-51.237,100
Central African Republic,CAF,Sub-Saharan Africa,Low income,2021,178.7,43.881,100
Central African Republic,CAF,Sub-Saharan Africa,Low income,2022,424.6,137.605,100
Central African Republic,CAF,Sub-Saharan Africa,Low income,2023,92.6,-78.191,96.4
Chad,TCD,Sub-Saharan Africa,Low income,2002,175.6,,98.5
Chad,TCD,Sub-Saharan Africa,Low income,2003,172.3,-1.879,98.5
Chad,TCD,Sub-Saharan Africa,Low income,2004,168.8,-2.031,98.5
Chad,TCD,Sub-Saharan Africa,Low income,2005,165.4,-2.014,98.5
Chad,TCD,Sub-Saharan Africa,Low income,2006,161.8,-2.177,99
Chad,TCD,Sub-Saharan Africa,Low income,2007,158.1,-2.287,99
Chad,TCD,Sub-Saharan Africa,Low income,2008,154.3,-2.404,99
Chad,TCD,Sub-Saharan Africa,Low income,2009,150.5,-2.463,98.5
Chad,TCD,Sub-Saharan Africa,Low income,2010,146.7,-2.525,98.5
Chad,TCD,Sub-Saharan Africa,Low income,2011,142.9,-2.59,99
Chad,TCD,Sub-Saharan Africa,Low income,2012,139.3,-2.519,99
Chad,TCD,Sub-Saharan Africa,Low income,2013,135.8,-2.513,99
Chad,TCD,Sub-Saharan Africa,Low income,2014,132.3,-2.577,97.9
Chad,TCD,Sub-Saharan Africa,Low income,2015,128.7,-2.721,98.5
Chad,TCD,Sub-Saharan Africa,Low income,2016,125,-2.875,98.5
Chad,TCD,Sub-Saharan Africa,Low income,2017,121.4,-2.88,97.9
Chad,TCD,Sub-Saharan Africa,Low income,2018,117.6,-3.13,97.9
Chad,TCD,Sub-Saharan Africa,Low income,2019,114,-3.061,97.9
Chad,TCD,Sub-Saharan Africa,Low income,2020,110.6,-2.982,97.9
Chad,TCD,Sub-Saharan Africa,Low income,2021,107.3,-2.984,97.9
Chad,TCD,Sub-Saharan Africa,Low income,2022,103.9,-3.169,97.9
Chad,TCD,Sub-Saharan Africa,Low income,2023,100.6,-3.176,98.5
Chile,CHL,Latin America & Caribbean,High income,2002,9.8,,21
Chile,CHL,Latin America & Caribbean,High income,2003,9.4,-4.082,21
Chile,CHL,Latin America & Caribbean,High income,2004,9.2,-2.128,21
Chile,CHL,Latin America & Caribbean,High income,2005,9.1,-1.087,23.1
Chile,CHL,Latin America & Caribbean,High income,2006,9,-1.099,23.1
Chile,CHL,Latin America & Caribbean,High income,2007,8.9,-1.111,23.1
Chile,CHL,Latin America & Caribbean,High income,2008,8.8,-1.124,23.6
Chile,CHL,Latin America & Caribbean,High income,2009,8.8,0,24.1
Chile,CHL,Latin America & Caribbean,High income,2010,8.7,-1.136,24.6
Chile,CHL,Latin America & Caribbean,High income,2011,8.6,-1.149,24.6
Chile,CHL,Latin America & Caribbean,High income,2012,8.4,-2.326,24.6
Chile,CHL,Latin America & Caribbean,High income,2013,8.3,-1.19,25.1
Chile,CHL,Latin America & Caribbean,High income,2014,8.1,-2.41,24.6
Chile,CHL,Latin America & Caribbean,High income,2015,7.9,-2.469,25.1
Chile,CHL,Latin America & Caribbean,High income,2016,7.7,-2.532,25.6
Chile,CHL,Latin America & Caribbean,High income,2017,7.6,-1.299,25.6
Chile,CHL,Latin America & Caribbean,High income,2018,7.3,-3.947,25.6
Chile,CHL,Latin America & Caribbean,High income,2019,7,-4.11,26.2
Chile,CHL,Latin America & Caribbean,High income,2020,6.8,-2.857,26.2
Chile,CHL,Latin America & Caribbean,High income,2021,6.7,-1.471,27.2
Chile,CHL,Latin America & Caribbean,High income,2022,6.8,1.493,28.2
Chile,CHL,Latin America & Caribbean,High income,2023,6.9,1.471,27.7
China,CHN,East Asia & Pacific,Upper middle income,2002,31.4,,54.4
China,CHN,East Asia & Pacific,Upper middle income,2003,28.8,-8.28,53.3
China,CHN,East Asia & Pacific,Upper middle income,2004,26.3,-8.681,50.3
China,CHN,East Asia & Pacific,Upper middle income,2005,24,-8.745,49.7
China,CHN,East Asia & Pacific,Upper middle income,2006,21.9,-8.75,47.2
China,CHN,East Asia & Pacific,Upper middle income,2007,20.1,-8.219,43.6
China,CHN,East Asia & Pacific,Upper middle income,2008,18.5,-7.96,40.5
China,CHN,East Asia & Pacific,Upper middle income,2009,17.1,-7.568,39
China,CHN,East Asia & Pacific,Upper middle income,2010,15.7,-8.187,39
China,CHN,East Asia & Pacific,Upper middle income,2011,14.6,-7.006,37.4
China,CHN,East Asia & Pacific,Upper middle income,2012,13.5,-7.534,36.4
China,CHN,East Asia & Pacific,Upper middle income,2013,12.5,-7.407,34.9
China,CHN,East Asia & Pacific,Upper middle income,2014,11.6,-7.2,34.4
China,CHN,East Asia & Pacific,Upper middle income,2015,10.7,-7.759,32.3
China,CHN,East Asia & Pacific,Upper middle income,2016,10,-6.542,31.8
China,CHN,East Asia & Pacific,Upper middle income,2017,9.3,-7,31.3
China,CHN,East Asia & Pacific,Upper middle income,2018,8.6,-7.527,30.3
China,CHN,East Asia & Pacific,Upper middle income,2019,8,-6.977,29.7
China,CHN,East Asia & Pacific,Upper middle income,2020,7.5,-6.25,29.2
China,CHN,East Asia & Pacific,Upper middle income,2021,7,-6.667,28.2
China,CHN,East Asia & Pacific,Upper middle income,2022,6.6,-5.714,27.2
China,CHN,East Asia & Pacific,Upper middle income,2023,6.1,-7.576,25.1
Colombia,COL,Latin America & Caribbean,Upper middle income,2002,23.5,,43.1
Colombia,COL,Latin America & Caribbean,Upper middle income,2003,22.7,-3.404,42.6
Colombia,COL,Latin America & Caribbean,Upper middle income,2004,22.1,-2.643,42.6
Colombia,COL,Latin America & Caribbean,Upper middle income,2005,21.4,-3.167,42.6
Colombia,COL,Latin America & Caribbean,Upper middle income,2006,20.7,-3.271,43.1
Colombia,COL,Latin America & Caribbean,Upper middle income,2007,20.1,-2.899,43.6
Colombia,COL,Latin America & Caribbean,Upper middle income,2008,19.5,-2.985,44.6
Colombia,COL,Latin America & Caribbean,Upper middle income,2009,18.8,-3.59,41.5
Colombia,COL,Latin America & Caribbean,Upper middle income,2010,18.2,-3.191,42.1
Colombia,COL,Latin America & Caribbean,Upper middle income,2011,17.6,-3.297,41.5
Colombia,COL,Latin America & Caribbean,Upper middle income,2012,17.1,-2.841,43.1
Colombia,COL,Latin America & Caribbean,Upper middle income,2013,16.5,-3.509,43.1
Colombia,COL,Latin America & Caribbean,Upper middle income,2014,16,-3.03,43.6
Colombia,COL,Latin America & Caribbean,Upper middle income,2015,15.5,-3.125,42.6
Colombia,COL,Latin America & Caribbean,Upper middle income,2016,15,-3.226,43.1
Colombia,COL,Latin America & Caribbean,Upper middle income,2017,14.5,-3.333,43.1
Colombia,COL,Latin America & Caribbean,Upper middle income,2018,14,-3.448,42.1
Colombia,COL,Latin America & Caribbean,Upper middle income,2019,13.5,-3.571,41
Colombia,COL,Latin America & Caribbean,Upper middle income,2020,13.1,-2.963,41
Colombia,COL,Latin America & Caribbean,Upper middle income,2021,12.7,-3.053,41
Colombia,COL,Latin America & Caribbean,Upper middle income,2022,12.3,-3.15,41.5
Colombia,COL,Latin America & Caribbean,Upper middle income,2023,11.9,-3.252,41
Comoros,COM,Sub-Saharan Africa,Lower middle income,2002,73.8,,72.3
Comoros,COM,Sub-Saharan Africa,Lower middle income,2003,71,-3.794,73.3
Comoros,COM,Sub-Saharan Africa,Lower middle income,2004,68.3,-3.803,73.3
Comoros,COM,Sub-Saharan Africa,Lower middle income,2005,65.8,-3.66,73.3
Comoros,COM,Sub-Saharan Africa,Lower middle income,2006,63.4,-3.647,73.3
Comoros,COM,Sub-Saharan Africa,Lower middle income,2007,61.2,-3.47,73.3
Comoros,COM,Sub-Saharan Africa,Lower middle income,2008,59.2,-3.268,74.4
Comoros,COM,Sub-Saharan Africa,Lower middle income,2009,57.3,-3.209,74.4
Comoros,COM,Sub-Saharan Africa,Lower middle income,2010,55.6,-2.967,75.4
Comoros,COM,Sub-Saharan Africa,Lower middle income,2011,54,-2.878,75.4
Comoros,COM,Sub-Saharan Africa,Lower middle income,2012,52.5,-2.778,75.9
Comoros,COM,Sub-Saharan Africa,Lower middle income,2013,51.2,-2.476,76.9
Comoros,COM,Sub-Saharan Africa,Lower middle income,2014,50,-2.344,76.9
Comoros,COM,Sub-Saharan Africa,Lower middle income,2015,48.9,-2.2,76.4
Comoros,COM,Sub-Saharan Africa,Lower middle income,2016,47.9,-2.045,76.9
Comoros,COM,Sub-Saharan Africa,Lower middle income,2017,46.9,-2.088,77.4
Comoros,COM,Sub-Saharan Africa,Lower middle income,2018,45.8,-2.345,77.4
Comoros,COM,Sub-Saharan Africa,Lower middle income,2019,44.8,-2.183,77.9
Comoros,COM,Sub-Saharan Africa,Lower middle income,2020,43.7,-2.455,78.5
Comoros,COM,Sub-Saharan Africa,Lower middle income,2021,42.6,-2.517,79
Comoros,COM,Sub-Saharan Africa,Lower middle income,2022,41.4,-2.817,79.5
Comoros,COM,Sub-Saharan Africa,Lower middle income,2023,40.2,-2.899,78.5
"Congo, Dem. Rep.",COD,Sub-Saharan Africa,Low income,2002,172.2,,97.4
"Congo, Dem. Rep.",COD,Sub-Saharan Africa,Low income,2003,165.9,-3.659,97.4
"Congo, Dem. Rep.",COD,Sub-Saharan Africa,Low income,2004,159.4,-3.918,97.4
"Congo, Dem. Rep.",COD,Sub-Saharan Africa,Low income,2005,124.4,-21.957,91.8
"Congo, Dem. Rep.",COD,Sub-Saharan Africa,Low income,2006,118.9,-4.421,92.3
"Congo, Dem. Rep.",COD,Sub-Saharan Africa,Low income,2007,113.8,-4.289,92.3
"Congo, Dem. Rep.",COD,Sub-Saharan Africa,Low income,2008,109.2,-4.042,91.8
"Congo, Dem. Rep.",COD,Sub-Saharan Africa,Low income,2009,105,-3.846,91.8
"Congo, Dem. Rep.",COD,Sub-Saharan Africa,Low income,2010,101.4,-3.429,91.3
"Congo, Dem. Rep.",COD,Sub-Saharan Africa,Low income,2011,98.3,-3.057,91.8
"Congo, Dem. Rep.",COD,Sub-Saharan Africa,Low income,2012,95.9,-2.442,92.3
"Congo, Dem. Rep.",COD,Sub-Saharan Africa,Low income,2013,94.1,-1.877,92.3
"Congo, Dem. Rep.",COD,Sub-Saharan Africa,Low income,2014,92.7,-1.488,92.8
"Congo, Dem. Rep.",COD,Sub-Saharan Africa,Low income,2015,91.9,-0.863,93.3
"Congo, Dem. Rep.",COD,Sub-Saharan Africa,Low income,2016,91.5,-0.435,93.8
"Congo, Dem. Rep.",COD,Sub-Saharan Africa,Low income,2017,91.5,0,94.4
"Congo, Dem. Rep.",COD,Sub-Saharan Africa,Low income,2018,91.7,0.219,95.4
"Congo, Dem. Rep.",COD,Sub-Saharan Africa,Low income,2019,92.2,0.545,95.9
"Congo, Dem. Rep.",COD,Sub-Saharan Africa,Low income,2020,92.7,0.542,95.9
"Congo, Dem. Rep.",COD,Sub-Saharan Africa,Low income,2021,92.9,0.216,95.9
"Congo, Dem. Rep.",COD,Sub-Saharan Africa,Low income,2022,92.5,-0.431,95.9
"Congo, Dem. Rep.",COD,Sub-Saharan Africa,Low income,2023,91.3,-1.297,95.9
"Congo, Rep.",COG,Sub-Saharan Africa,Lower middle income,2002,104.6,,84.1
"Congo, Rep.",COG,Sub-Saharan Africa,Lower middle income,2003,98.9,-5.449,83.1
"Congo, Rep.",COG,Sub-Saharan Africa,Lower middle income,2004,92.3,-6.673,82.1
"Congo, Rep.",COG,Sub-Saharan Africa,Lower middle income,2005,85.7,-7.151,80.5
"Congo, Rep.",COG,Sub-Saharan Africa,Lower middle income,2006,79.5,-7.235,80
"Congo, Rep.",COG,Sub-Saharan Africa,Lower middle income,2007,73.9,-7.044,79.5
"Congo, Rep.",COG,Sub-Saharan Africa,Lower middle income,2008,69.2,-6.36,79
"Congo, Rep.",COG,Sub-Saharan Africa,Lower middle income,2009,65.3,-5.636,79.5
"Congo, Rep.",COG,Sub-Saharan Africa,Lower middle income,2010,62.4,-4.441,79
"Congo, Rep.",COG,Sub-Saharan Africa,Lower middle income,2011,60,-3.846,80
"Congo, Rep.",COG,Sub-Saharan Africa,Lower middle income,2012,57.9,-3.5,80.5
"Congo, Rep.",COG,Sub-Saharan Africa,Lower middle income,2013,56.2,-2.936,80
"Congo, Rep.",COG,Sub-Saharan Africa,Lower middle income,2014,54.5,-3.025,80
"Congo, Rep.",COG,Sub-Saharan Africa,Lower middle income,2015,52.7,-3.303,80
"Congo, Rep.",COG,Sub-Saharan Africa,Lower middle income,2016,51,-3.226,80
"Congo, Rep.",COG,Sub-Saharan Africa,Lower middle income,2017,49.3,-3.333,79.5
"Congo, Rep.",COG,Sub-Saharan Africa,Lower middle income,2018,47.6,-3.448,79.5
"Congo, Rep.",COG,Sub-Saharan Africa,Lower middle income,2019,52.2,9.664,83.1
"Congo, Rep.",COG,Sub-Saharan Africa,Lower middle income,2020,44.5,-14.751,80
"Congo, Rep.",COG,Sub-Saharan Africa,Lower middle income,2021,43,-3.371,80
"Congo, Rep.",COG,Sub-Saharan Africa,Lower middle income,2022,41.5,-3.488,80
"Congo, Rep.",COG,Sub-Saharan Africa,Lower middle income,2023,40.3,-2.892,79.5
Costa Rica,CRI,Latin America & Caribbean,High income,2002,12.2,,25.6
Costa Rica,CRI,Latin America & Caribbean,High income,2003,11.8,-3.279,25.6
Costa Rica,CRI,Latin America & Caribbean,High income,2004,11.5,-2.542,26.7
Costa Rica,CRI,Latin America & Caribbean,High income,2005,11.3,-1.739,26.7
Costa Rica,CRI,Latin America & Caribbean,High income,2006,11.2,-0.885,26.7
Costa Rica,CRI,Latin America & Caribbean,High income,2007,11.1,-0.893,26.7
Costa Rica,CRI,Latin America & Caribbean,High income,2008,10.9,-1.802,26.7
Costa Rica,CRI,Latin America & Caribbean,High income,2009,10.7,-1.835,26.7
Costa Rica,CRI,Latin America & Caribbean,High income,2010,10.5,-1.869,27.7
Costa Rica,CRI,Latin America & Caribbean,High income,2011,10.2,-2.857,26.7
Costa Rica,CRI,Latin America & Caribbean,High income,2012,9.8,-3.922,26.2
Costa Rica,CRI,Latin America & Caribbean,High income,2013,9.5,-3.061,26.7
Costa Rica,CRI,Latin America & Caribbean,High income,2014,9.2,-3.158,27.2
Costa Rica,CRI,Latin America & Caribbean,High income,2015,9,-2.174,28.2
Costa Rica,CRI,Latin America & Caribbean,High income,2016,8.9,-1.111,29.2
Costa Rica,CRI,Latin America & Caribbean,High income,2017,8.9,0,29.7
Costa Rica,CRI,Latin America & Caribbean,High income,2018,9,1.124,31.8
Costa Rica,CRI,Latin America & Caribbean,High income,2019,9.1,1.111,31.8
Costa Rica,CRI,Latin America & Caribbean,High income,2020,9.3,2.198,31.8
Costa Rica,CRI,Latin America & Caribbean,High income,2021,9.6,3.226,32.8
Costa Rica,CRI,Latin America & Caribbean,High income,2022,9.9,3.125,35.4
Costa Rica,CRI,Latin America & Caribbean,High income,2023,10.1,2.02,36.9
Cote d'Ivoire,CIV,Sub-Saharan Africa,Lower middle income,2002,133.1,,89.7
Cote d'Ivoire,CIV,Sub-Saharan Africa,Lower middle income,2003,129.2,-2.93,89.7
Cote d'Ivoire,CIV,Sub-Saharan Africa,Lower middle income,2004,125.3,-3.019,90.8
Cote d'Ivoire,CIV,Sub-Saharan Africa,Lower middle income,2005,121.2,-3.272,90.8
Cote d'Ivoire,CIV,Sub-Saharan Africa,Lower middle income,2006,117.4,-3.135,91.3
Cote d'Ivoire,CIV,Sub-Saharan Africa,Lower middle income,2007,113.5,-3.322,91.8
Cote d'Ivoire,CIV,Sub-Saharan Africa,Lower middle income,2008,109,-3.965,91.3
Cote d'Ivoire,CIV,Sub-Saharan Africa,Lower middle income,2009,105.2,-3.486,92.3
Cote d'Ivoire,CIV,Sub-Saharan Africa,Lower middle income,2010,101.6,-3.422,91.8
Cote d'Ivoire,CIV,Sub-Saharan Africa,Lower middle income,2011,98.4,-3.15,92.3
Cote d'Ivoire,CIV,Sub-Saharan Africa,Lower middle income,2012,95.3,-3.15,91.8
Cote d'Ivoire,CIV,Sub-Saharan Africa,Lower middle income,2013,92,-3.463,91.8
Cote d'Ivoire,CIV,Sub-Saharan Africa,Lower middle income,2014,88.6,-3.696,91.8
Cote d'Ivoire,CIV,Sub-Saharan Africa,Lower middle income,2015,85.5,-3.499,91.8
Cote d'Ivoire,CIV,Sub-Saharan Africa,Lower middle income,2016,83,-2.924,91.8
Cote d'Ivoire,CIV,Sub-Saharan Africa,Lower middle income,2017,80.5,-3.012,91.8
Cote d'Ivoire,CIV,Sub-Saharan Africa,Lower middle income,2018,77.9,-3.23,91.8
Cote d'Ivoire,CIV,Sub-Saharan Africa,Lower middle income,2019,75.3,-3.338,91.8
Cote d'Ivoire,CIV,Sub-Saharan Africa,Lower middle income,2020,73,-3.054,91.8
Cote d'Ivoire,CIV,Sub-Saharan Africa,Lower middle income,2021,70.8,-3.014,91.8
Cote d'Ivoire,CIV,Sub-Saharan Africa,Lower middle income,2022,68.7,-2.966,91.8
Cote d'Ivoire,CIV,Sub-Saharan Africa,Lower middle income,2023,66.5,-3.202,91.8
Croatia,HRV,Europe & Central Asia,High income,2002,7.7,,16.4
Croatia,HRV,Europe & Central Asia,High income,2003,8.2,6.494,18.5
Croatia,HRV,Europe & Central Asia,High income,2004,7.1,-13.415,16.4
Croatia,HRV,Europe & Central Asia,High income,2005,6.7,-5.634,15.9
Croatia,HRV,Europe & Central Asia,High income,2006,6.4,-4.478,15.4
Croatia,HRV,Europe & Central Asia,High income,2007,6.2,-3.125,15.9
Croatia,HRV,Europe & Central Asia,High income,2008,5.9,-4.839,15.4
Croatia,HRV,Europe & Central Asia,High income,2009,5.7,-3.39,15.4
Croatia,HRV,Europe & Central Asia,High income,2010,5.5,-3.509,15.4
Croatia,HRV,Europe & Central Asia,High income,2011,5.3,-3.636,15.9
Croatia,HRV,Europe & Central Asia,High income,2012,5.2,-1.887,15.9
Croatia,HRV,Europe & Central Asia,High income,2013,5.1,-1.923,16.4
Croatia,HRV,Europe & Central Asia,High income,2014,5,-1.961,16.4
Croatia,HRV,Europe & Central Asia,High income,2015,4.9,-2,16.4
Croatia,HRV,Europe & Central Asia,High income,2016,4.9,0,18.5
Croatia,HRV,Europe & Central Asia,High income,2017,4.8,-2.041,18.5
Croatia,HRV,Europe & Central Asia,High income,2018,4.8,0,18.5
Croatia,HRV,Europe & Central Asia,High income,2019,4.7,-2.083,18.5
Croatia,HRV,Europe & Central Asia,High income,2020,4.7,0,18.5
Croatia,HRV,Europe & Central Asia,High income,2021,4.6,-2.128,18.5
Croatia,HRV,Europe & Central Asia,High income,2022,4.6,0,19
Croatia,HRV,Europe & Central Asia,High income,2023,5.1,10.87,20.5
Cuba,CUB,Latin America & Caribbean,Upper middle income,2002,7.9,,16.9
Cuba,CUB,Latin America & Caribbean,Upper middle income,2003,7.6,-3.797,16.4
Cuba,CUB,Latin America & Caribbean,Upper middle income,2004,7.3,-3.947,16.9
Cuba,CUB,Latin America & Caribbean,Upper middle income,2005,7.1,-2.74,16.9
Cuba,CUB,Latin America & Caribbean,Upper middle income,2006,6.8,-4.225,16.9
Cuba,CUB,Latin America & Caribbean,Upper middle income,2007,6.6,-2.941,16.9
Cuba,CUB,Latin America & Caribbean,Upper middle income,2008,6.5,-1.515,16.9
Cuba,CUB,Latin America & Caribbean,Upper middle income,2009,6.3,-3.077,17.4
Cuba,CUB,Latin America & Caribbean,Upper middle income,2010,6.2,-1.587,18.5
Cuba,CUB,Latin America & Caribbean,Upper middle income,2011,6.1,-1.613,18.5
Cuba,CUB,Latin America & Caribbean,Upper middle income,2012,6.1,0,19.5
Cuba,CUB,Latin America & Caribbean,Upper middle income,2013,6,-1.639,19.5
Cuba,CUB,Latin America & Caribbean,Upper middle income,2014,6.1,1.667,20
Cuba,CUB,Latin America & Caribbean,Upper middle income,2015,6.1,0,20
Cuba,CUB,Latin America & Caribbean,Upper middle income,2016,6.3,3.279,21.5
Cuba,CUB,Latin America & Caribbean,Upper middle income,2017,6.4,1.587,21.5
Cuba,CUB,Latin America & Caribbean,Upper middle income,2018,6.6,3.125,23.1
Cuba,CUB,Latin America & Caribbean,Upper middle income,2019,6.9,4.545,25.6
Cuba,CUB,Latin America & Caribbean,Upper middle income,2020,7.2,4.348,28.2
Cuba,CUB,Latin America & Caribbean,Upper middle income,2021,7.5,4.167,29.2
Cuba,CUB,Latin America & Caribbean,Upper middle income,2022,7.8,4,29.2
Cuba,CUB,Latin America & Caribbean,Upper middle income,2023,8.2,5.128,29.7
Cyprus,CYP,Europe & Central Asia,High income,2002,5.8,,10.3
Cyprus,CYP,Europe & Central Asia,High income,2003,5.4,-6.897,10.3
Cyprus,CYP,Europe & Central Asia,High income,2004,5.1,-5.556,9.7
Cyprus,CYP,Europe & Central Asia,High income,2005,4.7,-7.843,7.2
Cyprus,CYP,Europe & Central Asia,High income,2006,4.4,-6.383,6.2
Cyprus,CYP,Europe & Central Asia,High income,2007,4.1,-6.818,5.1
Cyprus,CYP,Europe & Central Asia,High income,2008,3.8,-7.317,5.1
Cyprus,CYP,Europe & Central Asia,High income,2009,3.5,-7.895,4.6
Cyprus,CYP,Europe & Central Asia,High income,2010,3.2,-8.571,3.1
Cyprus,CYP,Europe & Central Asia,High income,2011,3,-6.25,2.6
Cyprus,CYP,Europe & Central Asia,High income,2012,2.8,-6.667,1.5
Cyprus,CYP,Europe & Central Asia,High income,2013,2.7,-3.571,2.1
Cyprus,CYP,Europe & Central Asia,High income,2014,2.6,-3.704,0.5
Cyprus,CYP,Europe & Central Asia,High income,2015,2.5,-3.846,0.5
Cyprus,CYP,Europe & Central Asia,High income,2016,2.5,0,1
Cyprus,CYP,Europe & Central Asia,High income,2017,2.6,4,2.6
Cyprus,CYP,Europe & Central Asia,High income,2018,2.7,3.846,3.6
Cyprus,CYP,Europe & Central Asia,High income,2019,3,11.111,5.1
Cyprus,CYP,Europe & Central Asia,High income,2020,3.3,10,9.2
Cyprus,CYP,Europe & Central Asia,High income,2021,3.7,12.121,12.3
Cyprus,CYP,Europe & Central Asia,High income,2022,4.1,10.811,16.4
Cyprus,CYP,Europe & Central Asia,High income,2023,4.6,12.195,17.9
Czechia,CZE,Europe & Central Asia,High income,2002,5,,5.1
Czechia,CZE,Europe & Central Asia,High income,2003,4.8,-4,5.1
Czechia,CZE,Europe & Central Asia,High income,2004,4.6,-4.167,4.6
Czechia,CZE,Europe & Central Asia,High income,2005,4.4,-4.348,4.6
Czechia,CZE,Europe & Central Asia,High income,2006,4.1,-6.818,4.6
Czechia,CZE,Europe & Central Asia,High income,2007,3.9,-4.878,4.6
Czechia,CZE,Europe & Central Asia,High income,2008,3.7,-5.128,4.6
Czechia,CZE,Europe & Central Asia,High income,2009,3.5,-5.405,4.6
Czechia,CZE,Europe & Central Asia,High income,2010,3.4,-2.857,5.1
Czechia,CZE,Europe & Central Asia,High income,2011,3.3,-2.941,4.6
Czechia,CZE,Europe & Central Asia,High income,2012,3.2,-3.03,5.1
Czechia,CZE,Europe & Central Asia,High income,2013,3.1,-3.125,5.1
Czechia,CZE,Europe & Central Asia,High income,2014,3.1,0,5.1
Czechia,CZE,Europe & Central Asia,High income,2015,3.2,3.226,5.1
Czechia,CZE,Europe & Central Asia,High income,2016,3.2,0,5.6
Czechia,CZE,Europe & Central Asia,High income,2017,3.2,0,5.6
Czechia,CZE,Europe & Central Asia,High income,2018,3.1,-3.125,5.6
Czechia,CZE,Europe & Central Asia,High income,2019,3,-3.226,5.1
Czechia,CZE,Europe & Central Asia,High income,2020,2.9,-3.333,5.1
Czechia,CZE,Europe & Central Asia,High income,2021,2.8,-3.448,5.1
Czechia,CZE,Europe & Central Asia,High income,2022,2.7,-3.571,5.6
Czechia,CZE,Europe & Central Asia,High income,2023,2.6,-3.704,5.1
Denmark,DNK,Europe & Central Asia,High income,2002,5.4,,8.2
Denmark,DNK,Europe & Central Asia,High income,2003,5.2,-3.704,7.7
Denmark,DNK,Europe & Central Asia,High income,2004,5,-3.846,8.2
Denmark,DNK,Europe & Central Asia,High income,2005,4.8,-4,9.2
Denmark,DNK,Europe & Central Asia,High income,2006,4.6,-4.167,8.7
Denmark,DNK,Europe & Central Asia,High income,2007,4.5,-2.174,8.7
Denmark,DNK,Europe & Central Asia,High income,2008,4.3,-4.444,8.2
Denmark,DNK,Europe & Central Asia,High income,2009,4.2,-2.326,8.2
Denmark,DNK,Europe & Central Asia,High income,2010,4.1,-2.381,8.2
Denmark,DNK,Europe & Central Asia,High income,2011,4.1,0,8.7
Denmark,DNK,Europe & Central Asia,High income,2012,4.1,0,10.8
Denmark,DNK,Europe & Central Asia,High income,2013,4.1,0,10.8
Denmark,DNK,Europe & Central Asia,High income,2014,4.1,0,11.8
Denmark,DNK,Europe & Central Asia,High income,2015,4.1,0,11.8
Denmark,DNK,Europe & Central Asia,High income,2016,4,-2.439,12.8
Denmark,DNK,Europe & Central Asia,High income,2017,3.9,-2.5,12.8
Denmark,DNK,Europe & Central Asia,High income,2018,3.9,0,12.8
Denmark,DNK,Europe & Central Asia,High income,2019,3.8,-2.564,12.3
Denmark,DNK,Europe & Central Asia,High income,2020,3.7,-2.632,12.3
Denmark,DNK,Europe & Central Asia,High income,2021,3.7,0,12.3
Denmark,DNK,Europe & Central Asia,High income,2022,3.8,2.703,13.3
Denmark,DNK,Europe & Central Asia,High income,2023,3.9,2.632,14.9
Djibouti,DJI,"Middle East, North Africa, Afghanistan & Pakistan",Lower middle income,2002,94,,80
Djibouti,DJI,"Middle East, North Africa, Afghanistan & Pakistan",Lower middle income,2003,91.6,-2.553,80
Djibouti,DJI,"Middle East, North Africa, Afghanistan & Pakistan",Lower middle income,2004,89.3,-2.511,80.5
Djibouti,DJI,"Middle East, North Africa, Afghanistan & Pakistan",Lower middle income,2005,86.9,-2.688,81
Djibouti,DJI,"Middle East, North Africa, Afghanistan & Pakistan",Lower middle income,2006,84.6,-2.647,82.6
Djibouti,DJI,"Middle East, North Africa, Afghanistan & Pakistan",Lower middle income,2007,82.3,-2.719,83.1
Djibouti,DJI,"Middle East, North Africa, Afghanistan & Pakistan",Lower middle income,2008,79.9,-2.916,83.6
Djibouti,DJI,"Middle East, North Africa, Afghanistan & Pakistan",Lower middle income,2009,77.7,-2.753,84.1
Djibouti,DJI,"Middle East, North Africa, Afghanistan & Pakistan",Lower middle income,2010,75.5,-2.831,84.6
Djibouti,DJI,"Middle East, North Africa, Afghanistan & Pakistan",Lower middle income,2011,73.4,-2.781,85.6
Djibouti,DJI,"Middle East, North Africa, Afghanistan & Pakistan",Lower middle income,2012,71.3,-2.861,86.7
Djibouti,DJI,"Middle East, North Africa, Afghanistan & Pakistan",Lower middle income,2013,69.2,-2.945,87.2
Djibouti,DJI,"Middle East, North Africa, Afghanistan & Pakistan",Lower middle income,2014,67.2,-2.89,87.2
Djibouti,DJI,"Middle East, North Africa, Afghanistan & Pakistan",Lower middle income,2015,65.2,-2.976,87.2
Djibouti,DJI,"Middle East, North Africa, Afghanistan & Pakistan",Lower middle income,2016,63.2,-3.067,87.2
Djibouti,DJI,"Middle East, North Africa, Afghanistan & Pakistan",Lower middle income,2017,61.2,-3.165,87.7
Djibouti,DJI,"Middle East, North Africa, Afghanistan & Pakistan",Lower middle income,2018,59.4,-2.941,87.2
Djibouti,DJI,"Middle East, North Africa, Afghanistan & Pakistan",Lower middle income,2019,57.5,-3.199,86.7
Djibouti,DJI,"Middle East, North Africa, Afghanistan & Pakistan",Lower middle income,2020,55.7,-3.13,86.7
Djibouti,DJI,"Middle East, North Africa, Afghanistan & Pakistan",Lower middle income,2021,54,-3.052,86.2
Djibouti,DJI,"Middle East, North Africa, Afghanistan & Pakistan",Lower middle income,2022,52.1,-3.519,86.2
Djibouti,DJI,"Middle East, North Africa, Afghanistan & Pakistan",Lower middle income,2023,50.5,-3.071,85.1
Dominica,DMA,Latin America & Caribbean,Upper middle income,2002,20.1,,39
Dominica,DMA,Latin America & Caribbean,Upper middle income,2003,20.6,2.488,40
Dominica,DMA,Latin America & Caribbean,Upper middle income,2004,21.1,2.427,40.5
Dominica,DMA,Latin America & Caribbean,Upper middle income,2005,21.6,2.37,43.1
Dominica,DMA,Latin America & Caribbean,Upper middle income,2006,22.2,2.778,47.7
Dominica,DMA,Latin America & Caribbean,Upper middle income,2007,22.8,2.703,50.8
Dominica,DMA,Latin America & Caribbean,Upper middle income,2008,23.5,3.07,52.8
Dominica,DMA,Latin America & Caribbean,Upper middle income,2009,24.2,2.979,54.9
Dominica,DMA,Latin America & Caribbean,Upper middle income,2010,24.9,2.893,56.9
Dominica,DMA,Latin America & Caribbean,Upper middle income,2011,25.7,3.213,59
Dominica,DMA,Latin America & Caribbean,Upper middle income,2012,26.5,3.113,60.5
Dominica,DMA,Latin America & Caribbean,Upper middle income,2013,27.4,3.396,61.5
Dominica,DMA,Latin America & Caribbean,Upper middle income,2014,28.3,3.285,64.1
Dominica,DMA,Latin America & Caribbean,Upper middle income,2015,29.2,3.18,65.6
Dominica,DMA,Latin America & Caribbean,Upper middle income,2016,30.2,3.425,67.7
Dominica,DMA,Latin America & Caribbean,Upper middle income,2017,31.1,2.98,68.2
Dominica,DMA,Latin America & Caribbean,Upper middle income,2018,32.1,3.215,68.7
Dominica,DMA,Latin America & Caribbean,Upper middle income,2019,33,2.804,70.8
Dominica,DMA,Latin America & Caribbean,Upper middle income,2020,33.8,2.424,71.3
Dominica,DMA,Latin America & Caribbean,Upper middle income,2021,34.4,1.775,72.8
Dominica,DMA,Latin America & Caribbean,Upper middle income,2022,35,1.744,73.3
Dominica,DMA,Latin America & Caribbean,Upper middle income,2023,35.4,1.143,73.3
Dominican Republic,DOM,Latin America & Caribbean,Upper middle income,2002,37.7,,59
Dominican Republic,DOM,Latin America & Caribbean,Upper middle income,2003,37,-1.857,61
Dominican Republic,DOM,Latin America & Caribbean,Upper middle income,2004,36.4,-1.622,61.5
Dominican Republic,DOM,Latin America & Caribbean,Upper middle income,2005,36,-1.099,61.5
Dominican Republic,DOM,Latin America & Caribbean,Upper middle income,2006,35.6,-1.111,61
Dominican Republic,DOM,Latin America & Caribbean,Upper middle income,2007,35.3,-0.843,62.1
Dominican Republic,DOM,Latin America & Caribbean,Upper middle income,2008,35.1,-0.567,63.6
Dominican Republic,DOM,Latin America & Caribbean,Upper middle income,2009,34.9,-0.57,65.1
Dominican Republic,DOM,Latin America & Caribbean,Upper middle income,2010,34.9,0,66.2
Dominican Republic,DOM,Latin America & Caribbean,Upper middle income,2011,34.8,-0.287,67.2
Dominican Republic,DOM,Latin America & Caribbean,Upper middle income,2012,34.8,0,67.7
Dominican Republic,DOM,Latin America & Caribbean,Upper middle income,2013,34.8,0,68.7
Dominican Republic,DOM,Latin America & Caribbean,Upper middle income,2014,34.9,0.287,69.2
Dominican Republic,DOM,Latin America & Caribbean,Upper middle income,2015,34.9,0,69.2
Dominican Republic,DOM,Latin America & Caribbean,Upper middle income,2016,34.9,0,70.3
Dominican Republic,DOM,Latin America & Caribbean,Upper middle income,2017,34.9,0,70.8
Dominican Republic,DOM,Latin America & Caribbean,Upper middle income,2018,34.7,-0.573,71.3
Dominican Republic,DOM,Latin America & Caribbean,Upper middle income,2019,34.4,-0.865,71.8
Dominican Republic,DOM,Latin America & Caribbean,Upper middle income,2020,33.8,-1.744,71.3
Dominican Republic,DOM,Latin America & Caribbean,Upper middle income,2021,33,-2.367,71.3
Dominican Republic,DOM,Latin America & Caribbean,Upper middle income,2022,32.3,-2.121,71.8
Dominican Republic,DOM,Latin America & Caribbean,Upper middle income,2023,31.5,-2.477,70.8
Ecuador,ECU,Latin America & Caribbean,Upper middle income,2002,26.6,,48.2
Ecuador,ECU,Latin America & Caribbean,Upper middle income,2003,25.5,-4.135,47.7
Ecuador,ECU,Latin America & Caribbean,Upper middle income,2004,24.5,-3.922,47.2
Ecuador,ECU,Latin America & Caribbean,Upper middle income,2005,23.6,-3.673,48.7
Ecuador,ECU,Latin America & Caribbean,Upper middle income,2006,22.7,-3.814,48.2
Ecuador,ECU,Latin America & Caribbean,Upper middle income,2007,21.8,-3.965,49.2
Ecuador,ECU,Latin America & Caribbean,Upper middle income,2008,20.9,-4.128,49.7
Ecuador,ECU,Latin America & Caribbean,Upper middle income,2009,20,-4.306,48.7
Ecuador,ECU,Latin America & Caribbean,Upper middle income,2010,19.1,-4.5,48.7
Ecuador,ECU,Latin America & Caribbean,Upper middle income,2011,18.2,-4.712,43.6
Ecuador,ECU,Latin America & Caribbean,Upper middle income,2012,17.4,-4.396,44.1
Ecuador,ECU,Latin America & Caribbean,Upper middle income,2013,16.6,-4.598,43.6
Ecuador,ECU,Latin America & Caribbean,Upper middle income,2014,15.9,-4.217,43.1
Ecuador,ECU,Latin America & Caribbean,Upper middle income,2015,15.3,-3.774,42.1
Ecuador,ECU,Latin America & Caribbean,Upper middle income,2016,14.8,-3.268,42.1
Ecuador,ECU,Latin America & Caribbean,Upper middle income,2017,14.4,-2.703,41
Ecuador,ECU,Latin America & Caribbean,Upper middle income,2018,14.1,-2.083,43.1
Ecuador,ECU,Latin America & Caribbean,Upper middle income,2019,13.8,-2.128,42.1
Ecuador,ECU,Latin America & Caribbean,Upper middle income,2020,13.6,-1.449,43.1
Ecuador,ECU,Latin America & Caribbean,Upper middle income,2021,13.4,-1.471,43.6
Ecuador,ECU,Latin America & Caribbean,Upper middle income,2022,13.2,-1.493,44.1
Ecuador,ECU,Latin America & Caribbean,Upper middle income,2023,13,-1.515,43.6
"Egypt, Arab Rep.",EGY,"Middle East, North Africa, Afghanistan & Pakistan",Lower middle income,2002,42.5,,62.1
"Egypt, Arab Rep.",EGY,"Middle East, North Africa, Afghanistan & Pakistan",Lower middle income,2003,40.4,-4.941,62.6
"Egypt, Arab Rep.",EGY,"Middle East, North Africa, Afghanistan & Pakistan",Lower middle income,2004,38.6,-4.455,62.1
"Egypt, Arab Rep.",EGY,"Middle East, North Africa, Afghanistan & Pakistan",Lower middle income,2005,37,-4.145,62.1
"Egypt, Arab Rep.",EGY,"Middle East, North Africa, Afghanistan & Pakistan",Lower middle income,2006,35.6,-3.784,61
"Egypt, Arab Rep.",EGY,"Middle East, North Africa, Afghanistan & Pakistan",Lower middle income,2007,34.2,-3.933,61.5
"Egypt, Arab Rep.",EGY,"Middle East, North Africa, Afghanistan & Pakistan",Lower middle income,2008,32.8,-4.094,61.5
"Egypt, Arab Rep.",EGY,"Middle East, North Africa, Afghanistan & Pakistan",Lower middle income,2009,31.6,-3.659,61.5
"Egypt, Arab Rep.",EGY,"Middle East, North Africa, Afghanistan & Pakistan",Lower middle income,2010,30.5,-3.481,62.6
"Egypt, Arab Rep.",EGY,"Middle East, North Africa, Afghanistan & Pakistan",Lower middle income,2011,29.5,-3.279,63.1
"Egypt, Arab Rep.",EGY,"Middle East, North Africa, Afghanistan & Pakistan",Lower middle income,2012,28.6,-3.051,62.1
"Egypt, Arab Rep.",EGY,"Middle East, North Africa, Afghanistan & Pakistan",Lower middle income,2013,27.8,-2.797,62.1
"Egypt, Arab Rep.",EGY,"Middle East, North Africa, Afghanistan & Pakistan",Lower middle income,2014,27.1,-2.518,62.6
"Egypt, Arab Rep.",EGY,"Middle East, North Africa, Afghanistan & Pakistan",Lower middle income,2015,26.5,-2.214,63.1
"Egypt, Arab Rep.",EGY,"Middle East, North Africa, Afghanistan & Pakistan",Lower middle income,2016,26,-1.887,63.6
"Egypt, Arab Rep.",EGY,"Middle East, North Africa, Afghanistan & Pakistan",Lower middle income,2017,25.6,-1.538,64.1
"Egypt, Arab Rep.",EGY,"Middle East, North Africa, Afghanistan & Pakistan",Lower middle income,2018,25.2,-1.563,65.6
"Egypt, Arab Rep.",EGY,"Middle East, North Africa, Afghanistan & Pakistan",Lower middle income,2019,24.8,-1.587,65.6
"Egypt, Arab Rep.",EGY,"Middle East, North Africa, Afghanistan & Pakistan",Lower middle income,2020,24.4,-1.613,65.6
"Egypt, Arab Rep.",EGY,"Middle East, North Africa, Afghanistan & Pakistan",Lower middle income,2021,24,-1.639,65.1
"Egypt, Arab Rep.",EGY,"Middle East, North Africa, Afghanistan & Pakistan",Lower middle income,2022,23.5,-2.083,65.6
"Egypt, Arab Rep.",EGY,"Middle East, North Africa, Afghanistan & Pakistan",Lower middle income,2023,22.9,-2.553,64.6
El Salvador,SLV,Latin America & Caribbean,Upper middle income,2002,28.6,,50.8
El Salvador,SLV,Latin America & Caribbean,Upper middle income,2003,26.9,-5.944,49.2
El Salvador,SLV,Latin America & Caribbean,Upper middle income,2004,25.4,-5.576,48.7
El Salvador,SLV,Latin America & Caribbean,Upper middle income,2005,24,-5.512,49.7
El Salvador,SLV,Latin America & Caribbean,Upper middle income,2006,22.7,-5.417,48.2
El Salvador,SLV,Latin America & Caribbean,Upper middle income,2007,21.5,-5.286,47.7
El Salvador,SLV,Latin America & Caribbean,Upper middle income,2008,20.4,-5.116,48.2
El Salvador,SLV,Latin America & Caribbean,Upper middle income,2009,19.4,-4.902,45.6
El Salvador,SLV,Latin America & Caribbean,Upper middle income,2010,18.4,-5.155,42.6
El Salvador,SLV,Latin America & Caribbean,Upper middle income,2011,17.6,-4.348,41.5
El Salvador,SLV,Latin America & Caribbean,Upper middle income,2012,16.7,-5.114,42.1
El Salvador,SLV,Latin America & Caribbean,Upper middle income,2013,16,-4.192,41
El Salvador,SLV,Latin America & Caribbean,Upper middle income,2014,15.3,-4.375,41
El Salvador,SLV,Latin America & Caribbean,Upper middle income,2015,14.6,-4.575,40.5
El Salvador,SLV,Latin America & Caribbean,Upper middle income,2016,13.9,-4.795,40
El Salvador,SLV,Latin America & Caribbean,Upper middle income,2017,13.3,-4.317,39
El Salvador,SLV,Latin America & Caribbean,Upper middle income,2018,12.7,-4.511,39
El Salvador,SLV,Latin America & Caribbean,Upper middle income,2019,12.2,-3.937,40
El Salvador,SLV,Latin America & Caribbean,Upper middle income,2020,11.7,-4.098,40
El Salvador,SLV,Latin America & Caribbean,Upper middle income,2021,11.2,-4.274,40
El Salvador,SLV,Latin America & Caribbean,Upper middle income,2022,10.8,-3.571,40
El Salvador,SLV,Latin America & Caribbean,Upper middle income,2023,10.4,-3.704,38.5
Equatorial Guinea,GNQ,Sub-Saharan Africa,Upper middle income,2002,145.9,,91.8
Equatorial Guinea,GNQ,Sub-Saharan Africa,Upper middle income,2003,141.5,-3.016,92.8
Equatorial Guinea,GNQ,Sub-Saharan Africa,Upper middle income,2004,137,-3.18,92.8
Equatorial Guinea,GNQ,Sub-Saharan Africa,Upper middle income,2005,132.3,-3.431,93.8
Equatorial Guinea,GNQ,Sub-Saharan Africa,Upper middle income,2006,127.4,-3.704,94.4
Equatorial Guinea,GNQ,Sub-Saharan Africa,Upper middle income,2007,122.6,-3.768,94.4
Equatorial Guinea,GNQ,Sub-Saharan Africa,Upper middle income,2008,118,-3.752,94.4
Equatorial Guinea,GNQ,Sub-Saharan Africa,Upper middle income,2009,113.5,-3.814,94.4
Equatorial Guinea,GNQ,Sub-Saharan Africa,Upper middle income,2010,109.4,-3.612,93.8
Equatorial Guinea,GNQ,Sub-Saharan Africa,Upper middle income,2011,105.6,-3.473,94.9
Equatorial Guinea,GNQ,Sub-Saharan Africa,Upper middle income,2012,102,-3.409,94.4
Equatorial Guinea,GNQ,Sub-Saharan Africa,Upper middle income,2013,98.6,-3.333,94.4
Equatorial Guinea,GNQ,Sub-Saharan Africa,Upper middle income,2014,95.3,-3.347,93.8
Equatorial Guinea,GNQ,Sub-Saharan Africa,Upper middle income,2015,92.1,-3.358,93.8
Equatorial Guinea,GNQ,Sub-Saharan Africa,Upper middle income,2016,89,-3.366,93.3
Equatorial Guinea,GNQ,Sub-Saharan Africa,Upper middle income,2017,86.1,-3.258,93.3
Equatorial Guinea,GNQ,Sub-Saharan Africa,Upper middle income,2018,83.2,-3.368,93.3
Equatorial Guinea,GNQ,Sub-Saharan Africa,Upper middle income,2019,80.7,-3.005,93.3
Equatorial Guinea,GNQ,Sub-Saharan Africa,Upper middle income,2020,77.9,-3.47,93.3
Equatorial Guinea,GNQ,Sub-Saharan Africa,Upper middle income,2021,75.1,-3.594,93.3
Equatorial Guinea,GNQ,Sub-Saharan Africa,Upper middle income,2022,72.8,-3.063,93.3
Equatorial Guinea,GNQ,Sub-Saharan Africa,Upper middle income,2023,70.4,-3.297,93.3
Eritrea,ERI,Sub-Saharan Africa,Low income,2002,77.3,,74.4
Eritrea,ERI,Sub-Saharan Africa,Low income,2003,73.8,-4.528,73.8
Eritrea,ERI,Sub-Saharan Africa,Low income,2004,70.5,-4.472,74.4
Eritrea,ERI,Sub-Saharan Africa,Low income,2005,67.5,-4.255,74.4
Eritrea,ERI,Sub-Saharan Africa,Low income,2006,64.7,-4.148,74.4
Eritrea,ERI,Sub-Saharan Africa,Low income,2007,62,-4.173,73.8
Eritrea,ERI,Sub-Saharan Africa,Low income,2008,59.6,-3.871,74.9
Eritrea,ERI,Sub-Saharan Africa,Low income,2009,57.3,-3.859,74.4
Eritrea,ERI,Sub-Saharan Africa,Low income,2010,55.2,-3.665,74.9
Eritrea,ERI,Sub-Saharan Africa,Low income,2011,53.3,-3.442,74.9
Eritrea,ERI,Sub-Saharan Africa,Low income,2012,51.4,-3.565,73.8
Eritrea,ERI,Sub-Saharan Africa,Low income,2013,49.7,-3.307,75.4
Eritrea,ERI,Sub-Saharan Africa,Low income,2014,48.1,-3.219,74.4
Eritrea,ERI,Sub-Saharan Africa,Low income,2015,46.4,-3.534,74.4
Eritrea,ERI,Sub-Saharan Africa,Low income,2016,44.7,-3.664,74.4
Eritrea,ERI,Sub-Saharan Africa,Low income,2017,43.3,-3.132,74.4
Eritrea,ERI,Sub-Saharan Africa,Low income,2018,41.9,-3.233,74.4
Eritrea,ERI,Sub-Saharan Africa,Low income,2019,40.5,-3.341,74.4
Eritrea,ERI,Sub-Saharan Africa,Low income,2020,39.1,-3.457,74.4
Eritrea,ERI,Sub-Saharan Africa,Low income,2021,37.8,-3.325,74.4
Eritrea,ERI,Sub-Saharan Africa,Low income,2022,36.6,-3.175,74.4
Eritrea,ERI,Sub-Saharan Africa,Low income,2023,35.4,-3.279,73.3
Estonia,EST,Europe & Central Asia,High income,2002,9.3,,20.5
Estonia,EST,Europe & Central Asia,High income,2003,8.5,-8.602,19.5
Estonia,EST,Europe & Central Asia,High income,2004,7.8,-8.235,17.9
Estonia,EST,Europe & Central Asia,High income,2005,7.1,-8.974,16.9
Estonia,EST,Europe & Central Asia,High income,2006,6.5,-8.451,15.9
Estonia,EST,Europe & Central Asia,High income,2007,5.9,-9.231,14.9
Estonia,EST,Europe & Central Asia,High income,2008,5.4,-8.475,14.4
Estonia,EST,Europe & Central Asia,High income,2009,5,-7.407,13.8
Estonia,EST,Europe & Central Asia,High income,2010,4.6,-8,12.8
Estonia,EST,Europe & Central Asia,High income,2011,4.2,-8.696,10.3
Estonia,EST,Europe & Central Asia,High income,2012,3.9,-7.143,8.2
Estonia,EST,Europe & Central Asia,High income,2013,3.6,-7.692,6.2
Estonia,EST,Europe & Central Asia,High income,2014,3.4,-5.556,5.6
Estonia,EST,Europe & Central Asia,High income,2015,3.2,-5.882,5.1
Estonia,EST,Europe & Central Asia,High income,2016,3,-6.25,5.1
Estonia,EST,Europe & Central Asia,High income,2017,2.8,-6.667,4.6
Estonia,EST,Europe & Central Asia,High income,2018,2.7,-3.571,3.6
Estonia,EST,Europe & Central Asia,High income,2019,2.5,-7.407,2.6
Estonia,EST,Europe & Central Asia,High income,2020,2.4,-4,0.5
Estonia,EST,Europe & Central Asia,High income,2021,2.3,-4.167,0.5
Estonia,EST,Europe & Central Asia,High income,2022,2.2,-4.348,0.5
Estonia,EST,Europe & Central Asia,High income,2023,2.1,-4.545,0.5
Eswatini,SWZ,Sub-Saharan Africa,Lower middle income,2002,117,,86.7
Eswatini,SWZ,Sub-Saharan Africa,Lower middle income,2003,117.9,0.769,86.7
Eswatini,SWZ,Sub-Saharan Africa,Lower middle income,2004,118,0.085,89.2
Eswatini,SWZ,Sub-Saharan Africa,Lower middle income,2005,117,-0.847,89.7
Eswatini,SWZ,Sub-Saharan Africa,Lower middle income,2006,106.4,-9.06,89.2
Eswatini,SWZ,Sub-Saharan Africa,Lower middle income,2007,100.3,-5.733,88.7
Eswatini,SWZ,Sub-Saharan Africa,Lower middle income,2008,97.9,-2.393,88.7
Eswatini,SWZ,Sub-Saharan Africa,Lower middle income,2009,92.4,-5.618,89.7
Eswatini,SWZ,Sub-Saharan Africa,Lower middle income,2010,82.1,-11.147,86.2
Eswatini,SWZ,Sub-Saharan Africa,Lower middle income,2011,67.6,-17.661,82.1
Eswatini,SWZ,Sub-Saharan Africa,Lower middle income,2012,62.7,-7.249,82.1
Eswatini,SWZ,Sub-Saharan Africa,Lower middle income,2013,59.7,-4.785,82.1
Eswatini,SWZ,Sub-Saharan Africa,Lower middle income,2014,60,0.503,82.6
Eswatini,SWZ,Sub-Saharan Africa,Lower middle income,2015,57.5,-4.167,82.1
Eswatini,SWZ,Sub-Saharan Africa,Lower middle income,2016,54.4,-5.391,81.5
Eswatini,SWZ,Sub-Saharan Africa,Lower middle income,2017,53.6,-1.471,81.5
Eswatini,SWZ,Sub-Saharan Africa,Lower middle income,2018,50.4,-5.97,81.5
Eswatini,SWZ,Sub-Saharan Africa,Lower middle income,2019,51.5,2.183,82.1
Eswatini,SWZ,Sub-Saharan Africa,Lower middle income,2020,50.5,-1.942,82.6
Eswatini,SWZ,Sub-Saharan Africa,Lower middle income,2021,47.9,-5.149,82.1
Eswatini,SWZ,Sub-Saharan Africa,Lower middle income,2022,47.3,-1.253,82.1
Eswatini,SWZ,Sub-Saharan Africa,Lower middle income,2023,46.2,-2.326,82.1
Ethiopia,ETH,Sub-Saharan Africa,Low income,2002,127.4,,87.7
Ethiopia,ETH,Sub-Saharan Africa,Low income,2003,121,-5.024,87.7
Ethiopia,ETH,Sub-Saharan Africa,Low income,2004,114.6,-5.289,88.2
Ethiopia,ETH,Sub-Saharan Africa,Low income,2005,108.3,-5.497,87.7
Ethiopia,ETH,Sub-Saharan Africa,Low income,2006,102.4,-5.448,87.7
Ethiopia,ETH,Sub-Saharan Africa,Low income,2007,96.9,-5.371,87.7
Ethiopia,ETH,Sub-Saharan Africa,Low income,2008,91.8,-5.263,87.2
Ethiopia,ETH,Sub-Saharan Africa,Low income,2009,87.1,-5.12,86.7
Ethiopia,ETH,Sub-Saharan Africa,Low income,2010,82.7,-5.052,86.7
Ethiopia,ETH,Sub-Saharan Africa,Low income,2011,78.6,-4.958,88.2
Ethiopia,ETH,Sub-Saharan Africa,Low income,2012,74.8,-4.835,88.2
Ethiopia,ETH,Sub-Saharan Africa,Low income,2013,71.2,-4.813,87.7
Ethiopia,ETH,Sub-Saharan Africa,Low income,2014,67.7,-4.916,87.7
Ethiopia,ETH,Sub-Saharan Africa,Low income,2015,64.4,-4.874,86.7
Ethiopia,ETH,Sub-Saharan Africa,Low income,2016,61.3,-4.814,86.2
Ethiopia,ETH,Sub-Saharan Africa,Low income,2017,58.4,-4.731,85.6
Ethiopia,ETH,Sub-Saharan Africa,Low income,2018,55.8,-4.452,84.1
Ethiopia,ETH,Sub-Saharan Africa,Low income,2019,53.6,-3.943,84.1
Ethiopia,ETH,Sub-Saharan Africa,Low income,2020,51.5,-3.918,83.6
Ethiopia,ETH,Sub-Saharan Africa,Low income,2021,70.4,36.699,91.3
Ethiopia,ETH,Sub-Saharan Africa,Low income,2022,68.1,-3.267,91.3
Ethiopia,ETH,Sub-Saharan Africa,Low income,2023,51.5,-24.376,86.2
Fiji,FJI,East Asia & Pacific,Upper middle income,2002,22.7,,42.1
Fiji,FJI,East Asia & Pacific,Upper middle income,2003,22.8,0.441,43.1
Fiji,FJI,East Asia & Pacific,Upper middle income,2004,23.1,1.316,46.2
Fiji,FJI,East Asia & Pacific,Upper middle income,2005,23.3,0.866,47.7
Fiji,FJI,East Asia & Pacific,Upper middle income,2006,23.5,0.858,50.8
Fiji,FJI,East Asia & Pacific,Upper middle income,2007,23.5,0,51.8
Fiji,FJI,East Asia & Pacific,Upper middle income,2008,23.2,-1.277,52.3
Fiji,FJI,East Asia & Pacific,Upper middle income,2009,22.8,-1.724,53.3
Fiji,FJI,East Asia & Pacific,Upper middle income,2010,22.2,-2.632,53.8
Fiji,FJI,East Asia & Pacific,Upper middle income,2011,21.6,-2.703,53.3
Fiji,FJI,East Asia & Pacific,Upper middle income,2012,21,-2.778,53.8
Fiji,FJI,East Asia & Pacific,Upper middle income,2013,20.7,-1.429,53.8
Fiji,FJI,East Asia & Pacific,Upper middle income,2014,20.6,-0.483,53.8
Fiji,FJI,East Asia & Pacific,Upper middle income,2015,20.9,1.456,56.4
Fiji,FJI,East Asia & Pacific,Upper middle income,2016,21.6,3.349,58.5
Fiji,FJI,East Asia & Pacific,Upper middle income,2017,22.7,5.093,60
Fiji,FJI,East Asia & Pacific,Upper middle income,2018,24.2,6.608,63.6
Fiji,FJI,East Asia & Pacific,Upper middle income,2019,25.7,6.198,66.2
Fiji,FJI,East Asia & Pacific,Upper middle income,2020,27.2,5.837,67.2
Fiji,FJI,East Asia & Pacific,Upper middle income,2021,28.3,4.044,68.2
Fiji,FJI,East Asia & Pacific,Upper middle income,2022,28.9,2.12,69.2
Fiji,FJI,East Asia & Pacific,Upper middle income,2023,29.2,1.038,69.2
Finland,FIN,Europe & Central Asia,High income,2002,4.1,,1.5
Finland,FIN,Europe & Central Asia,High income,2003,4,-2.439,2.1
Finland,FIN,Europe & Central Asia,High income,2004,3.9,-2.5,2.6
Finland,FIN,Europe & Central Asia,High income,2005,3.7,-5.128,2.6
Finland,FIN,Europe & Central Asia,High income,2006,3.6,-2.703,2.6
Finland,FIN,Europe & Central Asia,High income,2007,3.5,-2.778,2.6
Finland,FIN,Europe & Central Asia,High income,2008,3.3,-5.714,2.6
Finland,FIN,Europe & Central Asia,High income,2009,3.2,-3.03,2.6
Finland,FIN,Europe & Central Asia,High income,2010,3,-6.25,2.1
Finland,FIN,Europe & Central Asia,High income,2011,2.9,-3.333,2.1
Finland,FIN,Europe & Central Asia,High income,2012,2.8,-3.448,1.5
Finland,FIN,Europe & Central Asia,High income,2013,2.6,-7.143,0.5
Finland,FIN,Europe & Central Asia,High income,2014,2.6,0,0.5
Finland,FIN,Europe & Central Asia,High income,2015,2.5,-3.846,0.5
Finland,FIN,Europe & Central Asia,High income,2016,2.4,-4,0.5
Finland,FIN,Europe & Central Asia,High income,2017,2.4,0,0.5
Finland,FIN,Europe & Central Asia,High income,2018,2.4,0,0.5
Finland,FIN,Europe & Central Asia,High income,2019,2.4,0,0.5
Finland,FIN,Europe & Central Asia,High income,2020,2.4,0,0.5
Finland,FIN,Europe & Central Asia,High income,2021,2.4,0,2.1
Finland,FIN,Europe & Central Asia,High income,2022,2.4,0,2.1
Finland,FIN,Europe & Central Asia,High income,2023,2.4,0,2.1
France,FRA,Europe & Central Asia,High income,2002,5.1,,5.6
France,FRA,Europe & Central Asia,High income,2003,4.9,-3.922,6.2
France,FRA,Europe & Central Asia,High income,2004,4.8,-2.041,6.2
France,FRA,Europe & Central Asia,High income,2005,4.6,-4.167,6.2
France,FRA,Europe & Central Asia,High income,2006,4.5,-2.174,7.7
France,FRA,Europe & Central Asia,High income,2007,4.4,-2.222,7.7
France,FRA,Europe & Central Asia,High income,2008,4.4,0,8.7
France,FRA,Europe & Central Asia,High income,2009,4.3,-2.273,8.7
France,FRA,Europe & Central Asia,High income,2010,4.2,-2.326,9.2
France,FRA,Europe & Central Asia,High income,2011,4.2,0,10.3
France,FRA,Europe & Central Asia,High income,2012,4.1,-2.381,10.8
France,FRA,Europe & Central Asia,High income,2013,4.1,0,10.8
France,FRA,Europe & Central Asia,High income,2014,4.1,0,11.8
France,FRA,Europe & Central Asia,High income,2015,4.2,2.439,13.8
France,FRA,Europe & Central Asia,High income,2016,4.2,0,14.4
France,FRA,Europe & Central Asia,High income,2017,4.2,0,14.9
France,FRA,Europe & Central Asia,High income,2018,4.2,0,14.9
France,FRA,Europe & Central Asia,High income,2019,4.2,0,16.9
France,FRA,Europe & Central Asia,High income,2020,4.2,0,16.9
France,FRA,Europe & Central Asia,High income,2021,4.3,2.381,16.9
France,FRA,Europe & Central Asia,High income,2022,4.3,0,17.4
France,FRA,Europe & Central Asia,High income,2023,4.3,0,16.9
Gabon,GAB,Sub-Saharan Africa,Upper middle income,2002,69.6,,70.3
Gabon,GAB,Sub-Saharan Africa,Upper middle income,2003,67.7,-2.73,71.8
Gabon,GAB,Sub-Saharan Africa,Upper middle income,2004,65.6,-3.102,71.8
Gabon,GAB,Sub-Saharan Africa,Upper middle income,2005,63.6,-3.049,72.3
Gabon,GAB,Sub-Saharan Africa,Upper middle income,2006,61.8,-2.83,72.8
Gabon,GAB,Sub-Saharan Africa,Upper middle income,2007,59.7,-3.398,72.8
Gabon,GAB,Sub-Saharan Africa,Upper middle income,2008,57.6,-3.518,72.8
Gabon,GAB,Sub-Saharan Africa,Upper middle income,2009,55.6,-3.472,73.3
Gabon,GAB,Sub-Saharan Africa,Upper middle income,2010,53.4,-3.957,73.8
Gabon,GAB,Sub-Saharan Africa,Upper middle income,2011,51.3,-3.933,73.3
Gabon,GAB,Sub-Saharan Africa,Upper middle income,2012,49.4,-3.704,72.8
Gabon,GAB,Sub-Saharan Africa,Upper middle income,2013,47.3,-4.251,72.8
Gabon,GAB,Sub-Saharan Africa,Upper middle income,2014,45.8,-3.171,72.8
Gabon,GAB,Sub-Saharan Africa,Upper middle income,2015,44.4,-3.057,73.3
Gabon,GAB,Sub-Saharan Africa,Upper middle income,2016,42.7,-3.829,73.3
Gabon,GAB,Sub-Saharan Africa,Upper middle income,2017,41.4,-3.044,73.3
Gabon,GAB,Sub-Saharan Africa,Upper middle income,2018,39.9,-3.623,73.3
Gabon,GAB,Sub-Saharan Africa,Upper middle income,2019,38.5,-3.509,73.3
Gabon,GAB,Sub-Saharan Africa,Upper middle income,2020,36.8,-4.416,73.3
Gabon,GAB,Sub-Saharan Africa,Upper middle income,2021,35.8,-2.717,73.3
Gabon,GAB,Sub-Saharan Africa,Upper middle income,2022,34.7,-3.073,72.8
Gabon,GAB,Sub-Saharan Africa,Upper middle income,2023,33.8,-2.594,71.8
"Gambia, The",GMB,Sub-Saharan Africa,Low income,2002,103.6,,83.6
"Gambia, The",GMB,Sub-Saharan Africa,Low income,2003,99.2,-4.247,83.6
"Gambia, The",GMB,Sub-Saharan Africa,Low income,2004,94.9,-4.335,83.1
"Gambia, The",GMB,Sub-Saharan Africa,Low income,2005,90.7,-4.426,83.1
"Gambia, The",GMB,Sub-Saharan Africa,Low income,2006,86.8,-4.3,84.1
"Gambia, The",GMB,Sub-Saharan Africa,Low income,2007,83,-4.378,83.6
"Gambia, The",GMB,Sub-Saharan Africa,Low income,2008,79.4,-4.337,83.1
"Gambia, The",GMB,Sub-Saharan Africa,Low income,2009,76,-4.282,83.6
"Gambia, The",GMB,Sub-Saharan Africa,Low income,2010,72.7,-4.342,83.1
"Gambia, The",GMB,Sub-Saharan Africa,Low income,2011,69.7,-4.127,83.6
"Gambia, The",GMB,Sub-Saharan Africa,Low income,2012,66.8,-4.161,83.6
"Gambia, The",GMB,Sub-Saharan Africa,Low income,2013,64,-4.192,84.6
"Gambia, The",GMB,Sub-Saharan Africa,Low income,2014,61.4,-4.063,84.1
"Gambia, The",GMB,Sub-Saharan Africa,Low income,2015,58.9,-4.072,83.6
"Gambia, The",GMB,Sub-Saharan Africa,Low income,2016,56.6,-3.905,83.1
"Gambia, The",GMB,Sub-Saharan Africa,Low income,2017,54.3,-4.064,83.1
"Gambia, The",GMB,Sub-Saharan Africa,Low income,2018,52.3,-3.683,82.6
"Gambia, The",GMB,Sub-Saharan Africa,Low income,2019,50.4,-3.633,81
"Gambia, The",GMB,Sub-Saharan Africa,Low income,2020,48.6,-3.571,81.5
"Gambia, The",GMB,Sub-Saharan Africa,Low income,2021,47,-3.292,81.5
"Gambia, The",GMB,Sub-Saharan Africa,Low income,2022,45.3,-3.617,81.5
"Gambia, The",GMB,Sub-Saharan Africa,Low income,2023,43.8,-3.311,81.5
Georgia,GEO,Europe & Central Asia,Upper middle income,2002,30.9,,53.3
Georgia,GEO,Europe & Central Asia,Upper middle income,2003,28.3,-8.414,52.8
Georgia,GEO,Europe & Central Asia,Upper middle income,2004,25.8,-8.834,49.2
Georgia,GEO,Europe & Central Asia,Upper middle income,2005,23.3,-9.69,47.7
Georgia,GEO,Europe & Central Asia,Upper middle income,2006,21,-9.871,44.1
Georgia,GEO,Europe & Central Asia,Upper middle income,2007,19,-9.524,41
Georgia,GEO,Europe & Central Asia,Upper middle income,2008,17.1,-10,39
Georgia,GEO,Europe & Central Asia,Upper middle income,2009,15.5,-9.357,37.4
Georgia,GEO,Europe & Central Asia,Upper middle income,2010,14.2,-8.387,36.4
Georgia,GEO,Europe & Central Asia,Upper middle income,2011,13.1,-7.746,34.9
Georgia,GEO,Europe & Central Asia,Upper middle income,2012,12.2,-6.87,33.8
Georgia,GEO,Europe & Central Asia,Upper middle income,2013,11.5,-5.738,33.8
Georgia,GEO,Europe & Central Asia,Upper middle income,2014,11,-4.348,32.3
Georgia,GEO,Europe & Central Asia,Upper middle income,2015,10.6,-3.636,31.8
Georgia,GEO,Europe & Central Asia,Upper middle income,2016,10.2,-3.774,32.3
Georgia,GEO,Europe & Central Asia,Upper middle income,2017,10,-1.961,32.8
Georgia,GEO,Europe & Central Asia,Upper middle income,2018,9.8,-2,32.8
Georgia,GEO,Europe & Central Asia,Upper middle income,2019,9.6,-2.041,32.8
Georgia,GEO,Europe & Central Asia,Upper middle income,2020,9.4,-2.083,32.3
Georgia,GEO,Europe & Central Asia,Upper middle income,2021,9.2,-2.128,31.8
Georgia,GEO,Europe & Central Asia,Upper middle income,2022,9,-2.174,31.8
Georgia,GEO,Europe & Central Asia,Upper middle income,2023,8.8,-2.222,32.3
Germany,DEU,Europe & Central Asia,High income,2002,5.1,,5.6
Germany,DEU,Europe & Central Asia,High income,2003,5,-1.961,6.7
Germany,DEU,Europe & Central Asia,High income,2004,4.9,-2,6.7
Germany,DEU,Europe & Central Asia,High income,2005,4.7,-4.082,7.2
Germany,DEU,Europe & Central Asia,High income,2006,4.6,-2.128,8.7
Germany,DEU,Europe & Central Asia,High income,2007,4.5,-2.174,8.7
Germany,DEU,Europe & Central Asia,High income,2008,4.4,-2.222,8.7
Germany,DEU,Europe & Central Asia,High income,2009,4.3,-2.273,8.7
Germany,DEU,Europe & Central Asia,High income,2010,4.2,-2.326,9.2
Germany,DEU,Europe & Central Asia,High income,2011,4.1,-2.381,8.7
Germany,DEU,Europe & Central Asia,High income,2012,4,-2.439,8.7
Germany,DEU,Europe & Central Asia,High income,2013,4,0,10.3
Germany,DEU,Europe & Central Asia,High income,2014,4,0,10.3
Germany,DEU,Europe & Central Asia,High income,2015,3.9,-2.5,10.3
Germany,DEU,Europe & Central Asia,High income,2016,3.9,0,11.3
Germany,DEU,Europe & Central Asia,High income,2017,3.8,-2.564,11.8
Germany,DEU,Europe & Central Asia,High income,2018,3.8,0,11.8
Germany,DEU,Europe & Central Asia,High income,2019,3.7,-2.632,11.8
Germany,DEU,Europe & Central Asia,High income,2020,3.7,0,12.3
Germany,DEU,Europe & Central Asia,High income,2021,3.7,0,12.3
Germany,DEU,Europe & Central Asia,High income,2022,3.7,0,11.8
Germany,DEU,Europe & Central Asia,High income,2023,3.7,0,12.3
Ghana,GHA,Sub-Saharan Africa,Lower middle income,2002,91.9,,79
Ghana,GHA,Sub-Saharan Africa,Lower middle income,2003,88.2,-4.026,79.5
Ghana,GHA,Sub-Saharan Africa,Lower middle income,2004,85,-3.628,79.5
Ghana,GHA,Sub-Saharan Africa,Lower middle income,2005,82,-3.529,79.5
Ghana,GHA,Sub-Saharan Africa,Lower middle income,2006,79.1,-3.537,79.5
Ghana,GHA,Sub-Saharan Africa,Lower middle income,2007,76.2,-3.666,80.5
Ghana,GHA,Sub-Saharan Africa,Lower middle income,2008,73.1,-4.068,80
Ghana,GHA,Sub-Saharan Africa,Lower middle income,2009,69.8,-4.514,81
Ghana,GHA,Sub-Saharan Africa,Lower middle income,2010,66.5,-4.728,81
Ghana,GHA,Sub-Saharan Africa,Lower middle income,2011,63.3,-4.812,81
Ghana,GHA,Sub-Saharan Africa,Lower middle income,2012,60.3,-4.739,81
Ghana,GHA,Sub-Saharan Africa,Lower middle income,2013,57.5,-4.643,80.5
Ghana,GHA,Sub-Saharan Africa,Lower middle income,2014,54.9,-4.522,80.5
Ghana,GHA,Sub-Saharan Africa,Lower middle income,2015,52.5,-4.372,79.5
Ghana,GHA,Sub-Saharan Africa,Lower middle income,2016,50.3,-4.19,78.5
Ghana,GHA,Sub-Saharan Africa,Lower middle income,2017,48.2,-4.175,78.5
Ghana,GHA,Sub-Saharan Africa,Lower middle income,2018,46.1,-4.357,77.9
Ghana,GHA,Sub-Saharan Africa,Lower middle income,2019,44.1,-4.338,77.4
Ghana,GHA,Sub-Saharan Africa,Lower middle income,2020,42.2,-4.308,76.9
Ghana,GHA,Sub-Saharan Africa,Lower middle income,2021,40.3,-4.502,74.9
Ghana,GHA,Sub-Saharan Africa,Lower middle income,2022,38.6,-4.218,74.9
Ghana,GHA,Sub-Saharan Africa,Lower middle income,2023,37.2,-3.627,74.4
Greece,GRC,Europe & Central Asia,High income,2002,5.6,,9.7
Greece,GRC,Europe & Central Asia,High income,2003,5.2,-7.143,7.7
Greece,GRC,Europe & Central Asia,High income,2004,4.9,-5.769,6.7
Greece,GRC,Europe & Central Asia,High income,2005,4.6,-6.122,6.2
Greece,GRC,Europe & Central Asia,High income,2006,4.3,-6.522,5.1
Greece,GRC,Europe & Central Asia,High income,2007,4.1,-4.651,5.1
Greece,GRC,Europe & Central Asia,High income,2008,4,-2.439,5.6
Greece,GRC,Europe & Central Asia,High income,2009,4,0,6.2
Greece,GRC,Europe & Central Asia,High income,2010,3.9,-2.5,6.7
Greece,GRC,Europe & Central Asia,High income,2011,4,2.564,7.7
Greece,GRC,Europe & Central Asia,High income,2012,4,0,8.7
Greece,GRC,Europe & Central Asia,High income,2013,4.1,2.5,10.8
Greece,GRC,Europe & Central Asia,High income,2014,4.2,2.439,13.8
Greece,GRC,Europe & Central Asia,High income,2015,4.3,2.381,14.9
Greece,GRC,Europe & Central Asia,High income,2016,4.3,0,15.4
Greece,GRC,Europe & Central Asia,High income,2017,4.3,0,15.4
Greece,GRC,Europe & Central Asia,High income,2018,4.2,-2.326,14.9
Greece,GRC,Europe & Central Asia,High income,2019,4.1,-2.381,15.9
Greece,GRC,Europe & Central Asia,High income,2020,4.1,0,16.4
Greece,GRC,Europe & Central Asia,High income,2021,4,-2.439,14.9
Greece,GRC,Europe & Central Asia,High income,2022,4,0,15.4
Greece,GRC,Europe & Central Asia,High income,2023,3.9,-2.5,14.9
Grenada,GRD,Latin America & Caribbean,Upper middle income,2002,15.1,,30.3
Grenada,GRD,Latin America & Caribbean,Upper middle income,2003,14.9,-1.325,30.3
Grenada,GRD,Latin America & Caribbean,Upper middle income,2004,14.8,-0.671,30.3
Grenada,GRD,Latin America & Caribbean,Upper middle income,2005,14.8,0,32.3
Grenada,GRD,Latin America & Caribbean,Upper middle income,2006,14.9,0.676,33.8
Grenada,GRD,Latin America & Caribbean,Upper middle income,2007,14.9,0,34.4
Grenada,GRD,Latin America & Caribbean,Upper middle income,2008,15.1,1.342,35.4
Grenada,GRD,Latin America & Caribbean,Upper middle income,2009,15.4,1.987,36.9
Grenada,GRD,Latin America & Caribbean,Upper middle income,2010,15.7,1.948,39
Grenada,GRD,Latin America & Caribbean,Upper middle income,2011,16,1.911,39.5
Grenada,GRD,Latin America & Caribbean,Upper middle income,2012,16.4,2.5,41.5
Grenada,GRD,Latin America & Caribbean,Upper middle income,2013,16.8,2.439,44.6
Grenada,GRD,Latin America & Caribbean,Upper middle income,2014,17.2,2.381,46.7
Grenada,GRD,Latin America & Caribbean,Upper middle income,2015,17.5,1.744,48.7
Grenada,GRD,Latin America & Caribbean,Upper middle income,2016,17.8,1.714,50.3
Grenada,GRD,Latin America & Caribbean,Upper middle income,2017,18.1,1.685,52.3
Grenada,GRD,Latin America & Caribbean,Upper middle income,2018,18.3,1.105,53.8
Grenada,GRD,Latin America & Caribbean,Upper middle income,2019,18.5,1.093,55.4
Grenada,GRD,Latin America & Caribbean,Upper middle income,2020,18.6,0.541,56.9
Grenada,GRD,Latin America & Caribbean,Upper middle income,2021,18.7,0.538,58.5
Grenada,GRD,Latin America & Caribbean,Upper middle income,2022,18.5,-1.07,59
Grenada,GRD,Latin America & Caribbean,Upper middle income,2023,18.3,-1.081,58.5
Guatemala,GTM,Latin America & Caribbean,Upper middle income,2002,47.7,,65.1
Guatemala,GTM,Latin America & Caribbean,Upper middle income,2003,45.9,-3.774,66.2
Guatemala,GTM,Latin America & Caribbean,Upper middle income,2004,44.1,-3.922,65.6
Guatemala,GTM,Latin America & Caribbean,Upper middle income,2005,42.4,-3.855,66.7
Guatemala,GTM,Latin America & Caribbean,Upper middle income,2006,40.7,-4.009,65.6
Guatemala,GTM,Latin America & Caribbean,Upper middle income,2007,39.1,-3.931,66.2
Guatemala,GTM,Latin America & Caribbean,Upper middle income,2008,37.5,-4.092,66.2
Guatemala,GTM,Latin America & Caribbean,Upper middle income,2009,36,-4,66.2
Guatemala,GTM,Latin America & Caribbean,Upper middle income,2010,34.5,-4.167,65.1
Guatemala,GTM,Latin America & Caribbean,Upper middle income,2011,33.1,-4.058,64.6
Guatemala,GTM,Latin America & Caribbean,Upper middle income,2012,31.8,-3.927,64.6
Guatemala,GTM,Latin America & Caribbean,Upper middle income,2013,30.4,-4.403,65.1
Guatemala,GTM,Latin America & Caribbean,Upper middle income,2014,29.2,-3.947,65.1
Guatemala,GTM,Latin America & Caribbean,Upper middle income,2015,28.1,-3.767,65.1
Guatemala,GTM,Latin America & Caribbean,Upper middle income,2016,27,-3.915,64.6
Guatemala,GTM,Latin America & Caribbean,Upper middle income,2017,26.1,-3.333,65.6
Guatemala,GTM,Latin America & Caribbean,Upper middle income,2018,25.1,-3.831,65.1
Guatemala,GTM,Latin America & Caribbean,Upper middle income,2019,24.3,-3.187,64.1
Guatemala,GTM,Latin America & Caribbean,Upper middle income,2020,23.5,-3.292,64.6
Guatemala,GTM,Latin America & Caribbean,Upper middle income,2021,22.7,-3.404,64.1
Guatemala,GTM,Latin America & Caribbean,Upper middle income,2022,21.9,-3.524,63.6
Guatemala,GTM,Latin America & Caribbean,Upper middle income,2023,21.2,-3.196,62.6
Guinea,GIN,Sub-Saharan Africa,Lower middle income,2002,152.7,,93.3
Guinea,GIN,Sub-Saharan Africa,Lower middle income,2003,146.9,-3.798,93.3
Guinea,GIN,Sub-Saharan Africa,Lower middle income,2004,141.6,-3.608,93.3
Guinea,GIN,Sub-Saharan Africa,Lower middle income,2005,137,-3.249,94.9
Guinea,GIN,Sub-Saharan Africa,Lower middle income,2006,133.1,-2.847,95.4
Guinea,GIN,Sub-Saharan Africa,Lower middle income,2007,129.7,-2.554,95.4
Guinea,GIN,Sub-Saharan Africa,Lower middle income,2008,126.9,-2.159,95.9
Guinea,GIN,Sub-Saharan Africa,Lower middle income,2009,124.4,-1.97,95.9
Guinea,GIN,Sub-Saharan Africa,Lower middle income,2010,122.2,-1.768,95.9
Guinea,GIN,Sub-Saharan Africa,Lower middle income,2011,120.3,-1.555,96.4
Guinea,GIN,Sub-Saharan Africa,Lower middle income,2012,118.4,-1.579,96.4
Guinea,GIN,Sub-Saharan Africa,Lower middle income,2013,116.6,-1.52,96.4
Guinea,GIN,Sub-Saharan Africa,Lower middle income,2014,115.4,-1.029,96.4
Guinea,GIN,Sub-Saharan Africa,Lower middle income,2015,113.7,-1.473,96.4
Guinea,GIN,Sub-Saharan Africa,Lower middle income,2016,111.4,-2.023,96.4
Guinea,GIN,Sub-Saharan Africa,Lower middle income,2017,109.5,-1.706,96.4
Guinea,GIN,Sub-Saharan Africa,Lower middle income,2018,107.5,-1.826,96.4
Guinea,GIN,Sub-Saharan Africa,Lower middle income,2019,105.4,-1.953,96.9
Guinea,GIN,Sub-Saharan Africa,Lower middle income,2020,102.9,-2.372,96.9
Guinea,GIN,Sub-Saharan Africa,Lower middle income,2021,100.3,-2.527,96.9
Guinea,GIN,Sub-Saharan Africa,Lower middle income,2022,97.6,-2.692,97.4
Guinea,GIN,Sub-Saharan Africa,Lower middle income,2023,95,-2.664,97.4
Guinea-Bissau,GNB,Sub-Saharan Africa,Low income,2002,163.6,,94.9
Guinea-Bissau,GNB,Sub-Saharan Africa,Low income,2003,157.7,-3.606,96.4
Guinea-Bissau,GNB,Sub-Saharan Africa,Low income,2004,151.6,-3.868,95.9
Guinea-Bissau,GNB,Sub-Saharan Africa,Low income,2005,145.3,-4.156,95.9
Guinea-Bissau,GNB,Sub-Saharan Africa,Low income,2006,139.1,-4.267,95.9
Guinea-Bissau,GNB,Sub-Saharan Africa,Low income,2007,132.8,-4.529,95.9
Guinea-Bissau,GNB,Sub-Saharan Africa,Low income,2008,126.5,-4.744,95.4
Guinea-Bissau,GNB,Sub-Saharan Africa,Low income,2009,120.2,-4.98,95.4
Guinea-Bissau,GNB,Sub-Saharan Africa,Low income,2010,114.3,-4.908,94.9
Guinea-Bissau,GNB,Sub-Saharan Africa,Low income,2011,108.6,-4.987,95.4
Guinea-Bissau,GNB,Sub-Saharan Africa,Low income,2012,103.6,-4.604,95.4
Guinea-Bissau,GNB,Sub-Saharan Africa,Low income,2013,99.1,-4.344,94.9
Guinea-Bissau,GNB,Sub-Saharan Africa,Low income,2014,95.2,-3.935,93.3
Guinea-Bissau,GNB,Sub-Saharan Africa,Low income,2015,91.6,-3.782,92.8
Guinea-Bissau,GNB,Sub-Saharan Africa,Low income,2016,88.2,-3.712,92.8
Guinea-Bissau,GNB,Sub-Saharan Africa,Low income,2017,85.1,-3.515,92.8
Guinea-Bissau,GNB,Sub-Saharan Africa,Low income,2018,82.2,-3.408,92.8
Guinea-Bissau,GNB,Sub-Saharan Africa,Low income,2019,79.5,-3.285,92.8
Guinea-Bissau,GNB,Sub-Saharan Africa,Low income,2020,76.7,-3.522,92.8
Guinea-Bissau,GNB,Sub-Saharan Africa,Low income,2021,74.3,-3.129,92.8
Guinea-Bissau,GNB,Sub-Saharan Africa,Low income,2022,72,-3.096,92.8
Guinea-Bissau,GNB,Sub-Saharan Africa,Low income,2023,69.7,-3.194,92.8
Guyana,GUY,Latin America & Caribbean,High income,2002,44.5,,63.6
Guyana,GUY,Latin America & Caribbean,High income,2003,43.4,-2.472,64.6
Guyana,GUY,Latin America & Caribbean,High income,2004,42.5,-2.074,64.6
Guyana,GUY,Latin America & Caribbean,High income,2005,41.6,-2.118,66.2
Guyana,GUY,Latin America & Caribbean,High income,2006,40.7,-2.163,65.6
Guyana,GUY,Latin America & Caribbean,High income,2007,39.9,-1.966,66.7
Guyana,GUY,Latin America & Caribbean,High income,2008,39.1,-2.005,66.7
Guyana,GUY,Latin America & Caribbean,High income,2009,38.3,-2.046,66.7
Guyana,GUY,Latin America & Caribbean,High income,2010,37.6,-1.828,67.7
Guyana,GUY,Latin America & Caribbean,High income,2011,36.8,-2.128,68.7
Guyana,GUY,Latin America & Caribbean,High income,2012,36,-2.174,69.2
Guyana,GUY,Latin America & Caribbean,High income,2013,35.2,-2.222,69.2
Guyana,GUY,Latin America & Caribbean,High income,2014,34.3,-2.557,68.7
Guyana,GUY,Latin America & Caribbean,High income,2015,33.3,-2.915,68.7
Guyana,GUY,Latin America & Caribbean,High income,2016,32.4,-2.703,69.2
Guyana,GUY,Latin America & Caribbean,High income,2017,31.4,-3.086,68.7
Guyana,GUY,Latin America & Caribbean,High income,2018,30.5,-2.866,67.7
Guyana,GUY,Latin America & Caribbean,High income,2019,29.6,-2.951,68.2
Guyana,GUY,Latin America & Caribbean,High income,2020,28.6,-3.378,68.2
Guyana,GUY,Latin America & Caribbean,High income,2021,27.8,-2.797,67.2
Guyana,GUY,Latin America & Caribbean,High income,2022,26.9,-3.237,67.2
Guyana,GUY,Latin America & Caribbean,High income,2023,26,-3.346,66.2
Haiti,HTI,Latin America & Caribbean,Lower middle income,2002,96.2,,81.5
Haiti,HTI,Latin America & Caribbean,Lower middle income,2003,93.3,-3.015,82.1
Haiti,HTI,Latin America & Caribbean,Lower middle income,2004,90.7,-2.787,81
Haiti,HTI,Latin America & Caribbean,Lower middle income,2005,88.4,-2.536,82.6
Haiti,HTI,Latin America & Caribbean,Lower middle income,2006,86.2,-2.489,83.1
Haiti,HTI,Latin America & Caribbean,Lower middle income,2007,84.1,-2.436,84.1
Haiti,HTI,Latin America & Caribbean,Lower middle income,2008,82.2,-2.259,84.1
Haiti,HTI,Latin America & Caribbean,Lower middle income,2009,80.2,-2.433,85.1
Haiti,HTI,Latin America & Caribbean,Lower middle income,2010,137.7,71.696,97.9
Haiti,HTI,Latin America & Caribbean,Lower middle income,2011,76.5,-44.444,86.7
Haiti,HTI,Latin America & Caribbean,Lower middle income,2012,74.6,-2.484,87.7
Haiti,HTI,Latin America & Caribbean,Lower middle income,2013,72.8,-2.413,88.2
Haiti,HTI,Latin America & Caribbean,Lower middle income,2014,70.9,-2.61,88.7
Haiti,HTI,Latin America & Caribbean,Lower middle income,2015,69.1,-2.539,88.7
Haiti,HTI,Latin America & Caribbean,Lower middle income,2016,67.2,-2.75,88.7
Haiti,HTI,Latin America & Caribbean,Lower middle income,2017,65.3,-2.827,88.7
Haiti,HTI,Latin America & Caribbean,Lower middle income,2018,63.4,-2.91,88.2
Haiti,HTI,Latin America & Caribbean,Lower middle income,2019,61.5,-2.997,88.2
Haiti,HTI,Latin America & Caribbean,Lower middle income,2020,59.8,-2.764,87.7
Haiti,HTI,Latin America & Caribbean,Lower middle income,2021,58.1,-2.843,87.2
Haiti,HTI,Latin America & Caribbean,Lower middle income,2022,56.2,-3.27,87.2
Haiti,HTI,Latin America & Caribbean,Lower middle income,2023,54.4,-3.203,86.7
Honduras,HND,Latin America & Caribbean,Lower middle income,2002,34,,57.4
Honduras,HND,Latin America & Caribbean,Lower middle income,2003,32.5,-4.412,57.4
Honduras,HND,Latin America & Caribbean,Lower middle income,2004,31.1,-4.308,56.9
Honduras,HND,Latin America & Caribbean,Lower middle income,2005,29.8,-4.18,57.4
Honduras,HND,Latin America & Caribbean,Lower middle income,2006,28.6,-4.027,56.9
Honduras,HND,Latin America & Caribbean,Lower middle income,2007,27.4,-4.196,56.9
Honduras,HND,Latin America & Caribbean,Lower middle income,2008,26.4,-3.65,56.9
Honduras,HND,Latin America & Caribbean,Lower middle income,2009,25.4,-3.788,56.9
Honduras,HND,Latin America & Caribbean,Lower middle income,2010,24.4,-3.937,55.9
Honduras,HND,Latin America & Caribbean,Lower middle income,2011,23.5,-3.689,55.9
Honduras,HND,Latin America & Caribbean,Lower middle income,2012,22.7,-3.404,55.4
Honduras,HND,Latin America & Caribbean,Lower middle income,2013,21.9,-3.524,55.9
Honduras,HND,Latin America & Caribbean,Lower middle income,2014,21.1,-3.653,55.4
Honduras,HND,Latin America & Caribbean,Lower middle income,2015,20.3,-3.791,55.4
Honduras,HND,Latin America & Caribbean,Lower middle income,2016,19.6,-3.448,54.9
Honduras,HND,Latin America & Caribbean,Lower middle income,2017,18.9,-3.571,54.4
Honduras,HND,Latin America & Caribbean,Lower middle income,2018,18.2,-3.704,52.3
Honduras,HND,Latin America & Caribbean,Lower middle income,2019,17.7,-2.747,51.8
Honduras,HND,Latin America & Caribbean,Lower middle income,2020,17.1,-3.39,52.8
Honduras,HND,Latin America & Caribbean,Lower middle income,2021,16.5,-3.509,52.8
Honduras,HND,Latin America & Caribbean,Lower middle income,2022,16,-3.03,51.8
Honduras,HND,Latin America & Caribbean,Lower middle income,2023,15.5,-3.125,50.8
Hungary,HUN,Europe & Central Asia,High income,2002,9,,19.5
Hungary,HUN,Europe & Central Asia,High income,2003,8.4,-6.667,19
Hungary,HUN,Europe & Central Asia,High income,2004,8,-4.762,19
Hungary,HUN,Europe & Central Asia,High income,2005,7.5,-6.25,18.5
Hungary,HUN,Europe & Central Asia,High income,2006,7.2,-4,17.9
Hungary,HUN,Europe & Central Asia,High income,2007,6.8,-5.556,17.4
Hungary,HUN,Europe & Central Asia,High income,2008,6.5,-4.412,16.9
Hungary,HUN,Europe & Central Asia,High income,2009,6.2,-4.615,16.9
Hungary,HUN,Europe & Central Asia,High income,2010,6,-3.226,16.9
Hungary,HUN,Europe & Central Asia,High income,2011,5.9,-1.667,17.9
Hungary,HUN,Europe & Central Asia,High income,2012,5.7,-3.39,18.5
Hungary,HUN,Europe & Central Asia,High income,2013,5.6,-1.754,18.5
Hungary,HUN,Europe & Central Asia,High income,2014,5.3,-5.357,17.9
Hungary,HUN,Europe & Central Asia,High income,2015,5.1,-3.774,17.9
Hungary,HUN,Europe & Central Asia,High income,2016,4.7,-7.843,16.4
Hungary,HUN,Europe & Central Asia,High income,2017,4.5,-4.255,16.4
Hungary,HUN,Europe & Central Asia,High income,2018,4.3,-4.444,16.9
Hungary,HUN,Europe & Central Asia,High income,2019,4.1,-4.651,15.9
Hungary,HUN,Europe & Central Asia,High income,2020,4,-2.439,14.9
Hungary,HUN,Europe & Central Asia,High income,2021,4,0,14.9
Hungary,HUN,Europe & Central Asia,High income,2022,3.9,-2.5,14.4
Hungary,HUN,Europe & Central Asia,High income,2023,3.8,-2.564,13.8
Iceland,ISL,Europe & Central Asia,High income,2002,3.5,,0.5
Iceland,ISL,Europe & Central Asia,High income,2003,3.3,-5.714,0.5
Iceland,ISL,Europe & Central Asia,High income,2004,3.2,-3.03,0.5
Iceland,ISL,Europe & Central Asia,High income,2005,3.1,-3.125,0.5
Iceland,ISL,Europe & Central Asia,High income,2006,2.9,-6.452,0
Iceland,ISL,Europe & Central Asia,High income,2007,2.8,-3.448,0
Iceland,ISL,Europe & Central Asia,High income,2008,2.8,0,0
Iceland,ISL,Europe & Central Asia,High income,2009,2.7,-3.571,0
Iceland,ISL,Europe & Central Asia,High income,2010,2.7,0,0.5
Iceland,ISL,Europe & Central Asia,High income,2011,2.6,-3.704,0.5
Iceland,ISL,Europe & Central Asia,High income,2012,2.6,0,0.5
Iceland,ISL,Europe & Central Asia,High income,2013,2.6,0,0.5
Iceland,ISL,Europe & Central Asia,High income,2014,2.6,0,0.5
Iceland,ISL,Europe & Central Asia,High income,2015,2.6,0,2.1
Iceland,ISL,Europe & Central Asia,High income,2016,2.6,0,2.6
Iceland,ISL,Europe & Central Asia,High income,2017,2.7,3.846,4.1
Iceland,ISL,Europe & Central Asia,High income,2018,2.7,0,3.6
Iceland,ISL,Europe & Central Asia,High income,2019,2.8,3.704,4.6
Iceland,ISL,Europe & Central Asia,High income,2020,2.8,0,4.6
Iceland,ISL,Europe & Central Asia,High income,2021,2.9,3.571,6.7
Iceland,ISL,Europe & Central Asia,High income,2022,2.9,0,7.7
Iceland,ISL,Europe & Central Asia,High income,2023,2.9,0,8.2
India,IND,South Asia,Lower middle income,2002,84.6,,76.4
India,IND,South Asia,Lower middle income,2003,81.1,-4.137,77.4
India,IND,South Asia,Lower middle income,2004,77.7,-4.192,77.4
India,IND,South Asia,Lower middle income,2005,74.3,-4.376,77.4
India,IND,South Asia,Lower middle income,2006,71,-4.441,77.4
India,IND,South Asia,Lower middle income,2007,67.8,-4.507,77.4
India,IND,South Asia,Lower middle income,2008,64.5,-4.867,77.9
India,IND,South Asia,Lower middle income,2009,61.2,-5.116,77.9
India,IND,South Asia,Lower middle income,2010,58.1,-5.065,76.9
India,IND,South Asia,Lower middle income,2011,55,-5.336,75.9
India,IND,South Asia,Lower middle income,2012,52,-5.455,74.9
India,IND,South Asia,Lower middle income,2013,49.1,-5.577,73.3
India,IND,South Asia,Lower middle income,2014,46.4,-5.499,73.3
India,IND,South Asia,Lower middle income,2015,43.7,-5.819,72.8
India,IND,South Asia,Lower middle income,2016,41.3,-5.492,72.3
India,IND,South Asia,Lower middle income,2017,39,-5.569,72.3
India,IND,South Asia,Lower middle income,2018,36.9,-5.385,72.3
India,IND,South Asia,Lower middle income,2019,34.9,-5.42,72.3
India,IND,South Asia,Lower middle income,2020,33,-5.444,70.8
India,IND,South Asia,Lower middle income,2021,31.2,-5.455,70.8
India,IND,South Asia,Lower middle income,2022,29.5,-5.449,70.3
India,IND,South Asia,Lower middle income,2023,28,-5.085,68.2
Indonesia,IDN,East Asia & Pacific,Upper middle income,2002,46.7,,64.6
Indonesia,IDN,East Asia & Pacific,Upper middle income,2003,44.6,-4.497,65.1
Indonesia,IDN,East Asia & Pacific,Upper middle income,2004,48.6,8.969,66.7
Indonesia,IDN,East Asia & Pacific,Upper middle income,2005,40.7,-16.255,64.6
Indonesia,IDN,East Asia & Pacific,Upper middle income,2006,38.9,-4.423,64.6
Indonesia,IDN,East Asia & Pacific,Upper middle income,2007,37.2,-4.37,64.6
Indonesia,IDN,East Asia & Pacific,Upper middle income,2008,35.6,-4.301,65.1
Indonesia,IDN,East Asia & Pacific,Upper middle income,2009,34.1,-4.213,64.1
Indonesia,IDN,East Asia & Pacific,Upper middle income,2010,32.6,-4.399,64.1
Indonesia,IDN,East Asia & Pacific,Upper middle income,2011,31.2,-4.294,64.1
Indonesia,IDN,East Asia & Pacific,Upper middle income,2012,29.9,-4.167,63.6
Indonesia,IDN,East Asia & Pacific,Upper middle income,2013,28.6,-4.348,64.1
Indonesia,IDN,East Asia & Pacific,Upper middle income,2014,27.3,-4.545,63.1
Indonesia,IDN,East Asia & Pacific,Upper middle income,2015,26.1,-4.396,62.6
Indonesia,IDN,East Asia & Pacific,Upper middle income,2016,25,-4.215,62.1
Indonesia,IDN,East Asia & Pacific,Upper middle income,2017,23.8,-4.8,61
Indonesia,IDN,East Asia & Pacific,Upper middle income,2018,22.8,-4.202,60
Indonesia,IDN,East Asia & Pacific,Upper middle income,2019,21.8,-4.386,59.5
Indonesia,IDN,East Asia & Pacific,Upper middle income,2020,20.8,-4.587,59.5
Indonesia,IDN,East Asia & Pacific,Upper middle income,2021,19.9,-4.327,59.5
Indonesia,IDN,East Asia & Pacific,Upper middle income,2022,19.1,-4.02,60
Indonesia,IDN,East Asia & Pacific,Upper middle income,2023,18.4,-3.665,59
"Iran, Islamic Rep.",IRN,"Middle East, North Africa, Afghanistan & Pakistan",Upper middle income,2002,32.3,,55.9
"Iran, Islamic Rep.",IRN,"Middle East, North Africa, Afghanistan & Pakistan",Upper middle income,2003,30.3,-6.192,55.4
"Iran, Islamic Rep.",IRN,"Middle East, North Africa, Afghanistan & Pakistan",Upper middle income,2004,28.3,-6.601,54.4
"Iran, Islamic Rep.",IRN,"Middle East, North Africa, Afghanistan & Pakistan",Upper middle income,2005,26.5,-6.36,53.3
"Iran, Islamic Rep.",IRN,"Middle East, North Africa, Afghanistan & Pakistan",Upper middle income,2006,24.7,-6.792,52.3
"Iran, Islamic Rep.",IRN,"Middle East, North Africa, Afghanistan & Pakistan",Upper middle income,2007,23.1,-6.478,51.3
"Iran, Islamic Rep.",IRN,"Middle East, North Africa, Afghanistan & Pakistan",Upper middle income,2008,21.7,-6.061,50.3
"Iran, Islamic Rep.",IRN,"Middle East, North Africa, Afghanistan & Pakistan",Upper middle income,2009,20.4,-5.991,49.2
"Iran, Islamic Rep.",IRN,"Middle East, North Africa, Afghanistan & Pakistan",Upper middle income,2010,19.3,-5.392,49.7
"Iran, Islamic Rep.",IRN,"Middle East, North Africa, Afghanistan & Pakistan",Upper middle income,2011,18.3,-5.181,44.1
"Iran, Islamic Rep.",IRN,"Middle East, North Africa, Afghanistan & Pakistan",Upper middle income,2012,17.5,-4.372,45.1
"Iran, Islamic Rep.",IRN,"Middle East, North Africa, Afghanistan & Pakistan",Upper middle income,2013,16.8,-4,44.6
"Iran, Islamic Rep.",IRN,"Middle East, North Africa, Afghanistan & Pakistan",Upper middle income,2014,16.1,-4.167,44.1
"Iran, Islamic Rep.",IRN,"Middle East, North Africa, Afghanistan & Pakistan",Upper middle income,2015,15.5,-3.727,42.6
"Iran, Islamic Rep.",IRN,"Middle East, North Africa, Afghanistan & Pakistan",Upper middle income,2016,14.9,-3.871,42.6
"Iran, Islamic Rep.",IRN,"Middle East, North Africa, Afghanistan & Pakistan",Upper middle income,2017,14.4,-3.356,41
"Iran, Islamic Rep.",IRN,"Middle East, North Africa, Afghanistan & Pakistan",Upper middle income,2018,13.9,-3.472,41
"Iran, Islamic Rep.",IRN,"Middle East, North Africa, Afghanistan & Pakistan",Upper middle income,2019,13.4,-3.597,40.5
"Iran, Islamic Rep.",IRN,"Middle East, North Africa, Afghanistan & Pakistan",Upper middle income,2020,13,-2.985,40.5
"Iran, Islamic Rep.",IRN,"Middle East, North Africa, Afghanistan & Pakistan",Upper middle income,2021,12.6,-3.077,40.5
"Iran, Islamic Rep.",IRN,"Middle East, North Africa, Afghanistan & Pakistan",Upper middle income,2022,12.1,-3.968,40.5
"Iran, Islamic Rep.",IRN,"Middle East, North Africa, Afghanistan & Pakistan",Upper middle income,2023,11.7,-3.306,40
Iraq,IRQ,"Middle East, North Africa, Afghanistan & Pakistan",Upper middle income,2002,42.5,,62.1
Iraq,IRQ,"Middle East, North Africa, Afghanistan & Pakistan",Upper middle income,2003,41.6,-2.118,63.1
Iraq,IRQ,"Middle East, North Africa, Afghanistan & Pakistan",Upper middle income,2004,40.7,-2.163,63.1
Iraq,IRQ,"Middle East, North Africa, Afghanistan & Pakistan",Upper middle income,2005,39.7,-2.457,63.6
Iraq,IRQ,"Middle East, North Africa, Afghanistan & Pakistan",Upper middle income,2006,38.8,-2.267,64.1
Iraq,IRQ,"Middle East, North Africa, Afghanistan & Pakistan",Upper middle income,2007,37.7,-2.835,65.1
Iraq,IRQ,"Middle East, North Africa, Afghanistan & Pakistan",Upper middle income,2008,36.7,-2.653,65.6
Iraq,IRQ,"Middle East, North Africa, Afghanistan & Pakistan",Upper middle income,2009,35.6,-2.997,65.6
Iraq,IRQ,"Middle East, North Africa, Afghanistan & Pakistan",Upper middle income,2010,34.5,-3.09,65.1
Iraq,IRQ,"Middle East, North Africa, Afghanistan & Pakistan",Upper middle income,2011,33.4,-3.188,65.6
Iraq,IRQ,"Middle East, North Africa, Afghanistan & Pakistan",Upper middle income,2012,32.4,-2.994,65.6
Iraq,IRQ,"Middle East, North Africa, Afghanistan & Pakistan",Upper middle income,2013,31.3,-3.395,65.6
Iraq,IRQ,"Middle East, North Africa, Afghanistan & Pakistan",Upper middle income,2014,30.3,-3.195,66.2
Iraq,IRQ,"Middle East, North Africa, Afghanistan & Pakistan",Upper middle income,2015,29.3,-3.3,66.7
Iraq,IRQ,"Middle East, North Africa, Afghanistan & Pakistan",Upper middle income,2016,28.4,-3.072,66.7
Iraq,IRQ,"Middle East, North Africa, Afghanistan & Pakistan",Upper middle income,2017,27.5,-3.169,66.2
Iraq,IRQ,"Middle East, North Africa, Afghanistan & Pakistan",Upper middle income,2018,26.5,-3.636,66.2
Iraq,IRQ,"Middle East, North Africa, Afghanistan & Pakistan",Upper middle income,2019,25.7,-3.019,66.2
Iraq,IRQ,"Middle East, North Africa, Afghanistan & Pakistan",Upper middle income,2020,24.9,-3.113,66.2
Iraq,IRQ,"Middle East, North Africa, Afghanistan & Pakistan",Upper middle income,2021,24,-3.614,65.1
Iraq,IRQ,"Middle East, North Africa, Afghanistan & Pakistan",Upper middle income,2022,23.3,-2.917,65.1
Iraq,IRQ,"Middle East, North Africa, Afghanistan & Pakistan",Upper middle income,2023,22.5,-3.433,64.1
Ireland,IRL,Europe & Central Asia,High income,2002,6.5,,13.8
Ireland,IRL,Europe & Central Asia,High income,2003,6.1,-6.154,12.3
Ireland,IRL,Europe & Central Asia,High income,2004,5.6,-8.197,11.8
Ireland,IRL,Europe & Central Asia,High income,2005,5.2,-7.143,11.3
Ireland,IRL,Europe & Central Asia,High income,2006,4.8,-7.692,9.7
Ireland,IRL,Europe & Central Asia,High income,2007,4.6,-4.167,9.7
Ireland,IRL,Europe & Central Asia,High income,2008,4.4,-4.348,8.7
Ireland,IRL,Europe & Central Asia,High income,2009,4.3,-2.273,8.7
Ireland,IRL,Europe & Central Asia,High income,2010,4.2,-2.326,9.2
Ireland,IRL,Europe & Central Asia,High income,2011,4.1,-2.381,8.7
Ireland,IRL,Europe & Central Asia,High income,2012,4,-2.439,8.7
Ireland,IRL,Europe & Central Asia,High income,2013,3.9,-2.5,8.7
Ireland,IRL,Europe & Central Asia,High income,2014,3.8,-2.564,9.2
Ireland,IRL,Europe & Central Asia,High income,2015,3.7,-2.632,9.2
Ireland,IRL,Europe & Central Asia,High income,2016,3.6,-2.703,8.7
Ireland,IRL,Europe & Central Asia,High income,2017,3.5,-2.778,8.7
Ireland,IRL,Europe & Central Asia,High income,2018,3.4,-2.857,9.2
Ireland,IRL,Europe & Central Asia,High income,2019,3.4,0,9.7
Ireland,IRL,Europe & Central Asia,High income,2020,3.5,2.941,10.8
Ireland,IRL,Europe & Central Asia,High income,2021,3.6,2.857,11.3
Ireland,IRL,Europe & Central Asia,High income,2022,3.7,2.778,11.8
Ireland,IRL,Europe & Central Asia,High income,2023,3.8,2.703,13.8
Israel,ISR,"Middle East, North Africa, Afghanistan & Pakistan",High income,2002,6.4,,13.3
Israel,ISR,"Middle East, North Africa, Afghanistan & Pakistan",High income,2003,6.1,-4.688,12.3
Israel,ISR,"Middle East, North Africa, Afghanistan & Pakistan",High income,2004,5.8,-4.918,12.3
Israel,ISR,"Middle East, North Africa, Afghanistan & Pakistan",High income,2005,5.6,-3.448,12.3
Israel,ISR,"Middle East, North Africa, Afghanistan & Pakistan",High income,2006,5.3,-5.357,12.8
Israel,ISR,"Middle East, North Africa, Afghanistan & Pakistan",High income,2007,5.1,-3.774,12.8
Israel,ISR,"Middle East, North Africa, Afghanistan & Pakistan",High income,2008,4.9,-3.922,12.8
Israel,ISR,"Middle East, North Africa, Afghanistan & Pakistan",High income,2009,4.7,-4.082,12.8
Israel,ISR,"Middle East, North Africa, Afghanistan & Pakistan",High income,2010,4.6,-2.128,12.8
Israel,ISR,"Middle East, North Africa, Afghanistan & Pakistan",High income,2011,4.4,-4.348,12.8
Israel,ISR,"Middle East, North Africa, Afghanistan & Pakistan",High income,2012,4.3,-2.273,12.8
Israel,ISR,"Middle East, North Africa, Afghanistan & Pakistan",High income,2013,4.1,-4.651,10.8
Israel,ISR,"Middle East, North Africa, Afghanistan & Pakistan",High income,2014,4,-2.439,10.3
Israel,ISR,"Middle East, North Africa, Afghanistan & Pakistan",High income,2015,3.9,-2.5,10.3
Israel,ISR,"Middle East, North Africa, Afghanistan & Pakistan",High income,2016,3.8,-2.564,10.3
Israel,ISR,"Middle East, North Africa, Afghanistan & Pakistan",High income,2017,3.7,-2.632,11.3
Israel,ISR,"Middle East, North Africa, Afghanistan & Pakistan",High income,2018,3.7,0,11.3
Israel,ISR,"Middle East, North Africa, Afghanistan & Pakistan",High income,2019,3.6,-2.703,11.3
Israel,ISR,"Middle East, North Africa, Afghanistan & Pakistan",High income,2020,3.5,-2.778,10.8
Israel,ISR,"Middle East, North Africa, Afghanistan & Pakistan",High income,2021,3.5,0,10.8
Israel,ISR,"Middle East, North Africa, Afghanistan & Pakistan",High income,2022,3.4,-2.857,10.8
Israel,ISR,"Middle East, North Africa, Afghanistan & Pakistan",High income,2023,3.4,0,10.8
Italy,ITA,Europe & Central Asia,High income,2002,5.1,,5.6
Italy,ITA,Europe & Central Asia,High income,2003,4.8,-5.882,5.1
Italy,ITA,Europe & Central Asia,High income,2004,4.6,-4.167,4.6
Italy,ITA,Europe & Central Asia,High income,2005,4.5,-2.174,5.1
Italy,ITA,Europe & Central Asia,High income,2006,4.3,-4.444,5.1
Italy,ITA,Europe & Central Asia,High income,2007,4.2,-2.326,6.2
Italy,ITA,Europe & Central Asia,High income,2008,4.1,-2.381,6.7
Italy,ITA,Europe & Central Asia,High income,2009,4.1,0,7.2
Italy,ITA,Europe & Central Asia,High income,2010,4,-2.439,7.2
Italy,ITA,Europe & Central Asia,High income,2011,3.9,-2.5,6.7
Italy,ITA,Europe & Central Asia,High income,2012,3.8,-2.564,6.7
Italy,ITA,Europe & Central Asia,High income,2013,3.7,-2.632,7.2
Italy,ITA,Europe & Central Asia,High income,2014,3.6,-2.703,6.7
Italy,ITA,Europe & Central Asia,High income,2015,3.5,-2.778,6.7
Italy,ITA,Europe & Central Asia,High income,2016,3.4,-2.857,6.7
Italy,ITA,Europe & Central Asia,High income,2017,3.3,-2.941,7.2
Italy,ITA,Europe & Central Asia,High income,2018,3.2,-3.03,6.7
Italy,ITA,Europe & Central Asia,High income,2019,3.1,-3.125,6.7
Italy,ITA,Europe & Central Asia,High income,2020,3,-3.226,7.2
Italy,ITA,Europe & Central Asia,High income,2021,2.9,-3.333,6.7
Italy,ITA,Europe & Central Asia,High income,2022,2.8,-3.448,6.7
Italy,ITA,Europe & Central Asia,High income,2023,2.8,0,7.2
Jamaica,JAM,Latin America & Caribbean,Upper middle income,2002,19.6,,37.4
Jamaica,JAM,Latin America & Caribbean,Upper middle income,2003,19.3,-1.531,37.9
Jamaica,JAM,Latin America & Caribbean,Upper middle income,2004,19.1,-1.036,37.4
Jamaica,JAM,Latin America & Caribbean,Upper middle income,2005,19.1,0,39.5
Jamaica,JAM,Latin America & Caribbean,Upper middle income,2006,19.1,0,40.5
Jamaica,JAM,Latin America & Caribbean,Upper middle income,2007,19.1,0,42.1
Jamaica,JAM,Latin America & Caribbean,Upper middle income,2008,19.1,0,43.6
Jamaica,JAM,Latin America & Caribbean,Upper middle income,2009,19.1,0,44.1
Jamaica,JAM,Latin America & Caribbean,Upper middle income,2010,19,-0.524,48.2
Jamaica,JAM,Latin America & Caribbean,Upper middle income,2011,19,0,49.2
Jamaica,JAM,Latin America & Caribbean,Upper middle income,2012,18.9,-0.526,50.3
Jamaica,JAM,Latin America & Caribbean,Upper middle income,2013,18.9,0,50.3
Jamaica,JAM,Latin America & Caribbean,Upper middle income,2014,18.8,-0.529,50.8
Jamaica,JAM,Latin America & Caribbean,Upper middle income,2015,18.7,-0.532,51.8
Jamaica,JAM,Latin America & Caribbean,Upper middle income,2016,18.7,0,53.8
Jamaica,JAM,Latin America & Caribbean,Upper middle income,2017,18.7,0,53.8
Jamaica,JAM,Latin America & Caribbean,Upper middle income,2018,18.7,0,55.9
Jamaica,JAM,Latin America & Caribbean,Upper middle income,2019,18.8,0.535,55.9
Jamaica,JAM,Latin America & Caribbean,Upper middle income,2020,18.7,-0.532,57.9
Jamaica,JAM,Latin America & Caribbean,Upper middle income,2021,18.6,-0.535,57.9
Jamaica,JAM,Latin America & Caribbean,Upper middle income,2022,18.4,-1.075,57.9
Jamaica,JAM,Latin America & Caribbean,Upper middle income,2023,18.1,-1.63,57.9
Japan,JPN,East Asia & Pacific,High income,2002,4.1,,1.5
Japan,JPN,East Asia & Pacific,High income,2003,4,-2.439,2.1
Japan,JPN,East Asia & Pacific,High income,2004,3.9,-2.5,2.6
Japan,JPN,East Asia & Pacific,High income,2005,3.7,-5.128,2.6
Japan,JPN,East Asia & Pacific,High income,2006,3.6,-2.703,2.6
Japan,JPN,East Asia & Pacific,High income,2007,3.5,-2.778,2.6
Japan,JPN,East Asia & Pacific,High income,2008,3.4,-2.857,3.1
Japan,JPN,East Asia & Pacific,High income,2009,3.4,0,3.1
Japan,JPN,East Asia & Pacific,High income,2010,3.3,-2.941,4.1
Japan,JPN,East Asia & Pacific,High income,2011,3.3,0,4.6
Japan,JPN,East Asia & Pacific,High income,2012,3.1,-6.061,4.6
Japan,JPN,East Asia & Pacific,High income,2013,3,-3.226,4.6
Japan,JPN,East Asia & Pacific,High income,2014,2.9,-3.333,4.1
Japan,JPN,East Asia & Pacific,High income,2015,2.8,-3.448,4.1
Japan,JPN,East Asia & Pacific,High income,2016,2.7,-3.571,4.1
Japan,JPN,East Asia & Pacific,High income,2017,2.6,-3.704,2.6
Japan,JPN,East Asia & Pacific,High income,2018,2.5,-3.846,2.1
Japan,JPN,East Asia & Pacific,High income,2019,2.5,0,2.6
Japan,JPN,East Asia & Pacific,High income,2020,2.4,-4,0.5
Japan,JPN,East Asia & Pacific,High income,2021,2.4,0,2.1
Japan,JPN,East Asia & Pacific,High income,2022,2.4,0,2.1
Japan,JPN,East Asia & Pacific,High income,2023,2.4,0,2.1
Jordan,JOR,"Middle East, North Africa, Afghanistan & Pakistan",Upper middle income,2002,24.2,,43.6
Jordan,JOR,"Middle East, North Africa, Afghanistan & Pakistan",Upper middle income,2003,23.5,-2.893,45.1
Jordan,JOR,"Middle East, North Africa, Afghanistan & Pakistan",Upper middle income,2004,22.7,-3.404,43.6
Jordan,JOR,"Middle East, North Africa, Afghanistan & Pakistan",Upper middle income,2005,22,-3.084,45.1
Jordan,JOR,"Middle East, North Africa, Afghanistan & Pakistan",Upper middle income,2006,21.3,-3.182,45.1
Jordan,JOR,"Middle East, North Africa, Afghanistan & Pakistan",Upper middle income,2007,20.7,-2.817,46.7
Jordan,JOR,"Middle East, North Africa, Afghanistan & Pakistan",Upper middle income,2008,20.1,-2.899,46.7
Jordan,JOR,"Middle East, North Africa, Afghanistan & Pakistan",Upper middle income,2009,19.5,-2.985,46.2
Jordan,JOR,"Middle East, North Africa, Afghanistan & Pakistan",Upper middle income,2010,18.9,-3.077,47.2
Jordan,JOR,"Middle East, North Africa, Afghanistan & Pakistan",Upper middle income,2011,18.4,-2.646,46.2
Jordan,JOR,"Middle East, North Africa, Afghanistan & Pakistan",Upper middle income,2012,17.9,-2.717,46.7
Jordan,JOR,"Middle East, North Africa, Afghanistan & Pakistan",Upper middle income,2013,17.4,-2.793,46.2
Jordan,JOR,"Middle East, North Africa, Afghanistan & Pakistan",Upper middle income,2014,17,-2.299,45.6
Jordan,JOR,"Middle East, North Africa, Afghanistan & Pakistan",Upper middle income,2015,16.5,-2.941,45.6
Jordan,JOR,"Middle East, North Africa, Afghanistan & Pakistan",Upper middle income,2016,16.1,-2.424,45.6
Jordan,JOR,"Middle East, North Africa, Afghanistan & Pakistan",Upper middle income,2017,15.7,-2.484,46.7
Jordan,JOR,"Middle East, North Africa, Afghanistan & Pakistan",Upper middle income,2018,15.3,-2.548,46.7
Jordan,JOR,"Middle East, North Africa, Afghanistan & Pakistan",Upper middle income,2019,14.9,-2.614,45.6
Jordan,JOR,"Middle East, North Africa, Afghanistan & Pakistan",Upper middle income,2020,14.5,-2.685,45.1
Jordan,JOR,"Middle East, North Africa, Afghanistan & Pakistan",Upper middle income,2021,14.1,-2.759,44.6
Jordan,JOR,"Middle East, North Africa, Afghanistan & Pakistan",Upper middle income,2022,13.7,-2.837,44.6
Jordan,JOR,"Middle East, North Africa, Afghanistan & Pakistan",Upper middle income,2023,13.3,-2.92,44.1
Kazakhstan,KAZ,Europe & Central Asia,Upper middle income,2002,37.2,,58.5
Kazakhstan,KAZ,Europe & Central Asia,Upper middle income,2003,35.1,-5.645,59
Kazakhstan,KAZ,Europe & Central Asia,Upper middle income,2004,33,-5.983,57.9
Kazakhstan,KAZ,Europe & Central Asia,Upper middle income,2005,31,-6.061,58.5
Kazakhstan,KAZ,Europe & Central Asia,Upper middle income,2006,28.9,-6.774,57.9
Kazakhstan,KAZ,Europe & Central Asia,Upper middle income,2007,26.8,-7.266,55.9
Kazakhstan,KAZ,Europe & Central Asia,Upper middle income,2008,24.7,-7.836,55.4
Kazakhstan,KAZ,Europe & Central Asia,Upper middle income,2009,22.5,-8.907,52.3
Kazakhstan,KAZ,Europe & Central Asia,Upper middle income,2010,20.4,-9.333,51.8
Kazakhstan,KAZ,Europe & Central Asia,Upper middle income,2011,18.3,-10.294,44.1
Kazakhstan,KAZ,Europe & Central Asia,Upper middle income,2012,16.3,-10.929,41
Kazakhstan,KAZ,Europe & Central Asia,Upper middle income,2013,14.5,-11.043,39
Kazakhstan,KAZ,Europe & Central Asia,Upper middle income,2014,13,-10.345,36.9
Kazakhstan,KAZ,Europe & Central Asia,Upper middle income,2015,11.9,-8.462,35.4
Kazakhstan,KAZ,Europe & Central Asia,Upper middle income,2016,11,-7.563,34.4
Kazakhstan,KAZ,Europe & Central Asia,Upper middle income,2017,10.5,-4.545,33.3
Kazakhstan,KAZ,Europe & Central Asia,Upper middle income,2018,10.3,-1.905,33.3
Kazakhstan,KAZ,Europe & Central Asia,Upper middle income,2019,10.2,-0.971,33.3
Kazakhstan,KAZ,Europe & Central Asia,Upper middle income,2020,10.1,-0.98,33.3
Kazakhstan,KAZ,Europe & Central Asia,Upper middle income,2021,10,-0.99,34.4
Kazakhstan,KAZ,Europe & Central Asia,Upper middle income,2022,9.8,-2,34.9
Kazakhstan,KAZ,Europe & Central Asia,Upper middle income,2023,9.6,-2.041,34.9
Kenya,KEN,Sub-Saharan Africa,Lower middle income,2002,85.6,,76.9
Kenya,KEN,Sub-Saharan Africa,Lower middle income,2003,80.8,-5.607,76.9
Kenya,KEN,Sub-Saharan Africa,Lower middle income,2004,76.1,-5.817,76.4
Kenya,KEN,Sub-Saharan Africa,Lower middle income,2005,71.2,-6.439,76.4
Kenya,KEN,Sub-Saharan Africa,Lower middle income,2006,66.8,-6.18,75.9
Kenya,KEN,Sub-Saharan Africa,Lower middle income,2007,62.9,-5.838,74.9
Kenya,KEN,Sub-Saharan Africa,Lower middle income,2008,58,-7.79,73.3
Kenya,KEN,Sub-Saharan Africa,Lower middle income,2009,55.2,-4.828,72.8
Kenya,KEN,Sub-Saharan Africa,Lower middle income,2010,53.1,-3.804,73.3
Kenya,KEN,Sub-Saharan Africa,Lower middle income,2011,51.7,-2.637,73.8
Kenya,KEN,Sub-Saharan Africa,Lower middle income,2012,50.7,-1.934,73.3
Kenya,KEN,Sub-Saharan Africa,Lower middle income,2013,49.4,-2.564,73.8
Kenya,KEN,Sub-Saharan Africa,Lower middle income,2014,48.3,-2.227,74.9
Kenya,KEN,Sub-Saharan Africa,Lower middle income,2015,46.8,-3.106,75.4
Kenya,KEN,Sub-Saharan Africa,Lower middle income,2016,45.5,-2.778,75.4
Kenya,KEN,Sub-Saharan Africa,Lower middle income,2017,44.7,-1.758,75.4
Kenya,KEN,Sub-Saharan Africa,Lower middle income,2018,43.7,-2.237,74.9
Kenya,KEN,Sub-Saharan Africa,Lower middle income,2019,42.7,-2.288,74.9
Kenya,KEN,Sub-Saharan Africa,Lower middle income,2020,42.1,-1.405,75.9
Kenya,KEN,Sub-Saharan Africa,Lower middle income,2021,41.3,-1.9,76.9
Kenya,KEN,Sub-Saharan Africa,Lower middle income,2022,40.5,-1.937,77.9
Kenya,KEN,Sub-Saharan Africa,Lower middle income,2023,39.6,-2.222,77.9
Kiribati,KIR,East Asia & Pacific,Lower middle income,2002,62.5,,68.2
Kiribati,KIR,East Asia & Pacific,Lower middle income,2003,61.4,-1.76,69.7
Kiribati,KIR,East Asia & Pacific,Lower middle income,2004,60.7,-1.14,70.8
Kiribati,KIR,East Asia & Pacific,Lower middle income,2005,60.1,-0.988,71.3
Kiribati,KIR,East Asia & Pacific,Lower middle income,2006,59.7,-0.666,72.3
Kiribati,KIR,East Asia & Pacific,Lower middle income,2007,59.2,-0.838,72.3
Kiribati,KIR,East Asia & Pacific,Lower middle income,2008,58.7,-0.845,73.8
Kiribati,KIR,East Asia & Pacific,Lower middle income,2009,58.2,-0.852,75.9
Kiribati,KIR,East Asia & Pacific,Lower middle income,2010,57.7,-0.859,76.4
Kiribati,KIR,East Asia & Pacific,Lower middle income,2011,57.5,-0.347,77.4
Kiribati,KIR,East Asia & Pacific,Lower middle income,2012,57.4,-0.174,79.5
Kiribati,KIR,East Asia & Pacific,Lower middle income,2013,57.7,0.523,81
Kiribati,KIR,East Asia & Pacific,Lower middle income,2014,58,0.52,81.5
Kiribati,KIR,East Asia & Pacific,Lower middle income,2015,58.6,1.034,83.1
Kiribati,KIR,East Asia & Pacific,Lower middle income,2016,59.1,0.853,85.1
Kiribati,KIR,East Asia & Pacific,Lower middle income,2017,59.6,0.846,86.2
Kiribati,KIR,East Asia & Pacific,Lower middle income,2018,59.6,0,87.7
Kiribati,KIR,East Asia & Pacific,Lower middle income,2019,59.1,-0.839,87.7
Kiribati,KIR,East Asia & Pacific,Lower middle income,2020,58.3,-1.354,87.2
Kiribati,KIR,East Asia & Pacific,Lower middle income,2021,57.2,-1.887,86.7
Kiribati,KIR,East Asia & Pacific,Lower middle income,2022,55.9,-2.273,86.7
Kiribati,KIR,East Asia & Pacific,Lower middle income,2023,54.5,-2.504,87.2
"Korea, Dem. People's Rep.",PRK,East Asia & Pacific,Low income,2002,97.8,,82.1
"Korea, Dem. People's Rep.",PRK,East Asia & Pacific,Low income,2003,34.5,-64.724,58.5
"Korea, Dem. People's Rep.",PRK,East Asia & Pacific,Low income,2004,33.8,-2.029,59.5
"Korea, Dem. People's Rep.",PRK,East Asia & Pacific,Low income,2005,33.3,-1.479,59.5
"Korea, Dem. People's Rep.",PRK,East Asia & Pacific,Low income,2006,32.8,-1.502,60.5
"Korea, Dem. People's Rep.",PRK,East Asia & Pacific,Low income,2007,32.4,-1.22,60.5
"Korea, Dem. People's Rep.",PRK,East Asia & Pacific,Low income,2008,31,-4.321,60.5
"Korea, Dem. People's Rep.",PRK,East Asia & Pacific,Low income,2009,30,-3.226,60.5
"Korea, Dem. People's Rep.",PRK,East Asia & Pacific,Low income,2010,28.7,-4.333,60.5
"Korea, Dem. People's Rep.",PRK,East Asia & Pacific,Low income,2011,27.2,-5.226,60
"Korea, Dem. People's Rep.",PRK,East Asia & Pacific,Low income,2012,25.7,-5.515,59
"Korea, Dem. People's Rep.",PRK,East Asia & Pacific,Low income,2013,24.1,-6.226,59
"Korea, Dem. People's Rep.",PRK,East Asia & Pacific,Low income,2014,22.6,-6.224,57.9
"Korea, Dem. People's Rep.",PRK,East Asia & Pacific,Low income,2015,21.4,-5.31,57.4
"Korea, Dem. People's Rep.",PRK,East Asia & Pacific,Low income,2016,20.6,-3.738,55.9
"Korea, Dem. People's Rep.",PRK,East Asia & Pacific,Low income,2017,19.1,-7.282,55.4
"Korea, Dem. People's Rep.",PRK,East Asia & Pacific,Low income,2018,18.4,-3.665,54.4
"Korea, Dem. People's Rep.",PRK,East Asia & Pacific,Low income,2019,17.7,-3.804,51.8
"Korea, Dem. People's Rep.",PRK,East Asia & Pacific,Low income,2020,17.4,-1.695,53.3
"Korea, Dem. People's Rep.",PRK,East Asia & Pacific,Low income,2021,17.4,0,53.8
"Korea, Dem. People's Rep.",PRK,East Asia & Pacific,Low income,2022,17.7,1.724,56.4
"Korea, Dem. People's Rep.",PRK,East Asia & Pacific,Low income,2023,18,1.695,56.9
"Korea, Rep.",KOR,East Asia & Pacific,High income,2002,6.8,,14.4
"Korea, Rep.",KOR,East Asia & Pacific,High income,2003,6.4,-5.882,14.4
"Korea, Rep.",KOR,East Asia & Pacific,High income,2004,6,-6.25,13.3
"Korea, Rep.",KOR,East Asia & Pacific,High income,2005,5.6,-6.667,12.3
"Korea, Rep.",KOR,East Asia & Pacific,High income,2006,5.2,-7.143,12.3
"Korea, Rep.",KOR,East Asia & Pacific,High income,2007,4.8,-7.692,10.8
"Korea, Rep.",KOR,East Asia & Pacific,High income,2008,4.5,-6.25,10.3
"Korea, Rep.",KOR,East Asia & Pacific,High income,2009,4.3,-4.444,8.7
"Korea, Rep.",KOR,East Asia & Pacific,High income,2010,4.1,-4.651,8.2
"Korea, Rep.",KOR,East Asia & Pacific,High income,2011,4,-2.439,7.7
"Korea, Rep.",KOR,East Asia & Pacific,High income,2012,3.8,-5,6.7
"Korea, Rep.",KOR,East Asia & Pacific,High income,2013,3.7,-2.632,7.2
"Korea, Rep.",KOR,East Asia & Pacific,High income,2014,3.6,-2.703,6.7
"Korea, Rep.",KOR,East Asia & Pacific,High income,2015,3.5,-2.778,6.7
"Korea, Rep.",KOR,East Asia & Pacific,High income,2016,3.4,-2.857,6.7
"Korea, Rep.",KOR,East Asia & Pacific,High income,2017,3.3,-2.941,7.2
"Korea, Rep.",KOR,East Asia & Pacific,High income,2018,3.2,-3.03,6.7
"Korea, Rep.",KOR,East Asia & Pacific,High income,2019,3.1,-3.125,6.7
"Korea, Rep.",KOR,East Asia & Pacific,High income,2020,3.1,0,8.2
"Korea, Rep.",KOR,East Asia & Pacific,High income,2021,3,-3.226,8.2
"Korea, Rep.",KOR,East Asia & Pacific,High income,2022,2.9,-3.333,7.7
"Korea, Rep.",KOR,East Asia & Pacific,High income,2023,2.9,0,8.2
Kosovo,XKX,Europe & Central Asia,Upper middle income,2002,40.3,,60.5
Kosovo,XKX,Europe & Central Asia,Upper middle income,2003,36.7,-8.933,60.5
Kosovo,XKX,Europe & Central Asia,Upper middle income,2004,33.5,-8.719,58.5
Kosovo,XKX,Europe & Central Asia,Upper middle income,2005,30.6,-8.657,57.9
Kosovo,XKX,Europe & Central Asia,Upper middle income,2006,28,-8.497,55.4
Kosovo,XKX,Europe & Central Asia,Upper middle income,2007,25.7,-8.214,54.9
Kosovo,XKX,Europe & Central Asia,Upper middle income,2008,23.6,-8.171,53.8
Kosovo,XKX,Europe & Central Asia,Upper middle income,2009,21.7,-8.051,50.8
Kosovo,XKX,Europe & Central Asia,Upper middle income,2010,20.1,-7.373,50.8
Kosovo,XKX,Europe & Central Asia,Upper middle income,2011,18.7,-6.965,47.7
Kosovo,XKX,Europe & Central Asia,Upper middle income,2012,17.4,-6.952,44.1
Kosovo,XKX,Europe & Central Asia,Upper middle income,2013,16.3,-6.322,42.6
Kosovo,XKX,Europe & Central Asia,Upper middle income,2014,15.2,-6.748,40.5
Kosovo,XKX,Europe & Central Asia,Upper middle income,2015,14.3,-5.921,39.5
Kosovo,XKX,Europe & Central Asia,Upper middle income,2016,13.4,-6.294,39
Kosovo,XKX,Europe & Central Asia,Upper middle income,2017,12.6,-5.97,38.5
Kosovo,XKX,Europe & Central Asia,Upper middle income,2018,11.9,-5.556,37.9
Kosovo,XKX,Europe & Central Asia,Upper middle income,2019,11.2,-5.882,36.9
Kosovo,XKX,Europe & Central Asia,Upper middle income,2020,10.5,-6.25,35.9
Kosovo,XKX,Europe & Central Asia,Upper middle income,2021,10,-4.762,34.4
Kosovo,XKX,Europe & Central Asia,Upper middle income,2022,9.5,-5,33.3
Kosovo,XKX,Europe & Central Asia,Upper middle income,2023,9.1,-4.211,32.8
Kuwait,KWT,"Middle East, North Africa, Afghanistan & Pakistan",High income,2002,12.3,,26.2
Kuwait,KWT,"Middle East, North Africa, Afghanistan & Pakistan",High income,2003,12.2,-0.813,26.7
Kuwait,KWT,"Middle East, North Africa, Afghanistan & Pakistan",High income,2004,12,-1.639,27.2
Kuwait,KWT,"Middle East, North Africa, Afghanistan & Pakistan",High income,2005,11.8,-1.667,27.2
Kuwait,KWT,"Middle East, North Africa, Afghanistan & Pakistan",High income,2006,11.6,-1.695,27.2
Kuwait,KWT,"Middle East, North Africa, Afghanistan & Pakistan",High income,2007,11.4,-1.724,27.2
Kuwait,KWT,"Middle East, North Africa, Afghanistan & Pakistan",High income,2008,11.2,-1.754,27.2
Kuwait,KWT,"Middle East, North Africa, Afghanistan & Pakistan",High income,2009,11,-1.786,28.2
Kuwait,KWT,"Middle East, North Africa, Afghanistan & Pakistan",High income,2010,10.7,-2.727,28.2
Kuwait,KWT,"Middle East, North Africa, Afghanistan & Pakistan",High income,2011,10.3,-3.738,28.2
Kuwait,KWT,"Middle East, North Africa, Afghanistan & Pakistan",High income,2012,10,-2.913,27.7
Kuwait,KWT,"Middle East, North Africa, Afghanistan & Pakistan",High income,2013,9.6,-4,27.7
Kuwait,KWT,"Middle East, North Africa, Afghanistan & Pakistan",High income,2014,9.3,-3.125,28.2
Kuwait,KWT,"Middle East, North Africa, Afghanistan & Pakistan",High income,2015,9.1,-2.151,29.2
Kuwait,KWT,"Middle East, North Africa, Afghanistan & Pakistan",High income,2016,9,-1.099,29.7
Kuwait,KWT,"Middle East, North Africa, Afghanistan & Pakistan",High income,2017,8.9,-1.111,29.7
Kuwait,KWT,"Middle East, North Africa, Afghanistan & Pakistan",High income,2018,8.9,0,31.3
Kuwait,KWT,"Middle East, North Africa, Afghanistan & Pakistan",High income,2019,8.9,0,31.3
Kuwait,KWT,"Middle East, North Africa, Afghanistan & Pakistan",High income,2020,8.8,-1.124,31.3
Kuwait,KWT,"Middle East, North Africa, Afghanistan & Pakistan",High income,2021,8.7,-1.136,31.3
Kuwait,KWT,"Middle East, North Africa, Afghanistan & Pakistan",High income,2022,8.6,-1.149,31.3
Kuwait,KWT,"Middle East, North Africa, Afghanistan & Pakistan",High income,2023,8.4,-2.326,30.8
Kyrgyz Republic,KGZ,Europe & Central Asia,Lower middle income,2002,45.5,,64.1
Kyrgyz Republic,KGZ,Europe & Central Asia,Lower middle income,2003,43,-5.495,64.1
Kyrgyz Republic,KGZ,Europe & Central Asia,Lower middle income,2004,40.9,-4.884,63.6
Kyrgyz Republic,KGZ,Europe & Central Asia,Lower middle income,2005,39.2,-4.156,63.1
Kyrgyz Republic,KGZ,Europe & Central Asia,Lower middle income,2006,37.6,-4.082,63.6
Kyrgyz Republic,KGZ,Europe & Central Asia,Lower middle income,2007,35.9,-4.521,63.6
Kyrgyz Republic,KGZ,Europe & Central Asia,Lower middle income,2008,33.8,-5.85,62.1
Kyrgyz Republic,KGZ,Europe & Central Asia,Lower middle income,2009,31.6,-6.509,61.5
Kyrgyz Republic,KGZ,Europe & Central Asia,Lower middle income,2010,29.5,-6.646,61
Kyrgyz Republic,KGZ,Europe & Central Asia,Lower middle income,2011,27.6,-6.441,61.5
Kyrgyz Republic,KGZ,Europe & Central Asia,Lower middle income,2012,26,-5.797,59.5
Kyrgyz Republic,KGZ,Europe & Central Asia,Lower middle income,2013,24.7,-5,59.5
Kyrgyz Republic,KGZ,Europe & Central Asia,Lower middle income,2014,23.5,-4.858,59.5
Kyrgyz Republic,KGZ,Europe & Central Asia,Lower middle income,2015,22.3,-5.106,59
Kyrgyz Republic,KGZ,Europe & Central Asia,Lower middle income,2016,21.1,-5.381,56.4
Kyrgyz Republic,KGZ,Europe & Central Asia,Lower middle income,2017,20,-5.213,56.9
Kyrgyz Republic,KGZ,Europe & Central Asia,Lower middle income,2018,19,-5,56.9
Kyrgyz Republic,KGZ,Europe & Central Asia,Lower middle income,2019,18.3,-3.684,54.4
Kyrgyz Republic,KGZ,Europe & Central Asia,Lower middle income,2020,17.8,-2.732,53.8
Kyrgyz Republic,KGZ,Europe & Central Asia,Lower middle income,2021,17.5,-1.685,54.9
Kyrgyz Republic,KGZ,Europe & Central Asia,Lower middle income,2022,17.3,-1.143,54.9
Kyrgyz Republic,KGZ,Europe & Central Asia,Lower middle income,2023,17,-1.734,54.4
Lao PDR,LAO,East Asia & Pacific,Lower middle income,2002,91.1,,78.5
Lao PDR,LAO,East Asia & Pacific,Lower middle income,2003,86.6,-4.94,79
Lao PDR,LAO,East Asia & Pacific,Lower middle income,2004,82.1,-5.196,79
Lao PDR,LAO,East Asia & Pacific,Lower middle income,2005,77.7,-5.359,78.5
Lao PDR,LAO,East Asia & Pacific,Lower middle income,2006,73.5,-5.405,77.9
Lao PDR,LAO,East Asia & Pacific,Lower middle income,2007,69.5,-5.442,77.9
Lao PDR,LAO,East Asia & Pacific,Lower middle income,2008,65.5,-5.755,78.5
Lao PDR,LAO,East Asia & Pacific,Lower middle income,2009,61.8,-5.649,78.5
Lao PDR,LAO,East Asia & Pacific,Lower middle income,2010,58.4,-5.502,77.4
Lao PDR,LAO,East Asia & Pacific,Lower middle income,2011,55.1,-5.651,76.4
Lao PDR,LAO,East Asia & Pacific,Lower middle income,2012,52.1,-5.445,75.4
Lao PDR,LAO,East Asia & Pacific,Lower middle income,2013,49.4,-5.182,73.8
Lao PDR,LAO,East Asia & Pacific,Lower middle income,2014,46.8,-5.263,73.8
Lao PDR,LAO,East Asia & Pacific,Lower middle income,2015,44.4,-5.128,73.3
Lao PDR,LAO,East Asia & Pacific,Lower middle income,2016,42.2,-4.955,72.8
Lao PDR,LAO,East Asia & Pacific,Lower middle income,2017,40.2,-4.739,72.8
Lao PDR,LAO,East Asia & Pacific,Lower middle income,2018,38.3,-4.726,72.8
Lao PDR,LAO,East Asia & Pacific,Lower middle income,2019,36.5,-4.7,72.8
Lao PDR,LAO,East Asia & Pacific,Lower middle income,2020,34.8,-4.658,72.8
Lao PDR,LAO,East Asia & Pacific,Lower middle income,2021,33.2,-4.598,71.8
Lao PDR,LAO,East Asia & Pacific,Lower middle income,2022,31.8,-4.217,71.3
Lao PDR,LAO,East Asia & Pacific,Lower middle income,2023,30.5,-4.088,69.7
Latvia,LVA,Europe & Central Asia,High income,2002,12.6,,26.7
Latvia,LVA,Europe & Central Asia,High income,2003,11.9,-5.556,26.2
Latvia,LVA,Europe & Central Asia,High income,2004,11.1,-6.723,25.6
Latvia,LVA,Europe & Central Asia,High income,2005,10.5,-5.405,25.1
Latvia,LVA,Europe & Central Asia,High income,2006,9.9,-5.714,25.1
Latvia,LVA,Europe & Central Asia,High income,2007,9.3,-6.061,24.1
Latvia,LVA,Europe & Central Asia,High income,2008,8.8,-5.376,23.6
Latvia,LVA,Europe & Central Asia,High income,2009,8.3,-5.682,23.6
Latvia,LVA,Europe & Central Asia,High income,2010,7.7,-7.229,23.1
Latvia,LVA,Europe & Central Asia,High income,2011,7.2,-6.494,22.1
Latvia,LVA,Europe & Central Asia,High income,2012,6.6,-8.333,20
Latvia,LVA,Europe & Central Asia,High income,2013,6.1,-7.576,20
Latvia,LVA,Europe & Central Asia,High income,2014,5.6,-8.197,19
Latvia,LVA,Europe & Central Asia,High income,2015,5.1,-8.929,17.9
Latvia,LVA,Europe & Central Asia,High income,2016,4.8,-5.882,16.9
Latvia,LVA,Europe & Central Asia,High income,2017,4.5,-6.25,16.4
Latvia,LVA,Europe & Central Asia,High income,2018,4.2,-6.667,14.9
Latvia,LVA,Europe & Central Asia,High income,2019,3.9,-7.143,13.3
Latvia,LVA,Europe & Central Asia,High income,2020,3.6,-7.692,11.8
Latvia,LVA,Europe & Central Asia,High income,2021,3.3,-8.333,9.2
Latvia,LVA,Europe & Central Asia,High income,2022,3,-9.091,8.7
Latvia,LVA,Europe & Central Asia,High income,2023,2.8,-6.667,7.2
Lebanon,LBN,"Middle East, North Africa, Afghanistan & Pakistan",Lower middle income,2002,18,,35.4
Lebanon,LBN,"Middle East, North Africa, Afghanistan & Pakistan",Lower middle income,2003,17,-5.556,35.4
Lebanon,LBN,"Middle East, North Africa, Afghanistan & Pakistan",Lower middle income,2004,16.1,-5.294,34.4
Lebanon,LBN,"Middle East, North Africa, Afghanistan & Pakistan",Lower middle income,2005,15.3,-4.969,33.8
Lebanon,LBN,"Middle East, North Africa, Afghanistan & Pakistan",Lower middle income,2006,14.6,-4.575,32.8
Lebanon,LBN,"Middle East, North Africa, Afghanistan & Pakistan",Lower middle income,2007,14.1,-3.425,32.8
Lebanon,LBN,"Middle East, North Africa, Afghanistan & Pakistan",Lower middle income,2008,13.6,-3.546,31.8
Lebanon,LBN,"Middle East, North Africa, Afghanistan & Pakistan",Lower middle income,2009,13.2,-2.941,32.3
Lebanon,LBN,"Middle East, North Africa, Afghanistan & Pakistan",Lower middle income,2010,13,-1.515,32.8
Lebanon,LBN,"Middle East, North Africa, Afghanistan & Pakistan",Lower middle income,2011,12.8,-1.538,33.3
Lebanon,LBN,"Middle East, North Africa, Afghanistan & Pakistan",Lower middle income,2012,12.7,-0.781,34.9
Lebanon,LBN,"Middle East, North Africa, Afghanistan & Pakistan",Lower middle income,2013,12.7,0,35.4
Lebanon,LBN,"Middle East, North Africa, Afghanistan & Pakistan",Lower middle income,2014,12.8,0.787,36.4
Lebanon,LBN,"Middle East, North Africa, Afghanistan & Pakistan",Lower middle income,2015,12.9,0.781,37.4
Lebanon,LBN,"Middle East, North Africa, Afghanistan & Pakistan",Lower middle income,2016,13.2,2.326,38.5
Lebanon,LBN,"Middle East, North Africa, Afghanistan & Pakistan",Lower middle income,2017,13.5,2.273,40
Lebanon,LBN,"Middle East, North Africa, Afghanistan & Pakistan",Lower middle income,2018,14,3.704,42.1
Lebanon,LBN,"Middle East, North Africa, Afghanistan & Pakistan",Lower middle income,2019,14.5,3.571,44.6
Lebanon,LBN,"Middle East, North Africa, Afghanistan & Pakistan",Lower middle income,2020,15.1,4.138,48.2
Lebanon,LBN,"Middle East, North Africa, Afghanistan & Pakistan",Lower middle income,2021,15.7,3.974,50.8
Lebanon,LBN,"Middle East, North Africa, Afghanistan & Pakistan",Lower middle income,2022,16.3,3.822,52.8
Lebanon,LBN,"Middle East, North Africa, Afghanistan & Pakistan",Lower middle income,2023,17,4.294,54.4
Lesotho,LSO,Sub-Saharan Africa,Lower middle income,2002,112.1,,84.6
Lesotho,LSO,Sub-Saharan Africa,Lower middle income,2003,113.2,0.981,86.2
Lesotho,LSO,Sub-Saharan Africa,Lower middle income,2004,113.9,0.618,86.7
Lesotho,LSO,Sub-Saharan Africa,Lower middle income,2005,114.6,0.615,89.2
Lesotho,LSO,Sub-Saharan Africa,Lower middle income,2006,114.7,0.087,89.7
Lesotho,LSO,Sub-Saharan Africa,Lower middle income,2007,111.9,-2.441,91.3
Lesotho,LSO,Sub-Saharan Africa,Lower middle income,2008,111.6,-0.268,92.3
Lesotho,LSO,Sub-Saharan Africa,Lower middle income,2009,99.1,-11.201,91.3
Lesotho,LSO,Sub-Saharan Africa,Lower middle income,2010,90.9,-8.274,90.3
Lesotho,LSO,Sub-Saharan Africa,Lower middle income,2011,85.2,-6.271,90.3
Lesotho,LSO,Sub-Saharan Africa,Lower middle income,2012,81.4,-4.46,89.7
Lesotho,LSO,Sub-Saharan Africa,Lower middle income,2013,79.3,-2.58,89.7
Lesotho,LSO,Sub-Saharan Africa,Lower middle income,2014,77.6,-2.144,90.3
Lesotho,LSO,Sub-Saharan Africa,Lower middle income,2015,75.1,-3.222,90.3
Lesotho,LSO,Sub-Saharan Africa,Lower middle income,2016,71.4,-4.927,89.7
Lesotho,LSO,Sub-Saharan Africa,Lower middle income,2017,70.1,-1.821,89.7
Lesotho,LSO,Sub-Saharan Africa,Lower middle income,2018,68.8,-1.854,90.8
Lesotho,LSO,Sub-Saharan Africa,Lower middle income,2019,68.1,-1.017,90.8
Lesotho,LSO,Sub-Saharan Africa,Lower middle income,2020,66.3,-2.643,90.8
Lesotho,LSO,Sub-Saharan Africa,Lower middle income,2021,64,-3.469,89.7
Lesotho,LSO,Sub-Saharan Africa,Lower middle income,2022,62,-3.125,89.2
Lesotho,LSO,Sub-Saharan Africa,Lower middle income,2023,61.3,-1.129,89.2
Liberia,LBR,Sub-Saharan Africa,Low income,2002,168.6,,96.9
Liberia,LBR,Sub-Saharan Africa,Low income,2003,156.2,-7.355,95.4
Liberia,LBR,Sub-Saharan Africa,Low income,2004,144.8,-7.298,94.4
Liberia,LBR,Sub-Saharan Africa,Low income,2005,134.9,-6.837,94.4
Liberia,LBR,Sub-Saharan Africa,Low income,2006,126.5,-6.227,93.8
Liberia,LBR,Sub-Saharan Africa,Low income,2007,119.6,-5.455,93.3
Liberia,LBR,Sub-Saharan Africa,Low income,2008,114,-4.682,93.3
Liberia,LBR,Sub-Saharan Africa,Low income,2009,109.5,-3.947,92.8
Liberia,LBR,Sub-Saharan Africa,Low income,2010,105.7,-3.47,92.3
Liberia,LBR,Sub-Saharan Africa,Low income,2011,102.4,-3.122,93.3
Liberia,LBR,Sub-Saharan Africa,Low income,2012,99.5,-2.832,93.3
Liberia,LBR,Sub-Saharan Africa,Low income,2013,97,-2.513,93.3
Liberia,LBR,Sub-Saharan Africa,Low income,2014,97,0,94.4
Liberia,LBR,Sub-Saharan Africa,Low income,2015,93.2,-3.918,94.4
Liberia,LBR,Sub-Saharan Africa,Low income,2016,91.5,-1.824,93.8
Liberia,LBR,Sub-Saharan Africa,Low income,2017,90.3,-1.311,93.8
Liberia,LBR,Sub-Saharan Africa,Low income,2018,89.4,-0.997,93.8
Liberia,LBR,Sub-Saharan Africa,Low income,2019,88.7,-0.783,94.9
Liberia,LBR,Sub-Saharan Africa,Low income,2020,88.3,-0.451,95.4
Liberia,LBR,Sub-Saharan Africa,Low income,2021,88,-0.34,95.4
Liberia,LBR,Sub-Saharan Africa,Low income,2022,87.8,-0.227,95.4
Liberia,LBR,Sub-Saharan Africa,Low income,2023,87.3,-0.569,95.4
Libya,LBY,"Middle East, North Africa, Afghanistan & Pakistan",Upper middle income,2002,26.5,,47.7
Libya,LBY,"Middle East, North Africa, Afghanistan & Pakistan",Upper middle income,2003,25.5,-3.774,47.7
Libya,LBY,"Middle East, North Africa, Afghanistan & Pakistan",Upper middle income,2004,24.4,-4.314,46.7
Libya,LBY,"Middle East, North Africa, Afghanistan & Pakistan",Upper middle income,2005,23.1,-5.328,47.2
Libya,LBY,"Middle East, North Africa, Afghanistan & Pakistan",Upper middle income,2006,21.7,-6.061,46.7
Libya,LBY,"Middle East, North Africa, Afghanistan & Pakistan",Upper middle income,2007,20.2,-6.912,44.6
Libya,LBY,"Middle East, North Africa, Afghanistan & Pakistan",Upper middle income,2008,18.8,-6.931,41.5
Libya,LBY,"Middle East, North Africa, Afghanistan & Pakistan",Upper middle income,2009,17.6,-6.383,40.5
Libya,LBY,"Middle East, North Africa, Afghanistan & Pakistan",Upper middle income,2010,16.6,-5.682,40
Libya,LBY,"Middle East, North Africa, Afghanistan & Pakistan",Upper middle income,2011,19.6,18.072,51.3
Libya,LBY,"Middle East, North Africa, Afghanistan & Pakistan",Upper middle income,2012,15,-23.469,38.5
Libya,LBY,"Middle East, North Africa, Afghanistan & Pakistan",Upper middle income,2013,14.4,-4,37.4
Libya,LBY,"Middle East, North Africa, Afghanistan & Pakistan",Upper middle income,2014,13.8,-4.167,37.9
Libya,LBY,"Middle East, North Africa, Afghanistan & Pakistan",Upper middle income,2015,13.3,-3.623,37.9
Libya,LBY,"Middle East, North Africa, Afghanistan & Pakistan",Upper middle income,2016,12.8,-3.759,37.9
Libya,LBY,"Middle East, North Africa, Afghanistan & Pakistan",Upper middle income,2017,12.4,-3.125,37.9
Libya,LBY,"Middle East, North Africa, Afghanistan & Pakistan",Upper middle income,2018,11.9,-4.032,37.9
Libya,LBY,"Middle East, North Africa, Afghanistan & Pakistan",Upper middle income,2019,11.6,-2.521,38.5
Libya,LBY,"Middle East, North Africa, Afghanistan & Pakistan",Upper middle income,2020,11.2,-3.448,39
Libya,LBY,"Middle East, North Africa, Afghanistan & Pakistan",Upper middle income,2021,10.8,-3.571,39
Libya,LBY,"Middle East, North Africa, Afghanistan & Pakistan",Upper middle income,2022,10.4,-3.704,37.9
Libya,LBY,"Middle East, North Africa, Afghanistan & Pakistan",Upper middle income,2023,31.7,204.808,71.3
Lithuania,LTU,Europe & Central Asia,High income,2002,9.9,,22.1
Lithuania,LTU,Europe & Central Asia,High income,2003,9.6,-3.03,21.5
Lithuania,LTU,Europe & Central Asia,High income,2004,9.3,-3.125,21.5
Lithuania,LTU,Europe & Central Asia,High income,2005,9,-3.226,22.1
Lithuania,LTU,Europe & Central Asia,High income,2006,8.6,-4.444,22.6
Lithuania,LTU,Europe & Central Asia,High income,2007,8,-6.977,21
Lithuania,LTU,Europe & Central Asia,High income,2008,7.3,-8.75,20
Lithuania,LTU,Europe & Central Asia,High income,2009,6.7,-8.219,19
Lithuania,LTU,Europe & Central Asia,High income,2010,6.1,-8.955,17.9
Lithuania,LTU,Europe & Central Asia,High income,2011,5.6,-8.197,16.4
Lithuania,LTU,Europe & Central Asia,High income,2012,5.3,-5.357,16.4
Lithuania,LTU,Europe & Central Asia,High income,2013,5.1,-3.774,16.4
Lithuania,LTU,Europe & Central Asia,High income,2014,5.1,0,17.4
Lithuania,LTU,Europe & Central Asia,High income,2015,5,-1.961,17.4
Lithuania,LTU,Europe & Central Asia,High income,2016,4.8,-4,16.9
Lithuania,LTU,Europe & Central Asia,High income,2017,4.5,-6.25,16.4
Lithuania,LTU,Europe & Central Asia,High income,2018,4.2,-6.667,14.9
Lithuania,LTU,Europe & Central Asia,High income,2019,3.9,-7.143,13.3
Lithuania,LTU,Europe & Central Asia,High income,2020,3.7,-5.128,12.3
Lithuania,LTU,Europe & Central Asia,High income,2021,3.6,-2.703,11.3
Lithuania,LTU,Europe & Central Asia,High income,2022,3.5,-2.778,11.3
Lithuania,LTU,Europe & Central Asia,High income,2023,3.4,-2.857,10.8
Luxembourg,LUX,Europe & Central Asia,High income,2002,4.2,,2.6
Luxembourg,LUX,Europe & Central Asia,High income,2003,3.9,-7.143,1
Luxembourg,LUX,Europe & Central Asia,High income,2004,3.7,-5.128,1
Luxembourg,LUX,Europe & Central Asia,High income,2005,3.5,-5.405,1
Luxembourg,LUX,Europe & Central Asia,High income,2006,3.3,-5.714,1
Luxembourg,LUX,Europe & Central Asia,High income,2007,3.1,-6.061,1
Luxembourg,LUX,Europe & Central Asia,High income,2008,3,-3.226,1.5
Luxembourg,LUX,Europe & Central Asia,High income,2009,2.9,-3.333,1.5
Luxembourg,LUX,Europe & Central Asia,High income,2010,2.8,-3.448,1
Luxembourg,LUX,Europe & Central Asia,High income,2011,2.7,-3.571,1
Luxembourg,LUX,Europe & Central Asia,High income,2012,2.7,0,1
Luxembourg,LUX,Europe & Central Asia,High income,2013,2.6,-3.704,0.5
Luxembourg,LUX,Europe & Central Asia,High income,2014,2.6,0,0.5
Luxembourg,LUX,Europe & Central Asia,High income,2015,2.5,-3.846,0.5
Luxembourg,LUX,Europe & Central Asia,High income,2016,2.5,0,1
Luxembourg,LUX,Europe & Central Asia,High income,2017,2.5,0,1
Luxembourg,LUX,Europe & Central Asia,High income,2018,2.4,-4,0.5
Luxembourg,LUX,Europe & Central Asia,High income,2019,2.4,0,0.5
Luxembourg,LUX,Europe & Central Asia,High income,2020,2.4,0,0.5
Luxembourg,LUX,Europe & Central Asia,High income,2021,2.3,-4.167,0.5
Luxembourg,LUX,Europe & Central Asia,High income,2022,2.3,0,1
Luxembourg,LUX,Europe & Central Asia,High income,2023,2.2,-4.348,1
Madagascar,MDG,Sub-Saharan Africa,Low income,2002,95.6,,81
Madagascar,MDG,Sub-Saharan Africa,Low income,2003,91.6,-4.184,80
Madagascar,MDG,Sub-Saharan Africa,Low income,2004,87.8,-4.148,80
Madagascar,MDG,Sub-Saharan Africa,Low income,2005,84.1,-4.214,80
Madagascar,MDG,Sub-Saharan Africa,Low income,2006,80.8,-3.924,80.5
Madagascar,MDG,Sub-Saharan Africa,Low income,2007,77.6,-3.96,81
Madagascar,MDG,Sub-Saharan Africa,Low income,2008,74.8,-3.608,80.5
Madagascar,MDG,Sub-Saharan Africa,Low income,2009,72.4,-3.209,82.1
Madagascar,MDG,Sub-Saharan Africa,Low income,2010,70.3,-2.901,82.1
Madagascar,MDG,Sub-Saharan Africa,Low income,2011,68.6,-2.418,83.1
Madagascar,MDG,Sub-Saharan Africa,Low income,2012,67.3,-1.895,84.1
Madagascar,MDG,Sub-Saharan Africa,Low income,2013,66.4,-1.337,85.6
Madagascar,MDG,Sub-Saharan Africa,Low income,2014,65.7,-1.054,86.7
Madagascar,MDG,Sub-Saharan Africa,Low income,2015,65.3,-0.609,87.7
Madagascar,MDG,Sub-Saharan Africa,Low income,2016,64.9,-0.613,88.2
Madagascar,MDG,Sub-Saharan Africa,Low income,2017,64.9,0,88.2
Madagascar,MDG,Sub-Saharan Africa,Low income,2018,64.9,0,89.2
Madagascar,MDG,Sub-Saharan Africa,Low income,2019,65,0.154,89.2
Madagascar,MDG,Sub-Saharan Africa,Low income,2020,65.1,0.154,90.3
Madagascar,MDG,Sub-Saharan Africa,Low income,2021,65,-0.154,90.3
Madagascar,MDG,Sub-Saharan Africa,Low income,2022,64.5,-0.769,90.8
Madagascar,MDG,Sub-Saharan Africa,Low income,2023,63.6,-1.395,90.8
Malawi,MWI,Sub-Saharan Africa,Low income,2002,143.2,,91.3
Malawi,MWI,Sub-Saharan Africa,Low income,2003,130,-9.218,90.3
Malawi,MWI,Sub-Saharan Africa,Low income,2004,118.7,-8.692,89.7
Malawi,MWI,Sub-Saharan Africa,Low income,2005,109.7,-7.582,88.7
Malawi,MWI,Sub-Saharan Africa,Low income,2006,102.7,-6.381,88.2
Malawi,MWI,Sub-Saharan Africa,Low income,2007,96.9,-5.648,87.7
Malawi,MWI,Sub-Saharan Africa,Low income,2008,91,-6.089,86.2
Malawi,MWI,Sub-Saharan Africa,Low income,2009,85.3,-6.264,86.2
Malawi,MWI,Sub-Saharan Africa,Low income,2010,80.1,-6.096,85.6
Malawi,MWI,Sub-Saharan Africa,Low income,2011,74,-7.615,86.2
Malawi,MWI,Sub-Saharan Africa,Low income,2012,67.9,-8.243,84.6
Malawi,MWI,Sub-Saharan Africa,Low income,2013,62.9,-7.364,83.6
Malawi,MWI,Sub-Saharan Africa,Low income,2014,60,-4.61,82.6
Malawi,MWI,Sub-Saharan Africa,Low income,2015,57.4,-4.333,81.5
Malawi,MWI,Sub-Saharan Africa,Low income,2016,55.8,-2.787,82.6
Malawi,MWI,Sub-Saharan Africa,Low income,2017,53.8,-3.584,82.1
Malawi,MWI,Sub-Saharan Africa,Low income,2018,52,-3.346,82.1
Malawi,MWI,Sub-Saharan Africa,Low income,2019,51.3,-1.346,81.5
Malawi,MWI,Sub-Saharan Africa,Low income,2020,50.4,-1.754,82.1
Malawi,MWI,Sub-Saharan Africa,Low income,2021,50,-0.794,82.6
Malawi,MWI,Sub-Saharan Africa,Low income,2022,50.1,0.2,83.6
Malawi,MWI,Sub-Saharan Africa,Low income,2023,49.6,-0.998,84.6
Malaysia,MYS,East Asia & Pacific,Upper middle income,2002,8.8,,19
Malaysia,MYS,East Asia & Pacific,Upper middle income,2003,8.6,-2.273,20
Malaysia,MYS,East Asia & Pacific,Upper middle income,2004,8.4,-2.326,20
Malaysia,MYS,East Asia & Pacific,Upper middle income,2005,8.3,-1.19,20
Malaysia,MYS,East Asia & Pacific,Upper middle income,2006,8.3,0,21
Malaysia,MYS,East Asia & Pacific,Upper middle income,2007,8.3,0,22.6
Malaysia,MYS,East Asia & Pacific,Upper middle income,2008,8.2,-1.205,23.1
Malaysia,MYS,East Asia & Pacific,Upper middle income,2009,8.2,0,23.1
Malaysia,MYS,East Asia & Pacific,Upper middle income,2010,8.1,-1.22,23.6
Malaysia,MYS,East Asia & Pacific,Upper middle income,2011,8.1,0,23.6
Malaysia,MYS,East Asia & Pacific,Upper middle income,2012,8,-1.235,23.6
Malaysia,MYS,East Asia & Pacific,Upper middle income,2013,8,0,24.1
Malaysia,MYS,East Asia & Pacific,Upper middle income,2014,8.1,1.25,24.6
Malaysia,MYS,East Asia & Pacific,Upper middle income,2015,8.2,1.235,25.6
Malaysia,MYS,East Asia & Pacific,Upper middle income,2016,8.2,0,26.7
Malaysia,MYS,East Asia & Pacific,Upper middle income,2017,8.2,0,28.7
Malaysia,MYS,East Asia & Pacific,Upper middle income,2018,8.2,0,29.2
Malaysia,MYS,East Asia & Pacific,Upper middle income,2019,8.2,0,30.3
Malaysia,MYS,East Asia & Pacific,Upper middle income,2020,8.2,0,30.3
Malaysia,MYS,East Asia & Pacific,Upper middle income,2021,8.2,0,29.7
Malaysia,MYS,East Asia & Pacific,Upper middle income,2022,8.2,0,29.7
Malaysia,MYS,East Asia & Pacific,Upper middle income,2023,8.3,1.22,30.3
Maldives,MDV,South Asia,Upper middle income,2002,31.1,,53.8
Maldives,MDV,South Asia,Upper middle income,2003,27.4,-11.897,50.3
Maldives,MDV,South Asia,Upper middle income,2004,27.2,-0.73,51.8
Maldives,MDV,South Asia,Upper middle income,2005,21.6,-20.588,43.1
Maldives,MDV,South Asia,Upper middle income,2006,19.4,-10.185,41.5
Maldives,MDV,South Asia,Upper middle income,2007,17.6,-9.278,39
Maldives,MDV,South Asia,Upper middle income,2008,16.1,-8.523,37.9
Maldives,MDV,South Asia,Upper middle income,2009,14.9,-7.453,35.4
Maldives,MDV,South Asia,Upper middle income,2010,13.8,-7.383,34.4
Maldives,MDV,South Asia,Upper middle income,2011,12.9,-6.522,34.4
Maldives,MDV,South Asia,Upper middle income,2012,12.1,-6.202,33.3
Maldives,MDV,South Asia,Upper middle income,2013,11.3,-6.612,32.3
Maldives,MDV,South Asia,Upper middle income,2014,10.6,-6.195,31.3
Maldives,MDV,South Asia,Upper middle income,2015,9.9,-6.604,31.3
Maldives,MDV,South Asia,Upper middle income,2016,9.2,-7.071,30.8
Maldives,MDV,South Asia,Upper middle income,2017,8.6,-6.522,29.2
Maldives,MDV,South Asia,Upper middle income,2018,8,-6.977,28.7
Maldives,MDV,South Asia,Upper middle income,2019,7.4,-7.5,28.2
Maldives,MDV,South Asia,Upper middle income,2020,6.9,-6.757,26.7
Maldives,MDV,South Asia,Upper middle income,2021,6.4,-7.246,24.6
Maldives,MDV,South Asia,Upper middle income,2022,6,-6.25,23.1
Maldives,MDV,South Asia,Upper middle income,2023,5.7,-5,23.1
Mali,MLI,Sub-Saharan Africa,Low income,2002,177.7,,99
Mali,MLI,Sub-Saharan Africa,Low income,2003,171.7,-3.376,97.9
Mali,MLI,Sub-Saharan Africa,Low income,2004,165.8,-3.436,97.9
Mali,MLI,Sub-Saharan Africa,Low income,2005,160.1,-3.438,97.9
Mali,MLI,Sub-Saharan Africa,Low income,2006,154.6,-3.435,97.9
Mali,MLI,Sub-Saharan Africa,Low income,2007,149.2,-3.493,97.9
Mali,MLI,Sub-Saharan Africa,Low income,2008,144,-3.485,97.9
Mali,MLI,Sub-Saharan Africa,Low income,2009,138.9,-3.542,97.4
Mali,MLI,Sub-Saharan Africa,Low income,2010,133.8,-3.672,96.9
Mali,MLI,Sub-Saharan Africa,Low income,2011,128.8,-3.737,97.9
Mali,MLI,Sub-Saharan Africa,Low income,2012,123.9,-3.804,97.9
Mali,MLI,Sub-Saharan Africa,Low income,2013,119.1,-3.874,96.9
Mali,MLI,Sub-Saharan Africa,Low income,2014,114.4,-3.946,95.9
Mali,MLI,Sub-Saharan Africa,Low income,2015,109.7,-4.108,95.9
Mali,MLI,Sub-Saharan Africa,Low income,2016,105.1,-4.193,95.9
Mali,MLI,Sub-Saharan Africa,Low income,2017,100.6,-4.282,95.9
Mali,MLI,Sub-Saharan Africa,Low income,2018,96.2,-4.374,95.9
Mali,MLI,Sub-Saharan Africa,Low income,2019,91.9,-4.47,95.4
Mali,MLI,Sub-Saharan Africa,Low income,2020,87.6,-4.679,94.9
Mali,MLI,Sub-Saharan Africa,Low income,2021,83.6,-4.566,94.9
Mali,MLI,Sub-Saharan Africa,Low income,2022,79.7,-4.665,94.4
Mali,MLI,Sub-Saharan Africa,Low income,2023,76.2,-4.391,93.8
Malta,MLT,"Middle East, North Africa, Afghanistan & Pakistan",High income,2002,7.2,,15.9
Malta,MLT,"Middle East, North Africa, Afghanistan & Pakistan",High income,2003,7.1,-1.389,15.9
Malta,MLT,"Middle East, North Africa, Afghanistan & Pakistan",High income,2004,7,-1.408,15.9
Malta,MLT,"Middle East, North Africa, Afghanistan & Pakistan",High income,2005,6.9,-1.429,16.4
Malta,MLT,"Middle East, North Africa, Afghanistan & Pakistan",High income,2006,6.9,0,17.4
Malta,MLT,"Middle East, North Africa, Afghanistan & Pakistan",High income,2007,6.9,0,17.9
Malta,MLT,"Middle East, North Africa, Afghanistan & Pakistan",High income,2008,6.9,0,19
Malta,MLT,"Middle East, North Africa, Afghanistan & Pakistan",High income,2009,6.9,0,19.5
Malta,MLT,"Middle East, North Africa, Afghanistan & Pakistan",High income,2010,6.9,0,20.5
Malta,MLT,"Middle East, North Africa, Afghanistan & Pakistan",High income,2011,6.8,-1.449,20.5
Malta,MLT,"Middle East, North Africa, Afghanistan & Pakistan",High income,2012,6.8,0,21.5
Malta,MLT,"Middle East, North Africa, Afghanistan & Pakistan",High income,2013,6.7,-1.471,21.5
Malta,MLT,"Middle East, North Africa, Afghanistan & Pakistan",High income,2014,6.7,0,22.1
Malta,MLT,"Middle East, North Africa, Afghanistan & Pakistan",High income,2015,6.6,-1.493,22.1
Malta,MLT,"Middle East, North Africa, Afghanistan & Pakistan",High income,2016,6.5,-1.515,22.1
Malta,MLT,"Middle East, North Africa, Afghanistan & Pakistan",High income,2017,6.4,-1.538,21.5
Malta,MLT,"Middle East, North Africa, Afghanistan & Pakistan",High income,2018,6.3,-1.563,21.5
Malta,MLT,"Middle East, North Africa, Afghanistan & Pakistan",High income,2019,6.1,-3.175,22.1
Malta,MLT,"Middle East, North Africa, Afghanistan & Pakistan",High income,2020,6,-1.639,22.6
Malta,MLT,"Middle East, North Africa, Afghanistan & Pakistan",High income,2021,5.8,-3.333,22.6
Malta,MLT,"Middle East, North Africa, Afghanistan & Pakistan",High income,2022,5.6,-3.448,22.6
Malta,MLT,"Middle East, North Africa, Afghanistan & Pakistan",High income,2023,5.5,-1.786,22.6
Marshall Islands,MHL,East Asia & Pacific,Upper middle income,2002,42.5,,62.1
Marshall Islands,MHL,East Asia & Pacific,Upper middle income,2003,42.2,-0.706,63.6
Marshall Islands,MHL,East Asia & Pacific,Upper middle income,2004,41.8,-0.948,64.1
Marshall Islands,MHL,East Asia & Pacific,Upper middle income,2005,41.3,-1.196,65.1
Marshall Islands,MHL,East Asia & Pacific,Upper middle income,2006,40.9,-0.969,66.7
Marshall Islands,MHL,East Asia & Pacific,Upper middle income,2007,40.4,-1.222,67.2
Marshall Islands,MHL,East Asia & Pacific,Upper middle income,2008,40,-0.99,67.2
Marshall Islands,MHL,East Asia & Pacific,Upper middle income,2009,39.5,-1.25,68.2
Marshall Islands,MHL,East Asia & Pacific,Upper middle income,2010,39,-1.266,69.2
Marshall Islands,MHL,East Asia & Pacific,Upper middle income,2011,38.4,-1.538,69.7
Marshall Islands,MHL,East Asia & Pacific,Upper middle income,2012,37.8,-1.563,70.3
Marshall Islands,MHL,East Asia & Pacific,Upper middle income,2013,37,-2.116,70.3
Marshall Islands,MHL,East Asia & Pacific,Upper middle income,2014,36.1,-2.432,70.3
Marshall Islands,MHL,East Asia & Pacific,Upper middle income,2015,35.2,-2.493,69.7
Marshall Islands,MHL,East Asia & Pacific,Upper middle income,2016,34.2,-2.841,69.7
Marshall Islands,MHL,East Asia & Pacific,Upper middle income,2017,33.2,-2.924,69.7
Marshall Islands,MHL,East Asia & Pacific,Upper middle income,2018,32.2,-3.012,69.2
Marshall Islands,MHL,East Asia & Pacific,Upper middle income,2019,31.2,-3.106,69.7
Marshall Islands,MHL,East Asia & Pacific,Upper middle income,2020,30.3,-2.885,69.7
Marshall Islands,MHL,East Asia & Pacific,Upper middle income,2021,29.4,-2.97,69.2
Marshall Islands,MHL,East Asia & Pacific,Upper middle income,2022,28.5,-3.061,68.7
Marshall Islands,MHL,East Asia & Pacific,Upper middle income,2023,27.6,-3.158,67.7
Mauritania,MRT,Sub-Saharan Africa,Lower middle income,2002,88.2,,77.9
Mauritania,MRT,Sub-Saharan Africa,Lower middle income,2003,82.8,-6.122,78.5
Mauritania,MRT,Sub-Saharan Africa,Lower middle income,2004,77.5,-6.401,76.9
Mauritania,MRT,Sub-Saharan Africa,Lower middle income,2005,72.5,-6.452,76.9
Mauritania,MRT,Sub-Saharan Africa,Lower middle income,2006,68.1,-6.069,76.9
Mauritania,MRT,Sub-Saharan Africa,Lower middle income,2007,64.3,-5.58,76.4
Mauritania,MRT,Sub-Saharan Africa,Lower middle income,2008,61.3,-4.666,75.9
Mauritania,MRT,Sub-Saharan Africa,Lower middle income,2009,58.8,-4.078,76.4
Mauritania,MRT,Sub-Saharan Africa,Lower middle income,2010,56.8,-3.401,75.9
Mauritania,MRT,Sub-Saharan Africa,Lower middle income,2011,55.1,-2.993,76.4
Mauritania,MRT,Sub-Saharan Africa,Lower middle income,2012,53.5,-2.904,76.9
Mauritania,MRT,Sub-Saharan Africa,Lower middle income,2013,52.1,-2.617,77.9
Mauritania,MRT,Sub-Saharan Africa,Lower middle income,2014,50.6,-2.879,77.9
Mauritania,MRT,Sub-Saharan Africa,Lower middle income,2015,49.1,-2.964,76.9
Mauritania,MRT,Sub-Saharan Africa,Lower middle income,2016,47.7,-2.851,76.4
Mauritania,MRT,Sub-Saharan Africa,Lower middle income,2017,46.2,-3.145,76.4
Mauritania,MRT,Sub-Saharan Africa,Lower middle income,2018,44.7,-3.247,76.4
Mauritania,MRT,Sub-Saharan Africa,Lower middle income,2019,43.4,-2.908,75.9
Mauritania,MRT,Sub-Saharan Africa,Lower middle income,2020,42,-3.226,75.4
Mauritania,MRT,Sub-Saharan Africa,Lower middle income,2021,40.7,-3.095,75.9
Mauritania,MRT,Sub-Saharan Africa,Lower middle income,2022,39.4,-3.194,75.4
Mauritania,MRT,Sub-Saharan Africa,Lower middle income,2023,38.1,-3.299,74.9
Mauritius,MUS,Sub-Saharan Africa,Upper middle income,2002,16.6,,33.8
Mauritius,MUS,Sub-Saharan Africa,Upper middle income,2003,16,-3.614,33.3
Mauritius,MUS,Sub-Saharan Africa,Upper middle income,2004,15.7,-1.875,33.3
Mauritius,MUS,Sub-Saharan Africa,Upper middle income,2005,15.6,-0.637,34.4
Mauritius,MUS,Sub-Saharan Africa,Upper middle income,2006,15.4,-1.282,34.4
Mauritius,MUS,Sub-Saharan Africa,Upper middle income,2007,15.2,-1.299,34.9
Mauritius,MUS,Sub-Saharan Africa,Upper middle income,2008,15,-1.316,34.9
Mauritius,MUS,Sub-Saharan Africa,Upper middle income,2009,14.9,-0.667,35.4
Mauritius,MUS,Sub-Saharan Africa,Upper middle income,2010,14.8,-0.671,37.4
Mauritius,MUS,Sub-Saharan Africa,Upper middle income,2011,14.9,0.676,37.9
Mauritius,MUS,Sub-Saharan Africa,Upper middle income,2012,15,0.671,38.5
Mauritius,MUS,Sub-Saharan Africa,Upper middle income,2013,14.9,-0.667,40
Mauritius,MUS,Sub-Saharan Africa,Upper middle income,2014,14.7,-1.342,40
Mauritius,MUS,Sub-Saharan Africa,Upper middle income,2015,14.5,-1.361,40
Mauritius,MUS,Sub-Saharan Africa,Upper middle income,2016,14.6,0.69,41
Mauritius,MUS,Sub-Saharan Africa,Upper middle income,2017,15,2.74,44.6
Mauritius,MUS,Sub-Saharan Africa,Upper middle income,2018,15.4,2.667,47.7
Mauritius,MUS,Sub-Saharan Africa,Upper middle income,2019,15.7,1.948,48.7
Mauritius,MUS,Sub-Saharan Africa,Upper middle income,2020,15.8,0.637,50.8
Mauritius,MUS,Sub-Saharan Africa,Upper middle income,2021,15.7,-0.633,50.8
Mauritius,MUS,Sub-Saharan Africa,Upper middle income,2022,15.5,-1.274,50.8
Mauritius,MUS,Sub-Saharan Africa,Upper middle income,2023,15.4,-0.645,50.3
Mexico,MEX,Latin America & Caribbean,Upper middle income,2002,25,,45.6
Mexico,MEX,Latin America & Caribbean,Upper middle income,2003,23.9,-4.4,46.2
Mexico,MEX,Latin America & Caribbean,Upper middle income,2004,23,-3.766,45.6
Mexico,MEX,Latin America & Caribbean,Upper middle income,2005,22.1,-3.913,45.6
Mexico,MEX,Latin America & Caribbean,Upper middle income,2006,21.3,-3.62,45.1
Mexico,MEX,Latin America & Caribbean,Upper middle income,2007,20.7,-2.817,46.7
Mexico,MEX,Latin America & Caribbean,Upper middle income,2008,20,-3.382,46.2
Mexico,MEX,Latin America & Caribbean,Upper middle income,2009,19.5,-2.5,46.2
Mexico,MEX,Latin America & Caribbean,Upper middle income,2010,18.9,-3.077,47.2
Mexico,MEX,Latin America & Caribbean,Upper middle income,2011,18.4,-2.646,46.2
Mexico,MEX,Latin America & Caribbean,Upper middle income,2012,17.9,-2.717,46.7
Mexico,MEX,Latin America & Caribbean,Upper middle income,2013,17.5,-2.235,46.7
Mexico,MEX,Latin America & Caribbean,Upper middle income,2014,17,-2.857,45.6
Mexico,MEX,Latin America & Caribbean,Upper middle income,2015,16.6,-2.353,46.2
Mexico,MEX,Latin America & Caribbean,Upper middle income,2016,16.2,-2.41,47.2
Mexico,MEX,Latin America & Caribbean,Upper middle income,2017,15.8,-2.469,47.7
Mexico,MEX,Latin America & Caribbean,Upper middle income,2018,15.4,-2.532,47.7
Mexico,MEX,Latin America & Caribbean,Upper middle income,2019,15,-2.597,46.7
Mexico,MEX,Latin America & Caribbean,Upper middle income,2020,14.6,-2.667,46.2
Mexico,MEX,Latin America & Caribbean,Upper middle income,2021,14.2,-2.74,45.6
Mexico,MEX,Latin America & Caribbean,Upper middle income,2022,13.8,-2.817,45.6
Mexico,MEX,Latin America & Caribbean,Upper middle income,2023,13.4,-2.899,45.1
"Micronesia, Fed. Sts.",FSM,East Asia & Pacific,Upper middle income,2002,41.5,,61.5
"Micronesia, Fed. Sts.",FSM,East Asia & Pacific,Upper middle income,2003,36.4,-12.289,59.5
"Micronesia, Fed. Sts.",FSM,East Asia & Pacific,Upper middle income,2004,36.1,-0.824,61
"Micronesia, Fed. Sts.",FSM,East Asia & Pacific,Upper middle income,2005,35.9,-0.554,61
"Micronesia, Fed. Sts.",FSM,East Asia & Pacific,Upper middle income,2006,35.9,0,62.1
"Micronesia, Fed. Sts.",FSM,East Asia & Pacific,Upper middle income,2007,35.6,-0.836,62.6
"Micronesia, Fed. Sts.",FSM,East Asia & Pacific,Upper middle income,2008,35.3,-0.843,64.1
"Micronesia, Fed. Sts.",FSM,East Asia & Pacific,Upper middle income,2009,34.8,-1.416,64.6
"Micronesia, Fed. Sts.",FSM,East Asia & Pacific,Upper middle income,2010,34.1,-2.011,64.6
"Micronesia, Fed. Sts.",FSM,East Asia & Pacific,Upper middle income,2011,33.4,-2.053,65.6
"Micronesia, Fed. Sts.",FSM,East Asia & Pacific,Upper middle income,2012,32.6,-2.395,66.2
"Micronesia, Fed. Sts.",FSM,East Asia & Pacific,Upper middle income,2013,31.6,-3.067,66.7
"Micronesia, Fed. Sts.",FSM,East Asia & Pacific,Upper middle income,2014,30.7,-2.848,66.7
"Micronesia, Fed. Sts.",FSM,East Asia & Pacific,Upper middle income,2015,29.8,-2.932,67.7
"Micronesia, Fed. Sts.",FSM,East Asia & Pacific,Upper middle income,2016,28.9,-3.02,67.2
"Micronesia, Fed. Sts.",FSM,East Asia & Pacific,Upper middle income,2017,28.1,-2.768,67.2
"Micronesia, Fed. Sts.",FSM,East Asia & Pacific,Upper middle income,2018,27.3,-2.847,66.7
"Micronesia, Fed. Sts.",FSM,East Asia & Pacific,Upper middle income,2019,26.4,-3.297,67.2
"Micronesia, Fed. Sts.",FSM,East Asia & Pacific,Upper middle income,2020,25.6,-3.03,66.7
"Micronesia, Fed. Sts.",FSM,East Asia & Pacific,Upper middle income,2021,24.7,-3.516,66.7
"Micronesia, Fed. Sts.",FSM,East Asia & Pacific,Upper middle income,2022,23.9,-3.239,66.2
"Micronesia, Fed. Sts.",FSM,East Asia & Pacific,Upper middle income,2023,23.1,-3.347,65.1
Moldova,MDA,Europe & Central Asia,Upper middle income,2002,25.8,,47.2
Moldova,MDA,Europe & Central Asia,Upper middle income,2003,23.4,-9.302,44.1
Moldova,MDA,Europe & Central Asia,Upper middle income,2004,21.5,-8.12,41.5
Moldova,MDA,Europe & Central Asia,Upper middle income,2005,20.1,-6.512,41.5
Moldova,MDA,Europe & Central Asia,Upper middle income,2006,19,-5.473,39.5
Moldova,MDA,Europe & Central Asia,Upper middle income,2007,18.2,-4.211,39.5
Moldova,MDA,Europe & Central Asia,Upper middle income,2008,17.7,-2.747,40
Moldova,MDA,Europe & Central Asia,Upper middle income,2009,17.2,-2.825,40
Moldova,MDA,Europe & Central Asia,Upper middle income,2010,16.8,-2.326,40.5
Moldova,MDA,Europe & Central Asia,Upper middle income,2011,16.5,-1.786,40
Moldova,MDA,Europe & Central Asia,Upper middle income,2012,16.2,-1.818,40.5
Moldova,MDA,Europe & Central Asia,Upper middle income,2013,16,-1.235,41
Moldova,MDA,Europe & Central Asia,Upper middle income,2014,15.8,-1.25,42.6
Moldova,MDA,Europe & Central Asia,Upper middle income,2015,15.6,-1.266,44.1
Moldova,MDA,Europe & Central Asia,Upper middle income,2016,15.5,-0.641,44.6
Moldova,MDA,Europe & Central Asia,Upper middle income,2017,15.4,-0.645,45.6
Moldova,MDA,Europe & Central Asia,Upper middle income,2018,15.4,0,47.7
Moldova,MDA,Europe & Central Asia,Upper middle income,2019,15.5,0.649,47.7
Moldova,MDA,Europe & Central Asia,Upper middle income,2020,15.6,0.645,50.3
Moldova,MDA,Europe & Central Asia,Upper middle income,2021,15.8,1.282,51.8
Moldova,MDA,Europe & Central Asia,Upper middle income,2022,16,1.266,51.8
Moldova,MDA,Europe & Central Asia,Upper middle income,2023,16.2,1.25,51.3
Monaco,MCO,Europe & Central Asia,High income,2002,4.8,,4.1
Monaco,MCO,Europe & Central Asia,High income,2003,4.7,-2.083,4.1
Monaco,MCO,Europe & Central Asia,High income,2004,4.6,-2.128,4.6
Monaco,MCO,Europe & Central Asia,High income,2005,4.5,-2.174,5.1
Monaco,MCO,Europe & Central Asia,High income,2006,4.4,-2.222,6.2
Monaco,MCO,Europe & Central Asia,High income,2007,4.3,-2.273,7.2
Monaco,MCO,Europe & Central Asia,High income,2008,4.2,-2.326,7.2
Monaco,MCO,Europe & Central Asia,High income,2009,4.1,-2.381,7.2
Monaco,MCO,Europe & Central Asia,High income,2010,4,-2.439,7.2
Monaco,MCO,Europe & Central Asia,High income,2011,3.9,-2.5,6.7
Monaco,MCO,Europe & Central Asia,High income,2012,3.8,-2.564,6.7
Monaco,MCO,Europe & Central Asia,High income,2013,3.7,-2.632,7.2
Monaco,MCO,Europe & Central Asia,High income,2014,3.6,-2.703,6.7
Monaco,MCO,Europe & Central Asia,High income,2015,3.5,-2.778,6.7
Monaco,MCO,Europe & Central Asia,High income,2016,3.4,-2.857,6.7
Monaco,MCO,Europe & Central Asia,High income,2017,3.3,-2.941,7.2
Monaco,MCO,Europe & Central Asia,High income,2018,3.2,-3.03,6.7
Monaco,MCO,Europe & Central Asia,High income,2019,3.1,-3.125,6.7
Monaco,MCO,Europe & Central Asia,High income,2020,3,-3.226,7.2
Monaco,MCO,Europe & Central Asia,High income,2021,2.9,-3.333,6.7
Monaco,MCO,Europe & Central Asia,High income,2022,2.8,-3.448,6.7
Monaco,MCO,Europe & Central Asia,High income,2023,2.7,-3.571,6.7
Mongolia,MNG,East Asia & Pacific,Upper middle income,2002,52.9,,66.2
Mongolia,MNG,East Asia & Pacific,Upper middle income,2003,48.5,-8.318,66.7
Mongolia,MNG,East Asia & Pacific,Upper middle income,2004,44.3,-8.66,66.2
Mongolia,MNG,East Asia & Pacific,Upper middle income,2005,40.5,-8.578,64.1
Mongolia,MNG,East Asia & Pacific,Upper middle income,2006,37,-8.642,63.1
Mongolia,MNG,East Asia & Pacific,Upper middle income,2007,33.8,-8.649,61
Mongolia,MNG,East Asia & Pacific,Upper middle income,2008,31,-8.284,60.5
Mongolia,MNG,East Asia & Pacific,Upper middle income,2009,28.5,-8.065,59.5
Mongolia,MNG,East Asia & Pacific,Upper middle income,2010,26.3,-7.719,57.9
Mongolia,MNG,East Asia & Pacific,Upper middle income,2011,24.4,-7.224,56.4
Mongolia,MNG,East Asia & Pacific,Upper middle income,2012,22.8,-6.557,56.4
Mongolia,MNG,East Asia & Pacific,Upper middle income,2013,21.5,-5.702,54.9
Mongolia,MNG,East Asia & Pacific,Upper middle income,2014,20.4,-5.116,53.3
Mongolia,MNG,East Asia & Pacific,Upper middle income,2015,19.4,-4.902,53.8
Mongolia,MNG,East Asia & Pacific,Upper middle income,2016,18.4,-5.155,51.8
Mongolia,MNG,East Asia & Pacific,Upper middle income,2017,17.4,-5.435,50.8
Mongolia,MNG,East Asia & Pacific,Upper middle income,2018,16.4,-5.747,50.3
Mongolia,MNG,East Asia & Pacific,Upper middle income,2019,15.6,-4.878,48.2
Mongolia,MNG,East Asia & Pacific,Upper middle income,2020,14.8,-5.128,46.7
Mongolia,MNG,East Asia & Pacific,Upper middle income,2021,14.3,-3.378,46.7
Mongolia,MNG,East Asia & Pacific,Upper middle income,2022,13.9,-2.797,46.2
Mongolia,MNG,East Asia & Pacific,Upper middle income,2023,13.6,-2.158,45.6
Montenegro,MNE,Europe & Central Asia,Upper middle income,2002,13,,27.2
Montenegro,MNE,Europe & Central Asia,Upper middle income,2003,12.2,-6.154,26.7
Montenegro,MNE,Europe & Central Asia,Upper middle income,2004,11.4,-6.557,26.2
Montenegro,MNE,Europe & Central Asia,Upper middle income,2005,10.6,-7.018,25.6
Montenegro,MNE,Europe & Central Asia,Upper middle income,2006,9.7,-8.491,24.6
Montenegro,MNE,Europe & Central Asia,Upper middle income,2007,8.9,-8.247,23.1
Montenegro,MNE,Europe & Central Asia,Upper middle income,2008,8.1,-8.989,22.6
Montenegro,MNE,Europe & Central Asia,Upper middle income,2009,7.4,-8.642,21
Montenegro,MNE,Europe & Central Asia,Upper middle income,2010,6.7,-9.459,19.5
Montenegro,MNE,Europe & Central Asia,Upper middle income,2011,6.1,-8.955,18.5
Montenegro,MNE,Europe & Central Asia,Upper middle income,2012,5.5,-9.836,17.4
Montenegro,MNE,Europe & Central Asia,Upper middle income,2013,5,-9.091,15.9
Montenegro,MNE,Europe & Central Asia,Upper middle income,2014,4.6,-8,15.9
Montenegro,MNE,Europe & Central Asia,Upper middle income,2015,4.2,-8.696,13.8
Montenegro,MNE,Europe & Central Asia,Upper middle income,2016,3.9,-7.143,11.3
Montenegro,MNE,Europe & Central Asia,Upper middle income,2017,3.6,-7.692,9.2
Montenegro,MNE,Europe & Central Asia,Upper middle income,2018,3.3,-8.333,8.7
Montenegro,MNE,Europe & Central Asia,Upper middle income,2019,3.1,-6.061,6.7
Montenegro,MNE,Europe & Central Asia,Upper middle income,2020,2.9,-6.452,5.1
Montenegro,MNE,Europe & Central Asia,Upper middle income,2021,2.8,-3.448,5.1
Montenegro,MNE,Europe & Central Asia,Upper middle income,2022,2.6,-7.143,4.6
Montenegro,MNE,Europe & Central Asia,Upper middle income,2023,2.5,-3.846,4.6
Morocco,MAR,"Middle East, North Africa, Afghanistan & Pakistan",Lower middle income,2002,48,,65.6
Morocco,MAR,"Middle East, North Africa, Afghanistan & Pakistan",Lower middle income,2003,45.8,-4.583,65.6
Morocco,MAR,"Middle East, North Africa, Afghanistan & Pakistan",Lower middle income,2004,43.6,-4.803,65.1
Morocco,MAR,"Middle East, North Africa, Afghanistan & Pakistan",Lower middle income,2005,41.4,-5.046,65.6
Morocco,MAR,"Middle East, North Africa, Afghanistan & Pakistan",Lower middle income,2006,39.2,-5.314,65.1
Morocco,MAR,"Middle East, North Africa, Afghanistan & Pakistan",Lower middle income,2007,36.9,-5.867,64.1
Morocco,MAR,"Middle East, North Africa, Afghanistan & Pakistan",Lower middle income,2008,34.8,-5.691,63.1
Morocco,MAR,"Middle East, North Africa, Afghanistan & Pakistan",Lower middle income,2009,32.8,-5.747,63.1
Morocco,MAR,"Middle East, North Africa, Afghanistan & Pakistan",Lower middle income,2010,30.9,-5.793,63.1
Morocco,MAR,"Middle East, North Africa, Afghanistan & Pakistan",Lower middle income,2011,29.2,-5.502,62.6
Morocco,MAR,"Middle East, North Africa, Afghanistan & Pakistan",Lower middle income,2012,27.5,-5.822,61.5
Morocco,MAR,"Middle East, North Africa, Afghanistan & Pakistan",Lower middle income,2013,26,-5.455,61
Morocco,MAR,"Middle East, North Africa, Afghanistan & Pakistan",Lower middle income,2014,24.5,-5.769,60
Morocco,MAR,"Middle East, North Africa, Afghanistan & Pakistan",Lower middle income,2015,23.1,-5.714,60
Morocco,MAR,"Middle East, North Africa, Afghanistan & Pakistan",Lower middle income,2016,21.9,-5.195,59
Morocco,MAR,"Middle East, North Africa, Afghanistan & Pakistan",Lower middle income,2017,20.8,-5.023,57.9
Morocco,MAR,"Middle East, North Africa, Afghanistan & Pakistan",Lower middle income,2018,19.9,-4.327,57.4
Morocco,MAR,"Middle East, North Africa, Afghanistan & Pakistan",Lower middle income,2019,19.1,-4.02,56.4
Morocco,MAR,"Middle East, North Africa, Afghanistan & Pakistan",Lower middle income,2020,18.3,-4.188,56.4
Morocco,MAR,"Middle East, North Africa, Afghanistan & Pakistan",Lower middle income,2021,17.6,-3.825,55.4
Morocco,MAR,"Middle East, North Africa, Afghanistan & Pakistan",Lower middle income,2022,17,-3.409,54.4
Morocco,MAR,"Middle East, North Africa, Afghanistan & Pakistan",Lower middle income,2023,16.3,-4.118,51.8
Mozambique,MOZ,Sub-Saharan Africa,Low income,2002,147.5,,92.3
Mozambique,MOZ,Sub-Saharan Africa,Low income,2003,139.8,-5.22,92.3
Mozambique,MOZ,Sub-Saharan Africa,Low income,2004,132.5,-5.222,92.3
Mozambique,MOZ,Sub-Saharan Africa,Low income,2005,125.7,-5.132,92.3
Mozambique,MOZ,Sub-Saharan Africa,Low income,2006,118.8,-5.489,91.8
Mozambique,MOZ,Sub-Saharan Africa,Low income,2007,110.7,-6.818,90.8
Mozambique,MOZ,Sub-Saharan Africa,Low income,2008,104.4,-5.691,90.8
Mozambique,MOZ,Sub-Saharan Africa,Low income,2009,98.3,-5.843,90.8
Mozambique,MOZ,Sub-Saharan Africa,Low income,2010,95.6,-2.747,90.8
Mozambique,MOZ,Sub-Saharan Africa,Low income,2011,91.1,-4.707,91.3
Mozambique,MOZ,Sub-Saharan Africa,Low income,2012,86.5,-5.049,91.3
Mozambique,MOZ,Sub-Saharan Africa,Low income,2013,82.9,-4.162,91.3
Mozambique,MOZ,Sub-Saharan Africa,Low income,2014,79.7,-3.86,91.3
Mozambique,MOZ,Sub-Saharan Africa,Low income,2015,75.8,-4.893,91.3
Mozambique,MOZ,Sub-Saharan Africa,Low income,2016,73.3,-3.298,91.3
Mozambique,MOZ,Sub-Saharan Africa,Low income,2017,72,-1.774,91.3
Mozambique,MOZ,Sub-Saharan Africa,Low income,2018,70.2,-2.5,91.3
Mozambique,MOZ,Sub-Saharan Africa,Low income,2019,68.6,-2.279,91.3
Mozambique,MOZ,Sub-Saharan Africa,Low income,2020,67.6,-1.458,91.3
Mozambique,MOZ,Sub-Saharan Africa,Low income,2021,65.5,-3.107,90.8
Mozambique,MOZ,Sub-Saharan Africa,Low income,2022,63.9,-2.443,89.7
Mozambique,MOZ,Sub-Saharan Africa,Low income,2023,61.7,-3.443,89.7
Myanmar,MMR,East Asia & Pacific,Lower middle income,2002,84.1,,75.9
Myanmar,MMR,East Asia & Pacific,Lower middle income,2003,81.6,-2.973,77.9
Myanmar,MMR,East Asia & Pacific,Lower middle income,2004,79.1,-3.064,77.9
Myanmar,MMR,East Asia & Pacific,Lower middle income,2005,76.3,-3.54,77.9
Myanmar,MMR,East Asia & Pacific,Lower middle income,2006,73.6,-3.539,78.5
Myanmar,MMR,East Asia & Pacific,Lower middle income,2007,70.8,-3.804,78.5
Myanmar,MMR,East Asia & Pacific,Lower middle income,2008,101.7,43.644,89.7
Myanmar,MMR,East Asia & Pacific,Lower middle income,2009,65.1,-35.988,79
Myanmar,MMR,East Asia & Pacific,Lower middle income,2010,62.4,-4.147,79
Myanmar,MMR,East Asia & Pacific,Lower middle income,2011,59.7,-4.327,79.5
Myanmar,MMR,East Asia & Pacific,Lower middle income,2012,57,-4.523,79
Myanmar,MMR,East Asia & Pacific,Lower middle income,2013,54.6,-4.211,78.5
Myanmar,MMR,East Asia & Pacific,Lower middle income,2014,52.4,-4.029,78.5
Myanmar,MMR,East Asia & Pacific,Lower middle income,2015,50.5,-3.626,77.9
Myanmar,MMR,East Asia & Pacific,Lower middle income,2016,48.7,-3.564,77.9
Myanmar,MMR,East Asia & Pacific,Lower middle income,2017,46.8,-3.901,76.9
Myanmar,MMR,East Asia & Pacific,Lower middle income,2018,45.2,-3.419,76.9
Myanmar,MMR,East Asia & Pacific,Lower middle income,2019,43.6,-3.54,76.9
Myanmar,MMR,East Asia & Pacific,Lower middle income,2020,42.1,-3.44,75.9
Myanmar,MMR,East Asia & Pacific,Lower middle income,2021,40.8,-3.088,76.4
Myanmar,MMR,East Asia & Pacific,Lower middle income,2022,39.5,-3.186,75.9
Myanmar,MMR,East Asia & Pacific,Lower middle income,2023,38.1,-3.544,74.9
Namibia,NAM,Sub-Saharan Africa,Lower middle income,2002,76.6,,73.3
Namibia,NAM,Sub-Saharan Africa,Lower middle income,2003,75.6,-1.305,74.4
Namibia,NAM,Sub-Saharan Africa,Lower middle income,2004,74.4,-1.587,74.9
Namibia,NAM,Sub-Saharan Africa,Lower middle income,2005,71,-4.57,75.9
Namibia,NAM,Sub-Saharan Africa,Lower middle income,2006,66,-7.042,74.9
Namibia,NAM,Sub-Saharan Africa,Lower middle income,2007,62,-6.061,73.8
Namibia,NAM,Sub-Saharan Africa,Lower middle income,2008,57.5,-7.258,72.3
Namibia,NAM,Sub-Saharan Africa,Lower middle income,2009,53.2,-7.478,72.3
Namibia,NAM,Sub-Saharan Africa,Lower middle income,2010,50.3,-5.451,72.3
Namibia,NAM,Sub-Saharan Africa,Lower middle income,2011,50,-0.596,72.8
Namibia,NAM,Sub-Saharan Africa,Lower middle income,2012,52.6,5.2,76.4
Namibia,NAM,Sub-Saharan Africa,Lower middle income,2013,50.8,-3.422,76.4
Namibia,NAM,Sub-Saharan Africa,Lower middle income,2014,50,-1.575,76.9
Namibia,NAM,Sub-Saharan Africa,Lower middle income,2015,51.8,3.6,78.5
Namibia,NAM,Sub-Saharan Africa,Lower middle income,2016,51.4,-0.772,80.5
Namibia,NAM,Sub-Saharan Africa,Lower middle income,2017,49.8,-3.113,80.5
Namibia,NAM,Sub-Saharan Africa,Lower middle income,2018,48.5,-2.61,81
Namibia,NAM,Sub-Saharan Africa,Lower middle income,2019,46.6,-3.918,80.5
Namibia,NAM,Sub-Saharan Africa,Lower middle income,2020,44.8,-3.863,81
Namibia,NAM,Sub-Saharan Africa,Lower middle income,2021,43.2,-3.571,80.5
Namibia,NAM,Sub-Saharan Africa,Lower middle income,2022,41.6,-3.704,80.5
Namibia,NAM,Sub-Saharan Africa,Lower middle income,2023,41.1,-1.202,80.5
Naoero,NRU,East Asia & Pacific,High income,2002,37.9,,59.5
Naoero,NRU,East Asia & Pacific,High income,2003,36.5,-3.694,60
Naoero,NRU,East Asia & Pacific,High income,2004,35.2,-3.562,60
Naoero,NRU,East Asia & Pacific,High income,2005,34,-3.409,60.5
Naoero,NRU,East Asia & Pacific,High income,2006,32.7,-3.824,60
Naoero,NRU,East Asia & Pacific,High income,2007,31.4,-3.976,60
Naoero,NRU,East Asia & Pacific,High income,2008,29.8,-5.096,59
Naoero,NRU,East Asia & Pacific,High income,2009,28.2,-5.369,59
Naoero,NRU,East Asia & Pacific,High income,2010,26.4,-6.383,58.5
Naoero,NRU,East Asia & Pacific,High income,2011,24.6,-6.818,57.4
Naoero,NRU,East Asia & Pacific,High income,2012,22.7,-7.724,55.4
Naoero,NRU,East Asia & Pacific,High income,2013,20.9,-7.93,54.4
Naoero,NRU,East Asia & Pacific,High income,2014,19.2,-8.134,52.3
Naoero,NRU,East Asia & Pacific,High income,2015,17.5,-8.854,48.7
Naoero,NRU,East Asia & Pacific,High income,2016,15.9,-9.143,45.1
Naoero,NRU,East Asia & Pacific,High income,2017,14.4,-9.434,41
Naoero,NRU,East Asia & Pacific,High income,2018,13.1,-9.028,40
Naoero,NRU,East Asia & Pacific,High income,2019,12,-8.397,39
Naoero,NRU,East Asia & Pacific,High income,2020,10.9,-9.167,37.4
Naoero,NRU,East Asia & Pacific,High income,2021,10,-8.257,34.4
Naoero,NRU,East Asia & Pacific,High income,2022,9.3,-7,32.3
Naoero,NRU,East Asia & Pacific,High income,2023,8.7,-6.452,31.8
Nepal,NPL,South Asia,Lower middle income,2002,70.2,,71.3
Nepal,NPL,South Asia,Lower middle income,2003,66.5,-5.271,71.3
Nepal,NPL,South Asia,Lower middle income,2004,63.1,-5.113,71.3
Nepal,NPL,South Asia,Lower middle income,2005,60,-4.913,70.8
Nepal,NPL,South Asia,Lower middle income,2006,57.3,-4.5,70.8
Nepal,NPL,South Asia,Lower middle income,2007,54.7,-4.538,70.8
Nepal,NPL,South Asia,Lower middle income,2008,52.4,-4.205,71.3
Nepal,NPL,South Asia,Lower middle income,2009,50.1,-4.389,71.3
Nepal,NPL,South Asia,Lower middle income,2010,47.9,-4.391,71.3
Nepal,NPL,South Asia,Lower middle income,2011,45.8,-4.384,71.8
Nepal,NPL,South Asia,Lower middle income,2012,43.7,-4.585,71.8
Nepal,NPL,South Asia,Lower middle income,2013,41.7,-4.577,71.3
Nepal,NPL,South Asia,Lower middle income,2014,39.7,-4.796,70.8
Nepal,NPL,South Asia,Lower middle income,2015,37.8,-4.786,70.8
Nepal,NPL,South Asia,Lower middle income,2016,36,-4.762,70.8
Nepal,NPL,South Asia,Lower middle income,2017,34.2,-5,70.3
Nepal,NPL,South Asia,Lower middle income,2018,32.6,-4.678,70.3
Nepal,NPL,South Asia,Lower middle income,2019,31,-4.908,69.2
Nepal,NPL,South Asia,Lower middle income,2020,29.6,-4.516,68.7
Nepal,NPL,South Asia,Lower middle income,2021,28.3,-4.392,68.2
Nepal,NPL,South Asia,Lower middle income,2022,27.1,-4.24,67.7
Nepal,NPL,South Asia,Lower middle income,2023,26.1,-3.69,66.7
Netherlands,NLD,Europe & Central Asia,High income,2002,5.9,,10.8
Netherlands,NLD,Europe & Central Asia,High income,2003,5.7,-3.39,11.3
Netherlands,NLD,Europe & Central Asia,High income,2004,5.5,-3.509,11.3
Netherlands,NLD,Europe & Central Asia,High income,2005,5.3,-3.636,11.8
Netherlands,NLD,Europe & Central Asia,High income,2006,5.1,-3.774,11.8
Netherlands,NLD,Europe & Central Asia,High income,2007,4.9,-3.922,12.3
Netherlands,NLD,Europe & Central Asia,High income,2008,4.7,-4.082,11.3
Netherlands,NLD,Europe & Central Asia,High income,2009,4.6,-2.128,11.3
Netherlands,NLD,Europe & Central Asia,High income,2010,4.4,-4.348,11.3
Netherlands,NLD,Europe & Central Asia,High income,2011,4.3,-2.273,11.8
Netherlands,NLD,Europe & Central Asia,High income,2012,4.2,-2.326,12.3
Netherlands,NLD,Europe & Central Asia,High income,2013,4.2,0,13.3
Netherlands,NLD,Europe & Central Asia,High income,2014,4.1,-2.381,11.8
Netherlands,NLD,Europe & Central Asia,High income,2015,4.1,0,11.8
Netherlands,NLD,Europe & Central Asia,High income,2016,4.1,0,13.3
Netherlands,NLD,Europe & Central Asia,High income,2017,4,-2.439,13.3
Netherlands,NLD,Europe & Central Asia,High income,2018,4,0,13.3
Netherlands,NLD,Europe & Central Asia,High income,2019,4,0,14.9
Netherlands,NLD,Europe & Central Asia,High income,2020,4,0,14.9
Netherlands,NLD,Europe & Central Asia,High income,2021,4,0,14.9
Netherlands,NLD,Europe & Central Asia,High income,2022,4,0,15.4
Netherlands,NLD,Europe & Central Asia,High income,2023,3.9,-2.5,14.9
New Zealand,NZL,East Asia & Pacific,High income,2002,7,,15.4
New Zealand,NZL,East Asia & Pacific,High income,2003,6.9,-1.429,15.4
New Zealand,NZL,East Asia & Pacific,High income,2004,6.7,-2.899,15.4
New Zealand,NZL,East Asia & Pacific,High income,2005,6.6,-1.493,15.4
New Zealand,NZL,East Asia & Pacific,High income,2006,6.5,-1.515,15.9
New Zealand,NZL,East Asia & Pacific,High income,2007,6.4,-1.538,16.4
New Zealand,NZL,East Asia & Pacific,High income,2008,6.4,0,16.4
New Zealand,NZL,East Asia & Pacific,High income,2009,6.3,-1.563,17.4
New Zealand,NZL,East Asia & Pacific,High income,2010,6.2,-1.587,18.5
New Zealand,NZL,East Asia & Pacific,High income,2011,6.1,-1.613,18.5
New Zealand,NZL,East Asia & Pacific,High income,2012,6,-1.639,19
New Zealand,NZL,East Asia & Pacific,High income,2013,5.9,-1.667,19
New Zealand,NZL,East Asia & Pacific,High income,2014,5.8,-1.695,19.5
New Zealand,NZL,East Asia & Pacific,High income,2015,5.6,-3.448,19.5
New Zealand,NZL,East Asia & Pacific,High income,2016,5.5,-1.786,19.5
New Zealand,NZL,East Asia & Pacific,High income,2017,5.4,-1.818,19.5
New Zealand,NZL,East Asia & Pacific,High income,2018,5.3,-1.852,19.5
New Zealand,NZL,East Asia & Pacific,High income,2019,5.2,-1.887,19
New Zealand,NZL,East Asia & Pacific,High income,2020,5.1,-1.923,19
New Zealand,NZL,East Asia & Pacific,High income,2021,5,-1.961,19
New Zealand,NZL,East Asia & Pacific,High income,2022,5,0,19.5
New Zealand,NZL,East Asia & Pacific,High income,2023,4.9,-2,19.5
Nicaragua,NIC,Latin America & Caribbean,Lower middle income,2002,33.8,,56.9
Nicaragua,NIC,Latin America & Caribbean,Lower middle income,2003,32.4,-4.142,56.9
Nicaragua,NIC,Latin America & Caribbean,Lower middle income,2004,31.1,-4.012,56.9
Nicaragua,NIC,Latin America & Caribbean,Lower middle income,2005,29.7,-4.502,56.4
Nicaragua,NIC,Latin America & Caribbean,Lower middle income,2006,28.4,-4.377,56.4
Nicaragua,NIC,Latin America & Caribbean,Lower middle income,2007,27.1,-4.577,56.4
Nicaragua,NIC,Latin America & Caribbean,Lower middle income,2008,25.8,-4.797,56.4
Nicaragua,NIC,Latin America & Caribbean,Lower middle income,2009,24.5,-5.039,55.4
Nicaragua,NIC,Latin America & Caribbean,Lower middle income,2010,23.2,-5.306,54.9
Nicaragua,NIC,Latin America & Caribbean,Lower middle income,2011,21.9,-5.603,54.4
Nicaragua,NIC,Latin America & Caribbean,Lower middle income,2012,20.6,-5.936,53.3
Nicaragua,NIC,Latin America & Caribbean,Lower middle income,2013,19.4,-5.825,52.3
Nicaragua,NIC,Latin America & Caribbean,Lower middle income,2014,18.3,-5.67,48.7
Nicaragua,NIC,Latin America & Caribbean,Lower middle income,2015,17.2,-6.011,47.7
Nicaragua,NIC,Latin America & Caribbean,Lower middle income,2016,16.1,-6.395,45.6
Nicaragua,NIC,Latin America & Caribbean,Lower middle income,2017,15.3,-4.969,45.1
Nicaragua,NIC,Latin America & Caribbean,Lower middle income,2018,14.6,-4.575,43.6
Nicaragua,NIC,Latin America & Caribbean,Lower middle income,2019,14.3,-2.055,43.6
Nicaragua,NIC,Latin America & Caribbean,Lower middle income,2020,14.2,-0.699,44.6
Nicaragua,NIC,Latin America & Caribbean,Lower middle income,2021,14.2,0,45.6
Nicaragua,NIC,Latin America & Caribbean,Lower middle income,2022,14.3,0.704,48.2
Nicaragua,NIC,Latin America & Caribbean,Lower middle income,2023,13.8,-3.497,46.7
Niger,NER,Sub-Saharan Africa,Low income,2002,205.9,,99.5
Niger,NER,Sub-Saharan Africa,Low income,2003,194.1,-5.731,99.5
Niger,NER,Sub-Saharan Africa,Low income,2004,182.4,-6.028,99.5
Niger,NER,Sub-Saharan Africa,Low income,2005,171.4,-6.031,99
Niger,NER,Sub-Saharan Africa,Low income,2006,161.6,-5.718,98.5
Niger,NER,Sub-Saharan Africa,Low income,2007,153.1,-5.26,98.5
Niger,NER,Sub-Saharan Africa,Low income,2008,146,-4.637,98.5
Niger,NER,Sub-Saharan Africa,Low income,2009,140.3,-3.904,97.9
Niger,NER,Sub-Saharan Africa,Low income,2010,136,-3.065,97.4
Niger,NER,Sub-Saharan Africa,Low income,2011,132.7,-2.426,98.5
Niger,NER,Sub-Saharan Africa,Low income,2012,130.3,-1.809,98.5
Niger,NER,Sub-Saharan Africa,Low income,2013,128.3,-1.535,97.9
Niger,NER,Sub-Saharan Africa,Low income,2014,126.8,-1.169,97.4
Niger,NER,Sub-Saharan Africa,Low income,2015,125.4,-1.104,97.9
Niger,NER,Sub-Saharan Africa,Low income,2016,124.3,-0.877,97.9
Niger,NER,Sub-Saharan Africa,Low income,2017,123.1,-0.965,98.5
Niger,NER,Sub-Saharan Africa,Low income,2018,121.9,-0.975,99
Niger,NER,Sub-Saharan Africa,Low income,2019,120.8,-0.902,99.5
Niger,NER,Sub-Saharan Africa,Low income,2020,119.5,-1.076,99.5
Niger,NER,Sub-Saharan Africa,Low income,2021,118,-1.255,99.5
Niger,NER,Sub-Saharan Africa,Low income,2022,116,-1.695,98.5
Niger,NER,Sub-Saharan Africa,Low income,2023,113.5,-2.155,99.5
Nigeria,NGA,Sub-Saharan Africa,Lower middle income,2002,163.9,,95.4
Nigeria,NGA,Sub-Saharan Africa,Lower middle income,2003,157.4,-3.966,95.9
Nigeria,NGA,Sub-Saharan Africa,Lower middle income,2004,151.4,-3.812,95.4
Nigeria,NGA,Sub-Saharan Africa,Lower middle income,2005,145.8,-3.699,96.4
Nigeria,NGA,Sub-Saharan Africa,Lower middle income,2006,140.9,-3.361,96.4
Nigeria,NGA,Sub-Saharan Africa,Lower middle income,2007,136.5,-3.123,96.4
Nigeria,NGA,Sub-Saharan Africa,Lower middle income,2008,132.5,-2.93,96.9
Nigeria,NGA,Sub-Saharan Africa,Lower middle income,2009,129.2,-2.491,96.9
Nigeria,NGA,Sub-Saharan Africa,Lower middle income,2010,126.3,-2.245,96.4
Nigeria,NGA,Sub-Saharan Africa,Lower middle income,2011,123.8,-1.979,96.9
Nigeria,NGA,Sub-Saharan Africa,Lower middle income,2012,121.6,-1.777,96.9
Nigeria,NGA,Sub-Saharan Africa,Lower middle income,2013,119.9,-1.398,97.4
Nigeria,NGA,Sub-Saharan Africa,Lower middle income,2014,118.7,-1.001,96.9
Nigeria,NGA,Sub-Saharan Africa,Lower middle income,2015,117.8,-0.758,97.4
Nigeria,NGA,Sub-Saharan Africa,Lower middle income,2016,117.4,-0.34,96.9
Nigeria,NGA,Sub-Saharan Africa,Lower middle income,2017,117.2,-0.17,97.4
Nigeria,NGA,Sub-Saharan Africa,Lower middle income,2018,117.2,0,97.4
Nigeria,NGA,Sub-Saharan Africa,Lower middle income,2019,117.4,0.171,98.5
Nigeria,NGA,Sub-Saharan Africa,Lower middle income,2020,117.4,0,99
Nigeria,NGA,Sub-Saharan Africa,Lower middle income,2021,117.6,0.17,99
Nigeria,NGA,Sub-Saharan Africa,Lower middle income,2022,117.5,-0.085,99
Nigeria,NGA,Sub-Saharan Africa,Lower middle income,2023,116.8,-0.596,100
North Macedonia,MKD,Europe & Central Asia,Upper middle income,2002,14.5,,28.7
North Macedonia,MKD,Europe & Central Asia,Upper middle income,2003,14.2,-2.069,29.2
North Macedonia,MKD,Europe & Central Asia,Upper middle income,2004,14,-1.408,29.2
North Macedonia,MKD,Europe & Central Asia,Upper middle income,2005,13.7,-2.143,29.2
North Macedonia,MKD,Europe & Central Asia,Upper middle income,2006,13.1,-4.38,29.7
North Macedonia,MKD,Europe & Central Asia,Upper middle income,2007,12.3,-6.107,29.2
North Macedonia,MKD,Europe & Central Asia,Upper middle income,2008,11.5,-6.504,28.7
North Macedonia,MKD,Europe & Central Asia,Upper middle income,2009,10.8,-6.087,27.7
North Macedonia,MKD,Europe & Central Asia,Upper middle income,2010,10.4,-3.704,26.7
North Macedonia,MKD,Europe & Central Asia,Upper middle income,2011,10.2,-1.923,26.7
North Macedonia,MKD,Europe & Central Asia,Upper middle income,2012,10.4,1.961,29.7
North Macedonia,MKD,Europe & Central Asia,Upper middle income,2013,10.7,2.885,31.8
North Macedonia,MKD,Europe & Central Asia,Upper middle income,2014,11.1,3.738,32.8
North Macedonia,MKD,Europe & Central Asia,Upper middle income,2015,11.1,0,33.8
North Macedonia,MKD,Europe & Central Asia,Upper middle income,2016,10.6,-4.505,32.8
North Macedonia,MKD,Europe & Central Asia,Upper middle income,2017,9.6,-9.434,32.3
North Macedonia,MKD,Europe & Central Asia,Upper middle income,2018,8.4,-12.5,29.7
North Macedonia,MKD,Europe & Central Asia,Upper middle income,2019,7.1,-15.476,26.7
North Macedonia,MKD,Europe & Central Asia,Upper middle income,2020,6,-15.493,22.6
North Macedonia,MKD,Europe & Central Asia,Upper middle income,2021,5.1,-15,19.5
North Macedonia,MKD,Europe & Central Asia,Upper middle income,2022,4.2,-17.647,16.9
North Macedonia,MKD,Europe & Central Asia,Upper middle income,2023,3.4,-19.048,10.8
Norway,NOR,Europe & Central Asia,High income,2002,4.6,,3.6
Norway,NOR,Europe & Central Asia,High income,2003,4.4,-4.348,3.6
Norway,NOR,Europe & Central Asia,High income,2004,4.2,-4.545,3.6
Norway,NOR,Europe & Central Asia,High income,2005,4.1,-2.381,3.6
Norway,NOR,Europe & Central Asia,High income,2006,3.9,-4.878,3.6
Norway,NOR,Europe & Central Asia,High income,2007,3.7,-5.128,3.6
Norway,NOR,Europe & Central Asia,High income,2008,3.6,-2.703,3.6
Norway,NOR,Europe & Central Asia,High income,2009,3.4,-5.556,3.1
Norway,NOR,Europe & Central Asia,High income,2010,3.3,-2.941,4.1
Norway,NOR,Europe & Central Asia,High income,2011,3.1,-6.061,3.6
Norway,NOR,Europe & Central Asia,High income,2012,3,-3.226,3.6
Norway,NOR,Europe & Central Asia,High income,2013,2.9,-3.333,3.6
Norway,NOR,Europe & Central Asia,High income,2014,2.8,-3.448,3.6
Norway,NOR,Europe & Central Asia,High income,2015,2.7,-3.571,3.1
Norway,NOR,Europe & Central Asia,High income,2016,2.6,-3.704,2.6
Norway,NOR,Europe & Central Asia,High income,2017,2.5,-3.846,1
Norway,NOR,Europe & Central Asia,High income,2018,2.5,0,2.1
Norway,NOR,Europe & Central Asia,High income,2019,2.4,-4,0.5
Norway,NOR,Europe & Central Asia,High income,2020,2.4,0,0.5
Norway,NOR,Europe & Central Asia,High income,2021,2.4,0,2.1
Norway,NOR,Europe & Central Asia,High income,2022,2.4,0,2.1
Norway,NOR,Europe & Central Asia,High income,2023,2.4,0,2.1
Oman,OMN,"Middle East, North Africa, Afghanistan & Pakistan",High income,2002,14.6,,29.2
Oman,OMN,"Middle East, North Africa, Afghanistan & Pakistan",High income,2003,13.9,-4.795,28.2
Oman,OMN,"Middle East, North Africa, Afghanistan & Pakistan",High income,2004,13.3,-4.317,27.7
Oman,OMN,"Middle East, North Africa, Afghanistan & Pakistan",High income,2005,12.9,-3.008,27.7
Oman,OMN,"Middle East, North Africa, Afghanistan & Pakistan",High income,2006,12.5,-3.101,27.7
Oman,OMN,"Middle East, North Africa, Afghanistan & Pakistan",High income,2007,12.2,-2.4,28.7
Oman,OMN,"Middle East, North Africa, Afghanistan & Pakistan",High income,2008,12,-1.639,29.7
Oman,OMN,"Middle East, North Africa, Afghanistan & Pakistan",High income,2009,11.9,-0.833,29.7
Oman,OMN,"Middle East, North Africa, Afghanistan & Pakistan",High income,2010,11.7,-1.681,30.3
Oman,OMN,"Middle East, North Africa, Afghanistan & Pakistan",High income,2011,11.6,-0.855,31.3
Oman,OMN,"Middle East, North Africa, Afghanistan & Pakistan",High income,2012,11.4,-1.724,32.3
Oman,OMN,"Middle East, North Africa, Afghanistan & Pakistan",High income,2013,11.3,-0.877,32.3
Oman,OMN,"Middle East, North Africa, Afghanistan & Pakistan",High income,2014,11.2,-0.885,33.3
Oman,OMN,"Middle East, North Africa, Afghanistan & Pakistan",High income,2015,11.1,-0.893,33.8
Oman,OMN,"Middle East, North Africa, Afghanistan & Pakistan",High income,2016,11,-0.901,34.4
Oman,OMN,"Middle East, North Africa, Afghanistan & Pakistan",High income,2017,11,0,34.9
Oman,OMN,"Middle East, North Africa, Afghanistan & Pakistan",High income,2018,10.9,-0.909,35.9
Oman,OMN,"Middle East, North Africa, Afghanistan & Pakistan",High income,2019,10.8,-0.917,35.9
Oman,OMN,"Middle East, North Africa, Afghanistan & Pakistan",High income,2020,10.7,-0.926,36.9
Oman,OMN,"Middle East, North Africa, Afghanistan & Pakistan",High income,2021,10.6,-0.935,37.4
Oman,OMN,"Middle East, North Africa, Afghanistan & Pakistan",High income,2022,10.5,-0.943,39
Oman,OMN,"Middle East, North Africa, Afghanistan & Pakistan",High income,2023,10.4,-0.952,38.5
Pakistan,PAK,"Middle East, North Africa, Afghanistan & Pakistan",Lower middle income,2002,102.5,,83.1
Pakistan,PAK,"Middle East, North Africa, Afghanistan & Pakistan",Lower middle income,2003,100.1,-2.341,84.1
Pakistan,PAK,"Middle East, North Africa, Afghanistan & Pakistan",Lower middle income,2004,98,-2.098,84.1
Pakistan,PAK,"Middle East, North Africa, Afghanistan & Pakistan",Lower middle income,2005,96,-2.041,84.6
Pakistan,PAK,"Middle East, North Africa, Afghanistan & Pakistan",Lower middle income,2006,94.2,-1.875,85.6
Pakistan,PAK,"Middle East, North Africa, Afghanistan & Pakistan",Lower middle income,2007,92.3,-2.017,86.2
Pakistan,PAK,"Middle East, North Africa, Afghanistan & Pakistan",Lower middle income,2008,90.5,-1.95,85.6
Pakistan,PAK,"Middle East, North Africa, Afghanistan & Pakistan",Lower middle income,2009,88.5,-2.21,87.2
Pakistan,PAK,"Middle East, North Africa, Afghanistan & Pakistan",Lower middle income,2010,86.5,-2.26,88.2
Pakistan,PAK,"Middle East, North Africa, Afghanistan & Pakistan",Lower middle income,2011,84.3,-2.543,88.7
Pakistan,PAK,"Middle East, North Africa, Afghanistan & Pakistan",Lower middle income,2012,82,-2.728,90.3
Pakistan,PAK,"Middle East, North Africa, Afghanistan & Pakistan",Lower middle income,2013,79.6,-2.927,90.3
Pakistan,PAK,"Middle East, North Africa, Afghanistan & Pakistan",Lower middle income,2014,77.2,-3.015,89.7
Pakistan,PAK,"Middle East, North Africa, Afghanistan & Pakistan",Lower middle income,2015,74.8,-3.109,89.7
Pakistan,PAK,"Middle East, North Africa, Afghanistan & Pakistan",Lower middle income,2016,72.4,-3.209,90.3
Pakistan,PAK,"Middle East, North Africa, Afghanistan & Pakistan",Lower middle income,2017,70.1,-3.177,89.7
Pakistan,PAK,"Middle East, North Africa, Afghanistan & Pakistan",Lower middle income,2018,67.9,-3.138,89.7
Pakistan,PAK,"Middle East, North Africa, Afghanistan & Pakistan",Lower middle income,2019,65.8,-3.093,89.7
Pakistan,PAK,"Middle East, North Africa, Afghanistan & Pakistan",Lower middle income,2020,63.7,-3.191,89.2
Pakistan,PAK,"Middle East, North Africa, Afghanistan & Pakistan",Lower middle income,2021,61.7,-3.14,88.2
Pakistan,PAK,"Middle East, North Africa, Afghanistan & Pakistan",Lower middle income,2022,59.7,-3.241,88.2
Pakistan,PAK,"Middle East, North Africa, Afghanistan & Pakistan",Lower middle income,2023,57.8,-3.183,88.2
Palau,PLW,East Asia & Pacific,High income,2002,24.6,,45.1
Palau,PLW,East Asia & Pacific,High income,2003,23.7,-3.659,45.6
Palau,PLW,East Asia & Pacific,High income,2004,22.9,-3.376,45.1
Palau,PLW,East Asia & Pacific,High income,2005,22.1,-3.493,45.6
Palau,PLW,East Asia & Pacific,High income,2006,21.3,-3.62,45.1
Palau,PLW,East Asia & Pacific,High income,2007,20.6,-3.286,46.2
Palau,PLW,East Asia & Pacific,High income,2008,20.1,-2.427,46.7
Palau,PLW,East Asia & Pacific,High income,2009,19.7,-1.99,48.2
Palau,PLW,East Asia & Pacific,High income,2010,19.5,-1.015,50.3
Palau,PLW,East Asia & Pacific,High income,2011,19.5,0,50.8
Palau,PLW,East Asia & Pacific,High income,2012,19.7,1.026,51.3
Palau,PLW,East Asia & Pacific,High income,2013,20.1,2.03,53.3
Palau,PLW,East Asia & Pacific,High income,2014,20.6,2.488,53.8
Palau,PLW,East Asia & Pacific,High income,2015,21.3,3.398,56.9
Palau,PLW,East Asia & Pacific,High income,2016,21.9,2.817,59
Palau,PLW,East Asia & Pacific,High income,2017,22.5,2.74,59.5
Palau,PLW,East Asia & Pacific,High income,2018,22.9,1.778,60.5
Palau,PLW,East Asia & Pacific,High income,2019,23,0.437,62.1
Palau,PLW,East Asia & Pacific,High income,2020,22.9,-0.435,63.6
Palau,PLW,East Asia & Pacific,High income,2021,22.7,-0.873,64.1
Palau,PLW,East Asia & Pacific,High income,2022,22.4,-1.322,64.6
Palau,PLW,East Asia & Pacific,High income,2023,21.9,-2.232,63.1
Panama,PAN,Latin America & Caribbean,High income,2002,24.2,,43.6
Panama,PAN,Latin America & Caribbean,High income,2003,23.4,-3.306,44.1
Panama,PAN,Latin America & Caribbean,High income,2004,22.6,-3.419,43.1
Panama,PAN,Latin America & Caribbean,High income,2005,21.9,-3.097,44.6
Panama,PAN,Latin America & Caribbean,High income,2006,21.2,-3.196,44.6
Panama,PAN,Latin America & Caribbean,High income,2007,20.5,-3.302,45.6
Panama,PAN,Latin America & Caribbean,High income,2008,19.8,-3.415,45.6
Panama,PAN,Latin America & Caribbean,High income,2009,19.2,-3.03,44.6
Panama,PAN,Latin America & Caribbean,High income,2010,18.7,-2.604,43.6
Panama,PAN,Latin America & Caribbean,High income,2011,18.3,-2.139,44.1
Panama,PAN,Latin America & Caribbean,High income,2012,17.9,-2.186,46.7
Panama,PAN,Latin America & Caribbean,High income,2013,17.5,-2.235,46.7
Panama,PAN,Latin America & Caribbean,High income,2014,17.3,-1.143,47.7
Panama,PAN,Latin America & Caribbean,High income,2015,17.1,-1.156,47.2
Panama,PAN,Latin America & Caribbean,High income,2016,17,-0.585,48.7
Panama,PAN,Latin America & Caribbean,High income,2017,16.7,-1.765,49.2
Panama,PAN,Latin America & Caribbean,High income,2018,16.3,-2.395,49.2
Panama,PAN,Latin America & Caribbean,High income,2019,15.9,-2.454,50.3
Panama,PAN,Latin America & Caribbean,High income,2020,15.5,-2.516,49.7
Panama,PAN,Latin America & Caribbean,High income,2021,15.2,-1.935,49.7
Panama,PAN,Latin America & Caribbean,High income,2022,15.1,-0.658,50.3
Panama,PAN,Latin America & Caribbean,High income,2023,15.1,0,49.2
Papua New Guinea,PNG,East Asia & Pacific,Lower middle income,2002,69.6,,70.3
Papua New Guinea,PNG,East Asia & Pacific,Lower middle income,2003,68.4,-1.724,72.3
Papua New Guinea,PNG,East Asia & Pacific,Lower middle income,2004,67.2,-1.754,72.8
Papua New Guinea,PNG,East Asia & Pacific,Lower middle income,2005,65.9,-1.935,73.8
Papua New Guinea,PNG,East Asia & Pacific,Lower middle income,2006,64.6,-1.973,73.8
Papua New Guinea,PNG,East Asia & Pacific,Lower middle income,2007,63.2,-2.167,75.4
Papua New Guinea,PNG,East Asia & Pacific,Lower middle income,2008,61.8,-2.215,76.4
Papua New Guinea,PNG,East Asia & Pacific,Lower middle income,2009,60.3,-2.427,76.9
Papua New Guinea,PNG,East Asia & Pacific,Lower middle income,2010,58.9,-2.322,78.5
Papua New Guinea,PNG,East Asia & Pacific,Lower middle income,2011,57.5,-2.377,77.4
Papua New Guinea,PNG,East Asia & Pacific,Lower middle income,2012,56.1,-2.435,78.5
Papua New Guinea,PNG,East Asia & Pacific,Lower middle income,2013,54.7,-2.496,79
Papua New Guinea,PNG,East Asia & Pacific,Lower middle income,2014,53.3,-2.559,79
Papua New Guinea,PNG,East Asia & Pacific,Lower middle income,2015,57.3,7.505,81
Papua New Guinea,PNG,East Asia & Pacific,Lower middle income,2016,50.4,-12.042,79
Papua New Guinea,PNG,East Asia & Pacific,Lower middle income,2017,48.9,-2.976,79
Papua New Guinea,PNG,East Asia & Pacific,Lower middle income,2018,47.5,-2.863,79
Papua New Guinea,PNG,East Asia & Pacific,Lower middle income,2019,46.1,-2.947,79
Papua New Guinea,PNG,East Asia & Pacific,Lower middle income,2020,44.7,-3.037,80.5
Papua New Guinea,PNG,East Asia & Pacific,Lower middle income,2021,43.2,-3.356,80.5
Papua New Guinea,PNG,East Asia & Pacific,Lower middle income,2022,41.9,-3.009,81
Papua New Guinea,PNG,East Asia & Pacific,Lower middle income,2023,40.6,-3.103,80
Paraguay,PRY,Latin America & Caribbean,Upper middle income,2002,32,,54.9
Paraguay,PRY,Latin America & Caribbean,Upper middle income,2003,31.3,-2.187,56.4
Paraguay,PRY,Latin America & Caribbean,Upper middle income,2004,30.5,-2.556,56.4
Paraguay,PRY,Latin America & Caribbean,Upper middle income,2005,29.7,-2.623,56.4
Paraguay,PRY,Latin America & Caribbean,Upper middle income,2006,28.9,-2.694,57.9
Paraguay,PRY,Latin America & Caribbean,Upper middle income,2007,28.2,-2.422,57.9
Paraguay,PRY,Latin America & Caribbean,Upper middle income,2008,27.3,-3.191,57.4
Paraguay,PRY,Latin America & Caribbean,Upper middle income,2009,26.5,-2.93,57.4
Paraguay,PRY,Latin America & Caribbean,Upper middle income,2010,25.7,-3.019,57.4
Paraguay,PRY,Latin America & Caribbean,Upper middle income,2011,24.9,-3.113,57.9
Paraguay,PRY,Latin America & Caribbean,Upper middle income,2012,24.2,-2.811,57.4
Paraguay,PRY,Latin America & Caribbean,Upper middle income,2013,23.4,-3.306,57.9
Paraguay,PRY,Latin America & Caribbean,Upper middle income,2014,22.7,-2.991,58.5
Paraguay,PRY,Latin America & Caribbean,Upper middle income,2015,21.9,-3.524,58.5
Paraguay,PRY,Latin America & Caribbean,Upper middle income,2016,21.2,-3.196,56.9
Paraguay,PRY,Latin America & Caribbean,Upper middle income,2017,20.5,-3.302,57.4
Paraguay,PRY,Latin America & Caribbean,Upper middle income,2018,19.9,-2.927,57.4
Paraguay,PRY,Latin America & Caribbean,Upper middle income,2019,19.2,-3.518,56.9
Paraguay,PRY,Latin America & Caribbean,Upper middle income,2020,18.6,-3.125,56.9
Paraguay,PRY,Latin America & Caribbean,Upper middle income,2021,18,-3.226,56.4
Paraguay,PRY,Latin America & Caribbean,Upper middle income,2022,17.5,-2.778,55.9
Paraguay,PRY,Latin America & Caribbean,Upper middle income,2023,16.9,-3.429,53.8
Peru,PER,Latin America & Caribbean,Upper middle income,2002,32.7,,56.4
Peru,PER,Latin America & Caribbean,Upper middle income,2003,30.4,-7.034,55.9
Peru,PER,Latin America & Caribbean,Upper middle income,2004,28.4,-6.579,54.9
Peru,PER,Latin America & Caribbean,Upper middle income,2005,26.6,-6.338,54.4
Peru,PER,Latin America & Caribbean,Upper middle income,2006,25,-6.015,53.3
Peru,PER,Latin America & Caribbean,Upper middle income,2007,23.6,-5.6,52.8
Peru,PER,Latin America & Caribbean,Upper middle income,2008,22.3,-5.508,50.8
Peru,PER,Latin America & Caribbean,Upper middle income,2009,21.2,-4.933,49.7
Peru,PER,Latin America & Caribbean,Upper middle income,2010,20.2,-4.717,51.3
Peru,PER,Latin America & Caribbean,Upper middle income,2011,19.3,-4.455,50.3
Peru,PER,Latin America & Caribbean,Upper middle income,2012,18.5,-4.145,48.7
Peru,PER,Latin America & Caribbean,Upper middle income,2013,17.8,-3.784,47.7
Peru,PER,Latin America & Caribbean,Upper middle income,2014,17.2,-3.371,46.7
Peru,PER,Latin America & Caribbean,Upper middle income,2015,16.6,-3.488,46.2
Peru,PER,Latin America & Caribbean,Upper middle income,2016,16.1,-3.012,45.6
Peru,PER,Latin America & Caribbean,Upper middle income,2017,15.7,-2.484,46.7
Peru,PER,Latin America & Caribbean,Upper middle income,2018,15.3,-2.548,46.7
Peru,PER,Latin America & Caribbean,Upper middle income,2019,14.9,-2.614,45.6
Peru,PER,Latin America & Caribbean,Upper middle income,2020,14.5,-2.685,45.1
Peru,PER,Latin America & Caribbean,Upper middle income,2021,14.1,-2.759,44.6
Peru,PER,Latin America & Caribbean,Upper middle income,2022,13.7,-2.837,44.6
Peru,PER,Latin America & Caribbean,Upper middle income,2023,13.3,-2.92,44.1
Philippines,PHL,East Asia & Pacific,Upper middle income,2002,35.2,,57.9
Philippines,PHL,East Asia & Pacific,Upper middle income,2003,34.4,-2.273,57.9
Philippines,PHL,East Asia & Pacific,Upper middle income,2004,33.6,-2.326,59
Philippines,PHL,East Asia & Pacific,Upper middle income,2005,32.8,-2.381,59
Philippines,PHL,East Asia & Pacific,Upper middle income,2006,32,-2.439,59
Philippines,PHL,East Asia & Pacific,Upper middle income,2007,31.3,-2.187,59.5
Philippines,PHL,East Asia & Pacific,Upper middle income,2008,30.7,-1.917,60
Philippines,PHL,East Asia & Pacific,Upper middle income,2009,30.1,-1.954,61
Philippines,PHL,East Asia & Pacific,Upper middle income,2010,29.5,-1.993,61
Philippines,PHL,East Asia & Pacific,Upper middle income,2011,29,-1.695,62.1
Philippines,PHL,East Asia & Pacific,Upper middle income,2012,28.6,-1.379,62.1
Philippines,PHL,East Asia & Pacific,Upper middle income,2013,28.3,-1.049,63.6
Philippines,PHL,East Asia & Pacific,Upper middle income,2014,28,-1.06,63.6
Philippines,PHL,East Asia & Pacific,Upper middle income,2015,27.9,-0.357,64.1
Philippines,PHL,East Asia & Pacific,Upper middle income,2016,27.8,-0.358,66.2
Philippines,PHL,East Asia & Pacific,Upper middle income,2017,27.8,0,66.7
Philippines,PHL,East Asia & Pacific,Upper middle income,2018,27.9,0.36,67.2
Philippines,PHL,East Asia & Pacific,Upper middle income,2019,28,0.358,67.7
Philippines,PHL,East Asia & Pacific,Upper middle income,2020,28,0,67.7
Philippines,PHL,East Asia & Pacific,Upper middle income,2021,27.9,-0.357,67.7
Philippines,PHL,East Asia & Pacific,Upper middle income,2022,27.5,-1.434,68.2
Philippines,PHL,East Asia & Pacific,Upper middle income,2023,27,-1.818,67.2
Poland,POL,Europe & Central Asia,High income,2002,8.4,,17.9
Poland,POL,Europe & Central Asia,High income,2003,8.1,-3.571,17.4
Poland,POL,Europe & Central Asia,High income,2004,7.8,-3.704,17.9
Poland,POL,Europe & Central Asia,High income,2005,7.6,-2.564,19
Poland,POL,Europe & Central Asia,High income,2006,7.3,-3.947,19
Poland,POL,Europe & Central Asia,High income,2007,7,-4.11,18.5
Poland,POL,Europe & Central Asia,High income,2008,6.7,-4.286,18.5
Poland,POL,Europe & Central Asia,High income,2009,6.3,-5.97,17.4
Poland,POL,Europe & Central Asia,High income,2010,6,-4.762,16.9
Poland,POL,Europe & Central Asia,High income,2011,5.7,-5,17.4
Poland,POL,Europe & Central Asia,High income,2012,5.4,-5.263,16.9
Poland,POL,Europe & Central Asia,High income,2013,5.2,-3.704,17.4
Poland,POL,Europe & Central Asia,High income,2014,5,-3.846,16.4
Poland,POL,Europe & Central Asia,High income,2015,4.9,-2,16.4
Poland,POL,Europe & Central Asia,High income,2016,4.8,-2.041,16.9
Poland,POL,Europe & Central Asia,High income,2017,4.6,-4.167,17.9
Poland,POL,Europe & Central Asia,High income,2018,4.5,-2.174,17.9
Poland,POL,Europe & Central Asia,High income,2019,4.5,0,17.9
Poland,POL,Europe & Central Asia,High income,2020,4.4,-2.222,17.4
Poland,POL,Europe & Central Asia,High income,2021,4.4,0,17.4
Poland,POL,Europe & Central Asia,High income,2022,4.3,-2.273,17.4
Poland,POL,Europe & Central Asia,High income,2023,4.3,0,16.9
Portugal,PRT,Europe & Central Asia,High income,2002,6,,11.3
Portugal,PRT,Europe & Central Asia,High income,2003,5.5,-8.333,10.8
Portugal,PRT,Europe & Central Asia,High income,2004,5,-9.091,8.2
Portugal,PRT,Europe & Central Asia,High income,2005,4.7,-6,7.2
Portugal,PRT,Europe & Central Asia,High income,2006,4.4,-6.383,6.2
Portugal,PRT,Europe & Central Asia,High income,2007,4.2,-4.545,6.2
Portugal,PRT,Europe & Central Asia,High income,2008,4,-4.762,5.6
Portugal,PRT,Europe & Central Asia,High income,2009,3.9,-2.5,5.6
Portugal,PRT,Europe & Central Asia,High income,2010,3.8,-2.564,5.6
Portugal,PRT,Europe & Central Asia,High income,2011,3.7,-2.632,5.6
Portugal,PRT,Europe & Central Asia,High income,2012,3.7,0,6.2
Portugal,PRT,Europe & Central Asia,High income,2013,3.6,-2.703,6.2
Portugal,PRT,Europe & Central Asia,High income,2014,3.6,0,6.7
Portugal,PRT,Europe & Central Asia,High income,2015,3.6,0,8.7
Portugal,PRT,Europe & Central Asia,High income,2016,3.6,0,8.7
Portugal,PRT,Europe & Central Asia,High income,2017,3.6,0,9.2
Portugal,PRT,Europe & Central Asia,High income,2018,3.5,-2.778,10.3
Portugal,PRT,Europe & Central Asia,High income,2019,3.5,0,10.3
Portugal,PRT,Europe & Central Asia,High income,2020,3.4,-2.857,9.7
Portugal,PRT,Europe & Central Asia,High income,2021,3.3,-2.941,9.2
Portugal,PRT,Europe & Central Asia,High income,2022,3.3,0,9.7
Portugal,PRT,Europe & Central Asia,High income,2023,3.2,-3.03,9.2
Qatar,QAT,"Middle East, North Africa, Afghanistan & Pakistan",High income,2002,11.6,,24.6
Qatar,QAT,"Middle East, North Africa, Afghanistan & Pakistan",High income,2003,11.2,-3.448,24.6
Qatar,QAT,"Middle East, North Africa, Afghanistan & Pakistan",High income,2004,10.8,-3.571,24.6
Qatar,QAT,"Middle East, North Africa, Afghanistan & Pakistan",High income,2005,10.4,-3.704,24.6
Qatar,QAT,"Middle East, North Africa, Afghanistan & Pakistan",High income,2006,10.1,-2.885,25.6
Qatar,QAT,"Middle East, North Africa, Afghanistan & Pakistan",High income,2007,9.8,-2.97,25.6
Qatar,QAT,"Middle East, North Africa, Afghanistan & Pakistan",High income,2008,9.6,-2.041,25.6
Qatar,QAT,"Middle East, North Africa, Afghanistan & Pakistan",High income,2009,9.3,-3.125,25.6
Qatar,QAT,"Middle East, North Africa, Afghanistan & Pakistan",High income,2010,9.1,-2.151,25.6
Qatar,QAT,"Middle East, North Africa, Afghanistan & Pakistan",High income,2011,8.9,-2.198,25.6
Qatar,QAT,"Middle East, North Africa, Afghanistan & Pakistan",High income,2012,8.7,-2.247,25.6
Qatar,QAT,"Middle East, North Africa, Afghanistan & Pakistan",High income,2013,8.4,-3.448,25.6
Qatar,QAT,"Middle East, North Africa, Afghanistan & Pakistan",High income,2014,8.1,-3.571,24.6
Qatar,QAT,"Middle East, North Africa, Afghanistan & Pakistan",High income,2015,7.8,-3.704,24.6
Qatar,QAT,"Middle East, North Africa, Afghanistan & Pakistan",High income,2016,7.5,-3.846,24.1
Qatar,QAT,"Middle East, North Africa, Afghanistan & Pakistan",High income,2017,7.1,-5.333,24.6
Qatar,QAT,"Middle East, North Africa, Afghanistan & Pakistan",High income,2018,6.8,-4.225,24.1
Qatar,QAT,"Middle East, North Africa, Afghanistan & Pakistan",High income,2019,6.6,-2.941,23.6
Qatar,QAT,"Middle East, North Africa, Afghanistan & Pakistan",High income,2020,6.3,-4.545,23.6
Qatar,QAT,"Middle East, North Africa, Afghanistan & Pakistan",High income,2021,6.2,-1.587,23.6
Qatar,QAT,"Middle East, North Africa, Afghanistan & Pakistan",High income,2022,6.1,-1.613,23.6
Qatar,QAT,"Middle East, North Africa, Afghanistan & Pakistan",High income,2023,6,-1.639,24.1
Romania,ROU,Europe & Central Asia,High income,2002,20.2,,39.5
Romania,ROU,Europe & Central Asia,High income,2003,19.9,-1.485,39.5
Romania,ROU,Europe & Central Asia,High income,2004,19.3,-3.015,39
Romania,ROU,Europe & Central Asia,High income,2005,18.2,-5.699,37.4
Romania,ROU,Europe & Central Asia,High income,2006,16.7,-8.242,36.9
Romania,ROU,Europe & Central Asia,High income,2007,15.2,-8.982,34.9
Romania,ROU,Europe & Central Asia,High income,2008,13.9,-8.553,33.3
Romania,ROU,Europe & Central Asia,High income,2009,13,-6.475,31.8
Romania,ROU,Europe & Central Asia,High income,2010,12.4,-4.615,32.3
Romania,ROU,Europe & Central Asia,High income,2011,11.8,-4.839,31.8
Romania,ROU,Europe & Central Asia,High income,2012,11.2,-5.085,31.3
Romania,ROU,Europe & Central Asia,High income,2013,10.6,-5.357,31.3
Romania,ROU,Europe & Central Asia,High income,2014,9.9,-6.604,30.3
Romania,ROU,Europe & Central Asia,High income,2015,9.2,-7.071,29.7
Romania,ROU,Europe & Central Asia,High income,2016,8.5,-7.609,28.2
Romania,ROU,Europe & Central Asia,High income,2017,7.9,-7.059,26.7
Romania,ROU,Europe & Central Asia,High income,2018,7.3,-7.595,25.6
Romania,ROU,Europe & Central Asia,High income,2019,6.8,-6.849,25.1
Romania,ROU,Europe & Central Asia,High income,2020,6.5,-4.412,24.1
Romania,ROU,Europe & Central Asia,High income,2021,6.4,-1.538,24.6
Romania,ROU,Europe & Central Asia,High income,2022,6.6,3.125,27.2
Romania,ROU,Europe & Central Asia,High income,2023,6.9,4.545,27.7
Russian Federation,RUS,Europe & Central Asia,High income,2002,17.3,,34.9
Russian Federation,RUS,Europe & Central Asia,High income,2003,16.1,-6.936,33.8
Russian Federation,RUS,Europe & Central Asia,High income,2004,15,-6.832,31.3
Russian Federation,RUS,Europe & Central Asia,High income,2005,13.9,-7.333,30.3
Russian Federation,RUS,Europe & Central Asia,High income,2006,12.8,-7.914,28.7
Russian Federation,RUS,Europe & Central Asia,High income,2007,12,-6.25,28.2
Russian Federation,RUS,Europe & Central Asia,High income,2008,11.3,-5.833,27.7
Russian Federation,RUS,Europe & Central Asia,High income,2009,10.7,-5.31,26.7
Russian Federation,RUS,Europe & Central Asia,High income,2010,10.4,-2.804,26.7
Russian Federation,RUS,Europe & Central Asia,High income,2011,10.2,-1.923,26.7
Russian Federation,RUS,Europe & Central Asia,High income,2012,9.9,-2.941,26.7
Russian Federation,RUS,Europe & Central Asia,High income,2013,9.5,-4.04,26.7
Russian Federation,RUS,Europe & Central Asia,High income,2014,8.9,-6.316,26.7
Russian Federation,RUS,Europe & Central Asia,High income,2015,8.2,-7.865,25.6
Russian Federation,RUS,Europe & Central Asia,High income,2016,7.5,-8.537,24.1
Russian Federation,RUS,Europe & Central Asia,High income,2017,6.9,-8,23.6
Russian Federation,RUS,Europe & Central Asia,High income,2018,6.4,-7.246,22.1
Russian Federation,RUS,Europe & Central Asia,High income,2019,6,-6.25,21.5
Russian Federation,RUS,Europe & Central Asia,High income,2020,5.7,-5,21
Russian Federation,RUS,Europe & Central Asia,High income,2021,5.5,-3.509,21.5
Russian Federation,RUS,Europe & Central Asia,High income,2022,5.4,-1.818,21.5
Russian Federation,RUS,Europe & Central Asia,High income,2023,5.3,-1.852,21
Rwanda,RWA,Sub-Saharan Africa,Low income,2002,149.1,,92.8
Rwanda,RWA,Sub-Saharan Africa,Low income,2003,132.7,-10.999,90.8
Rwanda,RWA,Sub-Saharan Africa,Low income,2004,117.5,-11.454,88.7
Rwanda,RWA,Sub-Saharan Africa,Low income,2005,104.5,-11.064,86.7
Rwanda,RWA,Sub-Saharan Africa,Low income,2006,93.4,-10.622,85.1
Rwanda,RWA,Sub-Saharan Africa,Low income,2007,84.1,-9.957,84.1
Rwanda,RWA,Sub-Saharan Africa,Low income,2008,76,-9.631,81
Rwanda,RWA,Sub-Saharan Africa,Low income,2009,69.1,-9.079,80.5
Rwanda,RWA,Sub-Saharan Africa,Low income,2010,63.3,-8.394,80.5
Rwanda,RWA,Sub-Saharan Africa,Low income,2011,58.1,-8.215,78.5
Rwanda,RWA,Sub-Saharan Africa,Low income,2012,54.2,-6.713,77.9
Rwanda,RWA,Sub-Saharan Africa,Low income,2013,51.4,-5.166,77.4
Rwanda,RWA,Sub-Saharan Africa,Low income,2014,49.2,-4.28,76.4
Rwanda,RWA,Sub-Saharan Africa,Low income,2015,47.3,-3.862,75.9
Rwanda,RWA,Sub-Saharan Africa,Low income,2016,45.8,-3.171,75.9
Rwanda,RWA,Sub-Saharan Africa,Low income,2017,44.7,-2.402,75.4
Rwanda,RWA,Sub-Saharan Africa,Low income,2018,43.7,-2.237,74.9
Rwanda,RWA,Sub-Saharan Africa,Low income,2019,42.7,-2.288,74.9
Rwanda,RWA,Sub-Saharan Africa,Low income,2020,41.6,-2.576,74.9
Rwanda,RWA,Sub-Saharan Africa,Low income,2021,40.6,-2.404,75.4
Rwanda,RWA,Sub-Saharan Africa,Low income,2022,39.7,-2.217,76.4
Rwanda,RWA,Sub-Saharan Africa,Low income,2023,38.8,-2.267,76.9
Samoa,WSM,East Asia & Pacific,Upper middle income,2002,19.8,,38.5
Samoa,WSM,East Asia & Pacific,Upper middle income,2003,19.4,-2.02,38.5
Samoa,WSM,East Asia & Pacific,Upper middle income,2004,19.1,-1.546,37.4
Samoa,WSM,East Asia & Pacific,Upper middle income,2005,19,-0.524,39
Samoa,WSM,East Asia & Pacific,Upper middle income,2006,19,0,39.5
Samoa,WSM,East Asia & Pacific,Upper middle income,2007,19,0,41
Samoa,WSM,East Asia & Pacific,Upper middle income,2008,19,0,43.1
Samoa,WSM,East Asia & Pacific,Upper middle income,2009,25.3,33.158,55.9
Samoa,WSM,East Asia & Pacific,Upper middle income,2010,19.1,-24.506,48.7
Samoa,WSM,East Asia & Pacific,Upper middle income,2011,19,-0.524,49.2
Samoa,WSM,East Asia & Pacific,Upper middle income,2012,18.8,-1.053,49.2
Samoa,WSM,East Asia & Pacific,Upper middle income,2013,18.7,-0.532,49.2
Samoa,WSM,East Asia & Pacific,Upper middle income,2014,18.5,-1.07,50.3
Samoa,WSM,East Asia & Pacific,Upper middle income,2015,18.3,-1.081,50.8
Samoa,WSM,East Asia & Pacific,Upper middle income,2016,18.1,-1.093,50.8
Samoa,WSM,East Asia & Pacific,Upper middle income,2017,17.8,-1.657,51.3
Samoa,WSM,East Asia & Pacific,Upper middle income,2018,17.5,-1.685,51.3
Samoa,WSM,East Asia & Pacific,Upper middle income,2019,20,14.286,57.4
Samoa,WSM,East Asia & Pacific,Upper middle income,2020,16.7,-16.5,52.3
Samoa,WSM,East Asia & Pacific,Upper middle income,2021,16.2,-2.994,52.3
Samoa,WSM,East Asia & Pacific,Upper middle income,2022,15.8,-2.469,51.3
Samoa,WSM,East Asia & Pacific,Upper middle income,2023,15.3,-3.165,49.7
San Marino,SMR,Europe & Central Asia,High income,2002,4.5,,3.1
San Marino,SMR,Europe & Central Asia,High income,2003,4.1,-8.889,3.1
San Marino,SMR,Europe & Central Asia,High income,2004,3.8,-7.317,2.1
San Marino,SMR,Europe & Central Asia,High income,2005,3.6,-5.263,1.5
San Marino,SMR,Europe & Central Asia,High income,2006,3.3,-8.333,1
San Marino,SMR,Europe & Central Asia,High income,2007,3.1,-6.061,1
San Marino,SMR,Europe & Central Asia,High income,2008,2.9,-6.452,1
San Marino,SMR,Europe & Central Asia,High income,2009,2.7,-6.897,0
San Marino,SMR,Europe & Central Asia,High income,2010,2.6,-3.704,0
San Marino,SMR,Europe & Central Asia,High income,2011,2.4,-7.692,0
San Marino,SMR,Europe & Central Asia,High income,2012,2.3,-4.167,0
San Marino,SMR,Europe & Central Asia,High income,2013,2.1,-8.696,0
San Marino,SMR,Europe & Central Asia,High income,2014,2,-4.762,0
San Marino,SMR,Europe & Central Asia,High income,2015,1.9,-5,0
San Marino,SMR,Europe & Central Asia,High income,2016,1.8,-5.263,0
San Marino,SMR,Europe & Central Asia,High income,2017,1.7,-5.556,0
San Marino,SMR,Europe & Central Asia,High income,2018,1.6,-5.882,0
San Marino,SMR,Europe & Central Asia,High income,2019,1.5,-6.25,0
San Marino,SMR,Europe & Central Asia,High income,2020,1.5,0,0
San Marino,SMR,Europe & Central Asia,High income,2021,1.4,-6.667,0
San Marino,SMR,Europe & Central Asia,High income,2022,1.4,0,0
San Marino,SMR,Europe & Central Asia,High income,2023,1.3,-7.143,0
Sao Tome and Principe,STP,Sub-Saharan Africa,Lower middle income,2002,71.1,,71.8
Sao Tome and Principe,STP,Sub-Saharan Africa,Lower middle income,2003,65.7,-7.595,70.8
Sao Tome and Principe,STP,Sub-Saharan Africa,Lower middle income,2004,60.5,-7.915,69.7
Sao Tome and Principe,STP,Sub-Saharan Africa,Lower middle income,2005,55.7,-7.934,69.7
Sao Tome and Principe,STP,Sub-Saharan Africa,Lower middle income,2006,51.1,-8.259,69.7
Sao Tome and Principe,STP,Sub-Saharan Africa,Lower middle income,2007,46.9,-8.219,69.2
Sao Tome and Principe,STP,Sub-Saharan Africa,Lower middle income,2008,43.1,-8.102,69.2
Sao Tome and Principe,STP,Sub-Saharan Africa,Lower middle income,2009,39.5,-8.353,68.2
Sao Tome and Principe,STP,Sub-Saharan Africa,Lower middle income,2010,36.2,-8.354,66.7
Sao Tome and Principe,STP,Sub-Saharan Africa,Lower middle income,2011,33.2,-8.287,65.1
Sao Tome and Principe,STP,Sub-Saharan Africa,Lower middle income,2012,30.4,-8.434,64.1
Sao Tome and Principe,STP,Sub-Saharan Africa,Lower middle income,2013,27.9,-8.224,62.6
Sao Tome and Principe,STP,Sub-Saharan Africa,Lower middle income,2014,25.5,-8.602,61.5
Sao Tome and Principe,STP,Sub-Saharan Africa,Lower middle income,2015,23.3,-8.627,60.5
Sao Tome and Principe,STP,Sub-Saharan Africa,Lower middle income,2016,21.3,-8.584,57.4
Sao Tome and Principe,STP,Sub-Saharan Africa,Lower middle income,2017,19.6,-7.981,56.4
Sao Tome and Principe,STP,Sub-Saharan Africa,Lower middle income,2018,18.2,-7.143,52.3
Sao Tome and Principe,STP,Sub-Saharan Africa,Lower middle income,2019,17.1,-6.044,51.3
Sao Tome and Principe,STP,Sub-Saharan Africa,Lower middle income,2020,16.1,-5.848,51.8
Sao Tome and Principe,STP,Sub-Saharan Africa,Lower middle income,2021,15.3,-4.969,50.3
Sao Tome and Principe,STP,Sub-Saharan Africa,Lower middle income,2022,14.7,-3.922,49.7
Sao Tome and Principe,STP,Sub-Saharan Africa,Lower middle income,2023,14.1,-4.082,47.7
Saudi Arabia,SAU,"Middle East, North Africa, Afghanistan & Pakistan",High income,2002,19.4,,36.9
Saudi Arabia,SAU,"Middle East, North Africa, Afghanistan & Pakistan",High income,2003,18.4,-5.155,36.4
Saudi Arabia,SAU,"Middle East, North Africa, Afghanistan & Pakistan",High income,2004,17.3,-5.978,35.4
Saudi Arabia,SAU,"Middle East, North Africa, Afghanistan & Pakistan",High income,2005,16.3,-5.78,35.4
Saudi Arabia,SAU,"Middle East, North Africa, Afghanistan & Pakistan",High income,2006,15.4,-5.521,34.4
Saudi Arabia,SAU,"Middle East, North Africa, Afghanistan & Pakistan",High income,2007,14.5,-5.844,33.3
Saudi Arabia,SAU,"Middle East, North Africa, Afghanistan & Pakistan",High income,2008,13.7,-5.517,32.3
Saudi Arabia,SAU,"Middle East, North Africa, Afghanistan & Pakistan",High income,2009,12.9,-5.839,31.3
Saudi Arabia,SAU,"Middle East, North Africa, Afghanistan & Pakistan",High income,2010,12.1,-6.202,31.8
Saudi Arabia,SAU,"Middle East, North Africa, Afghanistan & Pakistan",High income,2011,11.4,-5.785,30.8
Saudi Arabia,SAU,"Middle East, North Africa, Afghanistan & Pakistan",High income,2012,10.8,-5.263,30.8
Saudi Arabia,SAU,"Middle East, North Africa, Afghanistan & Pakistan",High income,2013,10.1,-6.481,29.2
Saudi Arabia,SAU,"Middle East, North Africa, Afghanistan & Pakistan",High income,2014,9.6,-4.95,29.2
Saudi Arabia,SAU,"Middle East, North Africa, Afghanistan & Pakistan",High income,2015,9,-6.25,28.2
Saudi Arabia,SAU,"Middle East, North Africa, Afghanistan & Pakistan",High income,2016,8.5,-5.556,28.2
Saudi Arabia,SAU,"Middle East, North Africa, Afghanistan & Pakistan",High income,2017,8,-5.882,27.7
Saudi Arabia,SAU,"Middle East, North Africa, Afghanistan & Pakistan",High income,2018,7.6,-5,26.7
Saudi Arabia,SAU,"Middle East, North Africa, Afghanistan & Pakistan",High income,2019,7.2,-5.263,27.2
Saudi Arabia,SAU,"Middle East, North Africa, Afghanistan & Pakistan",High income,2020,6.9,-4.167,26.7
Saudi Arabia,SAU,"Middle East, North Africa, Afghanistan & Pakistan",High income,2021,6.7,-2.899,27.2
Saudi Arabia,SAU,"Middle East, North Africa, Afghanistan & Pakistan",High income,2022,6.4,-4.478,26.2
Saudi Arabia,SAU,"Middle East, North Africa, Afghanistan & Pakistan",High income,2023,6.2,-3.125,26.2
Senegal,SEN,Sub-Saharan Africa,Lower middle income,2002,113.2,,86.2
Senegal,SEN,Sub-Saharan Africa,Lower middle income,2003,104.2,-7.951,84.6
Senegal,SEN,Sub-Saharan Africa,Lower middle income,2004,95.5,-8.349,83.6
Senegal,SEN,Sub-Saharan Africa,Lower middle income,2005,87.6,-8.272,81.5
Senegal,SEN,Sub-Saharan Africa,Lower middle income,2006,80.8,-7.763,80.5
Senegal,SEN,Sub-Saharan Africa,Lower middle income,2007,75,-7.178,80
Senegal,SEN,Sub-Saharan Africa,Lower middle income,2008,70.1,-6.533,79.5
Senegal,SEN,Sub-Saharan Africa,Lower middle income,2009,66.1,-5.706,80
Senegal,SEN,Sub-Saharan Africa,Lower middle income,2010,62.8,-4.992,80
Senegal,SEN,Sub-Saharan Africa,Lower middle income,2011,60,-4.459,80
Senegal,SEN,Sub-Saharan Africa,Lower middle income,2012,57.6,-4,80
Senegal,SEN,Sub-Saharan Africa,Lower middle income,2013,55.5,-3.646,79.5
Senegal,SEN,Sub-Saharan Africa,Lower middle income,2014,53.7,-3.243,79.5
Senegal,SEN,Sub-Saharan Africa,Lower middle income,2015,52.2,-2.793,79
Senegal,SEN,Sub-Saharan Africa,Lower middle income,2016,50.8,-2.682,79.5
Senegal,SEN,Sub-Saharan Africa,Lower middle income,2017,49.4,-2.756,80
Senegal,SEN,Sub-Saharan Africa,Lower middle income,2018,47.9,-3.036,80.5
Senegal,SEN,Sub-Saharan Africa,Lower middle income,2019,46.2,-3.549,80
Senegal,SEN,Sub-Saharan Africa,Lower middle income,2020,44.2,-4.329,79.5
Senegal,SEN,Sub-Saharan Africa,Lower middle income,2021,42.2,-4.525,78.5
Senegal,SEN,Sub-Saharan Africa,Lower middle income,2022,40.1,-4.976,76.9
Senegal,SEN,Sub-Saharan Africa,Lower middle income,2023,38.2,-4.738,75.9
Serbia,SRB,Europe & Central Asia,Upper middle income,2002,11.4,,24.1
Serbia,SRB,Europe & Central Asia,Upper middle income,2003,10.6,-7.018,24.1
Serbia,SRB,Europe & Central Asia,Upper middle income,2004,9.7,-8.491,23.6
Serbia,SRB,Europe & Central Asia,Upper middle income,2005,9,-7.216,22.1
Serbia,SRB,Europe & Central Asia,Upper middle income,2006,8.5,-5.556,21.5
Serbia,SRB,Europe & Central Asia,Upper middle income,2007,8.1,-4.706,21.5
Serbia,SRB,Europe & Central Asia,Upper middle income,2008,7.9,-2.469,22.1
Serbia,SRB,Europe & Central Asia,Upper middle income,2009,7.8,-1.266,22.6
Serbia,SRB,Europe & Central Asia,Upper middle income,2010,7.6,-2.564,22.6
Serbia,SRB,Europe & Central Asia,Upper middle income,2011,7.4,-2.632,23.1
Serbia,SRB,Europe & Central Asia,Upper middle income,2012,7.1,-4.054,23.1
Serbia,SRB,Europe & Central Asia,Upper middle income,2013,6.8,-4.225,22.6
Serbia,SRB,Europe & Central Asia,Upper middle income,2014,6.6,-2.941,21.5
Serbia,SRB,Europe & Central Asia,Upper middle income,2015,6.3,-4.545,21.5
Serbia,SRB,Europe & Central Asia,Upper middle income,2016,6.1,-3.175,20.5
Serbia,SRB,Europe & Central Asia,Upper middle income,2017,5.9,-3.279,20.5
Serbia,SRB,Europe & Central Asia,Upper middle income,2018,5.8,-1.695,20.5
Serbia,SRB,Europe & Central Asia,Upper middle income,2019,5.6,-3.448,20.5
Serbia,SRB,Europe & Central Asia,Upper middle income,2020,5.5,-1.786,20.5
Serbia,SRB,Europe & Central Asia,Upper middle income,2021,5.4,-1.818,21
Serbia,SRB,Europe & Central Asia,Upper middle income,2022,5.4,0,21.5
Serbia,SRB,Europe & Central Asia,Upper middle income,2023,5.4,0,21.5
Seychelles,SYC,Sub-Saharan Africa,High income,2002,13.7,,27.7
Seychelles,SYC,Sub-Saharan Africa,High income,2003,13.8,0.73,27.7
Seychelles,SYC,Sub-Saharan Africa,High income,2004,13.8,0,28.7
Seychelles,SYC,Sub-Saharan Africa,High income,2005,13.8,0,29.7
Seychelles,SYC,Sub-Saharan Africa,High income,2006,13.8,0,31.3
Seychelles,SYC,Sub-Saharan Africa,High income,2007,13.9,0.725,31.8
Seychelles,SYC,Sub-Saharan Africa,High income,2008,13.9,0,33.3
Seychelles,SYC,Sub-Saharan Africa,High income,2009,14,0.719,33.3
Seychelles,SYC,Sub-Saharan Africa,High income,2010,14.1,0.714,35.4
Seychelles,SYC,Sub-Saharan Africa,High income,2011,14.2,0.709,36.9
Seychelles,SYC,Sub-Saharan Africa,High income,2012,14.3,0.704,37.4
Seychelles,SYC,Sub-Saharan Africa,High income,2013,14.4,0.699,37.4
Seychelles,SYC,Sub-Saharan Africa,High income,2014,14.5,0.694,39.5
Seychelles,SYC,Sub-Saharan Africa,High income,2015,14.6,0.69,40.5
Seychelles,SYC,Sub-Saharan Africa,High income,2016,14.7,0.685,41.5
Seychelles,SYC,Sub-Saharan Africa,High income,2017,14.7,0,43.6
Seychelles,SYC,Sub-Saharan Africa,High income,2018,14.8,0.68,44.6
Seychelles,SYC,Sub-Saharan Africa,High income,2019,14.8,0,45.1
Seychelles,SYC,Sub-Saharan Africa,High income,2020,14.8,0,46.7
Seychelles,SYC,Sub-Saharan Africa,High income,2021,14.7,-0.676,48.2
Seychelles,SYC,Sub-Saharan Africa,High income,2022,14.5,-1.361,48.7
Seychelles,SYC,Sub-Saharan Africa,High income,2023,14.3,-1.379,48.2
Sierra Leone,SLE,Sub-Saharan Africa,Low income,2002,211.6,,100
Sierra Leone,SLE,Sub-Saharan Africa,Low income,2003,205.7,-2.788,100
Sierra Leone,SLE,Sub-Saharan Africa,Low income,2004,199.6,-2.965,100
Sierra Leone,SLE,Sub-Saharan Africa,Low income,2005,193.2,-3.206,100
Sierra Leone,SLE,Sub-Saharan Africa,Low income,2006,186.5,-3.468,100
Sierra Leone,SLE,Sub-Saharan Africa,Low income,2007,179.6,-3.7,100
Sierra Leone,SLE,Sub-Saharan Africa,Low income,2008,172.4,-4.009,100
Sierra Leone,SLE,Sub-Saharan Africa,Low income,2009,165.2,-4.176,99.5
Sierra Leone,SLE,Sub-Saharan Africa,Low income,2010,157.9,-4.419,99.5
Sierra Leone,SLE,Sub-Saharan Africa,Low income,2011,150.8,-4.497,99.5
Sierra Leone,SLE,Sub-Saharan Africa,Low income,2012,144.1,-4.443,99.5
Sierra Leone,SLE,Sub-Saharan Africa,Low income,2013,137.9,-4.303,99.5
Sierra Leone,SLE,Sub-Saharan Africa,Low income,2014,135.9,-1.45,98.5
Sierra Leone,SLE,Sub-Saharan Africa,Low income,2015,136.8,0.662,99.5
Sierra Leone,SLE,Sub-Saharan Africa,Low income,2016,121.8,-10.965,97.4
Sierra Leone,SLE,Sub-Saharan Africa,Low income,2017,117,-3.941,96.9
Sierra Leone,SLE,Sub-Saharan Africa,Low income,2018,112.4,-3.932,96.9
Sierra Leone,SLE,Sub-Saharan Africa,Low income,2019,108.3,-3.648,97.4
Sierra Leone,SLE,Sub-Saharan Africa,Low income,2020,104.4,-3.601,97.4
Sierra Leone,SLE,Sub-Saharan Africa,Low income,2021,100.6,-3.64,97.4
Sierra Leone,SLE,Sub-Saharan Africa,Low income,2022,97.1,-3.479,96.9
Sierra Leone,SLE,Sub-Saharan Africa,Low income,2023,93.8,-3.399,96.9
Singapore,SGP,East Asia & Pacific,High income,2002,3.4,,0
Singapore,SGP,East Asia & Pacific,High income,2003,3.2,-5.882,0
Singapore,SGP,East Asia & Pacific,High income,2004,3.1,-3.125,0
Singapore,SGP,East Asia & Pacific,High income,2005,3,-3.226,0
Singapore,SGP,East Asia & Pacific,High income,2006,2.9,-3.333,0
Singapore,SGP,East Asia & Pacific,High income,2007,2.9,0,0.5
Singapore,SGP,East Asia & Pacific,High income,2008,2.8,-3.448,0
Singapore,SGP,East Asia & Pacific,High income,2009,2.8,0,1
Singapore,SGP,East Asia & Pacific,High income,2010,2.8,0,1
Singapore,SGP,East Asia & Pacific,High income,2011,2.8,0,1.5
Singapore,SGP,East Asia & Pacific,High income,2012,2.8,0,1.5
Singapore,SGP,East Asia & Pacific,High income,2013,2.8,0,2.6
Singapore,SGP,East Asia & Pacific,High income,2014,2.7,-3.571,2.6
Singapore,SGP,East Asia & Pacific,High income,2015,2.7,0,3.1
Singapore,SGP,East Asia & Pacific,High income,2016,2.6,-3.704,2.6
Singapore,SGP,East Asia & Pacific,High income,2017,2.6,0,2.6
Singapore,SGP,East Asia & Pacific,High income,2018,2.5,-3.846,2.1
Singapore,SGP,East Asia & Pacific,High income,2019,2.5,0,2.6
Singapore,SGP,East Asia & Pacific,High income,2020,2.4,-4,0.5
Singapore,SGP,East Asia & Pacific,High income,2021,2.4,0,2.1
Singapore,SGP,East Asia & Pacific,High income,2022,2.5,4.167,3.6
Singapore,SGP,East Asia & Pacific,High income,2023,2.6,4,5.1
Slovak Republic,SVK,Europe & Central Asia,High income,2002,9.1,,20
Slovak Republic,SVK,Europe & Central Asia,High income,2003,8.8,-3.297,20.5
Slovak Republic,SVK,Europe & Central Asia,High income,2004,8.6,-2.273,20.5
Slovak Republic,SVK,Europe & Central Asia,High income,2005,8.3,-3.488,20
Slovak Republic,SVK,Europe & Central Asia,High income,2006,8,-3.614,20
Slovak Republic,SVK,Europe & Central Asia,High income,2007,7.7,-3.75,20
Slovak Republic,SVK,Europe & Central Asia,High income,2008,7.4,-3.896,20.5
Slovak Republic,SVK,Europe & Central Asia,High income,2009,7.1,-4.054,20.5
Slovak Republic,SVK,Europe & Central Asia,High income,2010,6.9,-2.817,20.5
Slovak Republic,SVK,Europe & Central Asia,High income,2011,6.7,-2.899,20
Slovak Republic,SVK,Europe & Central Asia,High income,2012,6.6,-1.493,20
Slovak Republic,SVK,Europe & Central Asia,High income,2013,6.4,-3.03,20.5
Slovak Republic,SVK,Europe & Central Asia,High income,2014,6.3,-1.563,20.5
Slovak Republic,SVK,Europe & Central Asia,High income,2015,6.2,-1.587,20.5
Slovak Republic,SVK,Europe & Central Asia,High income,2016,6.1,-1.613,20.5
Slovak Republic,SVK,Europe & Central Asia,High income,2017,6,-1.639,21
Slovak Republic,SVK,Europe & Central Asia,High income,2018,5.9,-1.667,21
Slovak Republic,SVK,Europe & Central Asia,High income,2019,5.9,0,21
Slovak Republic,SVK,Europe & Central Asia,High income,2020,5.9,0,21.5
Slovak Republic,SVK,Europe & Central Asia,High income,2021,6,1.695,23.1
Slovak Republic,SVK,Europe & Central Asia,High income,2022,6.1,1.667,23.6
Slovak Republic,SVK,Europe & Central Asia,High income,2023,6.2,1.639,26.2
Slovenia,SVN,Europe & Central Asia,High income,2002,4.9,,4.6
Slovenia,SVN,Europe & Central Asia,High income,2003,4.7,-4.082,4.1
Slovenia,SVN,Europe & Central Asia,High income,2004,4.4,-6.383,4.1
Slovenia,SVN,Europe & Central Asia,High income,2005,4.2,-4.545,4.1
Slovenia,SVN,Europe & Central Asia,High income,2006,4,-4.762,4.1
Slovenia,SVN,Europe & Central Asia,High income,2007,3.8,-5,4.1
Slovenia,SVN,Europe & Central Asia,High income,2008,3.6,-5.263,3.6
Slovenia,SVN,Europe & Central Asia,High income,2009,3.4,-5.556,3.1
Slovenia,SVN,Europe & Central Asia,High income,2010,3.2,-5.882,3.1
Slovenia,SVN,Europe & Central Asia,High income,2011,3.1,-3.125,3.6
Slovenia,SVN,Europe & Central Asia,High income,2012,2.9,-6.452,3.1
Slovenia,SVN,Europe & Central Asia,High income,2013,2.8,-3.448,2.6
Slovenia,SVN,Europe & Central Asia,High income,2014,2.7,-3.571,2.6
Slovenia,SVN,Europe & Central Asia,High income,2015,2.6,-3.704,2.1
Slovenia,SVN,Europe & Central Asia,High income,2016,2.5,-3.846,1
Slovenia,SVN,Europe & Central Asia,High income,2017,2.5,0,1
Slovenia,SVN,Europe & Central Asia,High income,2018,2.4,-4,0.5
Slovenia,SVN,Europe & Central Asia,High income,2019,2.4,0,0.5
Slovenia,SVN,Europe & Central Asia,High income,2020,2.4,0,0.5
Slovenia,SVN,Europe & Central Asia,High income,2021,2.3,-4.167,0.5
Slovenia,SVN,Europe & Central Asia,High income,2022,2.3,0,1
Slovenia,SVN,Europe & Central Asia,High income,2023,2.3,0,1.5
Solomon Islands,SLB,East Asia & Pacific,Lower middle income,2002,29.8,,51.8
Solomon Islands,SLB,East Asia & Pacific,Lower middle income,2003,29.6,-0.671,54.4
Solomon Islands,SLB,East Asia & Pacific,Lower middle income,2004,29.3,-1.014,55.9
Solomon Islands,SLB,East Asia & Pacific,Lower middle income,2005,29.1,-0.683,55.9
Solomon Islands,SLB,East Asia & Pacific,Lower middle income,2006,28.8,-1.031,57.4
Solomon Islands,SLB,East Asia & Pacific,Lower middle income,2007,28.4,-1.389,58.5
Solomon Islands,SLB,East Asia & Pacific,Lower middle income,2008,28,-1.408,58.5
Solomon Islands,SLB,East Asia & Pacific,Lower middle income,2009,27.6,-1.429,58.5
Solomon Islands,SLB,East Asia & Pacific,Lower middle income,2010,27.2,-1.449,59.5
Solomon Islands,SLB,East Asia & Pacific,Lower middle income,2011,26.7,-1.838,59.5
Solomon Islands,SLB,East Asia & Pacific,Lower middle income,2012,26.2,-1.873,60
Solomon Islands,SLB,East Asia & Pacific,Lower middle income,2013,25.8,-1.527,60
Solomon Islands,SLB,East Asia & Pacific,Lower middle income,2014,25.4,-1.55,60.5
Solomon Islands,SLB,East Asia & Pacific,Lower middle income,2015,25,-1.575,61.5
Solomon Islands,SLB,East Asia & Pacific,Lower middle income,2016,24.6,-1.6,61.5
Solomon Islands,SLB,East Asia & Pacific,Lower middle income,2017,24.1,-2.033,62.1
Solomon Islands,SLB,East Asia & Pacific,Lower middle income,2018,23.6,-2.075,61.5
Solomon Islands,SLB,East Asia & Pacific,Lower middle income,2019,23.1,-2.119,62.6
Solomon Islands,SLB,East Asia & Pacific,Lower middle income,2020,22.5,-2.597,63.1
Solomon Islands,SLB,East Asia & Pacific,Lower middle income,2021,21.9,-2.667,63.1
Solomon Islands,SLB,East Asia & Pacific,Lower middle income,2022,21.3,-2.74,63.1
Solomon Islands,SLB,East Asia & Pacific,Lower middle income,2023,20.6,-3.286,62.1
"Somalia, Fed. Rep.",SOM,Sub-Saharan Africa,Low income,2002,173.2,,97.9
"Somalia, Fed. Rep.",SOM,Sub-Saharan Africa,Low income,2003,173.2,0,99
"Somalia, Fed. Rep.",SOM,Sub-Saharan Africa,Low income,2004,173.2,0,99
"Somalia, Fed. Rep.",SOM,Sub-Saharan Africa,Low income,2005,173.2,0,99.5
"Somalia, Fed. Rep.",SOM,Sub-Saharan Africa,Low income,2006,172.6,-0.346,99.5
"Somalia, Fed. Rep.",SOM,Sub-Saharan Africa,Low income,2007,170.5,-1.217,99.5
"Somalia, Fed. Rep.",SOM,Sub-Saharan Africa,Low income,2008,166.7,-2.229,99.5
"Somalia, Fed. Rep.",SOM,Sub-Saharan Africa,Low income,2009,162.4,-2.579,99
"Somalia, Fed. Rep.",SOM,Sub-Saharan Africa,Low income,2010,186.7,14.963,100
"Somalia, Fed. Rep.",SOM,Sub-Saharan Africa,Low income,2011,363.1,94.483,100
"Somalia, Fed. Rep.",SOM,Sub-Saharan Africa,Low income,2012,185.4,-48.94,100
"Somalia, Fed. Rep.",SOM,Sub-Saharan Africa,Low income,2013,143.2,-22.762,100
"Somalia, Fed. Rep.",SOM,Sub-Saharan Africa,Low income,2014,138.6,-3.212,99
"Somalia, Fed. Rep.",SOM,Sub-Saharan Africa,Low income,2015,134.3,-3.102,99
"Somalia, Fed. Rep.",SOM,Sub-Saharan Africa,Low income,2016,130.2,-3.053,99.5
"Somalia, Fed. Rep.",SOM,Sub-Saharan Africa,Low income,2017,156.4,20.123,99.5
"Somalia, Fed. Rep.",SOM,Sub-Saharan Africa,Low income,2018,136.4,-12.788,100
"Somalia, Fed. Rep.",SOM,Sub-Saharan Africa,Low income,2019,118.4,-13.196,99
"Somalia, Fed. Rep.",SOM,Sub-Saharan Africa,Low income,2020,114.7,-3.125,98.5
"Somalia, Fed. Rep.",SOM,Sub-Saharan Africa,Low income,2021,111,-3.226,98.5
"Somalia, Fed. Rep.",SOM,Sub-Saharan Africa,Low income,2022,143.1,28.919,99.5
"Somalia, Fed. Rep.",SOM,Sub-Saharan Africa,Low income,2023,104.3,-27.114,99
South Africa,ZAF,Sub-Saharan Africa,Upper middle income,2002,77,,73.8
South Africa,ZAF,Sub-Saharan Africa,Upper middle income,2003,79.2,2.857,76.4
South Africa,ZAF,Sub-Saharan Africa,Upper middle income,2004,80.7,1.894,78.5
South Africa,ZAF,Sub-Saharan Africa,Upper middle income,2005,79.8,-1.115,79
South Africa,ZAF,Sub-Saharan Africa,Upper middle income,2006,76.9,-3.634,79
South Africa,ZAF,Sub-Saharan Africa,Upper middle income,2007,71.2,-7.412,79
South Africa,ZAF,Sub-Saharan Africa,Upper middle income,2008,63.7,-10.534,76.9
South Africa,ZAF,Sub-Saharan Africa,Upper middle income,2009,56.9,-10.675,73.8
South Africa,ZAF,Sub-Saharan Africa,Upper middle income,2010,50.3,-11.599,72.3
South Africa,ZAF,Sub-Saharan Africa,Upper middle income,2011,45.6,-9.344,71.3
South Africa,ZAF,Sub-Saharan Africa,Upper middle income,2012,43.1,-5.482,71.3
South Africa,ZAF,Sub-Saharan Africa,Upper middle income,2013,41.4,-3.944,70.8
South Africa,ZAF,Sub-Saharan Africa,Upper middle income,2014,39.7,-4.106,70.8
South Africa,ZAF,Sub-Saharan Africa,Upper middle income,2015,38.2,-3.778,71.3
South Africa,ZAF,Sub-Saharan Africa,Upper middle income,2016,36.8,-3.665,71.8
South Africa,ZAF,Sub-Saharan Africa,Upper middle income,2017,35.7,-2.989,71.8
South Africa,ZAF,Sub-Saharan Africa,Upper middle income,2018,34.9,-2.241,71.8
South Africa,ZAF,Sub-Saharan Africa,Upper middle income,2019,34.3,-1.719,71.3
South Africa,ZAF,Sub-Saharan Africa,Upper middle income,2020,33.9,-1.166,72.3
South Africa,ZAF,Sub-Saharan Africa,Upper middle income,2021,34,0.295,72.3
South Africa,ZAF,Sub-Saharan Africa,Upper middle income,2022,34.3,0.882,72.3
South Africa,ZAF,Sub-Saharan Africa,Upper middle income,2023,34.8,1.458,72.8
South Sudan,SSD,Sub-Saharan Africa,Low income,2002,162.2,,94.4
South Sudan,SSD,Sub-Saharan Africa,Low income,2003,153.7,-5.24,93.8
South Sudan,SSD,Sub-Saharan Africa,Low income,2004,145.8,-5.14,94.9
South Sudan,SSD,Sub-Saharan Africa,Low income,2005,138.4,-5.075,95.4
South Sudan,SSD,Sub-Saharan Africa,Low income,2006,131.5,-4.986,94.9
South Sudan,SSD,Sub-Saharan Africa,Low income,2007,124.9,-5.019,94.9
South Sudan,SSD,Sub-Saharan Africa,Low income,2008,118.7,-4.964,94.9
South Sudan,SSD,Sub-Saharan Africa,Low income,2009,112.7,-5.055,93.8
South Sudan,SSD,Sub-Saharan Africa,Low income,2010,107.2,-4.88,92.8
South Sudan,SSD,Sub-Saharan Africa,Low income,2011,102.3,-4.571,92.8
South Sudan,SSD,Sub-Saharan Africa,Low income,2012,98.9,-3.324,92.8
South Sudan,SSD,Sub-Saharan Africa,Low income,2013,97.2,-1.719,93.8
South Sudan,SSD,Sub-Saharan Africa,Low income,2014,182.6,87.86,99.5
South Sudan,SSD,Sub-Saharan Africa,Low income,2015,240.8,31.873,100
South Sudan,SSD,Sub-Saharan Africa,Low income,2016,272.9,13.331,100
South Sudan,SSD,Sub-Saharan Africa,Low income,2017,292,6.999,100
South Sudan,SSD,Sub-Saharan Africa,Low income,2018,133.7,-54.212,99.5
South Sudan,SSD,Sub-Saharan Africa,Low income,2019,96.7,-27.674,96.4
South Sudan,SSD,Sub-Saharan Africa,Low income,2020,96.7,0,96.4
South Sudan,SSD,Sub-Saharan Africa,Low income,2021,96.7,0,96.4
South Sudan,SSD,Sub-Saharan Africa,Low income,2022,96.7,0,96.4
South Sudan,SSD,Sub-Saharan Africa,Low income,2023,96.7,0,97.9
Spain,ESP,Europe & Central Asia,High income,2002,5.1,,5.6
Spain,ESP,Europe & Central Asia,High income,2003,5,-1.961,6.7
Spain,ESP,Europe & Central Asia,High income,2004,4.9,-2,6.7
Spain,ESP,Europe & Central Asia,High income,2005,4.7,-4.082,7.2
Spain,ESP,Europe & Central Asia,High income,2006,4.5,-4.255,7.7
Spain,ESP,Europe & Central Asia,High income,2007,4.4,-2.222,7.7
Spain,ESP,Europe & Central Asia,High income,2008,4.2,-4.545,7.2
Spain,ESP,Europe & Central Asia,High income,2009,4,-4.762,6.2
Spain,ESP,Europe & Central Asia,High income,2010,3.8,-5,5.6
Spain,ESP,Europe & Central Asia,High income,2011,3.7,-2.632,5.6
Spain,ESP,Europe & Central Asia,High income,2012,3.6,-2.703,5.6
Spain,ESP,Europe & Central Asia,High income,2013,3.5,-2.778,5.6
Spain,ESP,Europe & Central Asia,High income,2014,3.4,-2.857,5.6
Spain,ESP,Europe & Central Asia,High income,2015,3.3,-2.941,6.2
Spain,ESP,Europe & Central Asia,High income,2016,3.3,0,6.2
Spain,ESP,Europe & Central Asia,High income,2017,3.2,-3.03,5.6
Spain,ESP,Europe & Central Asia,High income,2018,3.2,0,6.7
Spain,ESP,Europe & Central Asia,High income,2019,3.2,0,9.2
Spain,ESP,Europe & Central Asia,High income,2020,3.2,0,8.7
Spain,ESP,Europe & Central Asia,High income,2021,3.2,0,8.7
Spain,ESP,Europe & Central Asia,High income,2022,3.2,0,9.2
Spain,ESP,Europe & Central Asia,High income,2023,3.2,0,9.2
Sri Lanka,LKA,South Asia,Upper middle income,2002,15.5,,30.8
Sri Lanka,LKA,South Asia,Upper middle income,2003,15.2,-1.935,31.3
Sri Lanka,LKA,South Asia,Upper middle income,2004,29,90.789,55.4
Sri Lanka,LKA,South Asia,Upper middle income,2005,14,-51.724,30.8
Sri Lanka,LKA,South Asia,Upper middle income,2006,13.3,-5,30.3
Sri Lanka,LKA,South Asia,Upper middle income,2007,12.6,-5.263,29.7
Sri Lanka,LKA,South Asia,Upper middle income,2008,12,-4.762,29.7
Sri Lanka,LKA,South Asia,Upper middle income,2009,21.5,79.167,50.3
Sri Lanka,LKA,South Asia,Upper middle income,2010,11.2,-47.907,29.7
Sri Lanka,LKA,South Asia,Upper middle income,2011,10.8,-3.571,29.7
Sri Lanka,LKA,South Asia,Upper middle income,2012,10.3,-4.63,29.2
Sri Lanka,LKA,South Asia,Upper middle income,2013,9.8,-4.854,28.7
Sri Lanka,LKA,South Asia,Upper middle income,2014,9.2,-6.122,27.2
Sri Lanka,LKA,South Asia,Upper middle income,2015,8.7,-5.435,27.2
Sri Lanka,LKA,South Asia,Upper middle income,2016,8.3,-4.598,27.2
Sri Lanka,LKA,South Asia,Upper middle income,2017,7.9,-4.819,26.7
Sri Lanka,LKA,South Asia,Upper middle income,2018,7.6,-3.797,26.7
Sri Lanka,LKA,South Asia,Upper middle income,2019,7.2,-5.263,27.2
Sri Lanka,LKA,South Asia,Upper middle income,2020,6.9,-4.167,26.7
Sri Lanka,LKA,South Asia,Upper middle income,2021,6.6,-4.348,26.7
Sri Lanka,LKA,South Asia,Upper middle income,2022,6.3,-4.545,25.6
Sri Lanka,LKA,South Asia,Upper middle income,2023,6.1,-3.175,25.1
St. Kitts and Nevis,KNA,Latin America & Caribbean,High income,2002,22,,41
St. Kitts and Nevis,KNA,Latin America & Caribbean,High income,2003,21.1,-4.091,41
St. Kitts and Nevis,KNA,Latin America & Caribbean,High income,2004,20.3,-3.791,40
St. Kitts and Nevis,KNA,Latin America & Caribbean,High income,2005,19.7,-2.956,40
St. Kitts and Nevis,KNA,Latin America & Caribbean,High income,2006,19.2,-2.538,41
St. Kitts and Nevis,KNA,Latin America & Caribbean,High income,2007,18.9,-1.563,40.5
St. Kitts and Nevis,KNA,Latin America & Caribbean,High income,2008,18.8,-0.529,41.5
St. Kitts and Nevis,KNA,Latin America & Caribbean,High income,2009,18.7,-0.532,41
St. Kitts and Nevis,KNA,Latin America & Caribbean,High income,2010,18.8,0.535,45.1
St. Kitts and Nevis,KNA,Latin America & Caribbean,High income,2011,18.9,0.532,48.7
St. Kitts and Nevis,KNA,Latin America & Caribbean,High income,2012,19.1,1.058,50.8
St. Kitts and Nevis,KNA,Latin America & Caribbean,High income,2013,19.3,1.047,51.8
St. Kitts and Nevis,KNA,Latin America & Caribbean,High income,2014,19.4,0.518,52.8
St. Kitts and Nevis,KNA,Latin America & Caribbean,High income,2015,19.4,0,53.8
St. Kitts and Nevis,KNA,Latin America & Caribbean,High income,2016,19.3,-0.515,54.4
St. Kitts and Nevis,KNA,Latin America & Caribbean,High income,2017,19,-1.554,54.9
St. Kitts and Nevis,KNA,Latin America & Caribbean,High income,2018,18.6,-2.105,55.4
St. Kitts and Nevis,KNA,Latin America & Caribbean,High income,2019,18.2,-2.151,53.3
St. Kitts and Nevis,KNA,Latin America & Caribbean,High income,2020,17.8,-2.198,53.8
St. Kitts and Nevis,KNA,Latin America & Caribbean,High income,2021,17.3,-2.809,53.3
St. Kitts and Nevis,KNA,Latin America & Caribbean,High income,2022,16.8,-2.89,53.3
St. Kitts and Nevis,KNA,Latin America & Caribbean,High income,2023,16.4,-2.381,52.8
St. Lucia,LCA,Latin America & Caribbean,Upper middle income,2002,18.4,,36.4
St. Lucia,LCA,Latin America & Caribbean,Upper middle income,2003,18.4,0,36.4
St. Lucia,LCA,Latin America & Caribbean,Upper middle income,2004,18.5,0.543,36.9
St. Lucia,LCA,Latin America & Caribbean,Upper middle income,2005,18.5,0,37.9
St. Lucia,LCA,Latin America & Caribbean,Upper middle income,2006,18.6,0.541,39
St. Lucia,LCA,Latin America & Caribbean,Upper middle income,2007,18.6,0,40
St. Lucia,LCA,Latin America & Caribbean,Upper middle income,2008,18.7,0.538,41
St. Lucia,LCA,Latin America & Caribbean,Upper middle income,2009,18.8,0.535,41.5
St. Lucia,LCA,Latin America & Caribbean,Upper middle income,2010,18.8,0,45.1
St. Lucia,LCA,Latin America & Caribbean,Upper middle income,2011,18.8,0,48.2
St. Lucia,LCA,Latin America & Caribbean,Upper middle income,2012,18.8,0,49.2
St. Lucia,LCA,Latin America & Caribbean,Upper middle income,2013,18.8,0,49.7
St. Lucia,LCA,Latin America & Caribbean,Upper middle income,2014,18.8,0,50.8
St. Lucia,LCA,Latin America & Caribbean,Upper middle income,2015,18.7,-0.532,51.8
St. Lucia,LCA,Latin America & Caribbean,Upper middle income,2016,18.6,-0.535,53.3
St. Lucia,LCA,Latin America & Caribbean,Upper middle income,2017,18.5,-0.538,53.3
St. Lucia,LCA,Latin America & Caribbean,Upper middle income,2018,18.4,-0.541,54.4
St. Lucia,LCA,Latin America & Caribbean,Upper middle income,2019,18.2,-1.087,53.3
St. Lucia,LCA,Latin America & Caribbean,Upper middle income,2020,18.1,-0.549,55.4
St. Lucia,LCA,Latin America & Caribbean,Upper middle income,2021,17.9,-1.105,55.9
St. Lucia,LCA,Latin America & Caribbean,Upper middle income,2022,17.7,-1.117,56.4
St. Lucia,LCA,Latin America & Caribbean,Upper middle income,2023,17.5,-1.13,55.4
St. Vincent and the Grenadines,VCT,Latin America & Caribbean,Upper middle income,2002,22.6,,41.5
St. Vincent and the Grenadines,VCT,Latin America & Caribbean,Upper middle income,2003,22.6,0,42.1
St. Vincent and the Grenadines,VCT,Latin America & Caribbean,Upper middle income,2004,22.7,0.442,43.6
St. Vincent and the Grenadines,VCT,Latin America & Caribbean,Upper middle income,2005,22.8,0.441,46.7
St. Vincent and the Grenadines,VCT,Latin America & Caribbean,Upper middle income,2006,22.8,0,49.7
St. Vincent and the Grenadines,VCT,Latin America & Caribbean,Upper middle income,2007,22.7,-0.439,50.3
St. Vincent and the Grenadines,VCT,Latin America & Caribbean,Upper middle income,2008,22.4,-1.322,51.3
St. Vincent and the Grenadines,VCT,Latin America & Caribbean,Upper middle income,2009,22,-1.786,51.8
St. Vincent and the Grenadines,VCT,Latin America & Caribbean,Upper middle income,2010,21.4,-2.727,52.8
St. Vincent and the Grenadines,VCT,Latin America & Caribbean,Upper middle income,2011,20.7,-3.271,52.3
St. Vincent and the Grenadines,VCT,Latin America & Caribbean,Upper middle income,2012,19.9,-3.865,52.3
St. Vincent and the Grenadines,VCT,Latin America & Caribbean,Upper middle income,2013,19.1,-4.02,50.8
St. Vincent and the Grenadines,VCT,Latin America & Caribbean,Upper middle income,2014,18.2,-4.712,48.2
St. Vincent and the Grenadines,VCT,Latin America & Caribbean,Upper middle income,2015,17.4,-4.396,48.2
St. Vincent and the Grenadines,VCT,Latin America & Caribbean,Upper middle income,2016,16.6,-4.598,47.7
St. Vincent and the Grenadines,VCT,Latin America & Caribbean,Upper middle income,2017,15.8,-4.819,47.7
St. Vincent and the Grenadines,VCT,Latin America & Caribbean,Upper middle income,2018,15,-5.063,45.1
St. Vincent and the Grenadines,VCT,Latin America & Caribbean,Upper middle income,2019,14.3,-4.667,43.6
St. Vincent and the Grenadines,VCT,Latin America & Caribbean,Upper middle income,2020,13.6,-4.895,43.1
St. Vincent and the Grenadines,VCT,Latin America & Caribbean,Upper middle income,2021,12.9,-5.147,42.1
St. Vincent and the Grenadines,VCT,Latin America & Caribbean,Upper middle income,2022,12.3,-4.651,41.5
St. Vincent and the Grenadines,VCT,Latin America & Caribbean,Upper middle income,2023,11.8,-4.065,40.5
Sudan,SDN,Sub-Saharan Africa,Low income,2002,95.2,,80.5
Sudan,SDN,Sub-Saharan Africa,Low income,2003,91.9,-3.466,81
Sudan,SDN,Sub-Saharan Africa,Low income,2004,101.1,10.011,85.1
Sudan,SDN,Sub-Saharan Africa,Low income,2005,98.8,-2.275,85.1
Sudan,SDN,Sub-Saharan Africa,Low income,2006,83,-15.992,81.5
Sudan,SDN,Sub-Saharan Africa,Low income,2007,80.4,-3.133,81.5
Sudan,SDN,Sub-Saharan Africa,Low income,2008,77.9,-3.109,82.6
Sudan,SDN,Sub-Saharan Africa,Low income,2009,75.5,-3.081,83.1
Sudan,SDN,Sub-Saharan Africa,Low income,2010,73.4,-2.781,83.6
Sudan,SDN,Sub-Saharan Africa,Low income,2011,71.3,-2.861,84.6
Sudan,SDN,Sub-Saharan Africa,Low income,2012,69.3,-2.805,86.2
Sudan,SDN,Sub-Saharan Africa,Low income,2013,67.3,-2.886,86.2
Sudan,SDN,Sub-Saharan Africa,Low income,2014,65.4,-2.823,86.2
Sudan,SDN,Sub-Saharan Africa,Low income,2015,63.5,-2.905,86.2
Sudan,SDN,Sub-Saharan Africa,Low income,2016,61.6,-2.992,86.7
Sudan,SDN,Sub-Saharan Africa,Low income,2017,59.7,-3.084,86.7
Sudan,SDN,Sub-Saharan Africa,Low income,2018,57.8,-3.183,86.2
Sudan,SDN,Sub-Saharan Africa,Low income,2019,56.1,-2.941,85.6
Sudan,SDN,Sub-Saharan Africa,Low income,2020,54.3,-3.209,85.6
Sudan,SDN,Sub-Saharan Africa,Low income,2021,52.7,-2.947,85.1
Sudan,SDN,Sub-Saharan Africa,Low income,2022,51,-3.226,85.1
Sudan,SDN,Sub-Saharan Africa,Low income,2023,63.1,23.725,90.3
Suriname,SUR,Latin America & Caribbean,Upper middle income,2002,29,,51.3
Suriname,SUR,Latin America & Caribbean,Upper middle income,2003,28.1,-3.103,51.8
Suriname,SUR,Latin America & Caribbean,Upper middle income,2004,27.2,-3.203,51.8
Suriname,SUR,Latin America & Caribbean,Upper middle income,2005,26.5,-2.574,53.3
Suriname,SUR,Latin America & Caribbean,Upper middle income,2006,25.7,-3.019,54.4
Suriname,SUR,Latin America & Caribbean,Upper middle income,2007,25.1,-2.335,54.4
Suriname,SUR,Latin America & Caribbean,Upper middle income,2008,24.4,-2.789,54.9
Suriname,SUR,Latin America & Caribbean,Upper middle income,2009,23.8,-2.459,54.4
Suriname,SUR,Latin America & Caribbean,Upper middle income,2010,23.2,-2.521,54.9
Suriname,SUR,Latin America & Caribbean,Upper middle income,2011,22.7,-2.155,54.9
Suriname,SUR,Latin America & Caribbean,Upper middle income,2012,22.2,-2.203,54.4
Suriname,SUR,Latin America & Caribbean,Upper middle income,2013,21.6,-2.703,55.4
Suriname,SUR,Latin America & Caribbean,Upper middle income,2014,21.1,-2.315,55.4
Suriname,SUR,Latin America & Caribbean,Upper middle income,2015,20.6,-2.37,55.9
Suriname,SUR,Latin America & Caribbean,Upper middle income,2016,20.1,-2.427,55.4
Suriname,SUR,Latin America & Caribbean,Upper middle income,2017,19.5,-2.985,55.9
Suriname,SUR,Latin America & Caribbean,Upper middle income,2018,18.9,-3.077,56.4
Suriname,SUR,Latin America & Caribbean,Upper middle income,2019,18.4,-2.646,54.9
Suriname,SUR,Latin America & Caribbean,Upper middle income,2020,17.9,-2.717,54.9
Suriname,SUR,Latin America & Caribbean,Upper middle income,2021,17.4,-2.793,53.8
Suriname,SUR,Latin America & Caribbean,Upper middle income,2022,16.8,-3.448,53.3
Suriname,SUR,Latin America & Caribbean,Upper middle income,2023,16.3,-2.976,51.8
Sweden,SWE,Europe & Central Asia,High income,2002,4,,1
Sweden,SWE,Europe & Central Asia,High income,2003,3.9,-2.5,1
Sweden,SWE,Europe & Central Asia,High income,2004,3.7,-5.128,1
Sweden,SWE,Europe & Central Asia,High income,2005,3.6,-2.703,1.5
Sweden,SWE,Europe & Central Asia,High income,2006,3.5,-2.778,2.1
Sweden,SWE,Europe & Central Asia,High income,2007,3.3,-5.714,2.1
Sweden,SWE,Europe & Central Asia,High income,2008,3.2,-3.03,2.1
Sweden,SWE,Europe & Central Asia,High income,2009,3.1,-3.125,2.1
Sweden,SWE,Europe & Central Asia,High income,2010,3.1,0,2.6
Sweden,SWE,Europe & Central Asia,High income,2011,3,-3.226,2.6
Sweden,SWE,Europe & Central Asia,High income,2012,3,0,3.6
Sweden,SWE,Europe & Central Asia,High income,2013,2.9,-3.333,3.6
Sweden,SWE,Europe & Central Asia,High income,2014,2.9,0,4.1
Sweden,SWE,Europe & Central Asia,High income,2015,2.9,0,4.6
Sweden,SWE,Europe & Central Asia,High income,2016,2.8,-3.448,4.6
Sweden,SWE,Europe & Central Asia,High income,2017,2.8,0,4.6
Sweden,SWE,Europe & Central Asia,High income,2018,2.7,-3.571,3.6
Sweden,SWE,Europe & Central Asia,High income,2019,2.6,-3.704,4.1
Sweden,SWE,Europe & Central Asia,High income,2020,2.6,0,4.1
Sweden,SWE,Europe & Central Asia,High income,2021,2.5,-3.846,4.1
Sweden,SWE,Europe & Central Asia,High income,2022,2.5,0,3.6
Sweden,SWE,Europe & Central Asia,High income,2023,2.4,-4,2.1
Switzerland,CHE,Europe & Central Asia,High income,2002,5.4,,8.2
Switzerland,CHE,Europe & Central Asia,High income,2003,5.3,-1.852,9.2
Switzerland,CHE,Europe & Central Asia,High income,2004,5.2,-1.887,10.3
Switzerland,CHE,Europe & Central Asia,High income,2005,5.1,-1.923,10.8
Switzerland,CHE,Europe & Central Asia,High income,2006,4.9,-3.922,10.8
Switzerland,CHE,Europe & Central Asia,High income,2007,4.8,-2.041,10.8
Switzerland,CHE,Europe & Central Asia,High income,2008,4.7,-2.083,11.3
Switzerland,CHE,Europe & Central Asia,High income,2009,4.6,-2.128,11.3
Switzerland,CHE,Europe & Central Asia,High income,2010,4.6,0,12.8
Switzerland,CHE,Europe & Central Asia,High income,2011,4.5,-2.174,13.8
Switzerland,CHE,Europe & Central Asia,High income,2012,4.4,-2.222,14.4
Switzerland,CHE,Europe & Central Asia,High income,2013,4.4,0,14.4
Switzerland,CHE,Europe & Central Asia,High income,2014,4.3,-2.273,14.4
Switzerland,CHE,Europe & Central Asia,High income,2015,4.3,0,14.9
Switzerland,CHE,Europe & Central Asia,High income,2016,4.2,-2.326,14.4
Switzerland,CHE,Europe & Central Asia,High income,2017,4.1,-2.381,14.4
Switzerland,CHE,Europe & Central Asia,High income,2018,4.1,0,14.4
Switzerland,CHE,Europe & Central Asia,High income,2019,4,-2.439,14.9
Switzerland,CHE,Europe & Central Asia,High income,2020,4,0,14.9
Switzerland,CHE,Europe & Central Asia,High income,2021,4,0,14.9
Switzerland,CHE,Europe & Central Asia,High income,2022,3.9,-2.5,14.4
Switzerland,CHE,Europe & Central Asia,High income,2023,3.9,0,14.9
Syrian Arab Republic,SYR,"Middle East, North Africa, Afghanistan & Pakistan",Low income,2002,21.4,,40.5
Syrian Arab Republic,SYR,"Middle East, North Africa, Afghanistan & Pakistan",Low income,2003,20.8,-2.804,40.5
Syrian Arab Republic,SYR,"Middle East, North Africa, Afghanistan & Pakistan",Low income,2004,20.2,-2.885,39.5
Syrian Arab Republic,SYR,"Middle East, North Africa, Afghanistan & Pakistan",Low income,2005,19.8,-1.98,40.5
Syrian Arab Republic,SYR,"Middle East, North Africa, Afghanistan & Pakistan",Low income,2006,19.4,-2.02,41.5
Syrian Arab Republic,SYR,"Middle East, North Africa, Afghanistan & Pakistan",Low income,2007,19.1,-1.546,42.1
Syrian Arab Republic,SYR,"Middle East, North Africa, Afghanistan & Pakistan",Low income,2008,18.9,-1.047,42.6
Syrian Arab Republic,SYR,"Middle East, North Africa, Afghanistan & Pakistan",Low income,2009,18.8,-0.529,41.5
Syrian Arab Republic,SYR,"Middle East, North Africa, Afghanistan & Pakistan",Low income,2010,18.8,0,45.1
Syrian Arab Republic,SYR,"Middle East, North Africa, Afghanistan & Pakistan",Low income,2011,21.6,14.894,53.3
Syrian Arab Republic,SYR,"Middle East, North Africa, Afghanistan & Pakistan",Low income,2012,34.2,58.333,67.2
Syrian Arab Republic,SYR,"Middle East, North Africa, Afghanistan & Pakistan",Low income,2013,36.9,7.895,69.7
Syrian Arab Republic,SYR,"Middle East, North Africa, Afghanistan & Pakistan",Low income,2014,35.5,-3.794,69.7
Syrian Arab Republic,SYR,"Middle East, North Africa, Afghanistan & Pakistan",Low income,2015,37.1,4.507,70.3
Syrian Arab Republic,SYR,"Middle East, North Africa, Afghanistan & Pakistan",Low income,2016,32.2,-13.208,68.7
Syrian Arab Republic,SYR,"Middle East, North Africa, Afghanistan & Pakistan",Low income,2017,32.9,2.174,69.2
Syrian Arab Republic,SYR,"Middle East, North Africa, Afghanistan & Pakistan",Low income,2018,32.5,-1.216,69.7
Syrian Arab Republic,SYR,"Middle East, North Africa, Afghanistan & Pakistan",Low income,2019,24.6,-24.308,65.1
Syrian Arab Republic,SYR,"Middle East, North Africa, Afghanistan & Pakistan",Low income,2020,21.9,-10.976,62.1
Syrian Arab Republic,SYR,"Middle East, North Africa, Afghanistan & Pakistan",Low income,2021,20.5,-6.393,61
Syrian Arab Republic,SYR,"Middle East, North Africa, Afghanistan & Pakistan",Low income,2022,20.7,0.976,62.6
Syrian Arab Republic,SYR,"Middle East, North Africa, Afghanistan & Pakistan",Low income,2023,20.1,-2.899,61.5
Tajikistan,TJK,Europe & Central Asia,Lower middle income,2002,65.6,,69.2
Tajikistan,TJK,Europe & Central Asia,Lower middle income,2003,59.8,-8.841,68.7
Tajikistan,TJK,Europe & Central Asia,Lower middle income,2004,54.6,-8.696,68.2
Tajikistan,TJK,Europe & Central Asia,Lower middle income,2005,50.3,-7.875,67.7
Tajikistan,TJK,Europe & Central Asia,Lower middle income,2006,46.6,-7.356,67.7
Tajikistan,TJK,Europe & Central Asia,Lower middle income,2007,43.6,-6.438,67.7
Tajikistan,TJK,Europe & Central Asia,Lower middle income,2008,41.2,-5.505,67.7
Tajikistan,TJK,Europe & Central Asia,Lower middle income,2009,39.3,-4.612,67.7
Tajikistan,TJK,Europe & Central Asia,Lower middle income,2010,37.6,-4.326,67.7
Tajikistan,TJK,Europe & Central Asia,Lower middle income,2011,36.2,-3.723,68.2
Tajikistan,TJK,Europe & Central Asia,Lower middle income,2012,35,-3.315,68.2
Tajikistan,TJK,Europe & Central Asia,Lower middle income,2013,34,-2.857,67.7
Tajikistan,TJK,Europe & Central Asia,Lower middle income,2014,33,-2.941,68.2
Tajikistan,TJK,Europe & Central Asia,Lower middle income,2015,32.2,-2.424,68.2
Tajikistan,TJK,Europe & Central Asia,Lower middle income,2016,31.5,-2.174,68.2
Tajikistan,TJK,Europe & Central Asia,Lower middle income,2017,31,-1.587,67.7
Tajikistan,TJK,Europe & Central Asia,Lower middle income,2018,30.7,-0.968,68.2
Tajikistan,TJK,Europe & Central Asia,Lower middle income,2019,30.4,-0.977,68.7
Tajikistan,TJK,Europe & Central Asia,Lower middle income,2020,30.1,-0.987,69.2
Tajikistan,TJK,Europe & Central Asia,Lower middle income,2021,29.8,-0.997,69.7
Tajikistan,TJK,Europe & Central Asia,Lower middle income,2022,29.4,-1.342,69.7
Tajikistan,TJK,Europe & Central Asia,Lower middle income,2023,28.8,-2.041,68.7
Tanzania,TZA,Sub-Saharan Africa,Lower middle income,2002,112.4,,85.6
Tanzania,TZA,Sub-Saharan Africa,Lower middle income,2003,105,-6.584,85.1
Tanzania,TZA,Sub-Saharan Africa,Lower middle income,2004,98.3,-6.381,84.6
Tanzania,TZA,Sub-Saharan Africa,Lower middle income,2005,92.2,-6.205,84.1
Tanzania,TZA,Sub-Saharan Africa,Lower middle income,2006,86.7,-5.965,83.6
Tanzania,TZA,Sub-Saharan Africa,Lower middle income,2007,81.3,-6.228,82.6
Tanzania,TZA,Sub-Saharan Africa,Lower middle income,2008,76.6,-5.781,81.5
Tanzania,TZA,Sub-Saharan Africa,Lower middle income,2009,72,-6.005,81.5
Tanzania,TZA,Sub-Saharan Africa,Lower middle income,2010,68.2,-5.278,81.5
Tanzania,TZA,Sub-Saharan Africa,Lower middle income,2011,64.6,-5.279,81.5
Tanzania,TZA,Sub-Saharan Africa,Lower middle income,2012,61.7,-4.489,81.5
Tanzania,TZA,Sub-Saharan Africa,Lower middle income,2013,59,-4.376,81.5
Tanzania,TZA,Sub-Saharan Africa,Lower middle income,2014,56.3,-4.576,81
Tanzania,TZA,Sub-Saharan Africa,Lower middle income,2015,54.3,-3.552,80.5
Tanzania,TZA,Sub-Saharan Africa,Lower middle income,2016,52,-4.236,81
Tanzania,TZA,Sub-Saharan Africa,Lower middle income,2017,49.8,-4.231,80.5
Tanzania,TZA,Sub-Saharan Africa,Lower middle income,2018,47.6,-4.418,79.5
Tanzania,TZA,Sub-Saharan Africa,Lower middle income,2019,45.6,-4.202,78.5
Tanzania,TZA,Sub-Saharan Africa,Lower middle income,2020,43.8,-3.947,79
Tanzania,TZA,Sub-Saharan Africa,Lower middle income,2021,41.7,-4.795,77.4
Tanzania,TZA,Sub-Saharan Africa,Lower middle income,2022,40.1,-3.837,76.9
Tanzania,TZA,Sub-Saharan Africa,Lower middle income,2023,38.5,-3.99,76.4
Thailand,THA,East Asia & Pacific,Upper middle income,2002,19.7,,37.9
Thailand,THA,East Asia & Pacific,Upper middle income,2003,18.9,-4.061,37.4
Thailand,THA,East Asia & Pacific,Upper middle income,2004,18,-4.762,36.4
Thailand,THA,East Asia & Pacific,Upper middle income,2005,17.2,-4.444,36.9
Thailand,THA,East Asia & Pacific,Upper middle income,2006,16.5,-4.07,36.4
Thailand,THA,East Asia & Pacific,Upper middle income,2007,15.9,-3.636,36.9
Thailand,THA,East Asia & Pacific,Upper middle income,2008,15.2,-4.403,35.9
Thailand,THA,East Asia & Pacific,Upper middle income,2009,14.7,-3.289,34.9
Thailand,THA,East Asia & Pacific,Upper middle income,2010,14.1,-4.082,35.4
Thailand,THA,East Asia & Pacific,Upper middle income,2011,13.6,-3.546,35.4
Thailand,THA,East Asia & Pacific,Upper middle income,2012,13.1,-3.676,35.4
Thailand,THA,East Asia & Pacific,Upper middle income,2013,12.7,-3.053,35.4
Thailand,THA,East Asia & Pacific,Upper middle income,2014,12.3,-3.15,35.9
Thailand,THA,East Asia & Pacific,Upper middle income,2015,11.9,-3.252,35.4
Thailand,THA,East Asia & Pacific,Upper middle income,2016,11.5,-3.361,35.9
Thailand,THA,East Asia & Pacific,Upper middle income,2017,11.1,-3.478,35.9
Thailand,THA,East Asia & Pacific,Upper middle income,2018,10.8,-2.703,35.4
Thailand,THA,East Asia & Pacific,Upper middle income,2019,10.4,-3.704,34.4
Thailand,THA,East Asia & Pacific,Upper middle income,2020,10.1,-2.885,33.3
Thailand,THA,East Asia & Pacific,Upper middle income,2021,9.8,-2.97,33.3
Thailand,THA,East Asia & Pacific,Upper middle income,2022,9.5,-3.061,33.3
Thailand,THA,East Asia & Pacific,Upper middle income,2023,9.2,-3.158,33.3
Timor-Leste,TLS,East Asia & Pacific,Lower middle income,2002,101.5,,82.6
Timor-Leste,TLS,East Asia & Pacific,Lower middle income,2003,96.8,-4.631,82.6
Timor-Leste,TLS,East Asia & Pacific,Lower middle income,2004,92.3,-4.649,82.1
Timor-Leste,TLS,East Asia & Pacific,Lower middle income,2005,88,-4.659,82.1
Timor-Leste,TLS,East Asia & Pacific,Lower middle income,2006,84,-4.545,82.1
Timor-Leste,TLS,East Asia & Pacific,Lower middle income,2007,80.4,-4.286,81.5
Timor-Leste,TLS,East Asia & Pacific,Lower middle income,2008,76.9,-4.353,82.1
Timor-Leste,TLS,East Asia & Pacific,Lower middle income,2009,73.9,-3.901,82.6
Timor-Leste,TLS,East Asia & Pacific,Lower middle income,2010,71,-3.924,82.6
Timor-Leste,TLS,East Asia & Pacific,Lower middle income,2011,68.4,-3.662,82.6
Timor-Leste,TLS,East Asia & Pacific,Lower middle income,2012,65.9,-3.655,82.6
Timor-Leste,TLS,East Asia & Pacific,Lower middle income,2013,63.9,-3.035,84.1
Timor-Leste,TLS,East Asia & Pacific,Lower middle income,2014,61.9,-3.13,84.6
Timor-Leste,TLS,East Asia & Pacific,Lower middle income,2015,60.2,-2.746,84.6
Timor-Leste,TLS,East Asia & Pacific,Lower middle income,2016,58.7,-2.492,84.6
Timor-Leste,TLS,East Asia & Pacific,Lower middle income,2017,57.3,-2.385,84.6
Timor-Leste,TLS,East Asia & Pacific,Lower middle income,2018,56,-2.269,84.6
Timor-Leste,TLS,East Asia & Pacific,Lower middle income,2019,54.8,-2.143,84.6
Timor-Leste,TLS,East Asia & Pacific,Lower middle income,2020,53.4,-2.555,84.6
Timor-Leste,TLS,East Asia & Pacific,Lower middle income,2021,52,-2.622,84.1
Timor-Leste,TLS,East Asia & Pacific,Lower middle income,2022,50.7,-2.5,84.6
Timor-Leste,TLS,East Asia & Pacific,Lower middle income,2023,49.2,-2.959,83.6
Togo,TGO,Sub-Saharan Africa,Lower middle income,2002,112.2,,85.1
Togo,TGO,Sub-Saharan Africa,Lower middle income,2003,108.8,-3.03,85.6
Togo,TGO,Sub-Saharan Africa,Lower middle income,2004,105.5,-3.033,85.6
Togo,TGO,Sub-Saharan Africa,Lower middle income,2005,102.4,-2.938,85.6
Togo,TGO,Sub-Saharan Africa,Lower middle income,2006,99.3,-3.027,87.2
Togo,TGO,Sub-Saharan Africa,Lower middle income,2007,96.5,-2.82,87.2
Togo,TGO,Sub-Saharan Africa,Lower middle income,2008,93.7,-2.902,87.7
Togo,TGO,Sub-Saharan Africa,Lower middle income,2009,90.9,-2.988,88.7
Togo,TGO,Sub-Saharan Africa,Lower middle income,2010,88.3,-2.86,89.2
Togo,TGO,Sub-Saharan Africa,Lower middle income,2011,85.6,-3.058,90.8
Togo,TGO,Sub-Saharan Africa,Lower middle income,2012,82.9,-3.154,90.8
Togo,TGO,Sub-Saharan Africa,Lower middle income,2013,80.2,-3.257,90.8
Togo,TGO,Sub-Saharan Africa,Lower middle income,2014,77.7,-3.117,90.8
Togo,TGO,Sub-Saharan Africa,Lower middle income,2015,75.2,-3.218,90.8
Togo,TGO,Sub-Saharan Africa,Lower middle income,2016,72.8,-3.191,90.8
Togo,TGO,Sub-Saharan Africa,Lower middle income,2017,70.4,-3.297,90.8
Togo,TGO,Sub-Saharan Africa,Lower middle income,2018,68.1,-3.267,90.3
Togo,TGO,Sub-Saharan Africa,Lower middle income,2019,66,-3.084,90.3
Togo,TGO,Sub-Saharan Africa,Lower middle income,2020,63.9,-3.182,89.7
Togo,TGO,Sub-Saharan Africa,Lower middle income,2021,62,-2.973,88.7
Togo,TGO,Sub-Saharan Africa,Lower middle income,2022,60,-3.226,88.7
Togo,TGO,Sub-Saharan Africa,Lower middle income,2023,58.1,-3.167,88.7
Tonga,TON,East Asia & Pacific,Upper middle income,2002,16,,31.3
Tonga,TON,East Asia & Pacific,Upper middle income,2003,15.6,-2.5,31.8
Tonga,TON,East Asia & Pacific,Upper middle income,2004,15.2,-2.564,32.3
Tonga,TON,East Asia & Pacific,Upper middle income,2005,14.8,-2.632,32.3
Tonga,TON,East Asia & Pacific,Upper middle income,2006,14.4,-2.703,32.3
Tonga,TON,East Asia & Pacific,Upper middle income,2007,14,-2.778,32.3
Tonga,TON,East Asia & Pacific,Upper middle income,2008,13.7,-2.143,32.3
Tonga,TON,East Asia & Pacific,Upper middle income,2009,13.4,-2.19,32.8
Tonga,TON,East Asia & Pacific,Upper middle income,2010,13.1,-2.239,33.3
Tonga,TON,East Asia & Pacific,Upper middle income,2011,12.8,-2.29,33.3
Tonga,TON,East Asia & Pacific,Upper middle income,2012,12.6,-1.563,34.4
Tonga,TON,East Asia & Pacific,Upper middle income,2013,12.3,-2.381,34.4
Tonga,TON,East Asia & Pacific,Upper middle income,2014,12.1,-1.626,34.9
Tonga,TON,East Asia & Pacific,Upper middle income,2015,11.9,-1.653,35.4
Tonga,TON,East Asia & Pacific,Upper middle income,2016,11.6,-2.521,36.4
Tonga,TON,East Asia & Pacific,Upper middle income,2017,11.4,-1.724,36.4
Tonga,TON,East Asia & Pacific,Upper middle income,2018,11.1,-2.632,36.4
Tonga,TON,East Asia & Pacific,Upper middle income,2019,10.9,-1.802,36.4
Tonga,TON,East Asia & Pacific,Upper middle income,2020,10.6,-2.752,36.4
Tonga,TON,East Asia & Pacific,Upper middle income,2021,10.4,-1.887,36.9
Tonga,TON,East Asia & Pacific,Upper middle income,2022,10.1,-2.885,36.4
Tonga,TON,East Asia & Pacific,Upper middle income,2023,9.8,-2.97,35.9
Trinidad and Tobago,TTO,Latin America & Caribbean,High income,2002,28.1,,49.7
Trinidad and Tobago,TTO,Latin America & Caribbean,High income,2003,27.7,-1.423,50.8
Trinidad and Tobago,TTO,Latin America & Caribbean,High income,2004,27.3,-1.444,52.8
Trinidad and Tobago,TTO,Latin America & Caribbean,High income,2005,26.9,-1.465,54.9
Trinidad and Tobago,TTO,Latin America & Caribbean,High income,2006,26.5,-1.487,54.9
Trinidad and Tobago,TTO,Latin America & Caribbean,High income,2007,26.1,-1.509,55.4
Trinidad and Tobago,TTO,Latin America & Caribbean,High income,2008,25.7,-1.533,55.9
Trinidad and Tobago,TTO,Latin America & Caribbean,High income,2009,25.3,-1.556,55.9
Trinidad and Tobago,TTO,Latin America & Caribbean,High income,2010,24.8,-1.976,56.4
Trinidad and Tobago,TTO,Latin America & Caribbean,High income,2011,24.4,-1.613,56.4
Trinidad and Tobago,TTO,Latin America & Caribbean,High income,2012,23.9,-2.049,56.9
Trinidad and Tobago,TTO,Latin America & Caribbean,High income,2013,23.5,-1.674,58.5
Trinidad and Tobago,TTO,Latin America & Caribbean,High income,2014,23.1,-1.702,59
Trinidad and Tobago,TTO,Latin America & Caribbean,High income,2015,22.7,-1.732,59.5
Trinidad and Tobago,TTO,Latin America & Caribbean,High income,2016,22.3,-1.762,60
Trinidad and Tobago,TTO,Latin America & Caribbean,High income,2017,22,-1.345,59
Trinidad and Tobago,TTO,Latin America & Caribbean,High income,2018,21.6,-1.818,59
Trinidad and Tobago,TTO,Latin America & Caribbean,High income,2019,21.2,-1.852,59
Trinidad and Tobago,TTO,Latin America & Caribbean,High income,2020,20.8,-1.887,59.5
Trinidad and Tobago,TTO,Latin America & Caribbean,High income,2021,20.4,-1.923,60.5
Trinidad and Tobago,TTO,Latin America & Caribbean,High income,2022,19.9,-2.451,61
Trinidad and Tobago,TTO,Latin America & Caribbean,High income,2023,19.3,-3.015,60.5
Tunisia,TUN,"Middle East, North Africa, Afghanistan & Pakistan",Lower middle income,2002,25.5,,46.2
Tunisia,TUN,"Middle East, North Africa, Afghanistan & Pakistan",Lower middle income,2003,24,-5.882,46.7
Tunisia,TUN,"Middle East, North Africa, Afghanistan & Pakistan",Lower middle income,2004,22.7,-5.417,43.6
Tunisia,TUN,"Middle East, North Africa, Afghanistan & Pakistan",Lower middle income,2005,21.6,-4.846,43.1
Tunisia,TUN,"Middle East, North Africa, Afghanistan & Pakistan",Lower middle income,2006,20.7,-4.167,43.1
Tunisia,TUN,"Middle East, North Africa, Afghanistan & Pakistan",Lower middle income,2007,20,-3.382,43.1
Tunisia,TUN,"Middle East, North Africa, Afghanistan & Pakistan",Lower middle income,2008,19.4,-3,44.1
Tunisia,TUN,"Middle East, North Africa, Afghanistan & Pakistan",Lower middle income,2009,19,-2.062,43.6
Tunisia,TUN,"Middle East, North Africa, Afghanistan & Pakistan",Lower middle income,2010,18.7,-1.579,43.6
Tunisia,TUN,"Middle East, North Africa, Afghanistan & Pakistan",Lower middle income,2011,18.5,-1.07,47.2
Tunisia,TUN,"Middle East, North Africa, Afghanistan & Pakistan",Lower middle income,2012,18.4,-0.541,48.2
Tunisia,TUN,"Middle East, North Africa, Afghanistan & Pakistan",Lower middle income,2013,18.3,-0.543,48.7
Tunisia,TUN,"Middle East, North Africa, Afghanistan & Pakistan",Lower middle income,2014,18.3,0,48.7
Tunisia,TUN,"Middle East, North Africa, Afghanistan & Pakistan",Lower middle income,2015,18.2,-0.546,49.7
Tunisia,TUN,"Middle East, North Africa, Afghanistan & Pakistan",Lower middle income,2016,18.1,-0.549,50.8
Tunisia,TUN,"Middle East, North Africa, Afghanistan & Pakistan",Lower middle income,2017,17.9,-1.105,51.8
Tunisia,TUN,"Middle East, North Africa, Afghanistan & Pakistan",Lower middle income,2018,17.5,-2.235,51.3
Tunisia,TUN,"Middle East, North Africa, Afghanistan & Pakistan",Lower middle income,2019,16.9,-3.429,50.8
Tunisia,TUN,"Middle East, North Africa, Afghanistan & Pakistan",Lower middle income,2020,16,-5.325,51.3
Tunisia,TUN,"Middle East, North Africa, Afghanistan & Pakistan",Lower middle income,2021,15,-6.25,49.2
Tunisia,TUN,"Middle East, North Africa, Afghanistan & Pakistan",Lower middle income,2022,13.9,-7.333,46.2
Tunisia,TUN,"Middle East, North Africa, Afghanistan & Pakistan",Lower middle income,2023,12.9,-7.194,43.1
Turkiye,TUR,Europe & Central Asia,Upper middle income,2002,32,,54.9
Turkiye,TUR,Europe & Central Asia,Upper middle income,2003,29.6,-7.5,54.4
Turkiye,TUR,Europe & Central Asia,Upper middle income,2004,27.4,-7.432,53.3
Turkiye,TUR,Europe & Central Asia,Upper middle income,2005,25.3,-7.664,51.8
Turkiye,TUR,Europe & Central Asia,Upper middle income,2006,23.5,-7.115,50.8
Turkiye,TUR,Europe & Central Asia,Upper middle income,2007,21.8,-7.234,49.2
Turkiye,TUR,Europe & Central Asia,Upper middle income,2008,20.3,-6.881,47.7
Turkiye,TUR,Europe & Central Asia,Upper middle income,2009,18.9,-6.897,43.1
Turkiye,TUR,Europe & Central Asia,Upper middle income,2010,17.6,-6.878,41.5
Turkiye,TUR,Europe & Central Asia,Upper middle income,2011,16.6,-5.682,40.5
Turkiye,TUR,Europe & Central Asia,Upper middle income,2012,15.6,-6.024,39.5
Turkiye,TUR,Europe & Central Asia,Upper middle income,2013,14.7,-5.769,39.5
Turkiye,TUR,Europe & Central Asia,Upper middle income,2014,14,-4.762,38.5
Turkiye,TUR,Europe & Central Asia,Upper middle income,2015,13.3,-5,37.9
Turkiye,TUR,Europe & Central Asia,Upper middle income,2016,12.7,-4.511,37.4
Turkiye,TUR,Europe & Central Asia,Upper middle income,2017,12.2,-3.937,37.4
Turkiye,TUR,Europe & Central Asia,Upper middle income,2018,11.7,-4.098,36.9
Turkiye,TUR,Europe & Central Asia,Upper middle income,2019,11.3,-3.419,37.4
Turkiye,TUR,Europe & Central Asia,Upper middle income,2020,10.9,-3.54,37.4
Turkiye,TUR,Europe & Central Asia,Upper middle income,2021,10.6,-2.752,37.4
Turkiye,TUR,Europe & Central Asia,Upper middle income,2022,10.2,-3.774,36.9
Turkiye,TUR,Europe & Central Asia,Upper middle income,2023,13.8,35.294,46.7
Turkmenistan,TKM,Europe & Central Asia,Upper middle income,2002,61.9,,67.2
Turkmenistan,TKM,Europe & Central Asia,Upper middle income,2003,58.6,-5.331,68.2
Turkmenistan,TKM,Europe & Central Asia,Upper middle income,2004,55.4,-5.461,68.7
Turkmenistan,TKM,Europe & Central Asia,Upper middle income,2005,52.6,-5.054,69.2
Turkmenistan,TKM,Europe & Central Asia,Upper middle income,2006,50.1,-4.753,69.2
Turkmenistan,TKM,Europe & Central Asia,Upper middle income,2007,48.1,-3.992,69.7
Turkmenistan,TKM,Europe & Central Asia,Upper middle income,2008,46.4,-3.534,70.3
Turkmenistan,TKM,Europe & Central Asia,Upper middle income,2009,45,-3.017,70.3
Turkmenistan,TKM,Europe & Central Asia,Upper middle income,2010,44,-2.222,70.8
Turkmenistan,TKM,Europe & Central Asia,Upper middle income,2011,43.4,-1.364,70.8
Turkmenistan,TKM,Europe & Central Asia,Upper middle income,2012,42.9,-1.152,70.8
Turkmenistan,TKM,Europe & Central Asia,Upper middle income,2013,42.8,-0.233,72.3
Turkmenistan,TKM,Europe & Central Asia,Upper middle income,2014,42.9,0.234,72.3
Turkmenistan,TKM,Europe & Central Asia,Upper middle income,2015,43.2,0.699,72.3
Turkmenistan,TKM,Europe & Central Asia,Upper middle income,2016,43.5,0.694,73.8
Turkmenistan,TKM,Europe & Central Asia,Upper middle income,2017,43.8,0.69,74.9
Turkmenistan,TKM,Europe & Central Asia,Upper middle income,2018,43.8,0,75.9
Turkmenistan,TKM,Europe & Central Asia,Upper middle income,2019,43.5,-0.685,76.4
Turkmenistan,TKM,Europe & Central Asia,Upper middle income,2020,42.9,-1.379,77.4
Turkmenistan,TKM,Europe & Central Asia,Upper middle income,2021,42.1,-1.865,77.9
Turkmenistan,TKM,Europe & Central Asia,Upper middle income,2022,41.1,-2.375,78.5
Turkmenistan,TKM,Europe & Central Asia,Upper middle income,2023,40.2,-2.19,78.5
Turks and Caicos Islands,TCA,Latin America & Caribbean,High income,2002,10.5,,23.1
Turks and Caicos Islands,TCA,Latin America & Caribbean,High income,2003,9.9,-5.714,22.6
Turks and Caicos Islands,TCA,Latin America & Caribbean,High income,2004,9.4,-5.051,22.1
Turks and Caicos Islands,TCA,Latin America & Caribbean,High income,2005,8.9,-5.319,21.5
Turks and Caicos Islands,TCA,Latin America & Caribbean,High income,2006,8.5,-4.494,21.5
Turks and Caicos Islands,TCA,Latin America & Caribbean,High income,2007,8.1,-4.706,21.5
Turks and Caicos Islands,TCA,Latin America & Caribbean,High income,2008,7.8,-3.704,21.5
Turks and Caicos Islands,TCA,Latin America & Caribbean,High income,2009,7.5,-3.846,21.5
Turks and Caicos Islands,TCA,Latin America & Caribbean,High income,2010,7.3,-2.667,21.5
Turks and Caicos Islands,TCA,Latin America & Caribbean,High income,2011,7,-4.11,21.5
Turks and Caicos Islands,TCA,Latin America & Caribbean,High income,2012,6.8,-2.857,21.5
Turks and Caicos Islands,TCA,Latin America & Caribbean,High income,2013,6.6,-2.941,21
Turks and Caicos Islands,TCA,Latin America & Caribbean,High income,2014,6.4,-3.03,21
Turks and Caicos Islands,TCA,Latin America & Caribbean,High income,2015,6.2,-3.125,20.5
Turks and Caicos Islands,TCA,Latin America & Caribbean,High income,2016,6,-3.226,20
Turks and Caicos Islands,TCA,Latin America & Caribbean,High income,2017,5.8,-3.333,20
Turks and Caicos Islands,TCA,Latin America & Caribbean,High income,2018,5.6,-3.448,20
Turks and Caicos Islands,TCA,Latin America & Caribbean,High income,2019,5.5,-1.786,20
Turks and Caicos Islands,TCA,Latin America & Caribbean,High income,2020,5.3,-3.636,20
Turks and Caicos Islands,TCA,Latin America & Caribbean,High income,2021,5.1,-3.774,19.5
Turks and Caicos Islands,TCA,Latin America & Caribbean,High income,2022,5,-1.961,19.5
Turks and Caicos Islands,TCA,Latin America & Caribbean,High income,2023,4.8,-4,19
Tuvalu,TUV,East Asia & Pacific,Upper middle income,2002,40.8,,61
Tuvalu,TUV,East Asia & Pacific,Upper middle income,2003,40,-1.961,62.1
Tuvalu,TUV,East Asia & Pacific,Upper middle income,2004,39.1,-2.25,62.6
Tuvalu,TUV,East Asia & Pacific,Upper middle income,2005,38.1,-2.558,62.6
Tuvalu,TUV,East Asia & Pacific,Upper middle income,2006,36.9,-3.15,62.6
Tuvalu,TUV,East Asia & Pacific,Upper middle income,2007,35.6,-3.523,62.6
Tuvalu,TUV,East Asia & Pacific,Upper middle income,2008,34.2,-3.933,62.6
Tuvalu,TUV,East Asia & Pacific,Upper middle income,2009,32.8,-4.094,63.1
Tuvalu,TUV,East Asia & Pacific,Upper middle income,2010,31.4,-4.268,63.6
Tuvalu,TUV,East Asia & Pacific,Upper middle income,2011,30.2,-3.822,63.6
Tuvalu,TUV,East Asia & Pacific,Upper middle income,2012,29,-3.974,63.1
Tuvalu,TUV,East Asia & Pacific,Upper middle income,2013,28,-3.448,63.1
Tuvalu,TUV,East Asia & Pacific,Upper middle income,2014,26.9,-3.929,62.1
Tuvalu,TUV,East Asia & Pacific,Upper middle income,2015,26,-3.346,62.1
Tuvalu,TUV,East Asia & Pacific,Upper middle income,2016,25.2,-3.077,63.1
Tuvalu,TUV,East Asia & Pacific,Upper middle income,2017,24.3,-3.571,63.1
Tuvalu,TUV,East Asia & Pacific,Upper middle income,2018,23.5,-3.292,61
Tuvalu,TUV,East Asia & Pacific,Upper middle income,2019,22.7,-3.404,60
Tuvalu,TUV,East Asia & Pacific,Upper middle income,2020,21.9,-3.524,62.1
Tuvalu,TUV,East Asia & Pacific,Upper middle income,2021,21.2,-3.196,62.6
Tuvalu,TUV,East Asia & Pacific,Upper middle income,2022,20.5,-3.302,62.1
Tuvalu,TUV,East Asia & Pacific,Upper middle income,2023,19.8,-3.415,61
Uganda,UGA,Sub-Saharan Africa,Low income,2002,129.9,,88.7
Uganda,UGA,Sub-Saharan Africa,Low income,2003,122.1,-6.005,88.2
Uganda,UGA,Sub-Saharan Africa,Low income,2004,114.2,-6.47,87.7
Uganda,UGA,Sub-Saharan Africa,Low income,2005,106.5,-6.743,87.2
Uganda,UGA,Sub-Saharan Africa,Low income,2006,99.2,-6.854,86.7
Uganda,UGA,Sub-Saharan Africa,Low income,2007,92.5,-6.754,86.7
Uganda,UGA,Sub-Saharan Africa,Low income,2008,86.4,-6.595,85.1
Uganda,UGA,Sub-Saharan Africa,Low income,2009,81.2,-6.019,85.6
Uganda,UGA,Sub-Saharan Africa,Low income,2010,76,-6.404,85.1
Uganda,UGA,Sub-Saharan Africa,Low income,2011,70.9,-6.711,84.1
Uganda,UGA,Sub-Saharan Africa,Low income,2012,66.5,-6.206,83.1
Uganda,UGA,Sub-Saharan Africa,Low income,2013,62.8,-5.564,83.1
Uganda,UGA,Sub-Saharan Africa,Low income,2014,60.2,-4.14,83.6
Uganda,UGA,Sub-Saharan Africa,Low income,2015,57.9,-3.821,82.6
Uganda,UGA,Sub-Saharan Africa,Low income,2016,55.6,-3.972,82.1
Uganda,UGA,Sub-Saharan Africa,Low income,2017,54,-2.878,82.6
Uganda,UGA,Sub-Saharan Africa,Low income,2018,52.7,-2.407,83.1
Uganda,UGA,Sub-Saharan Africa,Low income,2019,51.6,-2.087,82.6
Uganda,UGA,Sub-Saharan Africa,Low income,2020,50.9,-1.357,83.1
Uganda,UGA,Sub-Saharan Africa,Low income,2021,50.2,-1.375,83.1
Uganda,UGA,Sub-Saharan Africa,Low income,2022,50,-0.398,83.1
Uganda,UGA,Sub-Saharan Africa,Low income,2023,49.4,-1.2,84.1
Ukraine,UKR,Europe & Central Asia,Upper middle income,2002,16.6,,33.8
Ukraine,UKR,Europe & Central Asia,Upper middle income,2003,15.8,-4.819,32.8
Ukraine,UKR,Europe & Central Asia,Upper middle income,2004,15.1,-4.43,31.8
Ukraine,UKR,Europe & Central Asia,Upper middle income,2005,14.5,-3.974,31.8
Ukraine,UKR,Europe & Central Asia,Upper middle income,2006,14,-3.448,31.8
Ukraine,UKR,Europe & Central Asia,Upper middle income,2007,13.4,-4.286,31.3
Ukraine,UKR,Europe & Central Asia,Upper middle income,2008,12.9,-3.731,31.3
Ukraine,UKR,Europe & Central Asia,Upper middle income,2009,12.3,-4.651,30.8
Ukraine,UKR,Europe & Central Asia,Upper middle income,2010,11.7,-4.878,30.3
Ukraine,UKR,Europe & Central Asia,Upper middle income,2011,11.2,-4.274,30.3
Ukraine,UKR,Europe & Central Asia,Upper middle income,2012,10.7,-4.464,30.3
Ukraine,UKR,Europe & Central Asia,Upper middle income,2013,10.2,-4.673,29.7
Ukraine,UKR,Europe & Central Asia,Upper middle income,2014,9.8,-3.922,29.7
Ukraine,UKR,Europe & Central Asia,Upper middle income,2015,9.5,-3.061,30.3
Ukraine,UKR,Europe & Central Asia,Upper middle income,2016,9.1,-4.211,30.3
Ukraine,UKR,Europe & Central Asia,Upper middle income,2017,8.9,-2.198,29.7
Ukraine,UKR,Europe & Central Asia,Upper middle income,2018,8.7,-2.247,30.8
Ukraine,UKR,Europe & Central Asia,Upper middle income,2019,8.5,-2.299,30.8
Ukraine,UKR,Europe & Central Asia,Upper middle income,2020,8.4,-1.176,30.8
Ukraine,UKR,Europe & Central Asia,Upper middle income,2021,8.2,-2.381,29.7
Ukraine,UKR,Europe & Central Asia,Upper middle income,2022,8.5,3.659,30.8
Ukraine,UKR,Europe & Central Asia,Upper middle income,2023,8,-5.882,29.2
United Arab Emirates,ARE,"Middle East, North Africa, Afghanistan & Pakistan",High income,2002,10.3,,22.6
United Arab Emirates,ARE,"Middle East, North Africa, Afghanistan & Pakistan",High income,2003,10.2,-0.971,23.6
United Arab Emirates,ARE,"Middle East, North Africa, Afghanistan & Pakistan",High income,2004,10,-1.961,24.1
United Arab Emirates,ARE,"Middle East, North Africa, Afghanistan & Pakistan",High income,2005,9.8,-2,24.1
United Arab Emirates,ARE,"Middle East, North Africa, Afghanistan & Pakistan",High income,2006,9.6,-2.041,24.1
United Arab Emirates,ARE,"Middle East, North Africa, Afghanistan & Pakistan",High income,2007,9.4,-2.083,24.6
United Arab Emirates,ARE,"Middle East, North Africa, Afghanistan & Pakistan",High income,2008,9.2,-2.128,24.6
United Arab Emirates,ARE,"Middle East, North Africa, Afghanistan & Pakistan",High income,2009,9,-2.174,24.6
United Arab Emirates,ARE,"Middle East, North Africa, Afghanistan & Pakistan",High income,2010,8.8,-2.222,25.1
United Arab Emirates,ARE,"Middle East, North Africa, Afghanistan & Pakistan",High income,2011,8.6,-2.273,24.6
United Arab Emirates,ARE,"Middle East, North Africa, Afghanistan & Pakistan",High income,2012,8.4,-2.326,24.6
United Arab Emirates,ARE,"Middle East, North Africa, Afghanistan & Pakistan",High income,2013,8.2,-2.381,24.6
United Arab Emirates,ARE,"Middle East, North Africa, Afghanistan & Pakistan",High income,2014,7.9,-3.659,24.1
United Arab Emirates,ARE,"Middle East, North Africa, Afghanistan & Pakistan",High income,2015,7.6,-3.797,23.6
United Arab Emirates,ARE,"Middle East, North Africa, Afghanistan & Pakistan",High income,2016,7.3,-3.947,23.6
United Arab Emirates,ARE,"Middle East, North Africa, Afghanistan & Pakistan",High income,2017,7,-4.11,24.1
United Arab Emirates,ARE,"Middle East, North Africa, Afghanistan & Pakistan",High income,2018,6.7,-4.286,23.6
United Arab Emirates,ARE,"Middle East, North Africa, Afghanistan & Pakistan",High income,2019,6.3,-5.97,22.6
United Arab Emirates,ARE,"Middle East, North Africa, Afghanistan & Pakistan",High income,2020,5.9,-6.349,21.5
United Arab Emirates,ARE,"Middle East, North Africa, Afghanistan & Pakistan",High income,2021,5.6,-5.085,22.1
United Arab Emirates,ARE,"Middle East, North Africa, Afghanistan & Pakistan",High income,2022,5.3,-5.357,20.5
United Arab Emirates,ARE,"Middle East, North Africa, Afghanistan & Pakistan",High income,2023,5,-5.66,20
United Kingdom,GBR,Europe & Central Asia,High income,2002,6.3,,12.8
United Kingdom,GBR,Europe & Central Asia,High income,2003,6.2,-1.587,13.3
United Kingdom,GBR,Europe & Central Asia,High income,2004,6.1,-1.613,13.8
United Kingdom,GBR,Europe & Central Asia,High income,2005,6,-1.639,14.4
United Kingdom,GBR,Europe & Central Asia,High income,2006,5.9,-1.667,14.4
United Kingdom,GBR,Europe & Central Asia,High income,2007,5.8,-1.695,14.4
United Kingdom,GBR,Europe & Central Asia,High income,2008,5.6,-3.448,14.9
United Kingdom,GBR,Europe & Central Asia,High income,2009,5.4,-3.571,14.9
United Kingdom,GBR,Europe & Central Asia,High income,2010,5.2,-3.704,14.9
United Kingdom,GBR,Europe & Central Asia,High income,2011,5,-3.846,14.9
United Kingdom,GBR,Europe & Central Asia,High income,2012,4.8,-4,14.9
United Kingdom,GBR,Europe & Central Asia,High income,2013,4.6,-4.167,14.9
United Kingdom,GBR,Europe & Central Asia,High income,2014,4.5,-2.174,15.4
United Kingdom,GBR,Europe & Central Asia,High income,2015,4.5,0,15.9
United Kingdom,GBR,Europe & Central Asia,High income,2016,4.4,-2.222,15.9
United Kingdom,GBR,Europe & Central Asia,High income,2017,4.4,0,15.9
United Kingdom,GBR,Europe & Central Asia,High income,2018,4.4,0,17.4
United Kingdom,GBR,Europe & Central Asia,High income,2019,4.4,0,17.4
United Kingdom,GBR,Europe & Central Asia,High income,2020,4.4,0,17.4
United Kingdom,GBR,Europe & Central Asia,High income,2021,4.4,0,17.4
United Kingdom,GBR,Europe & Central Asia,High income,2022,4.5,2.273,18.5
United Kingdom,GBR,Europe & Central Asia,High income,2023,4.6,2.222,17.9
United States,USA,North America,High income,2002,8.2,,17.4
United States,USA,North America,High income,2003,8.1,-1.22,17.4
United States,USA,North America,High income,2004,8.1,0,19.5
United States,USA,North America,High income,2005,8,-1.235,19.5
United States,USA,North America,High income,2006,7.9,-1.25,19.5
United States,USA,North America,High income,2007,7.7,-2.532,20
United States,USA,North America,High income,2008,7.6,-1.299,21
United States,USA,North America,High income,2009,7.5,-1.316,21.5
United States,USA,North America,High income,2010,7.3,-2.667,21.5
United States,USA,North America,High income,2011,7.2,-1.37,22.1
United States,USA,North America,High income,2012,7,-2.778,22.6
United States,USA,North America,High income,2013,6.9,-1.429,23.1
United States,USA,North America,High income,2014,6.8,-1.449,23.1
United States,USA,North America,High income,2015,6.8,0,23.1
United States,USA,North America,High income,2016,6.7,-1.471,22.6
United States,USA,North America,High income,2017,6.6,-1.493,22.6
United States,USA,North America,High income,2018,6.5,-1.515,22.6
United States,USA,North America,High income,2019,6.5,0,23.1
United States,USA,North America,High income,2020,6.5,0,24.1
United States,USA,North America,High income,2021,6.5,0,26.2
United States,USA,North America,High income,2022,6.5,0,26.7
United States,USA,North America,High income,2023,6.5,0,27.2
Uruguay,URY,Latin America & Caribbean,High income,2002,16.2,,32.3
Uruguay,URY,Latin America & Caribbean,High income,2003,15.7,-3.086,32.3
Uruguay,URY,Latin America & Caribbean,High income,2004,15.2,-3.185,32.3
Uruguay,URY,Latin America & Caribbean,High income,2005,14.4,-5.263,31.3
Uruguay,URY,Latin America & Caribbean,High income,2006,13.6,-5.556,30.8
Uruguay,URY,Latin America & Caribbean,High income,2007,12.7,-6.618,30.3
Uruguay,URY,Latin America & Caribbean,High income,2008,11.9,-6.299,29.2
Uruguay,URY,Latin America & Caribbean,High income,2009,11.3,-5.042,29.2
Uruguay,URY,Latin America & Caribbean,High income,2010,10.8,-4.425,28.7
Uruguay,URY,Latin America & Caribbean,High income,2011,10.4,-3.704,28.7
Uruguay,URY,Latin America & Caribbean,High income,2012,10,-3.846,27.7
Uruguay,URY,Latin America & Caribbean,High income,2013,9.7,-3,28.2
Uruguay,URY,Latin America & Caribbean,High income,2014,9.3,-4.124,28.2
Uruguay,URY,Latin America & Caribbean,High income,2015,8.9,-4.301,27.7
Uruguay,URY,Latin America & Caribbean,High income,2016,8.4,-5.618,27.7
Uruguay,URY,Latin America & Caribbean,High income,2017,8,-4.762,27.7
Uruguay,URY,Latin America & Caribbean,High income,2018,7.7,-3.75,27.7
Uruguay,URY,Latin America & Caribbean,High income,2019,7.5,-2.597,28.7
Uruguay,URY,Latin America & Caribbean,High income,2020,7.3,-2.667,28.7
Uruguay,URY,Latin America & Caribbean,High income,2021,7.3,0,28.7
Uruguay,URY,Latin America & Caribbean,High income,2022,7.3,0,28.7
Uruguay,URY,Latin America & Caribbean,High income,2023,7.4,1.37,28.7
Uzbekistan,UZB,Europe & Central Asia,Lower middle income,2002,55,,66.7
Uzbekistan,UZB,Europe & Central Asia,Lower middle income,2003,51.9,-5.636,67.2
Uzbekistan,UZB,Europe & Central Asia,Lower middle income,2004,48.6,-6.358,66.7
Uzbekistan,UZB,Europe & Central Asia,Lower middle income,2005,45.2,-6.996,67.2
Uzbekistan,UZB,Europe & Central Asia,Lower middle income,2006,41.9,-7.301,67.2
Uzbekistan,UZB,Europe & Central Asia,Lower middle income,2007,38.6,-7.876,65.6
Uzbekistan,UZB,Europe & Central Asia,Lower middle income,2008,35.5,-8.031,64.6
Uzbekistan,UZB,Europe & Central Asia,Lower middle income,2009,32.6,-8.169,62.6
Uzbekistan,UZB,Europe & Central Asia,Lower middle income,2010,29.8,-8.589,62.1
Uzbekistan,UZB,Europe & Central Asia,Lower middle income,2011,27.3,-8.389,60.5
Uzbekistan,UZB,Europe & Central Asia,Lower middle income,2012,25,-8.425,58.5
Uzbekistan,UZB,Europe & Central Asia,Lower middle income,2013,23,-8,57.4
Uzbekistan,UZB,Europe & Central Asia,Lower middle income,2014,21.3,-7.391,56.4
Uzbekistan,UZB,Europe & Central Asia,Lower middle income,2015,19.7,-7.512,54.9
Uzbekistan,UZB,Europe & Central Asia,Lower middle income,2016,18.4,-6.599,51.8
Uzbekistan,UZB,Europe & Central Asia,Lower middle income,2017,17.3,-5.978,50.3
Uzbekistan,UZB,Europe & Central Asia,Lower middle income,2018,16.4,-5.202,50.3
Uzbekistan,UZB,Europe & Central Asia,Lower middle income,2019,15.7,-4.268,48.7
Uzbekistan,UZB,Europe & Central Asia,Lower middle income,2020,15.1,-3.822,48.2
Uzbekistan,UZB,Europe & Central Asia,Lower middle income,2021,14.6,-3.311,47.2
Uzbekistan,UZB,Europe & Central Asia,Lower middle income,2022,14.1,-3.425,47.2
Uzbekistan,UZB,Europe & Central Asia,Lower middle income,2023,13.7,-2.837,46.2
Vanuatu,VUT,East Asia & Pacific,Lower middle income,2002,25.7,,46.7
Vanuatu,VUT,East Asia & Pacific,Lower middle income,2003,25.3,-1.556,47.2
Vanuatu,VUT,East Asia & Pacific,Lower middle income,2004,25,-1.186,47.7
Vanuatu,VUT,East Asia & Pacific,Lower middle income,2005,24.5,-2,50.8
Vanuatu,VUT,East Asia & Pacific,Lower middle income,2006,24.1,-1.633,51.8
Vanuatu,VUT,East Asia & Pacific,Lower middle income,2007,23.5,-2.49,51.8
Vanuatu,VUT,East Asia & Pacific,Lower middle income,2008,22.7,-3.404,51.8
Vanuatu,VUT,East Asia & Pacific,Lower middle income,2009,21.9,-3.524,51.3
Vanuatu,VUT,East Asia & Pacific,Lower middle income,2010,21.1,-3.653,52.3
Vanuatu,VUT,East Asia & Pacific,Lower middle income,2011,20.3,-3.791,51.8
Vanuatu,VUT,East Asia & Pacific,Lower middle income,2012,19.7,-2.956,51.3
Vanuatu,VUT,East Asia & Pacific,Lower middle income,2013,19.2,-2.538,51.3
Vanuatu,VUT,East Asia & Pacific,Lower middle income,2014,18.8,-2.083,50.8
Vanuatu,VUT,East Asia & Pacific,Lower middle income,2015,18.6,-1.064,51.3
Vanuatu,VUT,East Asia & Pacific,Lower middle income,2016,18.4,-1.075,51.8
Vanuatu,VUT,East Asia & Pacific,Lower middle income,2017,18.3,-0.543,52.8
Vanuatu,VUT,East Asia & Pacific,Lower middle income,2018,18.2,-0.546,52.3
Vanuatu,VUT,East Asia & Pacific,Lower middle income,2019,18.1,-0.549,52.8
Vanuatu,VUT,East Asia & Pacific,Lower middle income,2020,18.1,0,55.4
Vanuatu,VUT,East Asia & Pacific,Lower middle income,2021,18,-0.552,56.4
Vanuatu,VUT,East Asia & Pacific,Lower middle income,2022,17.8,-1.111,57.4
Vanuatu,VUT,East Asia & Pacific,Lower middle income,2023,17.5,-1.685,55.4
"Venezuela, RB",VEN,Latin America & Caribbean,Lower middle income,2002,20.3,,40
"Venezuela, RB",VEN,Latin America & Caribbean,Lower middle income,2003,19.8,-2.463,39
"Venezuela, RB",VEN,Latin America & Caribbean,Lower middle income,2004,19.2,-3.03,38.5
"Venezuela, RB",VEN,Latin America & Caribbean,Lower middle income,2005,18.5,-3.646,37.9
"Venezuela, RB",VEN,Latin America & Caribbean,Lower middle income,2006,17.9,-3.243,37.9
"Venezuela, RB",VEN,Latin America & Caribbean,Lower middle income,2007,17.4,-2.793,38.5
"Venezuela, RB",VEN,Latin America & Caribbean,Lower middle income,2008,17.2,-1.149,39.5
"Venezuela, RB",VEN,Latin America & Caribbean,Lower middle income,2009,17.1,-0.581,39
"Venezuela, RB",VEN,Latin America & Caribbean,Lower middle income,2010,17.2,0.585,41
"Venezuela, RB",VEN,Latin America & Caribbean,Lower middle income,2011,17.4,1.163,41
"Venezuela, RB",VEN,Latin America & Caribbean,Lower middle income,2012,17.6,1.149,45.6
"Venezuela, RB",VEN,Latin America & Caribbean,Lower middle income,2013,17.9,1.705,48.2
"Venezuela, RB",VEN,Latin America & Caribbean,Lower middle income,2014,18.3,2.235,48.7
"Venezuela, RB",VEN,Latin America & Caribbean,Lower middle income,2015,19.1,4.372,52.8
"Venezuela, RB",VEN,Latin America & Caribbean,Lower middle income,2016,24.2,26.702,60.5
"Venezuela, RB",VEN,Latin America & Caribbean,Lower middle income,2017,24.2,0,62.6
"Venezuela, RB",VEN,Latin America & Caribbean,Lower middle income,2018,24.2,0,63.6
"Venezuela, RB",VEN,Latin America & Caribbean,Lower middle income,2019,24.2,0,63.6
"Venezuela, RB",VEN,Latin America & Caribbean,Lower middle income,2020,24.2,0,65.1
"Venezuela, RB",VEN,Latin America & Caribbean,Lower middle income,2021,24.2,0,66.2
"Venezuela, RB",VEN,Latin America & Caribbean,Lower middle income,2022,24.2,0,66.7
"Venezuela, RB",VEN,Latin America & Caribbean,Lower middle income,2023,24.2,0,65.6
Viet Nam,VNM,East Asia & Pacific,Upper middle income,2002,27.9,,49.2
Viet Nam,VNM,East Asia & Pacific,Upper middle income,2003,26.9,-3.584,49.2
Viet Nam,VNM,East Asia & Pacific,Upper middle income,2004,26.1,-2.974,49.7
Viet Nam,VNM,East Asia & Pacific,Upper middle income,2005,25.4,-2.682,52.3
Viet Nam,VNM,East Asia & Pacific,Upper middle income,2006,24.8,-2.362,52.8
Viet Nam,VNM,East Asia & Pacific,Upper middle income,2007,24.3,-2.016,53.3
Viet Nam,VNM,East Asia & Pacific,Upper middle income,2008,23.8,-2.058,54.4
Viet Nam,VNM,East Asia & Pacific,Upper middle income,2009,23.4,-1.681,53.8
Viet Nam,VNM,East Asia & Pacific,Upper middle income,2010,23.1,-1.282,54.4
Viet Nam,VNM,East Asia & Pacific,Upper middle income,2011,22.8,-1.299,55.4
Viet Nam,VNM,East Asia & Pacific,Upper middle income,2012,22.5,-1.316,54.9
Viet Nam,VNM,East Asia & Pacific,Upper middle income,2013,22.3,-0.889,56.4
Viet Nam,VNM,East Asia & Pacific,Upper middle income,2014,22,-1.345,57.4
Viet Nam,VNM,East Asia & Pacific,Upper middle income,2015,21.6,-1.818,57.9
Viet Nam,VNM,East Asia & Pacific,Upper middle income,2016,21.3,-1.389,57.4
Viet Nam,VNM,East Asia & Pacific,Upper middle income,2017,20.9,-1.878,58.5
Viet Nam,VNM,East Asia & Pacific,Upper middle income,2018,20.5,-1.914,58.5
Viet Nam,VNM,East Asia & Pacific,Upper middle income,2019,20,-2.439,57.4
Viet Nam,VNM,East Asia & Pacific,Upper middle income,2020,19.5,-2.5,59
Viet Nam,VNM,East Asia & Pacific,Upper middle income,2021,18.9,-3.077,59
Viet Nam,VNM,East Asia & Pacific,Upper middle income,2022,18.4,-2.646,57.9
Viet Nam,VNM,East Asia & Pacific,Upper middle income,2023,17.8,-3.261,56.4
West Bank and Gaza,PSE,"Middle East, North Africa, Afghanistan & Pakistan",Lower middle income,2002,28.5,,50.3
West Bank and Gaza,PSE,"Middle East, North Africa, Afghanistan & Pakistan",Lower middle income,2003,27.7,-2.807,50.8
West Bank and Gaza,PSE,"Middle East, North Africa, Afghanistan & Pakistan",Lower middle income,2004,26.8,-3.249,51.3
West Bank and Gaza,PSE,"Middle East, North Africa, Afghanistan & Pakistan",Lower middle income,2005,26,-2.985,52.8
West Bank and Gaza,PSE,"Middle East, North Africa, Afghanistan & Pakistan",Lower middle income,2006,25.1,-3.462,53.8
West Bank and Gaza,PSE,"Middle East, North Africa, Afghanistan & Pakistan",Lower middle income,2007,24.3,-3.187,53.3
West Bank and Gaza,PSE,"Middle East, North Africa, Afghanistan & Pakistan",Lower middle income,2008,23.5,-3.292,52.8
West Bank and Gaza,PSE,"Middle East, North Africa, Afghanistan & Pakistan",Lower middle income,2009,22.7,-3.404,52.8
West Bank and Gaza,PSE,"Middle East, North Africa, Afghanistan & Pakistan",Lower middle income,2010,21.9,-3.524,53.3
West Bank and Gaza,PSE,"Middle East, North Africa, Afghanistan & Pakistan",Lower middle income,2011,21.1,-3.653,52.8
West Bank and Gaza,PSE,"Middle East, North Africa, Afghanistan & Pakistan",Lower middle income,2012,20.3,-3.791,52.8
West Bank and Gaza,PSE,"Middle East, North Africa, Afghanistan & Pakistan",Lower middle income,2013,19.6,-3.448,52.8
West Bank and Gaza,PSE,"Middle East, North Africa, Afghanistan & Pakistan",Lower middle income,2014,21.9,11.735,56.9
West Bank and Gaza,PSE,"Middle East, North Africa, Afghanistan & Pakistan",Lower middle income,2015,18.2,-16.895,49.7
West Bank and Gaza,PSE,"Middle East, North Africa, Afghanistan & Pakistan",Lower middle income,2016,17.5,-3.846,49.2
West Bank and Gaza,PSE,"Middle East, North Africa, Afghanistan & Pakistan",Lower middle income,2017,16.9,-3.429,49.7
West Bank and Gaza,PSE,"Middle East, North Africa, Afghanistan & Pakistan",Lower middle income,2018,16.3,-3.55,49.2
West Bank and Gaza,PSE,"Middle East, North Africa, Afghanistan & Pakistan",Lower middle income,2019,15.7,-3.681,48.7
West Bank and Gaza,PSE,"Middle East, North Africa, Afghanistan & Pakistan",Lower middle income,2020,15.2,-3.185,49.2
West Bank and Gaza,PSE,"Middle East, North Africa, Afghanistan & Pakistan",Lower middle income,2021,14.6,-3.947,47.2
West Bank and Gaza,PSE,"Middle East, North Africa, Afghanistan & Pakistan",Lower middle income,2022,14.1,-3.425,47.2
West Bank and Gaza,PSE,"Middle East, North Africa, Afghanistan & Pakistan",Lower middle income,2023,41.9,197.163,81
"Yemen, Rep.",YEM,"Middle East, North Africa, Afghanistan & Pakistan",Low income,2002,83.5,,75.4
"Yemen, Rep.",YEM,"Middle East, North Africa, Afghanistan & Pakistan",Low income,2003,79,-5.389,75.9
"Yemen, Rep.",YEM,"Middle East, North Africa, Afghanistan & Pakistan",Low income,2004,74.7,-5.443,75.4
"Yemen, Rep.",YEM,"Middle East, North Africa, Afghanistan & Pakistan",Low income,2005,70.6,-5.489,74.9
"Yemen, Rep.",YEM,"Middle East, North Africa, Afghanistan & Pakistan",Low income,2006,66.9,-5.241,76.4
"Yemen, Rep.",YEM,"Middle East, North Africa, Afghanistan & Pakistan",Low income,2007,63.4,-5.232,75.9
"Yemen, Rep.",YEM,"Middle East, North Africa, Afghanistan & Pakistan",Low income,2008,60.2,-5.047,75.4
"Yemen, Rep.",YEM,"Middle East, North Africa, Afghanistan & Pakistan",Low income,2009,57.5,-4.485,75.4
"Yemen, Rep.",YEM,"Middle East, North Africa, Afghanistan & Pakistan",Low income,2010,55,-4.348,74.4
"Yemen, Rep.",YEM,"Middle East, North Africa, Afghanistan & Pakistan",Low income,2011,53.1,-3.455,74.4
"Yemen, Rep.",YEM,"Middle East, North Africa, Afghanistan & Pakistan",Low income,2012,51.6,-2.825,74.4
"Yemen, Rep.",YEM,"Middle East, North Africa, Afghanistan & Pakistan",Low income,2013,49.6,-3.876,74.9
"Yemen, Rep.",YEM,"Middle East, North Africa, Afghanistan & Pakistan",Low income,2014,48.7,-1.815,75.4
"Yemen, Rep.",YEM,"Middle East, North Africa, Afghanistan & Pakistan",Low income,2015,49.3,1.232,77.4
"Yemen, Rep.",YEM,"Middle East, North Africa, Afghanistan & Pakistan",Low income,2016,47.9,-2.84,76.9
"Yemen, Rep.",YEM,"Middle East, North Africa, Afghanistan & Pakistan",Low income,2017,47.5,-0.835,77.9
"Yemen, Rep.",YEM,"Middle East, North Africa, Afghanistan & Pakistan",Low income,2018,47.3,-0.421,78.5
"Yemen, Rep.",YEM,"Middle East, North Africa, Afghanistan & Pakistan",Low income,2019,46.1,-2.537,79
"Yemen, Rep.",YEM,"Middle East, North Africa, Afghanistan & Pakistan",Low income,2020,43.4,-5.857,77.9
"Yemen, Rep.",YEM,"Middle East, North Africa, Afghanistan & Pakistan",Low income,2021,42.6,-1.843,79
"Yemen, Rep.",YEM,"Middle East, North Africa, Afghanistan & Pakistan",Low income,2022,41.1,-3.521,78.5
"Yemen, Rep.",YEM,"Middle East, North Africa, Afghanistan & Pakistan",Low income,2023,39.5,-3.893,77.4
Zambia,ZMB,Sub-Saharan Africa,Lower middle income,2002,132.9,,89.2
Zambia,ZMB,Sub-Saharan Africa,Lower middle income,2003,122.1,-8.126,88.2
Zambia,ZMB,Sub-Saharan Africa,Lower middle income,2004,111.7,-8.518,86.2
Zambia,ZMB,Sub-Saharan Africa,Lower middle income,2005,102.7,-8.057,86.2
Zambia,ZMB,Sub-Saharan Africa,Lower middle income,2006,94.8,-7.692,86.2
Zambia,ZMB,Sub-Saharan Africa,Lower middle income,2007,89.1,-6.013,85.1
Zambia,ZMB,Sub-Saharan Africa,Lower middle income,2008,84.2,-5.499,84.6
Zambia,ZMB,Sub-Saharan Africa,Lower middle income,2009,78.4,-6.888,84.6
Zambia,ZMB,Sub-Saharan Africa,Lower middle income,2010,74.3,-5.23,84.1
Zambia,ZMB,Sub-Saharan Africa,Lower middle income,2011,71.8,-3.365,85.1
Zambia,ZMB,Sub-Saharan Africa,Lower middle income,2012,69.2,-3.621,85.6
Zambia,ZMB,Sub-Saharan Africa,Lower middle income,2013,66,-4.624,85.1
Zambia,ZMB,Sub-Saharan Africa,Lower middle income,2014,62.6,-5.152,85.1
Zambia,ZMB,Sub-Saharan Africa,Lower middle income,2015,60.2,-3.834,84.6
Zambia,ZMB,Sub-Saharan Africa,Lower middle income,2016,57.1,-5.15,83.6
Zambia,ZMB,Sub-Saharan Africa,Lower middle income,2017,55.2,-3.327,83.6
Zambia,ZMB,Sub-Saharan Africa,Lower middle income,2018,54.7,-0.906,83.6
Zambia,ZMB,Sub-Saharan Africa,Lower middle income,2019,53.5,-2.194,83.6
Zambia,ZMB,Sub-Saharan Africa,Lower middle income,2020,52.5,-1.869,84.1
Zambia,ZMB,Sub-Saharan Africa,Lower middle income,2021,50.4,-4,83.6
Zambia,ZMB,Sub-Saharan Africa,Lower middle income,2022,49.5,-1.786,82.6
Zambia,ZMB,Sub-Saharan Africa,Lower middle income,2023,49.1,-0.808,83.1
Zimbabwe,ZWE,Sub-Saharan Africa,Lower middle income,2002,93.8,,79.5
Zimbabwe,ZWE,Sub-Saharan Africa,Lower middle income,2003,91.9,-2.026,81
Zimbabwe,ZWE,Sub-Saharan Africa,Lower middle income,2004,91.2,-0.762,81.5
Zimbabwe,ZWE,Sub-Saharan Africa,Lower middle income,2005,91.6,0.439,83.6
Zimbabwe,ZWE,Sub-Saharan Africa,Lower middle income,2006,87.6,-4.367,84.6
Zimbabwe,ZWE,Sub-Saharan Africa,Lower middle income,2007,90.6,3.425,85.6
Zimbabwe,ZWE,Sub-Saharan Africa,Lower middle income,2008,91.1,0.552,86.7
Zimbabwe,ZWE,Sub-Saharan Africa,Lower middle income,2009,89.8,-1.427,87.7
Zimbabwe,ZWE,Sub-Saharan Africa,Lower middle income,2010,85.2,-5.122,87.7
Zimbabwe,ZWE,Sub-Saharan Africa,Lower middle income,2011,77.2,-9.39,87.2
Zimbabwe,ZWE,Sub-Saharan Africa,Lower middle income,2012,68,-11.917,85.1
Zimbabwe,ZWE,Sub-Saharan Africa,Lower middle income,2013,62.6,-7.941,82.6
Zimbabwe,ZWE,Sub-Saharan Africa,Lower middle income,2014,59.8,-4.473,82.1
Zimbabwe,ZWE,Sub-Saharan Africa,Lower middle income,2015,59.2,-1.003,84.1
Zimbabwe,ZWE,Sub-Saharan Africa,Lower middle income,2016,57.5,-2.872,84.1
Zimbabwe,ZWE,Sub-Saharan Africa,Lower middle income,2017,56.7,-1.391,84.1
Zimbabwe,ZWE,Sub-Saharan Africa,Lower middle income,2018,56.3,-0.705,85.1
Zimbabwe,ZWE,Sub-Saharan Africa,Lower middle income,2019,58.6,4.085,87.2
Zimbabwe,ZWE,Sub-Saharan Africa,Lower middle income,2020,61.7,5.29,88.7
Zimbabwe,ZWE,Sub-Saharan Africa,Lower middle income,2021,62.4,1.135,89.2
Zimbabwe,ZWE,Sub-Saharan Africa,Lower middle income,2022,64,2.564,90.3
Zimbabwe,ZWE,Sub-Saharan Africa,Lower middle income,2023,64.2,0.313,91.3
