country,iso3,region,income_group,year,value,pct_change_yoy,percentile_rank
Afghanistan,AFG,"Middle East, North Africa, Afghanistan & Pakistan",Low income,2002,12.2981002329931,,10.4
Afghanistan,AFG,"Middle East, North Africa, Afghanistan & Pakistan",Low income,2003,13.1007499034299,6.527,10.4
Afghanistan,AFG,"Middle East, North Africa, Afghanistan & Pakistan",Low income,2004,13.9102665546506,6.179,10.4
Afghanistan,AFG,"Middle East, North Africa, Afghanistan & Pakistan",Low income,2005,14.7265543080656,5.868,10.2
Afghanistan,AFG,"Middle East, North Africa, Afghanistan & Pakistan",Low income,2006,15.5424169809884,5.54,10.8
Afghanistan,AFG,"Middle East, North Africa, Afghanistan & Pakistan",Low income,2007,16.6502497184612,7.128,10.8
Afghanistan,AFG,"Middle East, North Africa, Afghanistan & Pakistan",Low income,2008,17.5542943270831,5.43,10.8
Afghanistan,AFG,"Middle East, North Africa, Afghanistan & Pakistan",Low income,2009,18.3897928679237,4.76,11.4
Afghanistan,AFG,"Middle East, North Africa, Afghanistan & Pakistan",Low income,2010,19.2247217350889,4.54,12.1
Afghanistan,AFG,"Middle East, North Africa, Afghanistan & Pakistan",Low income,2011,20.059192393487,4.341,12.1
Afghanistan,AFG,"Middle East, North Africa, Afghanistan & Pakistan",Low income,2012,20.8930797693099,4.157,12.1
Afghanistan,AFG,"Middle East, North Africa, Afghanistan & Pakistan",Low income,2013,21.7263800393035,3.988,12.8
Afghanistan,AFG,"Middle East, North Africa, Afghanistan & Pakistan",Low income,2014,22.5590889812061,3.833,12.8
Afghanistan,AFG,"Middle East, North Africa, Afghanistan & Pakistan",Low income,2015,23.391308180882,3.689,12.8
Afghanistan,AFG,"Middle East, North Africa, Afghanistan & Pakistan",Low income,2016,24.2229225615761,3.555,13.3
Afghanistan,AFG,"Middle East, North Africa, Afghanistan & Pakistan",Low income,2017,25.0551767431801,3.436,14
Afghanistan,AFG,"Middle East, North Africa, Afghanistan & Pakistan",Low income,2018,25.8882133846455,3.325,14.1
Afghanistan,AFG,"Middle East, North Africa, Afghanistan & Pakistan",Low income,2019,26.7218546246806,3.22,14.1
Afghanistan,AFG,"Middle East, North Africa, Afghanistan & Pakistan",Low income,2020,27.5559340461558,3.121,14.1
Afghanistan,AFG,"Middle East, North Africa, Afghanistan & Pakistan",Low income,2021,28.3906801852337,3.029,14.8
Afghanistan,AFG,"Middle East, North Africa, Afghanistan & Pakistan",Low income,2022,29.2258226674089,2.942,14.2
Afghanistan,AFG,"Middle East, North Africa, Afghanistan & Pakistan",Low income,2023,29.9074476538073,2.332,14.9
Albania,ALB,Europe & Central Asia,Upper middle income,2002,48.9847658038123,,35.4
Albania,ALB,Europe & Central Asia,Upper middle income,2003,48.8854426221024,-0.203,35.4
Albania,ALB,Europe & Central Asia,Upper middle income,2004,50.7176784606726,3.748,36.8
Albania,ALB,Europe & Central Asia,Upper middle income,2005,52.5783349862298,3.669,36.1
Albania,ALB,Europe & Central Asia,Upper middle income,2006,54.4670824691318,3.592,37.8
Albania,ALB,Europe & Central Asia,Upper middle income,2007,56.3838429221658,3.519,38.5
Albania,ALB,Europe & Central Asia,Upper middle income,2008,58.3284806792465,3.449,38.5
Albania,ALB,Europe & Central Asia,Upper middle income,2009,60.3009074347169,3.382,38.3
Albania,ALB,Europe & Central Asia,Upper middle income,2010,62.3006301469639,3.316,38.9
Albania,ALB,Europe & Central Asia,Upper middle income,2011,64.3273993668121,3.253,39.6
Albania,ALB,Europe & Central Asia,Upper middle income,2012,66.3808528531398,3.192,40.9
Albania,ALB,Europe & Central Asia,Upper middle income,2013,68.4598318259799,3.132,41.6
Albania,ALB,Europe & Central Asia,Upper middle income,2014,70.5632573542744,3.072,43.6
Albania,ALB,Europe & Central Asia,Upper middle income,2015,70.5919729029531,0.041,43.6
Albania,ALB,Europe & Central Asia,Upper middle income,2016,70.6165067300785,0.035,44
Albania,ALB,Europe & Central Asia,Upper middle income,2017,70.6369407646416,0.029,43.3
Albania,ALB,Europe & Central Asia,Upper middle income,2018,70.6533520520137,0.023,43.6
Albania,ALB,Europe & Central Asia,Upper middle income,2019,70.6658539388464,0.018,43
Albania,ALB,Europe & Central Asia,Upper middle income,2020,70.6745368974531,0.012,44.3
Albania,ALB,Europe & Central Asia,Upper middle income,2021,70.7057962293379,0.044,43.6
Albania,ALB,Europe & Central Asia,Upper middle income,2022,70.7360691418644,0.043,43.2
Albania,ALB,Europe & Central Asia,Upper middle income,2023,70.7653945370075,0.041,43.2
Algeria,DZA,"Middle East, North Africa, Afghanistan & Pakistan",Upper middle income,2002,70.4703556751034,,50.7
Algeria,DZA,"Middle East, North Africa, Afghanistan & Pakistan",Upper middle income,2003,70.9379115421414,0.663,51.4
Algeria,DZA,"Middle East, North Africa, Afghanistan & Pakistan",Upper middle income,2004,71.3913421263485,0.639,50.7
Algeria,DZA,"Middle East, North Africa, Afghanistan & Pakistan",Upper middle income,2005,71.8302157979639,0.615,49.7
Algeria,DZA,"Middle East, North Africa, Afghanistan & Pakistan",Upper middle income,2006,72.2551972244159,0.592,49.3
Algeria,DZA,"Middle East, North Africa, Afghanistan & Pakistan",Upper middle income,2007,72.6658758278784,0.568,48.6
Algeria,DZA,"Middle East, North Africa, Afghanistan & Pakistan",Upper middle income,2008,73.0628868160568,0.546,48
Algeria,DZA,"Middle East, North Africa, Afghanistan & Pakistan",Upper middle income,2009,73.4430887129404,0.52,47.7
Algeria,DZA,"Middle East, North Africa, Afghanistan & Pakistan",Upper middle income,2010,73.8080588022975,0.497,47.7
Algeria,DZA,"Middle East, North Africa, Afghanistan & Pakistan",Upper middle income,2011,74.1574830850598,0.473,47.7
Algeria,DZA,"Middle East, North Africa, Afghanistan & Pakistan",Upper middle income,2012,74.4919930611057,0.451,47.7
Algeria,DZA,"Middle East, North Africa, Afghanistan & Pakistan",Upper middle income,2013,74.8117876947041,0.429,48.3
Algeria,DZA,"Middle East, North Africa, Afghanistan & Pakistan",Upper middle income,2014,75.117657205013,0.409,48.3
Algeria,DZA,"Middle East, North Africa, Afghanistan & Pakistan",Upper middle income,2015,75.4096148173154,0.389,48.3
Algeria,DZA,"Middle East, North Africa, Afghanistan & Pakistan",Upper middle income,2016,74.7814883554356,-0.833,48.7
Algeria,DZA,"Middle East, North Africa, Afghanistan & Pakistan",Upper middle income,2017,74.0682732984959,-0.954,46
Algeria,DZA,"Middle East, North Africa, Afghanistan & Pakistan",Upper middle income,2018,73.3265443892925,-1.001,45.6
Algeria,DZA,"Middle East, North Africa, Afghanistan & Pakistan",Upper middle income,2019,72.2187944509466,-1.511,45
Algeria,DZA,"Middle East, North Africa, Afghanistan & Pakistan",Upper middle income,2020,70.5251643245599,-2.345,43.6
Algeria,DZA,"Middle East, North Africa, Afghanistan & Pakistan",Upper middle income,2021,68.8392411404175,-2.391,39.6
Algeria,DZA,"Middle East, North Africa, Afghanistan & Pakistan",Upper middle income,2022,68.9045097977599,0.095,39.9
Algeria,DZA,"Middle East, North Africa, Afghanistan & Pakistan",Upper middle income,2023,68.9678679715734,0.092,40.5
American Samoa,ASM,East Asia & Pacific,High income,2002,83.268784766113,,62.5
American Samoa,ASM,East Asia & Pacific,High income,2003,83.9520957686603,0.821,63.9
American Samoa,ASM,East Asia & Pacific,High income,2004,84.6377577308808,0.817,64.6
American Samoa,ASM,East Asia & Pacific,High income,2005,85.3257706527744,0.813,63.9
American Samoa,ASM,East Asia & Pacific,High income,2006,86.0161345343412,0.809,64.9
American Samoa,ASM,East Asia & Pacific,High income,2007,86.708849375581,0.805,64.9
American Samoa,ASM,East Asia & Pacific,High income,2008,87.4039151764939,0.802,64.2
American Samoa,ASM,East Asia & Pacific,High income,2009,87.9608770168529,0.637,63.1
American Samoa,ASM,East Asia & Pacific,High income,2010,88.1740151274619,0.242,63.1
American Samoa,ASM,East Asia & Pacific,High income,2011,88.3871532380708,0.242,62.4
American Samoa,ASM,East Asia & Pacific,High income,2012,88.6002913486798,0.241,62.4
American Samoa,ASM,East Asia & Pacific,High income,2013,88.8134294592888,0.241,61.7
American Samoa,ASM,East Asia & Pacific,High income,2014,89.0265675698977,0.24,61.1
American Samoa,ASM,East Asia & Pacific,High income,2015,89.2397056805067,0.239,60.4
American Samoa,ASM,East Asia & Pacific,High income,2016,89.4528437911156,0.239,60
American Samoa,ASM,East Asia & Pacific,High income,2017,89.6659819017246,0.238,59.3
American Samoa,ASM,East Asia & Pacific,High income,2018,89.8791200123336,0.238,59.1
American Samoa,ASM,East Asia & Pacific,High income,2019,90.0922581229425,0.237,59.1
American Samoa,ASM,East Asia & Pacific,High income,2020,90.3053962335515,0.237,59.1
American Samoa,ASM,East Asia & Pacific,High income,2021,90.5185343441605,0.236,60.4
American Samoa,ASM,East Asia & Pacific,High income,2022,90.5383360522023,0.022,60.1
American Samoa,ASM,East Asia & Pacific,High income,2023,90.5383360522023,0,59.5
Andorra,AND,Europe & Central Asia,High income,2002,90.6400007070629,,68.1
Andorra,AND,Europe & Central Asia,High income,2003,90.6400007016197,0,68.1
Andorra,AND,Europe & Central Asia,High income,2004,90.639995696847,0,68.1
Andorra,AND,Europe & Central Asia,High income,2005,90.6400044704915,0,67.3
Andorra,AND,Europe & Central Asia,High income,2006,90.6400011295933,0,67.6
Andorra,AND,Europe & Central Asia,High income,2007,90.6400008952698,0,67.6
Andorra,AND,Europe & Central Asia,High income,2008,90.6400009110499,0,66.9
Andorra,AND,Europe & Central Asia,High income,2009,90.6399974362804,0,66.4
Andorra,AND,Europe & Central Asia,High income,2010,90.6399982263232,0,66.4
Andorra,AND,Europe & Central Asia,High income,2011,90.6400022137299,0,66.4
Andorra,AND,Europe & Central Asia,High income,2012,90.6399984429497,0,65.1
Andorra,AND,Europe & Central Asia,High income,2013,90.6400037430118,0,65.1
Andorra,AND,Europe & Central Asia,High income,2014,90.6400040889424,0,64.4
Andorra,AND,Europe & Central Asia,High income,2015,90.6400009293963,0,63.8
Andorra,AND,Europe & Central Asia,High income,2016,90.6400008909843,0,62.7
Andorra,AND,Europe & Central Asia,High income,2017,90.6400029437508,0,62
Andorra,AND,Europe & Central Asia,High income,2018,90.6400030913695,0,61.7
Andorra,AND,Europe & Central Asia,High income,2019,90.6400044942016,0,61.7
Andorra,AND,Europe & Central Asia,High income,2020,90.6399956656599,0,61.1
Andorra,AND,Europe & Central Asia,High income,2021,90.640004782915,0,61.1
Andorra,AND,Europe & Central Asia,High income,2022,90.6399966597026,0,60.8
Andorra,AND,Europe & Central Asia,High income,2023,90.6400031473536,0,60.8
Armenia,ARM,Europe & Central Asia,Upper middle income,2002,82.8029538867035,,61.8
Armenia,ARM,Europe & Central Asia,Upper middle income,2003,82.8818540646121,0.095,61.8
Armenia,ARM,Europe & Central Asia,Upper middle income,2004,82.9611366722384,0.096,61.1
Armenia,ARM,Europe & Central Asia,Upper middle income,2005,83.040781641149,0.096,59.9
Armenia,ARM,Europe & Central Asia,Upper middle income,2006,83.1208383749804,0.096,59.5
Armenia,ARM,Europe & Central Asia,Upper middle income,2007,83.2012605099858,0.097,59.5
Armenia,ARM,Europe & Central Asia,Upper middle income,2008,83.2820917068001,0.097,59.5
Armenia,ARM,Europe & Central Asia,Upper middle income,2009,83.2159124318697,-0.079,59.1
Armenia,ARM,Europe & Central Asia,Upper middle income,2010,83.1498294127603,-0.079,58.4
Armenia,ARM,Europe & Central Asia,Upper middle income,2011,83.0838480780611,-0.079,55.7
Armenia,ARM,Europe & Central Asia,Upper middle income,2012,83.017966415385,-0.079,55.7
Armenia,ARM,Europe & Central Asia,Upper middle income,2013,82.9525634585465,-0.079,55
Armenia,ARM,Europe & Central Asia,Upper middle income,2014,82.8874967183402,-0.078,55
Armenia,ARM,Europe & Central Asia,Upper middle income,2015,82.8226401766753,-0.078,55
Armenia,ARM,Europe & Central Asia,Upper middle income,2016,82.7578335050178,-0.078,54.7
Armenia,ARM,Europe & Central Asia,Upper middle income,2017,82.6929400833755,-0.078,54
Armenia,ARM,Europe & Central Asia,Upper middle income,2018,82.5794093560548,-0.137,54.4
Armenia,ARM,Europe & Central Asia,Upper middle income,2019,82.4279215145451,-0.183,54.4
Armenia,ARM,Europe & Central Asia,Upper middle income,2020,82.276770987299,-0.183,54.4
Armenia,ARM,Europe & Central Asia,Upper middle income,2021,82.1259828847571,-0.183,53.7
Armenia,ARM,Europe & Central Asia,Upper middle income,2022,82.3560320003641,0.28,53.4
Armenia,ARM,Europe & Central Asia,Upper middle income,2023,82.2144316207364,-0.172,53.4
Austria,AUT,Europe & Central Asia,High income,2002,97.1779414060139,,81.3
Austria,AUT,Europe & Central Asia,High income,2003,97.3306380457431,0.157,81.9
Austria,AUT,Europe & Central Asia,High income,2004,97.4833387555632,0.157,82.6
Austria,AUT,Europe & Central Asia,High income,2005,97.6360362472701,0.157,83
Austria,AUT,Europe & Central Asia,High income,2006,97.7887332443163,0.156,83.1
Austria,AUT,Europe & Central Asia,High income,2007,97.9414315175725,0.156,83.8
Austria,AUT,Europe & Central Asia,High income,2008,98.0941306211425,0.156,84.5
Austria,AUT,Europe & Central Asia,High income,2009,98.24682928657,0.156,84.6
Austria,AUT,Europe & Central Asia,High income,2010,98.3995295373124,0.155,85.2
Austria,AUT,Europe & Central Asia,High income,2011,98.5522309533408,0.155,85.2
Austria,AUT,Europe & Central Asia,High income,2012,98.7049275287129,0.155,85.2
Austria,AUT,Europe & Central Asia,High income,2013,98.857622685021,0.155,86.6
Austria,AUT,Europe & Central Asia,High income,2014,98.9110306048435,0.054,85.9
Austria,AUT,Europe & Central Asia,High income,2015,98.9094260145633,-0.002,85.9
Austria,AUT,Europe & Central Asia,High income,2016,98.9078106962811,-0.002,85.3
Austria,AUT,Europe & Central Asia,High income,2017,98.9061991101429,-0.002,82.7
Austria,AUT,Europe & Central Asia,High income,2018,98.9044771187717,-0.002,82.6
Austria,AUT,Europe & Central Asia,High income,2019,98.9026222434307,-0.002,82.6
Austria,AUT,Europe & Central Asia,High income,2020,98.900639609767,-0.002,80.5
Austria,AUT,Europe & Central Asia,High income,2021,98.8985438866981,-0.002,80.5
Austria,AUT,Europe & Central Asia,High income,2022,98.8963213683601,-0.002,79.1
Austria,AUT,Europe & Central Asia,High income,2023,98.8939971369106,-0.002,79.1
Azerbaijan,AZE,Europe & Central Asia,Upper middle income,2002,49.5378634645588,,36.1
Azerbaijan,AZE,Europe & Central Asia,Upper middle income,2003,49.8970714213176,0.725,36.8
Azerbaijan,AZE,Europe & Central Asia,Upper middle income,2004,50.2550814409505,0.717,36.1
Azerbaijan,AZE,Europe & Central Asia,Upper middle income,2005,50.6113904766859,0.709,35.4
Azerbaijan,AZE,Europe & Central Asia,Upper middle income,2006,50.9665095668969,0.702,34.5
Azerbaijan,AZE,Europe & Central Asia,Upper middle income,2007,51.3209377707004,0.695,33.8
Azerbaijan,AZE,Europe & Central Asia,Upper middle income,2008,51.6736749659237,0.687,33.8
Azerbaijan,AZE,Europe & Central Asia,Upper middle income,2009,52.0252177256322,0.68,32.9
Azerbaijan,AZE,Europe & Central Asia,Upper middle income,2010,52.3834114829109,0.689,31.5
Azerbaijan,AZE,Europe & Central Asia,Upper middle income,2011,52.7476236661804,0.695,31.5
Azerbaijan,AZE,Europe & Central Asia,Upper middle income,2012,53.1177181049527,0.702,31.5
Azerbaijan,AZE,Europe & Central Asia,Upper middle income,2013,53.4940479787568,0.708,31.5
Azerbaijan,AZE,Europe & Central Asia,Upper middle income,2014,53.8759808908443,0.714,31.5
Azerbaijan,AZE,Europe & Central Asia,Upper middle income,2015,54.2633986935659,0.719,30.9
Azerbaijan,AZE,Europe & Central Asia,Upper middle income,2016,54.6561542161898,0.724,31.3
Azerbaijan,AZE,Europe & Central Asia,Upper middle income,2017,55.0541223402745,0.728,31.3
Azerbaijan,AZE,Europe & Central Asia,Upper middle income,2018,55.4571652885698,0.732,30.2
Azerbaijan,AZE,Europe & Central Asia,Upper middle income,2019,55.8646849838944,0.735,30.2
Azerbaijan,AZE,Europe & Central Asia,Upper middle income,2020,56.2770167492285,0.738,30.2
Azerbaijan,AZE,Europe & Central Asia,Upper middle income,2021,56.693113760757,0.739,30.2
Azerbaijan,AZE,Europe & Central Asia,Upper middle income,2022,57.0915389091267,0.703,29.7
Azerbaijan,AZE,Europe & Central Asia,Upper middle income,2023,57.4504580406586,0.629,29.7
Bahrain,BHR,"Middle East, North Africa, Afghanistan & Pakistan",High income,2002,98.7635510369517,,86.1
Bahrain,BHR,"Middle East, North Africa, Afghanistan & Pakistan",High income,2003,98.7976936656734,0.035,86.1
Bahrain,BHR,"Middle East, North Africa, Afghanistan & Pakistan",High income,2004,98.8318348959035,0.035,86.1
Bahrain,BHR,"Middle East, North Africa, Afghanistan & Pakistan",High income,2005,98.8659747276421,0.035,86.4
Bahrain,BHR,"Middle East, North Africa, Afghanistan & Pakistan",High income,2006,98.900113160889,0.035,87.2
Bahrain,BHR,"Middle East, North Africa, Afghanistan & Pakistan",High income,2007,98.9289175107687,0.029,86.5
Bahrain,BHR,"Middle East, North Africa, Afghanistan & Pakistan",High income,2008,98.9269988994157,-0.002,86.5
Bahrain,BHR,"Middle East, North Africa, Afghanistan & Pakistan",High income,2009,98.9250802880628,-0.002,86.6
Bahrain,BHR,"Middle East, North Africa, Afghanistan & Pakistan",High income,2010,98.9231616767098,-0.002,86.6
Bahrain,BHR,"Middle East, North Africa, Afghanistan & Pakistan",High income,2011,98.9212430653569,-0.002,87.2
Bahrain,BHR,"Middle East, North Africa, Afghanistan & Pakistan",High income,2012,98.919324454004,-0.002,87.2
Bahrain,BHR,"Middle East, North Africa, Afghanistan & Pakistan",High income,2013,98.917405842651,-0.002,87.2
Bahrain,BHR,"Middle East, North Africa, Afghanistan & Pakistan",High income,2014,98.9154872312981,-0.002,86.6
Bahrain,BHR,"Middle East, North Africa, Afghanistan & Pakistan",High income,2015,98.9135686199451,-0.002,86.6
Bahrain,BHR,"Middle East, North Africa, Afghanistan & Pakistan",High income,2016,98.9116500085922,-0.002,86
Bahrain,BHR,"Middle East, North Africa, Afghanistan & Pakistan",High income,2017,98.9097313972392,-0.002,83.3
Bahrain,BHR,"Middle East, North Africa, Afghanistan & Pakistan",High income,2018,98.9078127858863,-0.002,83.2
Bahrain,BHR,"Middle East, North Africa, Afghanistan & Pakistan",High income,2019,98.9058941745334,-0.002,83.2
Bahrain,BHR,"Middle East, North Africa, Afghanistan & Pakistan",High income,2020,98.9039755631804,-0.002,81.2
Bahrain,BHR,"Middle East, North Africa, Afghanistan & Pakistan",High income,2021,98.9039755631804,0,81.2
Bahrain,BHR,"Middle East, North Africa, Afghanistan & Pakistan",High income,2022,98.9039755631804,0,79.7
Bahrain,BHR,"Middle East, North Africa, Afghanistan & Pakistan",High income,2023,98.9039755631804,0,79.7
Bangladesh,BGD,South Asia,Lower middle income,2002,55.2936095914009,,39.6
Bangladesh,BGD,South Asia,Lower middle income,2003,55.268682349761,-0.045,39.6
Bangladesh,BGD,South Asia,Lower middle income,2004,55.2403777535328,-0.051,39.6
Bangladesh,BGD,South Asia,Lower middle income,2005,55.2090208115445,-0.057,38.8
Bangladesh,BGD,South Asia,Lower middle income,2006,55.1740477761124,-0.063,38.5
Bangladesh,BGD,South Asia,Lower middle income,2007,55.1355977938881,-0.07,37.2
Bangladesh,BGD,South Asia,Lower middle income,2008,55.093817397815,-0.076,36.5
Bangladesh,BGD,South Asia,Lower middle income,2009,55.048860676336,-0.082,35.6
Bangladesh,BGD,South Asia,Lower middle income,2010,55.0003330600866,-0.088,35.6
Bangladesh,BGD,South Asia,Lower middle income,2011,54.9485696855787,-0.094,34.2
Bangladesh,BGD,South Asia,Lower middle income,2012,55.2966533276478,0.633,32.9
Bangladesh,BGD,South Asia,Lower middle income,2013,55.6606745928765,0.658,32.9
Bangladesh,BGD,South Asia,Lower middle income,2014,56.040232268799,0.682,32.9
Bangladesh,BGD,South Asia,Lower middle income,2015,56.4360346070219,0.706,32.9
Bangladesh,BGD,South Asia,Lower middle income,2016,56.8478479103071,0.73,32.7
Bangladesh,BGD,South Asia,Lower middle income,2017,57.2759974542837,0.753,32.7
Bangladesh,BGD,South Asia,Lower middle income,2018,57.7206212770885,0.776,32.9
Bangladesh,BGD,South Asia,Lower middle income,2019,58.1817087457811,0.799,32.2
Bangladesh,BGD,South Asia,Lower middle income,2020,58.6592547923406,0.821,31.5
Bangladesh,BGD,South Asia,Lower middle income,2021,59.1534191656121,0.842,31.5
Bangladesh,BGD,South Asia,Lower middle income,2022,59.1601050160444,0.011,31.1
Bangladesh,BGD,South Asia,Lower middle income,2023,59.1428021110632,-0.029,31.1
Belarus,BLR,Europe & Central Asia,Upper middle income,2002,82.1970555268658,,61.1
Belarus,BLR,Europe & Central Asia,Upper middle income,2003,82.3247917166493,0.155,61.1
Belarus,BLR,Europe & Central Asia,Upper middle income,2004,83.386099762371,1.289,61.8
Belarus,BLR,Europe & Central Asia,Upper middle income,2005,84.4301400017998,1.252,63.3
Belarus,BLR,Europe & Central Asia,Upper middle income,2006,85.4615062456089,1.222,63.5
Belarus,BLR,Europe & Central Asia,Upper middle income,2007,86.4958523569778,1.21,64.2
Belarus,BLR,Europe & Central Asia,Upper middle income,2008,87.5324486016731,1.198,64.9
Belarus,BLR,Europe & Central Asia,Upper middle income,2009,88.5394572054353,1.15,65.1
Belarus,BLR,Europe & Central Asia,Upper middle income,2010,89.5180217084409,1.105,65.1
Belarus,BLR,Europe & Central Asia,Upper middle income,2011,90.4892977378628,1.085,65.8
Belarus,BLR,Europe & Central Asia,Upper middle income,2012,91.4380467362848,1.048,66.4
Belarus,BLR,Europe & Central Asia,Upper middle income,2013,92.3654900678202,1.014,67.1
Belarus,BLR,Europe & Central Asia,Upper middle income,2014,92.4630578705328,0.106,65.8
Belarus,BLR,Europe & Central Asia,Upper middle income,2015,92.5380888055014,0.081,65.8
Belarus,BLR,Europe & Central Asia,Upper middle income,2016,92.5989487115088,0.066,65.3
Belarus,BLR,Europe & Central Asia,Upper middle income,2017,92.6502971666977,0.055,64
Belarus,BLR,Europe & Central Asia,Upper middle income,2018,92.7051848633101,0.059,63.1
Belarus,BLR,Europe & Central Asia,Upper middle income,2019,92.7745621864769,0.075,63.1
Belarus,BLR,Europe & Central Asia,Upper middle income,2020,92.8444536646282,0.075,63.1
Belarus,BLR,Europe & Central Asia,Upper middle income,2021,92.9130662378659,0.074,63.1
Belarus,BLR,Europe & Central Asia,Upper middle income,2022,92.9817487124775,0.074,62.8
Belarus,BLR,Europe & Central Asia,Upper middle income,2023,93.0457459109011,0.069,62.8
Belgium,BEL,Europe & Central Asia,High income,2002,99.7539400983151,,91.7
Belgium,BEL,Europe & Central Asia,High income,2003,99.753934980427,0,91.7
Belgium,BEL,Europe & Central Asia,High income,2004,99.7539383311245,0,91.7
Belgium,BEL,Europe & Central Asia,High income,2005,99.7539426318408,0,91.8
Belgium,BEL,Europe & Central Asia,High income,2006,99.7539408681583,0,91.9
Belgium,BEL,Europe & Central Asia,High income,2007,99.7539387945227,0,91.9
Belgium,BEL,Europe & Central Asia,High income,2008,99.7539370495517,0,91.9
Belgium,BEL,Europe & Central Asia,High income,2009,99.753939498954,0,91.9
Belgium,BEL,Europe & Central Asia,High income,2010,99.7401516126768,-0.014,91.9
Belgium,BEL,Europe & Central Asia,High income,2011,99.7263646665057,-0.014,91.9
Belgium,BEL,Europe & Central Asia,High income,2012,99.7125788497521,-0.014,91.9
Belgium,BEL,Europe & Central Asia,High income,2013,99.6987896332682,-0.014,91.9
Belgium,BEL,Europe & Central Asia,High income,2014,99.6850059237278,-0.014,91.9
Belgium,BEL,Europe & Central Asia,High income,2015,99.6712131462434,-0.014,91.9
Belgium,BEL,Europe & Central Asia,High income,2016,99.6574264144783,-0.014,91.3
Belgium,BEL,Europe & Central Asia,High income,2017,99.6436452227473,-0.014,90.7
Belgium,BEL,Europe & Central Asia,High income,2018,99.629850517228,-0.014,89.3
Belgium,BEL,Europe & Central Asia,High income,2019,99.6160672547222,-0.014,87.9
Belgium,BEL,Europe & Central Asia,High income,2020,99.6022807755937,-0.014,87.2
Belgium,BEL,Europe & Central Asia,High income,2021,99.5884914136541,-0.014,86.6
Belgium,BEL,Europe & Central Asia,High income,2022,99.5747071525258,-0.014,85.1
Belgium,BEL,Europe & Central Asia,High income,2023,99.5609157233581,-0.014,84.5
Benin,BEN,Sub-Saharan Africa,Lower middle income,2002,14.4318837428151,,11.8
Benin,BEN,Sub-Saharan Africa,Lower middle income,2003,14.5761634152359,1,11.1
Benin,BEN,Sub-Saharan Africa,Lower middle income,2004,14.7209052718531,0.993,11.1
Benin,BEN,Sub-Saharan Africa,Lower middle income,2005,14.8656633388753,0.983,10.9
Benin,BEN,Sub-Saharan Africa,Lower middle income,2006,15.0106596214669,0.975,10.1
Benin,BEN,Sub-Saharan Africa,Lower middle income,2007,15.1561130258688,0.969,9.5
Benin,BEN,Sub-Saharan Africa,Lower middle income,2008,15.3018002385903,0.961,9.5
Benin,BEN,Sub-Saharan Africa,Lower middle income,2009,15.4472801845172,0.951,9.4
Benin,BEN,Sub-Saharan Africa,Lower middle income,2010,15.5929929291529,0.943,9.4
Benin,BEN,Sub-Saharan Africa,Lower middle income,2011,15.738938220873,0.936,9.4
Benin,BEN,Sub-Saharan Africa,Lower middle income,2012,15.8851130365245,0.929,8.7
Benin,BEN,Sub-Saharan Africa,Lower middle income,2013,16.0310769426454,0.919,8.1
Benin,BEN,Sub-Saharan Africa,Lower middle income,2014,16.1783692307569,0.919,6.7
Benin,BEN,Sub-Saharan Africa,Lower middle income,2015,16.3265464367095,0.916,6.7
Benin,BEN,Sub-Saharan Africa,Lower middle income,2016,16.4756055808428,0.913,6.7
Benin,BEN,Sub-Saharan Africa,Lower middle income,2017,16.6255422404154,0.91,6.7
Benin,BEN,Sub-Saharan Africa,Lower middle income,2018,16.7763550923899,0.907,6
Benin,BEN,Sub-Saharan Africa,Lower middle income,2019,16.9280406391786,0.904,6
Benin,BEN,Sub-Saharan Africa,Lower middle income,2020,17.0805949788141,0.901,6
Benin,BEN,Sub-Saharan Africa,Lower middle income,2021,17.2335784921348,0.896,6.7
Benin,BEN,Sub-Saharan Africa,Lower middle income,2022,17.3874262062623,0.893,6.1
Benin,BEN,Sub-Saharan Africa,Lower middle income,2023,17.5419176478121,0.889,6.1
Bhutan,BTN,South Asia,Lower middle income,2002,29.2569458746036,,22.9
Bhutan,BTN,South Asia,Lower middle income,2003,29.663531172319,1.39,22.9
Bhutan,BTN,South Asia,Lower middle income,2004,30.0688102159894,1.366,23.6
Bhutan,BTN,South Asia,Lower middle income,2005,30.4651145866768,1.318,22.4
Bhutan,BTN,South Asia,Lower middle income,2006,30.7944529357188,1.081,22.3
Bhutan,BTN,South Asia,Lower middle income,2007,31.1212972790998,1.061,22.3
Bhutan,BTN,South Asia,Lower middle income,2008,31.4455651682534,1.042,20.9
Bhutan,BTN,South Asia,Lower middle income,2009,31.7667234800423,1.021,20.8
Bhutan,BTN,South Asia,Lower middle income,2010,32.0850118680958,1.002,20.8
Bhutan,BTN,South Asia,Lower middle income,2011,34.8434070303716,8.597,21.5
Bhutan,BTN,South Asia,Lower middle income,2012,37.5892670074526,7.881,22.1
Bhutan,BTN,South Asia,Lower middle income,2013,40.3213572914567,7.268,22.1
Bhutan,BTN,South Asia,Lower middle income,2014,43.7053982606253,8.393,24.2
Bhutan,BTN,South Asia,Lower middle income,2015,47.1015350934665,7.771,26.8
Bhutan,BTN,South Asia,Lower middle income,2016,50.5087051958646,7.234,29.3
Bhutan,BTN,South Asia,Lower middle income,2017,53.9260036672079,6.766,29.3
Bhutan,BTN,South Asia,Lower middle income,2018,57.2682978777114,6.198,32.2
Bhutan,BTN,South Asia,Lower middle income,2019,60.5922274979238,5.804,33.6
Bhutan,BTN,South Asia,Lower middle income,2020,63.6189346951156,4.995,34.9
Bhutan,BTN,South Asia,Lower middle income,2021,66.6162112124998,4.711,38.3
Bhutan,BTN,South Asia,Lower middle income,2022,67.7829420513284,1.751,39.2
Bhutan,BTN,South Asia,Lower middle income,2023,66.6540724749632,-1.665,38.5
Bosnia and Herzegovina,BIH,Europe & Central Asia,Upper middle income,2002,87.6492173879129,,66.7
Bosnia and Herzegovina,BIH,Europe & Central Asia,Upper middle income,2003,87.7378084586504,0.101,66.7
Bosnia and Herzegovina,BIH,Europe & Central Asia,Upper middle income,2004,87.8258612440736,0.1,66
Bosnia and Herzegovina,BIH,Europe & Central Asia,Upper middle income,2005,87.913269042187,0.1,65.3
Bosnia and Herzegovina,BIH,Europe & Central Asia,Upper middle income,2006,88.0000569309723,0.099,65.5
Bosnia and Herzegovina,BIH,Europe & Central Asia,Upper middle income,2007,88.0862946747673,0.098,65.5
Bosnia and Herzegovina,BIH,Europe & Central Asia,Upper middle income,2008,88.1719180366979,0.097,65.5
Bosnia and Herzegovina,BIH,Europe & Central Asia,Upper middle income,2009,88.2569238392629,0.096,63.8
Bosnia and Herzegovina,BIH,Europe & Central Asia,Upper middle income,2010,88.3413118101289,0.096,63.8
Bosnia and Herzegovina,BIH,Europe & Central Asia,Upper middle income,2011,88.4251154791548,0.095,63.1
Bosnia and Herzegovina,BIH,Europe & Central Asia,Upper middle income,2012,88.5083222000788,0.094,61.7
Bosnia and Herzegovina,BIH,Europe & Central Asia,Upper middle income,2013,88.5908813209363,0.093,61.1
Bosnia and Herzegovina,BIH,Europe & Central Asia,Upper middle income,2014,88.672846865724,0.093,60.4
Bosnia and Herzegovina,BIH,Europe & Central Asia,Upper middle income,2015,88.7433093712061,0.079,59.7
Bosnia and Herzegovina,BIH,Europe & Central Asia,Upper middle income,2016,88.7624814191696,0.022,58.7
Bosnia and Herzegovina,BIH,Europe & Central Asia,Upper middle income,2017,88.855712793984,0.105,58
Bosnia and Herzegovina,BIH,Europe & Central Asia,Upper middle income,2018,88.8646201732472,0.01,58.4
Bosnia and Herzegovina,BIH,Europe & Central Asia,Upper middle income,2019,88.7367861218497,-0.144,58.4
Bosnia and Herzegovina,BIH,Europe & Central Asia,Upper middle income,2020,88.1527155382608,-0.658,57.7
Bosnia and Herzegovina,BIH,Europe & Central Asia,Upper middle income,2021,87.5686386459375,-0.663,57
Bosnia and Herzegovina,BIH,Europe & Central Asia,Upper middle income,2022,86.9845581115841,-0.667,55.4
Bosnia and Herzegovina,BIH,Europe & Central Asia,Upper middle income,2023,86.4004716802823,-0.671,54.7
Botswana,BWA,Sub-Saharan Africa,Upper middle income,2002,59.8290724278867,,42.4
Botswana,BWA,Sub-Saharan Africa,Upper middle income,2003,60.0282438819976,0.333,42.4
Botswana,BWA,Sub-Saharan Africa,Upper middle income,2004,60.2264380019223,0.33,43.1
Botswana,BWA,Sub-Saharan Africa,Upper middle income,2005,60.42206636068,0.325,41.5
Botswana,BWA,Sub-Saharan Africa,Upper middle income,2006,61.6906773839498,2.1,41.2
Botswana,BWA,Sub-Saharan Africa,Upper middle income,2007,63.5089703811484,2.947,42.6
Botswana,BWA,Sub-Saharan Africa,Upper middle income,2008,65.3049644557537,2.828,43.9
Botswana,BWA,Sub-Saharan Africa,Upper middle income,2009,67.0731254262303,2.708,43.6
Botswana,BWA,Sub-Saharan Africa,Upper middle income,2010,68.816174318534,2.599,45
Botswana,BWA,Sub-Saharan Africa,Upper middle income,2011,70.5322558065773,2.494,45.6
Botswana,BWA,Sub-Saharan Africa,Upper middle income,2012,70.4469825607601,-0.121,45.6
Botswana,BWA,Sub-Saharan Africa,Upper middle income,2013,69.8754371820694,-0.811,45
Botswana,BWA,Sub-Saharan Africa,Upper middle income,2014,69.3003607315322,-0.823,43
Botswana,BWA,Sub-Saharan Africa,Upper middle income,2015,68.7216153031372,-0.835,41.6
Botswana,BWA,Sub-Saharan Africa,Upper middle income,2016,68.1393048314429,-0.847,41.3
Botswana,BWA,Sub-Saharan Africa,Upper middle income,2017,67.553076738308,-0.86,40.7
Botswana,BWA,Sub-Saharan Africa,Upper middle income,2018,66.9608403591373,-0.877,39.6
Botswana,BWA,Sub-Saharan Africa,Upper middle income,2019,66.3629580239711,-0.893,38.3
Botswana,BWA,Sub-Saharan Africa,Upper middle income,2020,65.7593518676202,-0.91,37.6
Botswana,BWA,Sub-Saharan Africa,Upper middle income,2021,65.1499443959709,-0.927,36.9
Botswana,BWA,Sub-Saharan Africa,Upper middle income,2022,64.5355149117976,-0.943,35.1
Botswana,BWA,Sub-Saharan Africa,Upper middle income,2023,63.9157689150589,-0.96,33.8
Brazil,BRA,Latin America & Caribbean,Upper middle income,2002,76.8492322571614,,56.3
Brazil,BRA,Latin America & Caribbean,Upper middle income,2003,77.3650030496501,0.671,56.3
Brazil,BRA,Latin America & Caribbean,Upper middle income,2004,77.785338760226,0.543,56.9
Brazil,BRA,Latin America & Caribbean,Upper middle income,2005,78.0418944913067,0.33,56.5
Brazil,BRA,Latin America & Caribbean,Upper middle income,2006,78.293431641364,0.322,56.1
Brazil,BRA,Latin America & Caribbean,Upper middle income,2007,78.5400306095711,0.315,55.4
Brazil,BRA,Latin America & Caribbean,Upper middle income,2008,78.7817724970247,0.308,53.4
Brazil,BRA,Latin America & Caribbean,Upper middle income,2009,79.0182471981314,0.3,53
Brazil,BRA,Latin America & Caribbean,Upper middle income,2010,79.2500382762913,0.293,52.3
Brazil,BRA,Latin America & Caribbean,Upper middle income,2011,79.479277019945,0.289,51.7
Brazil,BRA,Latin America & Caribbean,Upper middle income,2012,79.7038711835706,0.283,52.3
Brazil,BRA,Latin America & Caribbean,Upper middle income,2013,80.4663380845948,0.957,53
Brazil,BRA,Latin America & Caribbean,Upper middle income,2014,81.2277724120926,0.946,53.7
Brazil,BRA,Latin America & Caribbean,Upper middle income,2015,81.9877409568831,0.936,54.4
Brazil,BRA,Latin America & Caribbean,Upper middle income,2016,82.7340763563796,0.91,54
Brazil,BRA,Latin America & Caribbean,Upper middle income,2017,83.502874805376,0.929,54.7
Brazil,BRA,Latin America & Caribbean,Upper middle income,2018,84.2578908584448,0.904,55
Brazil,BRA,Latin America & Caribbean,Upper middle income,2019,85.0114840712181,0.894,55
Brazil,BRA,Latin America & Caribbean,Upper middle income,2020,85.7419162623334,0.859,55.7
Brazil,BRA,Latin America & Caribbean,Upper middle income,2021,86.4345900524448,0.808,55.7
Brazil,BRA,Latin America & Caribbean,Upper middle income,2022,87.1246545881346,0.798,56.8
Brazil,BRA,Latin America & Caribbean,Upper middle income,2023,87.9528269411722,0.951,56.8
Bulgaria,BGR,Europe & Central Asia,High income,2002,90.6575778752155,,68.8
Bulgaria,BGR,Europe & Central Asia,High income,2003,91.188706427775,0.586,69.4
Bulgaria,BGR,Europe & Central Asia,High income,2004,91.7200708448634,0.583,69.4
Bulgaria,BGR,Europe & Central Asia,High income,2005,92.2516589688999,0.58,70.1
Bulgaria,BGR,Europe & Central Asia,High income,2006,92.7834809936946,0.576,71.6
Bulgaria,BGR,Europe & Central Asia,High income,2007,93.3155413751078,0.573,71.6
Bulgaria,BGR,Europe & Central Asia,High income,2008,93.8478480753102,0.57,71.6
Bulgaria,BGR,Europe & Central Asia,High income,2009,94.3803877130957,0.567,71.8
Bulgaria,BGR,Europe & Central Asia,High income,2010,94.9131884441698,0.565,71.8
Bulgaria,BGR,Europe & Central Asia,High income,2011,95.4462376719039,0.562,71.8
Bulgaria,BGR,Europe & Central Asia,High income,2012,95.9795754144839,0.559,73.2
Bulgaria,BGR,Europe & Central Asia,High income,2013,96.5132193478484,0.556,73.8
Bulgaria,BGR,Europe & Central Asia,High income,2014,97.0368223392722,0.543,77.2
Bulgaria,BGR,Europe & Central Asia,High income,2015,96.9512288264069,-0.088,75.2
Bulgaria,BGR,Europe & Central Asia,High income,2016,96.8662149670256,-0.088,74.7
Bulgaria,BGR,Europe & Central Asia,High income,2017,96.7818104282446,-0.087,74.7
Bulgaria,BGR,Europe & Central Asia,High income,2018,96.6979700842109,-0.087,71.8
Bulgaria,BGR,Europe & Central Asia,High income,2019,96.614717546999,-0.086,71.1
Bulgaria,BGR,Europe & Central Asia,High income,2020,96.5320516616344,-0.086,69.1
Bulgaria,BGR,Europe & Central Asia,High income,2021,96.4499630852556,-0.085,68.5
Bulgaria,BGR,Europe & Central Asia,High income,2022,96.3684403102427,-0.085,68.2
Bulgaria,BGR,Europe & Central Asia,High income,2023,96.2874915022323,-0.084,68.2
Cambodia,KHM,East Asia & Pacific,Lower middle income,2002,18.0773670224761,,13.9
Cambodia,KHM,East Asia & Pacific,Lower middle income,2003,18.5433950113558,2.578,13.9
Cambodia,KHM,East Asia & Pacific,Lower middle income,2004,19.0098799731296,2.516,15.3
Cambodia,KHM,East Asia & Pacific,Lower middle income,2005,19.4768253834415,2.456,15
Cambodia,KHM,East Asia & Pacific,Lower middle income,2006,19.9438667897233,2.398,14.2
Cambodia,KHM,East Asia & Pacific,Lower middle income,2007,20.4113689161421,2.344,14.2
Cambodia,KHM,East Asia & Pacific,Lower middle income,2008,20.8928104142313,2.359,14.2
Cambodia,KHM,East Asia & Pacific,Lower middle income,2009,21.4476729237885,2.656,14.1
Cambodia,KHM,East Asia & Pacific,Lower middle income,2010,22.0046525227563,2.597,14.1
Cambodia,KHM,East Asia & Pacific,Lower middle income,2011,22.5637573389684,2.541,14.1
Cambodia,KHM,East Asia & Pacific,Lower middle income,2012,23.1249922249663,2.487,13.4
Cambodia,KHM,East Asia & Pacific,Lower middle income,2013,23.6879957096216,2.435,13.4
Cambodia,KHM,East Asia & Pacific,Lower middle income,2014,24.2535087884141,2.387,14.1
Cambodia,KHM,East Asia & Pacific,Lower middle income,2015,24.8211701889101,2.341,14.1
Cambodia,KHM,East Asia & Pacific,Lower middle income,2016,25.3909863829454,2.296,14.7
Cambodia,KHM,East Asia & Pacific,Lower middle income,2017,25.9625945869825,2.251,14.7
Cambodia,KHM,East Asia & Pacific,Lower middle income,2018,26.538211463367,2.217,14.8
Cambodia,KHM,East Asia & Pacific,Lower middle income,2019,27.1174788908032,2.183,14.8
Cambodia,KHM,East Asia & Pacific,Lower middle income,2020,27.7007769523382,2.151,14.8
Cambodia,KHM,East Asia & Pacific,Lower middle income,2021,28.2877495215251,2.119,13.4
Cambodia,KHM,East Asia & Pacific,Lower middle income,2022,28.8787767026893,2.089,12.8
Cambodia,KHM,East Asia & Pacific,Lower middle income,2023,29.4450820333788,1.961,12.8
Canada,CAN,North America,High income,2002,99.0523002569991,,86.8
Canada,CAN,North America,High income,2003,99.0545311020692,0.002,86.8
Canada,CAN,North America,High income,2004,99.056729322475,0.002,86.8
Canada,CAN,North America,High income,2005,98.9443709680993,-0.113,87.1
Canada,CAN,North America,High income,2006,98.8321898369146,-0.113,85.8
Canada,CAN,North America,High income,2007,98.7219081451121,-0.112,85.8
Canada,CAN,North America,High income,2008,98.6110659391952,-0.112,85.8
Canada,CAN,North America,High income,2009,98.4996540146077,-0.113,85.9
Canada,CAN,North America,High income,2010,98.3876982516978,-0.114,84.6
Canada,CAN,North America,High income,2011,98.274899130016,-0.115,83.2
Canada,CAN,North America,High income,2012,98.1599248386033,-0.117,81.2
Canada,CAN,North America,High income,2013,98.0449025123796,-0.117,79.9
Canada,CAN,North America,High income,2014,97.929818567383,-0.117,78.5
Canada,CAN,North America,High income,2015,97.8147000459502,-0.118,77.9
Canada,CAN,North America,High income,2016,97.6995275096697,-0.118,77.3
Canada,CAN,North America,High income,2017,97.5843552449117,-0.118,76
Canada,CAN,North America,High income,2018,97.469158393314,-0.118,75.8
Canada,CAN,North America,High income,2019,97.3538665629744,-0.118,74.5
Canada,CAN,North America,High income,2020,97.2384351929959,-0.119,73.8
Canada,CAN,North America,High income,2021,97.1228097207068,-0.119,72.5
Canada,CAN,North America,High income,2022,97.0069502082357,-0.119,73
Canada,CAN,North America,High income,2023,96.8908033429561,-0.12,73
Central African Republic,CAF,Sub-Saharan Africa,Low income,2002,8.26170334516269,,5.6
Central African Republic,CAF,Sub-Saharan Africa,Low income,2003,8.12778876832464,-1.621,4.9
Central African Republic,CAF,Sub-Saharan Africa,Low income,2004,7.99427523284579,-1.643,4.2
Central African Republic,CAF,Sub-Saharan Africa,Low income,2005,7.8637822393133,-1.632,3.4
Central African Republic,CAF,Sub-Saharan Africa,Low income,2006,7.73617226649934,-1.623,3.4
Central African Republic,CAF,Sub-Saharan Africa,Low income,2007,7.61142951375159,-1.612,3.4
Central African Republic,CAF,Sub-Saharan Africa,Low income,2008,7.48929280681734,-1.605,3.4
Central African Republic,CAF,Sub-Saharan Africa,Low income,2009,7.36962779531818,-1.598,2
Central African Republic,CAF,Sub-Saharan Africa,Low income,2010,7.25241340379626,-1.591,1.3
Central African Republic,CAF,Sub-Saharan Africa,Low income,2011,7.13739941743518,-1.586,0.7
Central African Republic,CAF,Sub-Saharan Africa,Low income,2012,7.02456206889273,-1.581,0.7
Central African Republic,CAF,Sub-Saharan Africa,Low income,2013,6.91376369319154,-1.577,0.7
Central African Republic,CAF,Sub-Saharan Africa,Low income,2014,6.8047619896695,-1.577,0.7
Central African Republic,CAF,Sub-Saharan Africa,Low income,2015,6.6975311719299,-1.576,0.7
Central African Republic,CAF,Sub-Saharan Africa,Low income,2016,6.59203529384105,-1.575,0.7
Central African Republic,CAF,Sub-Saharan Africa,Low income,2017,6.48793738017377,-1.579,0.7
Central African Republic,CAF,Sub-Saharan Africa,Low income,2018,6.38520705088677,-1.583,0.7
Central African Republic,CAF,Sub-Saharan Africa,Low income,2019,6.28371085353374,-1.59,0.7
Central African Republic,CAF,Sub-Saharan Africa,Low income,2020,6.18331831077395,-1.598,0.7
Central African Republic,CAF,Sub-Saharan Africa,Low income,2021,6.08389827753547,-1.608,0
Central African Republic,CAF,Sub-Saharan Africa,Low income,2022,6.12644478356119,0.699,0
Central African Republic,CAF,Sub-Saharan Africa,Low income,2023,6.17097479970169,0.727,0
Chad,TCD,Sub-Saharan Africa,Low income,2002,5.58659692400719,,2.1
Chad,TCD,Sub-Saharan Africa,Low income,2003,5.6178207953109,0.559,1.4
Chad,TCD,Sub-Saharan Africa,Low income,2004,5.64791446914744,0.536,1.4
Chad,TCD,Sub-Saharan Africa,Low income,2005,5.67687941939293,0.513,1.4
Chad,TCD,Sub-Saharan Africa,Low income,2006,5.70471797524554,0.49,0.7
Chad,TCD,Sub-Saharan Africa,Low income,2007,5.73156015408957,0.471,0.7
Chad,TCD,Sub-Saharan Africa,Low income,2008,5.75715080778144,0.446,0
Chad,TCD,Sub-Saharan Africa,Low income,2009,5.78161926382731,0.425,0
Chad,TCD,Sub-Saharan Africa,Low income,2010,5.80736476361868,0.445,0
Chad,TCD,Sub-Saharan Africa,Low income,2011,5.83446357706745,0.467,0
Chad,TCD,Sub-Saharan Africa,Low income,2012,5.86313005659813,0.491,0
Chad,TCD,Sub-Saharan Africa,Low income,2013,5.89331097314809,0.515,0
Chad,TCD,Sub-Saharan Africa,Low income,2014,5.92508768112979,0.539,0
Chad,TCD,Sub-Saharan Africa,Low income,2015,5.95868392455192,0.567,0
Chad,TCD,Sub-Saharan Africa,Low income,2016,5.99418883622066,0.596,0
Chad,TCD,Sub-Saharan Africa,Low income,2017,6.03169374321151,0.626,0
Chad,TCD,Sub-Saharan Africa,Low income,2018,6.07143569515003,0.659,0
Chad,TCD,Sub-Saharan Africa,Low income,2019,6.11336813091425,0.691,0
Chad,TCD,Sub-Saharan Africa,Low income,2020,6.15788323273325,0.728,0
Chad,TCD,Sub-Saharan Africa,Low income,2021,6.20493838010433,0.764,0.7
Chad,TCD,Sub-Saharan Africa,Low income,2022,6.24704876629721,0.679,0.7
Chad,TCD,Sub-Saharan Africa,Low income,2023,6.29229501158022,0.724,0.7
Chile,CHL,Latin America & Caribbean,High income,2002,92.4166283284896,,72.9
Chile,CHL,Latin America & Caribbean,High income,2003,92.7944453651767,0.409,73.6
Chile,CHL,Latin America & Caribbean,High income,2004,93.1736496767815,0.409,73.6
Chile,CHL,Latin America & Caribbean,High income,2005,93.5530488768507,0.407,73.5
Chile,CHL,Latin America & Caribbean,High income,2006,93.9337472994899,0.407,74.3
Chile,CHL,Latin America & Caribbean,High income,2007,94.3150023057386,0.406,74.3
Chile,CHL,Latin America & Caribbean,High income,2008,94.6974323930093,0.405,74.3
Chile,CHL,Latin America & Caribbean,High income,2009,95.0803746962763,0.404,73.8
Chile,CHL,Latin America & Caribbean,High income,2010,95.4638387534034,0.403,73.2
Chile,CHL,Latin America & Caribbean,High income,2011,95.8483430623179,0.403,73.8
Chile,CHL,Latin America & Caribbean,High income,2012,96.2333346354702,0.402,74.5
Chile,CHL,Latin America & Caribbean,High income,2013,96.6190335809213,0.401,74.5
Chile,CHL,Latin America & Caribbean,High income,2014,96.9192034984467,0.311,75.8
Chile,CHL,Latin America & Caribbean,High income,2015,96.9898438113558,0.073,75.8
Chile,CHL,Latin America & Caribbean,High income,2016,97.0602628271532,0.073,75.3
Chile,CHL,Latin America & Caribbean,High income,2017,97.1304772221268,0.072,75.3
Chile,CHL,Latin America & Caribbean,High income,2018,97.200378914491,0.072,75.2
Chile,CHL,Latin America & Caribbean,High income,2019,97.3067044565416,0.109,73.8
Chile,CHL,Latin America & Caribbean,High income,2020,97.4125131422388,0.109,74.5
Chile,CHL,Latin America & Caribbean,High income,2021,97.5177827393904,0.108,75.2
Chile,CHL,Latin America & Caribbean,High income,2022,97.6223377586439,0.107,75
Chile,CHL,Latin America & Caribbean,High income,2023,97.7260945752252,0.106,75
Colombia,COL,Latin America & Caribbean,Upper middle income,2002,68.355018226019,,49.3
Colombia,COL,Latin America & Caribbean,Upper middle income,2003,68.6617342828438,0.449,49.3
Colombia,COL,Latin America & Caribbean,Upper middle income,2004,68.9644269378766,0.441,47.9
Colombia,COL,Latin America & Caribbean,Upper middle income,2005,69.2631201748083,0.433,46.9
Colombia,COL,Latin America & Caribbean,Upper middle income,2006,69.5578487233173,0.426,47.3
Colombia,COL,Latin America & Caribbean,Upper middle income,2007,69.8589567867107,0.433,47.3
Colombia,COL,Latin America & Caribbean,Upper middle income,2008,70.1562972037188,0.426,47.3
Colombia,COL,Latin America & Caribbean,Upper middle income,2009,70.4498859455197,0.418,47
Colombia,COL,Latin America & Caribbean,Upper middle income,2010,70.7393039027595,0.411,47
Colombia,COL,Latin America & Caribbean,Upper middle income,2011,71.0245706637519,0.403,46.3
Colombia,COL,Latin America & Caribbean,Upper middle income,2012,71.3061928280866,0.397,46.3
Colombia,COL,Latin America & Caribbean,Upper middle income,2013,71.5837364884687,0.389,46.3
Colombia,COL,Latin America & Caribbean,Upper middle income,2014,71.857228156969,0.382,45.6
Colombia,COL,Latin America & Caribbean,Upper middle income,2015,72.1271721906119,0.376,44.3
Colombia,COL,Latin America & Caribbean,Upper middle income,2016,72.3935750335875,0.369,44.7
Colombia,COL,Latin America & Caribbean,Upper middle income,2017,72.6560332678719,0.363,44.7
Colombia,COL,Latin America & Caribbean,Upper middle income,2018,72.9145783747935,0.356,44.3
Colombia,COL,Latin America & Caribbean,Upper middle income,2019,73.1692385779865,0.349,45.6
Colombia,COL,Latin America & Caribbean,Upper middle income,2020,73.4205001577422,0.343,45.6
Colombia,COL,Latin America & Caribbean,Upper middle income,2021,73.6679379605927,0.337,45
Colombia,COL,Latin America & Caribbean,Upper middle income,2022,73.9120370386592,0.331,44.6
Colombia,COL,Latin America & Caribbean,Upper middle income,2023,74.1523775311481,0.325,43.9
"Congo, Dem. Rep.",COD,Sub-Saharan Africa,Low income,2002,12.2084266944292,,9.7
"Congo, Dem. Rep.",COD,Sub-Saharan Africa,Low income,2003,12.1982890911194,-0.083,9.7
"Congo, Dem. Rep.",COD,Sub-Saharan Africa,Low income,2004,12.1824019375634,-0.13,9
"Congo, Dem. Rep.",COD,Sub-Saharan Africa,Low income,2005,12.1618649643965,-0.169,8.8
"Congo, Dem. Rep.",COD,Sub-Saharan Africa,Low income,2006,12.1370950807089,-0.204,8.1
"Congo, Dem. Rep.",COD,Sub-Saharan Africa,Low income,2007,12.1078803762611,-0.241,8.1
"Congo, Dem. Rep.",COD,Sub-Saharan Africa,Low income,2008,12.0734082305594,-0.285,7.4
"Congo, Dem. Rep.",COD,Sub-Saharan Africa,Low income,2009,12.0340647206377,-0.326,6.7
"Congo, Dem. Rep.",COD,Sub-Saharan Africa,Low income,2010,11.9890508232579,-0.374,6.7
"Congo, Dem. Rep.",COD,Sub-Saharan Africa,Low income,2011,11.9387257913049,-0.42,6
"Congo, Dem. Rep.",COD,Sub-Saharan Africa,Low income,2012,11.8823062312137,-0.473,4.7
"Congo, Dem. Rep.",COD,Sub-Saharan Africa,Low income,2013,11.8195825997917,-0.528,4.7
"Congo, Dem. Rep.",COD,Sub-Saharan Africa,Low income,2014,11.7506129327268,-0.584,4.7
"Congo, Dem. Rep.",COD,Sub-Saharan Africa,Low income,2015,11.6749054930842,-0.644,3.4
"Congo, Dem. Rep.",COD,Sub-Saharan Africa,Low income,2016,11.592245398216,-0.708,3.3
"Congo, Dem. Rep.",COD,Sub-Saharan Africa,Low income,2017,11.5021642566568,-0.777,3.3
"Congo, Dem. Rep.",COD,Sub-Saharan Africa,Low income,2018,11.4046991363784,-0.847,3.4
"Congo, Dem. Rep.",COD,Sub-Saharan Africa,Low income,2019,11.2993884165581,-0.923,2.7
"Congo, Dem. Rep.",COD,Sub-Saharan Africa,Low income,2020,11.1860219041653,-1.003,2.7
"Congo, Dem. Rep.",COD,Sub-Saharan Africa,Low income,2021,11.3840916155714,1.771,2.7
"Congo, Dem. Rep.",COD,Sub-Saharan Africa,Low income,2022,11.5847367804937,1.763,2.7
"Congo, Dem. Rep.",COD,Sub-Saharan Africa,Low income,2023,11.7282205874387,1.239,2.7
"Congo, Rep.",COG,Sub-Saharan Africa,Lower middle income,2002,28.2507188436398,,20.8
"Congo, Rep.",COG,Sub-Saharan Africa,Lower middle income,2003,28.4439958785319,0.684,20.8
"Congo, Rep.",COG,Sub-Saharan Africa,Lower middle income,2004,29.9970926469849,5.46,22.9
"Congo, Rep.",COG,Sub-Saharan Africa,Lower middle income,2005,31.5719629952775,5.25,23.1
"Congo, Rep.",COG,Sub-Saharan Africa,Lower middle income,2006,33.1683540847855,5.056,23
"Congo, Rep.",COG,Sub-Saharan Africa,Lower middle income,2007,34.7863960123534,4.878,23
"Congo, Rep.",COG,Sub-Saharan Africa,Lower middle income,2008,36.4266831885606,4.715,23
"Congo, Rep.",COG,Sub-Saharan Africa,Lower middle income,2009,38.0890748195505,4.564,22.8
"Congo, Rep.",COG,Sub-Saharan Africa,Lower middle income,2010,39.7738513632921,4.423,22.8
"Congo, Rep.",COG,Sub-Saharan Africa,Lower middle income,2011,41.4800359417116,4.29,23.5
"Congo, Rep.",COG,Sub-Saharan Africa,Lower middle income,2012,42.4718074743635,2.391,24.2
"Congo, Rep.",COG,Sub-Saharan Africa,Lower middle income,2013,43.0059990785023,1.258,24.2
"Congo, Rep.",COG,Sub-Saharan Africa,Lower middle income,2014,43.5403232188879,1.242,23.5
"Congo, Rep.",COG,Sub-Saharan Africa,Lower middle income,2015,44.0745229382792,1.227,23.5
"Congo, Rep.",COG,Sub-Saharan Africa,Lower middle income,2016,44.6083368930544,1.211,24
"Congo, Rep.",COG,Sub-Saharan Africa,Lower middle income,2017,45.1415202823553,1.195,24.7
"Congo, Rep.",COG,Sub-Saharan Africa,Lower middle income,2018,45.3252519683388,0.407,24.8
"Congo, Rep.",COG,Sub-Saharan Africa,Lower middle income,2019,45.5089850575925,0.405,24.8
"Congo, Rep.",COG,Sub-Saharan Africa,Lower middle income,2020,45.6923155747464,0.403,24.8
"Congo, Rep.",COG,Sub-Saharan Africa,Lower middle income,2021,45.8748419970802,0.399,24.2
Costa Rica,CRI,Latin America & Caribbean,High income,2002,77.1898588053626,,56.9
Costa Rica,CRI,Latin America & Caribbean,High income,2003,77.4855743160953,0.383,56.9
Costa Rica,CRI,Latin America & Caribbean,High income,2004,77.7677107865373,0.364,56.3
Costa Rica,CRI,Latin America & Caribbean,High income,2005,78.036247325685,0.345,55.8
Costa Rica,CRI,Latin America & Caribbean,High income,2006,78.2916744536477,0.327,55.4
Costa Rica,CRI,Latin America & Caribbean,High income,2007,78.5341428576419,0.31,54.7
Costa Rica,CRI,Latin America & Caribbean,High income,2008,78.7640359926906,0.293,52.7
Costa Rica,CRI,Latin America & Caribbean,High income,2009,78.9813620194677,0.276,52.3
Costa Rica,CRI,Latin America & Caribbean,High income,2010,79.1867894271423,0.26,51.7
Costa Rica,CRI,Latin America & Caribbean,High income,2011,79.3805198940251,0.245,51
Costa Rica,CRI,Latin America & Caribbean,High income,2012,79.5623207855867,0.229,51.7
Costa Rica,CRI,Latin America & Caribbean,High income,2013,79.7329671076377,0.214,51.7
Costa Rica,CRI,Latin America & Caribbean,High income,2014,79.8932159964358,0.201,50.3
Costa Rica,CRI,Latin America & Caribbean,High income,2015,80.0438509218204,0.189,50.3
Costa Rica,CRI,Latin America & Caribbean,High income,2016,80.1855789065264,0.177,50.7
Costa Rica,CRI,Latin America & Caribbean,High income,2017,80.319082313039,0.166,50.7
Costa Rica,CRI,Latin America & Caribbean,High income,2018,80.4450130998755,0.157,51
Costa Rica,CRI,Latin America & Caribbean,High income,2019,80.5206829817905,0.094,51
Costa Rica,CRI,Latin America & Caribbean,High income,2020,80.5160488913946,-0.006,50.3
Costa Rica,CRI,Latin America & Caribbean,High income,2021,80.51169012131,-0.005,50.3
Costa Rica,CRI,Latin America & Caribbean,High income,2022,80.5075742727012,-0.005,50
Costa Rica,CRI,Latin America & Caribbean,High income,2023,80.5037076075396,-0.005,49.3
Cote d'Ivoire,CIV,Sub-Saharan Africa,Lower middle income,2002,26.3585900409277,,18.8
Cote d'Ivoire,CIV,Sub-Saharan Africa,Lower middle income,2003,26.8582510447453,1.896,18.8
Cote d'Ivoire,CIV,Sub-Saharan Africa,Lower middle income,2004,27.3560820287857,1.854,18.1
Cote d'Ivoire,CIV,Sub-Saharan Africa,Lower middle income,2005,27.851223744983,1.81,17.7
Cote d'Ivoire,CIV,Sub-Saharan Africa,Lower middle income,2006,28.3440940576862,1.77,17.6
Cote d'Ivoire,CIV,Sub-Saharan Africa,Lower middle income,2007,28.8345959025586,1.731,18.2
Cote d'Ivoire,CIV,Sub-Saharan Africa,Lower middle income,2008,29.3226243319058,1.693,18.9
Cote d'Ivoire,CIV,Sub-Saharan Africa,Lower middle income,2009,29.8076450619648,1.654,19.5
Cote d'Ivoire,CIV,Sub-Saharan Africa,Lower middle income,2010,30.2900223956178,1.618,19.5
Cote d'Ivoire,CIV,Sub-Saharan Africa,Lower middle income,2011,30.7696487964197,1.583,19.5
Cote d'Ivoire,CIV,Sub-Saharan Africa,Lower middle income,2012,31.899410503068,3.672,20.1
Cote d'Ivoire,CIV,Sub-Saharan Africa,Lower middle income,2013,33.0374498665528,3.568,20.1
Cote d'Ivoire,CIV,Sub-Saharan Africa,Lower middle income,2014,34.1836861214288,3.47,20.1
Cote d'Ivoire,CIV,Sub-Saharan Africa,Lower middle income,2015,35.3400557938247,3.383,20.8
Cote d'Ivoire,CIV,Sub-Saharan Africa,Lower middle income,2016,36.5061772067666,3.3,20.7
Cote d'Ivoire,CIV,Sub-Saharan Africa,Lower middle income,2017,37.6823190093324,3.222,20.7
Cote d'Ivoire,CIV,Sub-Saharan Africa,Lower middle income,2018,38.2342546419239,1.465,20.8
Cote d'Ivoire,CIV,Sub-Saharan Africa,Lower middle income,2019,38.4404227871287,0.539,20.8
Cote d'Ivoire,CIV,Sub-Saharan Africa,Lower middle income,2020,38.6664529242919,0.588,20.1
Cote d'Ivoire,CIV,Sub-Saharan Africa,Lower middle income,2021,38.9130722009631,0.638,20.1
Cote d'Ivoire,CIV,Sub-Saharan Africa,Lower middle income,2022,37.7410681967297,-3.012,19.6
Cote d'Ivoire,CIV,Sub-Saharan Africa,Lower middle income,2023,36.2481307099891,-3.956,18.2
Croatia,HRV,Europe & Central Asia,High income,2002,85.2808149725129,,65.3
Croatia,HRV,Europe & Central Asia,High income,2003,85.4005329369415,0.14,65.3
Croatia,HRV,Europe & Central Asia,High income,2004,85.5162348663354,0.135,65.3
Croatia,HRV,Europe & Central Asia,High income,2005,85.6313469912276,0.135,64.6
Croatia,HRV,Europe & Central Asia,High income,2006,85.7458623852826,0.134,64.2
Croatia,HRV,Europe & Central Asia,High income,2007,85.8597819320097,0.133,62.8
Croatia,HRV,Europe & Central Asia,High income,2008,85.9731112360454,0.132,62.8
Croatia,HRV,Europe & Central Asia,High income,2009,86.0858481223114,0.131,61.7
Croatia,HRV,Europe & Central Asia,High income,2010,86.1979892363159,0.13,61.7
Croatia,HRV,Europe & Central Asia,High income,2011,86.3093096605383,0.129,60.4
Croatia,HRV,Europe & Central Asia,High income,2012,86.4238871036953,0.133,59.7
Croatia,HRV,Europe & Central Asia,High income,2013,86.5414063204522,0.136,57.7
Croatia,HRV,Europe & Central Asia,High income,2014,86.5901030014101,0.056,57
Croatia,HRV,Europe & Central Asia,High income,2015,86.6421632350238,0.06,57
Croatia,HRV,Europe & Central Asia,High income,2016,86.6978154816841,0.064,56.7
Croatia,HRV,Europe & Central Asia,High income,2017,86.7570648657669,0.068,56.7
Croatia,HRV,Europe & Central Asia,High income,2018,86.8198963472704,0.072,57
Croatia,HRV,Europe & Central Asia,High income,2019,86.8861019385841,0.076,57
Croatia,HRV,Europe & Central Asia,High income,2020,86.9558882035674,0.08,56.4
Croatia,HRV,Europe & Central Asia,High income,2021,87.028826749969,0.084,56.4
Croatia,HRV,Europe & Central Asia,High income,2022,87.1053503801156,0.088,56.1
Croatia,HRV,Europe & Central Asia,High income,2023,87.1852397070888,0.092,56.1
Cyprus,CYP,Europe & Central Asia,High income,2002,96.3177924080775,,78.5
Cyprus,CYP,Europe & Central Asia,High income,2003,96.3142802924164,-0.004,78.5
Cyprus,CYP,Europe & Central Asia,High income,2004,96.5136802774918,0.207,79.2
Cyprus,CYP,Europe & Central Asia,High income,2005,96.7098062817935,0.203,81
Cyprus,CYP,Europe & Central Asia,High income,2006,96.9050172788264,0.202,81.1
Cyprus,CYP,Europe & Central Asia,High income,2007,97.10016747514,0.201,81.1
Cyprus,CYP,Europe & Central Asia,High income,2008,97.2952651427693,0.201,81.1
Cyprus,CYP,Europe & Central Asia,High income,2009,97.4903026292085,0.2,81.2
Cyprus,CYP,Europe & Central Asia,High income,2010,97.6852911529032,0.2,79.9
Cyprus,CYP,Europe & Central Asia,High income,2011,97.880227348176,0.2,79.9
Cyprus,CYP,Europe & Central Asia,High income,2012,98.0751046717901,0.199,79.9
Cyprus,CYP,Europe & Central Asia,High income,2013,98.2699165126514,0.199,81.2
Cyprus,CYP,Europe & Central Asia,High income,2014,98.4646684001904,0.198,82.6
Cyprus,CYP,Europe & Central Asia,High income,2015,98.6593729158753,0.198,83.9
Cyprus,CYP,Europe & Central Asia,High income,2016,98.8540163883847,0.197,84.7
Cyprus,CYP,Europe & Central Asia,High income,2017,99.0486192751046,0.197,84
Cyprus,CYP,Europe & Central Asia,High income,2018,99.2431743853816,0.196,85.9
Cyprus,CYP,Europe & Central Asia,High income,2019,99.4376985580786,0.196,85.9
Cyprus,CYP,Europe & Central Asia,High income,2020,99.6321882993373,0.196,87.9
Cyprus,CYP,Europe & Central Asia,High income,2021,99.737372137771,0.106,89.3
Cyprus,CYP,Europe & Central Asia,High income,2022,99.7292193859115,-0.008,89.2
Cyprus,CYP,Europe & Central Asia,High income,2023,99.7210789435355,-0.008,87.8
Czechia,CZE,Europe & Central Asia,High income,2002,94.9603929233319,,76.4
Czechia,CZE,Europe & Central Asia,High income,2003,95.2230766372257,0.277,76.4
Czechia,CZE,Europe & Central Asia,High income,2004,95.4868173311297,0.277,76.4
Czechia,CZE,Europe & Central Asia,High income,2005,95.7516168420807,0.277,77.6
Czechia,CZE,Europe & Central Asia,High income,2006,96.01747714198,0.278,77.7
Czechia,CZE,Europe & Central Asia,High income,2007,96.2843591808317,0.278,77.7
Czechia,CZE,Europe & Central Asia,High income,2008,96.552345887601,0.278,77.7
Czechia,CZE,Europe & Central Asia,High income,2009,96.8213717992104,0.279,79.2
Czechia,CZE,Europe & Central Asia,High income,2010,97.0914965657722,0.279,79.2
Czechia,CZE,Europe & Central Asia,High income,2011,97.362670224896,0.279,79.2
Czechia,CZE,Europe & Central Asia,High income,2012,97.6355756543746,0.28,79.2
Czechia,CZE,Europe & Central Asia,High income,2013,97.9071084983914,0.278,79.2
Czechia,CZE,Europe & Central Asia,High income,2014,98.1117280972776,0.209,79.2
Czechia,CZE,Europe & Central Asia,High income,2015,98.1442329323917,0.033,78.5
Czechia,CZE,Europe & Central Asia,High income,2016,98.1506848036568,0.007,78
Czechia,CZE,Europe & Central Asia,High income,2017,98.150162822877,-0.001,78.7
Czechia,CZE,Europe & Central Asia,High income,2018,98.1495781995876,-0.001,77.9
Czechia,CZE,Europe & Central Asia,High income,2019,98.1489340249812,-0.001,77.9
Czechia,CZE,Europe & Central Asia,High income,2020,98.1482411807839,-0.001,76.5
Czechia,CZE,Europe & Central Asia,High income,2021,98.1474795784941,-0.001,75.8
Czechia,CZE,Europe & Central Asia,High income,2022,98.1466666539194,-0.001,75.7
Czechia,CZE,Europe & Central Asia,High income,2023,98.1457976100181,-0.001,75.7
Denmark,DNK,Europe & Central Asia,High income,2002,94.6038643541008,,75.7
Denmark,DNK,Europe & Central Asia,High income,2003,94.6038645316863,0,75.7
Denmark,DNK,Europe & Central Asia,High income,2004,94.927057007807,0.342,75.7
Denmark,DNK,Europe & Central Asia,High income,2005,95.2502495483266,0.34,75.5
Denmark,DNK,Europe & Central Asia,High income,2006,95.5734467306803,0.339,76.4
Denmark,DNK,Europe & Central Asia,High income,2007,95.896638929089,0.338,76.4
Denmark,DNK,Europe & Central Asia,High income,2008,96.2198338353112,0.337,76.4
Denmark,DNK,Europe & Central Asia,High income,2009,96.5430289890963,0.336,75.8
Denmark,DNK,Europe & Central Asia,High income,2010,96.8662231774352,0.335,77.9
Denmark,DNK,Europe & Central Asia,High income,2011,97.1894198540281,0.334,78.5
Denmark,DNK,Europe & Central Asia,High income,2012,97.5126213303266,0.333,78.5
Denmark,DNK,Europe & Central Asia,High income,2013,97.8358114903989,0.331,78.5
Denmark,DNK,Europe & Central Asia,High income,2014,98.1590119827748,0.33,79.9
Denmark,DNK,Europe & Central Asia,High income,2015,98.482205812779,0.329,81.9
Denmark,DNK,Europe & Central Asia,High income,2016,98.8053978494573,0.328,84
Denmark,DNK,Europe & Central Asia,High income,2017,99.1285937638004,0.327,85.3
Denmark,DNK,Europe & Central Asia,High income,2018,99.4517911673513,0.326,86.6
Denmark,DNK,Europe & Central Asia,High income,2019,99.7749812472358,0.325,90.6
Denmark,DNK,Europe & Central Asia,High income,2020,99.9188299447384,0.144,93.3
Denmark,DNK,Europe & Central Asia,High income,2021,99.9188284091204,0,92.6
Denmark,DNK,Europe & Central Asia,High income,2022,99.9188313432527,0,92.6
Denmark,DNK,Europe & Central Asia,High income,2023,99.9188250709331,0,91.2
Dominican Republic,DOM,Latin America & Caribbean,Upper middle income,2002,42.3283976195034,,29.2
Dominican Republic,DOM,Latin America & Caribbean,Upper middle income,2003,42.5170831205046,0.446,28.5
Dominican Republic,DOM,Latin America & Caribbean,Upper middle income,2004,42.7242209802434,0.487,27.1
Dominican Republic,DOM,Latin America & Caribbean,Upper middle income,2005,42.924730083772,0.469,26.5
Dominican Republic,DOM,Latin America & Caribbean,Upper middle income,2006,43.1192016536985,0.453,26.4
Dominican Republic,DOM,Latin America & Caribbean,Upper middle income,2007,43.3073461961175,0.436,25.7
Dominican Republic,DOM,Latin America & Caribbean,Upper middle income,2008,43.4892443827553,0.42,26.4
Dominican Republic,DOM,Latin America & Caribbean,Upper middle income,2009,43.6640119171661,0.402,26.2
Dominican Republic,DOM,Latin America & Caribbean,Upper middle income,2010,43.8326055152035,0.386,26.2
Dominican Republic,DOM,Latin America & Caribbean,Upper middle income,2011,43.9823600766955,0.342,25.5
Dominican Republic,DOM,Latin America & Caribbean,Upper middle income,2012,44.1182120498298,0.309,25.5
Dominican Republic,DOM,Latin America & Caribbean,Upper middle income,2013,44.2488556156278,0.296,25.5
Dominican Republic,DOM,Latin America & Caribbean,Upper middle income,2014,44.3746075148443,0.284,25.5
Dominican Republic,DOM,Latin America & Caribbean,Upper middle income,2015,44.4956592094362,0.273,24.8
Dominican Republic,DOM,Latin America & Caribbean,Upper middle income,2016,44.6119637650712,0.261,24.7
Dominican Republic,DOM,Latin America & Caribbean,Upper middle income,2017,44.7232594060218,0.249,24
Dominican Republic,DOM,Latin America & Caribbean,Upper middle income,2018,44.8279264288818,0.234,24.2
Dominican Republic,DOM,Latin America & Caribbean,Upper middle income,2019,44.9262038494009,0.219,24.2
Dominican Republic,DOM,Latin America & Caribbean,Upper middle income,2020,45.0183335613895,0.205,23.5
Dominican Republic,DOM,Latin America & Caribbean,Upper middle income,2021,45.1047648137829,0.192,23.5
Dominican Republic,DOM,Latin America & Caribbean,Upper middle income,2022,45.1857198571577,0.179,23.6
Dominican Republic,DOM,Latin America & Caribbean,Upper middle income,2023,45.2614190293945,0.168,23.6
Ecuador,ECU,Latin America & Caribbean,Upper middle income,2002,62.4001959387655,,44.4
Ecuador,ECU,Latin America & Caribbean,Upper middle income,2003,62.7739286432807,0.599,44.4
Ecuador,ECU,Latin America & Caribbean,Upper middle income,2004,63.1468262806282,0.594,44.4
Ecuador,ECU,Latin America & Caribbean,Upper middle income,2005,63.5186829915005,0.589,43.5
Ecuador,ECU,Latin America & Caribbean,Upper middle income,2006,63.8895127466381,0.584,43.9
Ecuador,ECU,Latin America & Caribbean,Upper middle income,2007,64.2597187445276,0.579,43.9
Ecuador,ECU,Latin America & Caribbean,Upper middle income,2008,64.6288953675128,0.575,43.2
Ecuador,ECU,Latin America & Caribbean,Upper middle income,2009,64.9970482972014,0.57,42.3
Ecuador,ECU,Latin America & Caribbean,Upper middle income,2010,65.3643851830719,0.565,42.3
Ecuador,ECU,Latin America & Caribbean,Upper middle income,2011,65.7244032222106,0.551,42.3
Ecuador,ECU,Latin America & Caribbean,Upper middle income,2012,66.0792100373453,0.54,40.3
Ecuador,ECU,Latin America & Caribbean,Upper middle income,2013,66.4334435113853,0.536,40.3
Ecuador,ECU,Latin America & Caribbean,Upper middle income,2014,66.7869149451336,0.532,40.3
Ecuador,ECU,Latin America & Caribbean,Upper middle income,2015,67.1395948583111,0.528,40.3
Ecuador,ECU,Latin America & Caribbean,Upper middle income,2016,67.4923977988136,0.525,40.7
Ecuador,ECU,Latin America & Caribbean,Upper middle income,2017,67.8456046267449,0.523,41.3
Ecuador,ECU,Latin America & Caribbean,Upper middle income,2018,68.2031322851941,0.527,40.9
Ecuador,ECU,Latin America & Caribbean,Upper middle income,2019,68.5656169744149,0.531,40.3
Ecuador,ECU,Latin America & Caribbean,Upper middle income,2020,68.9342268251574,0.538,39.6
Ecuador,ECU,Latin America & Caribbean,Upper middle income,2021,69.2478551557464,0.455,40.9
Ecuador,ECU,Latin America & Caribbean,Upper middle income,2022,69.4563704697226,0.301,41.9
Ecuador,ECU,Latin America & Caribbean,Upper middle income,2023,69.6689253276622,0.306,41.9
"Egypt, Arab Rep.",EGY,"Middle East, North Africa, Afghanistan & Pakistan",Lower middle income,2002,65.8700676808092,,47.2
"Egypt, Arab Rep.",EGY,"Middle East, North Africa, Afghanistan & Pakistan",Lower middle income,2003,66.472511590083,0.915,46.5
"Egypt, Arab Rep.",EGY,"Middle East, North Africa, Afghanistan & Pakistan",Lower middle income,2004,67.074361048792,0.905,46.5
"Egypt, Arab Rep.",EGY,"Middle East, North Africa, Afghanistan & Pakistan",Lower middle income,2005,67.675617946311,0.896,45.6
"Egypt, Arab Rep.",EGY,"Middle East, North Africa, Afghanistan & Pakistan",Lower middle income,2006,68.2762855307669,0.888,45.3
"Egypt, Arab Rep.",EGY,"Middle East, North Africa, Afghanistan & Pakistan",Lower middle income,2007,68.8743951101888,0.876,45.9
"Egypt, Arab Rep.",EGY,"Middle East, North Africa, Afghanistan & Pakistan",Lower middle income,2008,69.4705501124875,0.866,46.6
"Egypt, Arab Rep.",EGY,"Middle East, North Africa, Afghanistan & Pakistan",Lower middle income,2009,70.0659698900796,0.857,46.3
"Egypt, Arab Rep.",EGY,"Middle East, North Africa, Afghanistan & Pakistan",Lower middle income,2010,70.6605497530504,0.849,46.3
"Egypt, Arab Rep.",EGY,"Middle East, North Africa, Afghanistan & Pakistan",Lower middle income,2011,71.2543983216064,0.84,47
"Egypt, Arab Rep.",EGY,"Middle East, North Africa, Afghanistan & Pakistan",Lower middle income,2012,71.8455158941173,0.83,47
"Egypt, Arab Rep.",EGY,"Middle East, North Africa, Afghanistan & Pakistan",Lower middle income,2013,72.435799507062,0.822,47
"Egypt, Arab Rep.",EGY,"Middle East, North Africa, Afghanistan & Pakistan",Lower middle income,2014,73.0251404028068,0.814,47
"Egypt, Arab Rep.",EGY,"Middle East, North Africa, Afghanistan & Pakistan",Lower middle income,2015,73.6135834054601,0.806,47
"Egypt, Arab Rep.",EGY,"Middle East, North Africa, Afghanistan & Pakistan",Lower middle income,2016,74.2012015903636,0.798,46.7
"Egypt, Arab Rep.",EGY,"Middle East, North Africa, Afghanistan & Pakistan",Lower middle income,2017,74.7895697485773,0.793,48.7
"Egypt, Arab Rep.",EGY,"Middle East, North Africa, Afghanistan & Pakistan",Lower middle income,2018,75.3788082590497,0.788,48.3
"Egypt, Arab Rep.",EGY,"Middle East, North Africa, Afghanistan & Pakistan",Lower middle income,2019,75.9690951899927,0.783,49
"Egypt, Arab Rep.",EGY,"Middle East, North Africa, Afghanistan & Pakistan",Lower middle income,2020,76.5605620176682,0.779,49
"Egypt, Arab Rep.",EGY,"Middle East, North Africa, Afghanistan & Pakistan",Lower middle income,2021,77.1532627055611,0.774,48.3
"Egypt, Arab Rep.",EGY,"Middle East, North Africa, Afghanistan & Pakistan",Lower middle income,2022,77.7473116263856,0.77,48.6
"Egypt, Arab Rep.",EGY,"Middle East, North Africa, Afghanistan & Pakistan",Lower middle income,2023,78.3429755014027,0.766,48
Estonia,EST,Europe & Central Asia,High income,2002,92.3747648867097,,72.2
Estonia,EST,Europe & Central Asia,High income,2003,92.7037013002634,0.356,72.9
Estonia,EST,Europe & Central Asia,High income,2004,93.0363106098424,0.359,72.9
Estonia,EST,Europe & Central Asia,High income,2005,93.3726106934292,0.361,72.8
Estonia,EST,Europe & Central Asia,High income,2006,93.7124832185729,0.364,73
Estonia,EST,Europe & Central Asia,High income,2007,94.0560942424225,0.367,73.6
Estonia,EST,Europe & Central Asia,High income,2008,94.4034704232394,0.369,73
Estonia,EST,Europe & Central Asia,High income,2009,94.7546292638518,0.372,72.5
Estonia,EST,Europe & Central Asia,High income,2010,95.1094876451163,0.375,72.5
Estonia,EST,Europe & Central Asia,High income,2011,95.4681798403471,0.377,72.5
Estonia,EST,Europe & Central Asia,High income,2012,95.8422445867478,0.392,71.8
Estonia,EST,Europe & Central Asia,High income,2013,96.2281327787838,0.403,73.2
Estonia,EST,Europe & Central Asia,High income,2014,96.6129585009952,0.4,73.2
Estonia,EST,Europe & Central Asia,High income,2015,96.9967757831111,0.397,76.5
Estonia,EST,Europe & Central Asia,High income,2016,97.3795735563467,0.395,76
Estonia,EST,Europe & Central Asia,High income,2017,97.6947092733429,0.324,76.7
Estonia,EST,Europe & Central Asia,High income,2018,97.8880540177548,0.198,77.2
Estonia,EST,Europe & Central Asia,High income,2019,98.0780494552257,0.194,76.5
Estonia,EST,Europe & Central Asia,High income,2020,98.2682282623831,0.194,77.2
Estonia,EST,Europe & Central Asia,High income,2021,98.4411838065781,0.176,76.5
Estonia,EST,Europe & Central Asia,High income,2022,98.6087629231215,0.17,76.4
Estonia,EST,Europe & Central Asia,High income,2023,98.7763375997776,0.17,78.4
Eswatini,SWZ,Sub-Saharan Africa,Lower middle income,2002,28.3942596977699,,21.5
Eswatini,SWZ,Sub-Saharan Africa,Lower middle income,2003,28.8879348002561,1.739,21.5
Eswatini,SWZ,Sub-Saharan Africa,Lower middle income,2004,29.3808719768786,1.706,21.5
Eswatini,SWZ,Sub-Saharan Africa,Lower middle income,2005,29.8747636188833,1.681,21.8
Eswatini,SWZ,Sub-Saharan Africa,Lower middle income,2006,30.3684561566544,1.653,21.6
Eswatini,SWZ,Sub-Saharan Africa,Lower middle income,2007,30.8897596464317,1.717,21.6
Eswatini,SWZ,Sub-Saharan Africa,Lower middle income,2008,31.5891788245693,2.264,21.6
Eswatini,SWZ,Sub-Saharan Africa,Lower middle income,2009,32.228164048978,2.023,21.5
Eswatini,SWZ,Sub-Saharan Africa,Lower middle income,2010,32.7698414793853,1.681,21.5
Eswatini,SWZ,Sub-Saharan Africa,Lower middle income,2011,33.3122803531529,1.655,20.8
Eswatini,SWZ,Sub-Saharan Africa,Lower middle income,2012,33.6921980759207,1.14,20.8
Eswatini,SWZ,Sub-Saharan Africa,Lower middle income,2013,34.0698474900492,1.121,20.8
Eswatini,SWZ,Sub-Saharan Africa,Lower middle income,2014,34.4446049566522,1.1,20.8
Eswatini,SWZ,Sub-Saharan Africa,Lower middle income,2015,34.8170255077812,1.081,20.1
Eswatini,SWZ,Sub-Saharan Africa,Lower middle income,2016,35.191051527565,1.074,20
Eswatini,SWZ,Sub-Saharan Africa,Lower middle income,2017,35.5659445599292,1.065,19.3
Eswatini,SWZ,Sub-Saharan Africa,Lower middle income,2018,35.9421056743199,1.058,19.5
Eswatini,SWZ,Sub-Saharan Africa,Lower middle income,2019,36.3193523524376,1.05,19.5
Eswatini,SWZ,Sub-Saharan Africa,Lower middle income,2020,36.6975059079153,1.041,18.8
Eswatini,SWZ,Sub-Saharan Africa,Lower middle income,2021,37.0763839524603,1.032,18.8
Eswatini,SWZ,Sub-Saharan Africa,Lower middle income,2022,37.4563305873184,1.025,18.9
Eswatini,SWZ,Sub-Saharan Africa,Lower middle income,2023,37.8360927224541,1.014,19.6
Ethiopia,ETH,Sub-Saharan Africa,Low income,2002,5.66309409202806,,2.8
Ethiopia,ETH,Sub-Saharan Africa,Low income,2003,5.83951134971504,3.115,2.8
Ethiopia,ETH,Sub-Saharan Africa,Low income,2004,6.03120942202563,3.283,2.8
Ethiopia,ETH,Sub-Saharan Africa,Low income,2005,6.23808702246284,3.43,2.7
Ethiopia,ETH,Sub-Saharan Africa,Low income,2006,6.46039644280695,3.564,2.7
Ethiopia,ETH,Sub-Saharan Africa,Low income,2007,6.70336839959093,3.761,2.7
Ethiopia,ETH,Sub-Saharan Africa,Low income,2008,7.02329053273695,4.773,1.4
Ethiopia,ETH,Sub-Saharan Africa,Low income,2009,7.35898627398436,4.78,1.3
Ethiopia,ETH,Sub-Saharan Africa,Low income,2010,7.71128636267882,4.787,2
Ethiopia,ETH,Sub-Saharan Africa,Low income,2011,8.07924512922846,4.772,2
Ethiopia,ETH,Sub-Saharan Africa,Low income,2012,8.46331926714929,4.754,2.7
Ethiopia,ETH,Sub-Saharan Africa,Low income,2013,8.85663171996232,4.647,2.7
Ethiopia,ETH,Sub-Saharan Africa,Low income,2014,9.2652522863261,4.614,2.7
Ethiopia,ETH,Sub-Saharan Africa,Low income,2015,9.6885727559841,4.569,2.7
Ethiopia,ETH,Sub-Saharan Africa,Low income,2016,10.1266697265401,4.522,2.7
Ethiopia,ETH,Sub-Saharan Africa,Low income,2017,10.5785829428074,4.463,2.7
Ethiopia,ETH,Sub-Saharan Africa,Low income,2018,11.0450516544031,4.41,2.7
Ethiopia,ETH,Sub-Saharan Africa,Low income,2019,11.525772098229,4.352,3.4
Ethiopia,ETH,Sub-Saharan Africa,Low income,2020,12.0200993070628,4.289,3.4
Ethiopia,ETH,Sub-Saharan Africa,Low income,2021,12.5280484456065,4.226,3.4
Ethiopia,ETH,Sub-Saharan Africa,Low income,2022,12.8658193957494,2.696,3.4
Ethiopia,ETH,Sub-Saharan Africa,Low income,2023,13.2056538612543,2.641,3.4
Fiji,FJI,East Asia & Pacific,Upper middle income,2002,39.4308387307868,,25.7
Fiji,FJI,East Asia & Pacific,Upper middle income,2003,39.5300202643555,0.252,25.7
Fiji,FJI,East Asia & Pacific,Upper middle income,2004,39.6295636254393,0.252,25
Fiji,FJI,East Asia & Pacific,Upper middle income,2005,39.7287159532501,0.25,24.5
Fiji,FJI,East Asia & Pacific,Upper middle income,2006,39.8282330131745,0.25,24.3
Fiji,FJI,East Asia & Pacific,Upper middle income,2007,39.9278592193778,0.25,24.3
Fiji,FJI,East Asia & Pacific,Upper middle income,2008,40.0519011242978,0.311,23.6
Fiji,FJI,East Asia & Pacific,Upper middle income,2009,40.1819062994165,0.325,23.5
Fiji,FJI,East Asia & Pacific,Upper middle income,2010,40.3123124315809,0.325,23.5
Fiji,FJI,East Asia & Pacific,Upper middle income,2011,40.4426122628668,0.323,22.8
Fiji,FJI,East Asia & Pacific,Upper middle income,2012,40.5733094716821,0.323,22.8
Fiji,FJI,East Asia & Pacific,Upper middle income,2013,40.7033914771435,0.321,22.8
Fiji,FJI,East Asia & Pacific,Upper middle income,2014,40.8336197279159,0.32,22.1
Fiji,FJI,East Asia & Pacific,Upper middle income,2015,40.9639924448811,0.319,22.1
Fiji,FJI,East Asia & Pacific,Upper middle income,2016,41.0942560320017,0.318,22
Fiji,FJI,East Asia & Pacific,Upper middle income,2017,41.2241576146746,0.316,21.3
Fiji,FJI,East Asia & Pacific,Upper middle income,2018,41.3539472354658,0.315,21.5
Fiji,FJI,East Asia & Pacific,Upper middle income,2019,41.4828649794739,0.312,21.5
Fiji,FJI,East Asia & Pacific,Upper middle income,2020,41.6106494540607,0.308,21.5
Fiji,FJI,East Asia & Pacific,Upper middle income,2021,41.7375560402618,0.305,21.5
Fiji,FJI,East Asia & Pacific,Upper middle income,2022,41.8635817890018,0.302,21.6
Fiji,FJI,East Asia & Pacific,Upper middle income,2023,41.9884712083528,0.298,20.9
Finland,FIN,Europe & Central Asia,High income,2002,95.0442491883446,,77.1
Finland,FIN,Europe & Central Asia,High income,2003,95.3785287930486,0.352,77.1
Finland,FIN,Europe & Central Asia,High income,2004,95.7128005189668,0.35,77.8
Finland,FIN,Europe & Central Asia,High income,2005,96.0470783409728,0.349,78.2
Finland,FIN,Europe & Central Asia,High income,2006,96.3813576114014,0.348,79.1
Finland,FIN,Europe & Central Asia,High income,2007,96.715630815359,0.347,80.4
Finland,FIN,Europe & Central Asia,High income,2008,97.049908111439,0.346,80.4
Finland,FIN,Europe & Central Asia,High income,2009,97.3841856190771,0.344,80.5
Finland,FIN,Europe & Central Asia,High income,2010,97.7184645025344,0.343,80.5
Finland,FIN,Europe & Central Asia,High income,2011,98.0527428822286,0.342,81.2
Finland,FIN,Europe & Central Asia,High income,2012,98.3870132965886,0.341,83.2
Finland,FIN,Europe & Central Asia,High income,2013,98.7212879711156,0.34,84.6
Finland,FIN,Europe & Central Asia,High income,2014,99.0555650648406,0.339,87.9
Finland,FIN,Europe & Central Asia,High income,2015,99.3898472833595,0.337,88.6
Finland,FIN,Europe & Central Asia,High income,2016,99.6318749145674,0.244,90
Finland,FIN,Europe & Central Asia,High income,2017,99.6331260908472,0.001,90
Finland,FIN,Europe & Central Asia,High income,2018,99.6345493672239,0.001,89.9
Finland,FIN,Europe & Central Asia,High income,2019,99.6361472965957,0.002,89.3
Finland,FIN,Europe & Central Asia,High income,2020,99.6379239182456,0.002,89.3
Finland,FIN,Europe & Central Asia,High income,2021,99.6398969566029,0.002,87.2
Finland,FIN,Europe & Central Asia,High income,2022,99.6420273240034,0.002,85.8
Finland,FIN,Europe & Central Asia,High income,2023,99.6443238009603,0.002,85.8
France,FRA,Europe & Central Asia,High income,2002,97.3488739914034,,82.6
France,FRA,Europe & Central Asia,High income,2003,97.3454090718174,-0.004,82.6
France,FRA,Europe & Central Asia,High income,2004,97.4661693234234,0.124,81.9
France,FRA,Europe & Central Asia,High income,2005,97.5877891208184,0.125,82.3
France,FRA,Europe & Central Asia,High income,2006,97.710207897003,0.125,82.4
France,FRA,Europe & Central Asia,High income,2007,97.8334465311522,0.126,82.4
France,FRA,Europe & Central Asia,High income,2008,97.9574556769378,0.127,83.1
France,FRA,Europe & Central Asia,High income,2009,98.082254071339,0.127,83.2
France,FRA,Europe & Central Asia,High income,2010,98.2078511720882,0.128,83.9
France,FRA,Europe & Central Asia,High income,2011,98.3342597203444,0.129,83.9
France,FRA,Europe & Central Asia,High income,2012,98.4614933135481,0.129,83.9
France,FRA,Europe & Central Asia,High income,2013,98.5895521201792,0.13,83.9
France,FRA,Europe & Central Asia,High income,2014,98.7184468015388,0.131,84.6
France,FRA,Europe & Central Asia,High income,2015,98.8481955920205,0.131,85.2
France,FRA,Europe & Central Asia,High income,2016,98.9787947398291,0.132,86.7
France,FRA,Europe & Central Asia,High income,2017,99.110246889904,0.133,84.7
France,FRA,Europe & Central Asia,High income,2018,99.2425574566239,0.133,85.2
France,FRA,Europe & Central Asia,High income,2019,99.3757382183462,0.134,85.2
France,FRA,Europe & Central Asia,High income,2020,99.5097851912799,0.135,85.2
France,FRA,Europe & Central Asia,High income,2021,99.6447071710634,0.136,88.6
France,FRA,Europe & Central Asia,High income,2022,99.7041457501002,0.06,87.8
France,FRA,Europe & Central Asia,High income,2023,99.7084324009763,0.004,87.2
French Polynesia,PYF,East Asia & Pacific,High income,2002,90.448717948718,,67.4
French Polynesia,PYF,East Asia & Pacific,High income,2003,90.448717948718,0,67.4
French Polynesia,PYF,East Asia & Pacific,High income,2004,90.448717948718,0,67.4
French Polynesia,PYF,East Asia & Pacific,High income,2005,90.448717948718,0,66.7
French Polynesia,PYF,East Asia & Pacific,High income,2006,90.448717948718,0,66.9
French Polynesia,PYF,East Asia & Pacific,High income,2007,90.448717948718,0,66.9
French Polynesia,PYF,East Asia & Pacific,High income,2008,90.448717948718,0,66.2
French Polynesia,PYF,East Asia & Pacific,High income,2009,90.448717948718,0,65.8
French Polynesia,PYF,East Asia & Pacific,High income,2010,90.448717948718,0,65.8
French Polynesia,PYF,East Asia & Pacific,High income,2011,90.448717948718,0,65.1
French Polynesia,PYF,East Asia & Pacific,High income,2012,90.448717948718,0,64.4
French Polynesia,PYF,East Asia & Pacific,High income,2013,90.448717948718,0,64.4
French Polynesia,PYF,East Asia & Pacific,High income,2014,90.448717948718,0,63.8
French Polynesia,PYF,East Asia & Pacific,High income,2015,90.448717948718,0,63.1
French Polynesia,PYF,East Asia & Pacific,High income,2016,90.448717948718,0,62
French Polynesia,PYF,East Asia & Pacific,High income,2017,90.448717948718,0,61.3
French Polynesia,PYF,East Asia & Pacific,High income,2018,90.448717948718,0,61.1
French Polynesia,PYF,East Asia & Pacific,High income,2019,90.448717948718,0,61.1
French Polynesia,PYF,East Asia & Pacific,High income,2020,90.448717948718,0,59.7
French Polynesia,PYF,East Asia & Pacific,High income,2021,90.448717948718,0,59.7
French Polynesia,PYF,East Asia & Pacific,High income,2022,90.448717948718,0,59.5
French Polynesia,PYF,East Asia & Pacific,High income,2023,90.448717948718,0,58.8
"Gambia, The",GMB,Sub-Saharan Africa,Low income,2002,25.3788796039778,,18.1
"Gambia, The",GMB,Sub-Saharan Africa,Low income,2003,26.4323751193398,4.151,18.1
"Gambia, The",GMB,Sub-Saharan Africa,Low income,2004,27.4421300405512,3.82,18.8
"Gambia, The",GMB,Sub-Saharan Africa,Low income,2005,28.4671691321081,3.735,19.7
"Gambia, The",GMB,Sub-Saharan Africa,Low income,2006,29.5074608863861,3.654,20.9
"Gambia, The",GMB,Sub-Saharan Africa,Low income,2007,30.5629803832057,3.577,20.9
"Gambia, The",GMB,Sub-Saharan Africa,Low income,2008,31.6341767266597,3.505,22.3
"Gambia, The",GMB,Sub-Saharan Africa,Low income,2009,32.7191031085603,3.43,22.1
"Gambia, The",GMB,Sub-Saharan Africa,Low income,2010,33.8191444704747,3.362,22.1
"Gambia, The",GMB,Sub-Saharan Africa,Low income,2011,34.9332671100038,3.294,22.1
"Gambia, The",GMB,Sub-Saharan Africa,Low income,2012,36.0624139591835,3.232,21.5
"Gambia, The",GMB,Sub-Saharan Africa,Low income,2013,37.2039689411142,3.165,21.5
"Gambia, The",GMB,Sub-Saharan Africa,Low income,2014,38.3572634081328,3.1,21.5
"Gambia, The",GMB,Sub-Saharan Africa,Low income,2015,39.5215844881929,3.035,21.5
"Gambia, The",GMB,Sub-Saharan Africa,Low income,2016,40.6956610569338,2.971,21.3
"Gambia, The",GMB,Sub-Saharan Africa,Low income,2017,41.8797927727476,2.91,22
"Gambia, The",GMB,Sub-Saharan Africa,Low income,2018,43.0731979106053,2.85,22.8
"Gambia, The",GMB,Sub-Saharan Africa,Low income,2019,44.2756354496986,2.792,22.8
"Gambia, The",GMB,Sub-Saharan Africa,Low income,2020,45.486855632039,2.736,24.2
"Gambia, The",GMB,Sub-Saharan Africa,Low income,2021,46.6814287891959,2.626,24.8
"Gambia, The",GMB,Sub-Saharan Africa,Low income,2022,47.2527699535092,1.224,25.7
"Gambia, The",GMB,Sub-Saharan Africa,Low income,2023,47.7190495079164,0.987,26.4
Georgia,GEO,Europe & Central Asia,Upper middle income,2002,59.4845246944258,,41.7
Georgia,GEO,Europe & Central Asia,Upper middle income,2003,59.6997065153079,0.362,41.7
Georgia,GEO,Europe & Central Asia,Upper middle income,2004,59.9140296750858,0.359,41.7
Georgia,GEO,Europe & Central Asia,Upper middle income,2005,60.12748509782,0.356,40.8
Georgia,GEO,Europe & Central Asia,Upper middle income,2006,60.340476430603,0.354,40.5
Georgia,GEO,Europe & Central Asia,Upper middle income,2007,60.5529955474098,0.352,40.5
Georgia,GEO,Europe & Central Asia,Upper middle income,2008,60.7646569567343,0.35,40.5
Georgia,GEO,Europe & Central Asia,Upper middle income,2009,60.9754668929844,0.347,39.6
Georgia,GEO,Europe & Central Asia,Upper middle income,2010,61.1858049309986,0.345,38.3
Georgia,GEO,Europe & Central Asia,Upper middle income,2011,61.3952844558824,0.342,38.3
Georgia,GEO,Europe & Central Asia,Upper middle income,2012,61.6043075877248,0.34,37.6
Georgia,GEO,Europe & Central Asia,Upper middle income,2013,62.6342790626579,1.672,37.6
Georgia,GEO,Europe & Central Asia,Upper middle income,2014,63.6755752816678,1.663,38.3
Georgia,GEO,Europe & Central Asia,Upper middle income,2015,64.7277869833089,1.652,38.3
Georgia,GEO,Europe & Central Asia,Upper middle income,2016,65.7948687359235,1.649,39.3
Georgia,GEO,Europe & Central Asia,Upper middle income,2017,66.8758040626936,1.643,40
Georgia,GEO,Europe & Central Asia,Upper middle income,2018,67.9717478712899,1.639,40.3
Georgia,GEO,Europe & Central Asia,Upper middle income,2019,69.082537444061,1.634,40.9
Georgia,GEO,Europe & Central Asia,Upper middle income,2020,69.4564535798621,0.541,40.9
Georgia,GEO,Europe & Central Asia,Upper middle income,2021,69.7207124579763,0.38,43
Georgia,GEO,Europe & Central Asia,Upper middle income,2022,69.9874019271651,0.383,42.6
Georgia,GEO,Europe & Central Asia,Upper middle income,2023,70.2560405766378,0.384,42.6
Germany,DEU,Europe & Central Asia,High income,2002,99.8429024614303,,93.1
Germany,DEU,Europe & Central Asia,High income,2003,99.8429056086708,0,93.1
Germany,DEU,Europe & Central Asia,High income,2004,99.8493490854404,0.006,93.1
Germany,DEU,Europe & Central Asia,High income,2005,99.8558287050819,0.006,93.2
Germany,DEU,Europe & Central Asia,High income,2006,99.862336942101,0.007,93.2
Germany,DEU,Europe & Central Asia,High income,2007,99.8688802488207,0.007,93.2
Germany,DEU,Europe & Central Asia,High income,2008,99.8754613794921,0.007,93.2
Germany,DEU,Europe & Central Asia,High income,2009,99.8784478593771,0.003,93.3
Germany,DEU,Europe & Central Asia,High income,2010,99.8815299511559,0.003,93.3
Germany,DEU,Europe & Central Asia,High income,2011,99.8847067279778,0.003,93.3
Germany,DEU,Europe & Central Asia,High income,2012,99.8877144013261,0.003,93.3
Germany,DEU,Europe & Central Asia,High income,2013,99.8907314326926,0.003,93.3
Germany,DEU,Europe & Central Asia,High income,2014,99.893751672633,0.003,93.3
Germany,DEU,Europe & Central Asia,High income,2015,99.896777531568,0.003,93.3
Germany,DEU,Europe & Central Asia,High income,2016,99.8998389964241,0.003,94
Germany,DEU,Europe & Central Asia,High income,2017,99.9029489183973,0.003,94
Germany,DEU,Europe & Central Asia,High income,2018,99.9061174216376,0.003,94
Germany,DEU,Europe & Central Asia,High income,2019,99.9093443706997,0.003,93.3
Germany,DEU,Europe & Central Asia,High income,2020,99.9126487140159,0.003,92.6
Germany,DEU,Europe & Central Asia,High income,2021,99.9160407682468,0.003,91.9
Germany,DEU,Europe & Central Asia,High income,2022,99.9164105070546,0,91.9
Germany,DEU,Europe & Central Asia,High income,2023,99.9168282325382,0,90.5
Ghana,GHA,Sub-Saharan Africa,Lower middle income,2002,15.6665117240998,,12.5
Ghana,GHA,Sub-Saharan Africa,Lower middle income,2003,16.7174967754033,6.708,12.5
Ghana,GHA,Sub-Saharan Africa,Lower middle income,2004,17.7891191031522,6.41,13.2
Ghana,GHA,Sub-Saharan Africa,Lower middle income,2005,18.8799071278454,6.132,13.6
Ghana,GHA,Sub-Saharan Africa,Lower middle income,2006,19.9907324615894,5.884,14.9
Ghana,GHA,Sub-Saharan Africa,Lower middle income,2007,21.1211173511478,5.655,14.9
Ghana,GHA,Sub-Saharan Africa,Lower middle income,2008,22.2709235576714,5.444,14.9
Ghana,GHA,Sub-Saharan Africa,Lower middle income,2009,23.4389239746226,5.245,15.4
Ghana,GHA,Sub-Saharan Africa,Lower middle income,2010,24.626404798353,5.066,15.4
Ghana,GHA,Sub-Saharan Africa,Lower middle income,2011,25.8321174475712,4.896,15.4
Ghana,GHA,Sub-Saharan Africa,Lower middle income,2012,27.0555218868952,4.736,15.4
Ghana,GHA,Sub-Saharan Africa,Lower middle income,2013,28.2956613769924,4.584,16.8
Ghana,GHA,Sub-Saharan Africa,Lower middle income,2014,29.5523279662211,4.441,18.1
Ghana,GHA,Sub-Saharan Africa,Lower middle income,2015,30.8253097195667,4.308,18.1
Ghana,GHA,Sub-Saharan Africa,Lower middle income,2016,32.1143962958394,4.182,18
Ghana,GHA,Sub-Saharan Africa,Lower middle income,2017,33.4189814822061,4.062,18
Ghana,GHA,Sub-Saharan Africa,Lower middle income,2018,34.7388460301032,3.949,18.8
Ghana,GHA,Sub-Saharan Africa,Lower middle income,2019,36.0733638378729,3.842,18.8
Ghana,GHA,Sub-Saharan Africa,Lower middle income,2020,37.4227223895072,3.741,19.5
Ghana,GHA,Sub-Saharan Africa,Lower middle income,2021,38.786292222311,3.644,19.5
Ghana,GHA,Sub-Saharan Africa,Lower middle income,2022,40.1638456005242,3.552,20.3
Ghana,GHA,Sub-Saharan Africa,Lower middle income,2023,41.5409857140439,3.429,20.3
Gibraltar,GIB,Europe & Central Asia,High income,2002,100,,96.5
Gibraltar,GIB,Europe & Central Asia,High income,2003,100,0,95.1
Gibraltar,GIB,Europe & Central Asia,High income,2004,100,0,96.5
Gibraltar,GIB,Europe & Central Asia,High income,2005,100,0,95.9
Gibraltar,GIB,Europe & Central Asia,High income,2006,100,0,96.6
Gibraltar,GIB,Europe & Central Asia,High income,2007,100,0,95.9
Gibraltar,GIB,Europe & Central Asia,High income,2008,100,0,96.6
Gibraltar,GIB,Europe & Central Asia,High income,2009,100,0,97.3
Gibraltar,GIB,Europe & Central Asia,High income,2010,100,0,97.3
Gibraltar,GIB,Europe & Central Asia,High income,2011,100,0,96.6
Gibraltar,GIB,Europe & Central Asia,High income,2012,100,0,97.3
Gibraltar,GIB,Europe & Central Asia,High income,2013,100,0,97.3
Gibraltar,GIB,Europe & Central Asia,High income,2014,100,0,97.3
Gibraltar,GIB,Europe & Central Asia,High income,2015,100,0,96.6
Gibraltar,GIB,Europe & Central Asia,High income,2016,100,0,96.7
Gibraltar,GIB,Europe & Central Asia,High income,2017,100,0,97.3
Gibraltar,GIB,Europe & Central Asia,High income,2018,100,0,96.6
Gibraltar,GIB,Europe & Central Asia,High income,2019,100,0,96.6
Gibraltar,GIB,Europe & Central Asia,High income,2020,100,0,95.3
Gibraltar,GIB,Europe & Central Asia,High income,2021,100,0,94.6
Gibraltar,GIB,Europe & Central Asia,High income,2022,100,0,94.6
Gibraltar,GIB,Europe & Central Asia,High income,2023,100,0,94.6
Greece,GRC,Europe & Central Asia,High income,2002,99.4612185961812,,89.6
Greece,GRC,Europe & Central Asia,High income,2003,99.5054011017059,0.044,89.6
Greece,GRC,Europe & Central Asia,High income,2004,99.5486728355476,0.043,89.6
Greece,GRC,Europe & Central Asia,High income,2005,99.5910075761006,0.043,89.8
Greece,GRC,Europe & Central Asia,High income,2006,99.6324366307824,0.042,90.5
Greece,GRC,Europe & Central Asia,High income,2007,99.6729722248899,0.041,90.5
Greece,GRC,Europe & Central Asia,High income,2008,99.7070187814646,0.034,91.2
Greece,GRC,Europe & Central Asia,High income,2009,99.5265830713542,-0.181,89.9
Greece,GRC,Europe & Central Asia,High income,2010,99.3457532630483,-0.182,88.6
Greece,GRC,Europe & Central Asia,High income,2011,99.164531914388,-0.182,87.9
Greece,GRC,Europe & Central Asia,High income,2012,98.9829314520553,-0.183,87.9
Greece,GRC,Europe & Central Asia,High income,2013,98.8009522381221,-0.184,85.2
Greece,GRC,Europe & Central Asia,High income,2014,98.6186033224029,-0.185,83.9
Greece,GRC,Europe & Central Asia,High income,2015,98.4358839950016,-0.185,81.2
Greece,GRC,Europe & Central Asia,High income,2016,98.2515097574472,-0.187,78.7
Greece,GRC,Europe & Central Asia,High income,2017,98.0558404020074,-0.199,78
Greece,GRC,Europe & Central Asia,High income,2018,97.8601775655047,-0.2,76.5
Greece,GRC,Europe & Central Asia,High income,2019,97.6645004468966,-0.2,75.8
Greece,GRC,Europe & Central Asia,High income,2020,97.4688325507425,-0.2,75.2
Greece,GRC,Europe & Central Asia,High income,2021,97.2731639808381,-0.201,73.8
Greece,GRC,Europe & Central Asia,High income,2022,97.077493639352,-0.201,73.6
Greece,GRC,Europe & Central Asia,High income,2023,96.881822442758,-0.202,72.3
Grenada,GRD,Latin America & Caribbean,Upper middle income,2002,80.5047783886163,,59.7
Grenada,GRD,Latin America & Caribbean,Upper middle income,2003,81.4029856216164,1.116,59.7
Grenada,GRD,Latin America & Caribbean,Upper middle income,2004,82.3046465753912,1.108,60.4
Grenada,GRD,Latin America & Caribbean,Upper middle income,2005,83.2097612499412,1.1,60.5
Grenada,GRD,Latin America & Caribbean,Upper middle income,2006,84.118329645266,1.092,60.8
Grenada,GRD,Latin America & Caribbean,Upper middle income,2007,85.0303517613659,1.084,61.5
Grenada,GRD,Latin America & Caribbean,Upper middle income,2008,85.945827598241,1.077,62.2
Grenada,GRD,Latin America & Caribbean,Upper middle income,2009,86.864757155891,1.069,62.4
Grenada,GRD,Latin America & Caribbean,Upper middle income,2010,87.7871404343158,1.062,62.4
Grenada,GRD,Latin America & Caribbean,Upper middle income,2011,88.7129774335157,1.055,63.8
Grenada,GRD,Latin America & Caribbean,Upper middle income,2012,89.4848444655286,0.87,63.8
Grenada,GRD,Latin America & Caribbean,Upper middle income,2013,89.775986534973,0.325,63.1
Grenada,GRD,Latin America & Caribbean,Upper middle income,2014,89.9176799999318,0.158,63.1
Grenada,GRD,Latin America & Caribbean,Upper middle income,2015,89.9176799999318,0,61.1
Grenada,GRD,Latin America & Caribbean,Upper middle income,2016,89.9176799999318,0,60.7
Grenada,GRD,Latin America & Caribbean,Upper middle income,2017,89.9176799999318,0,60.7
Guam,GUM,East Asia & Pacific,High income,2002,99.4445456985828,,88.9
Guam,GUM,East Asia & Pacific,High income,2003,99.3864053535237,-0.058,87.5
Guam,GUM,East Asia & Pacific,High income,2004,99.3282619174912,-0.059,87.5
Guam,GUM,East Asia & Pacific,High income,2005,99.2701153904852,-0.059,87.8
Guam,GUM,East Asia & Pacific,High income,2006,99.2119657725059,-0.059,87.8
Guam,GUM,East Asia & Pacific,High income,2007,99.1538130635532,-0.059,87.8
Guam,GUM,East Asia & Pacific,High income,2008,99.0956572636271,-0.059,87.8
Guam,GUM,East Asia & Pacific,High income,2009,99.0374983727275,-0.059,87.2
Guam,GUM,East Asia & Pacific,High income,2010,98.9793363908546,-0.059,87.2
Guam,GUM,East Asia & Pacific,High income,2011,98.9211713180082,-0.059,86.6
Guam,GUM,East Asia & Pacific,High income,2012,98.8630031541884,-0.059,85.9
Guam,GUM,East Asia & Pacific,High income,2013,98.8048318993953,-0.059,85.9
Guam,GUM,East Asia & Pacific,High income,2014,98.7466575536287,-0.059,85.2
Guam,GUM,East Asia & Pacific,High income,2015,98.6884801168887,-0.059,84.6
Guam,GUM,East Asia & Pacific,High income,2016,98.6302995891753,-0.059,82.7
Guam,GUM,East Asia & Pacific,High income,2017,98.5721159704885,-0.059,80.7
Guam,GUM,East Asia & Pacific,High income,2018,98.5139292608282,-0.059,80.5
Guam,GUM,East Asia & Pacific,High income,2019,98.4557394601946,-0.059,78.5
Guam,GUM,East Asia & Pacific,High income,2020,98.3014602644754,-0.157,77.9
Guam,GUM,East Asia & Pacific,High income,2021,97.2266625078406,-1.093,73.2
Guam,GUM,East Asia & Pacific,High income,2022,96.1518098939353,-1.106,67.6
Guam,GUM,East Asia & Pacific,High income,2023,95.0744818385448,-1.12,65.5
Guatemala,GTM,Latin America & Caribbean,Upper middle income,2002,49.8539999485165,,36.8
Guatemala,GTM,Latin America & Caribbean,Upper middle income,2003,49.8476727972093,-0.013,36.1
Guatemala,GTM,Latin America & Caribbean,Upper middle income,2004,49.8343430514171,-0.027,35.4
Guatemala,GTM,Latin America & Caribbean,Upper middle income,2005,49.8168559214091,-0.035,34
Guatemala,GTM,Latin America & Caribbean,Upper middle income,2006,49.7953997018597,-0.043,33.1
Guatemala,GTM,Latin America & Caribbean,Upper middle income,2007,49.7701404480813,-0.051,33.1
Guatemala,GTM,Latin America & Caribbean,Upper middle income,2008,49.7410519879102,-0.058,31.1
Guatemala,GTM,Latin America & Caribbean,Upper middle income,2009,49.7076411005726,-0.067,30.2
Guatemala,GTM,Latin America & Caribbean,Upper middle income,2010,49.6705450878727,-0.075,30.2
Guatemala,GTM,Latin America & Caribbean,Upper middle income,2011,49.6292857460703,-0.083,30.2
Guatemala,GTM,Latin America & Caribbean,Upper middle income,2012,49.5841552284631,-0.091,29.5
Guatemala,GTM,Latin America & Caribbean,Upper middle income,2013,49.5365886372236,-0.096,29.5
Guatemala,GTM,Latin America & Caribbean,Upper middle income,2014,49.4863540023,-0.101,28.2
Guatemala,GTM,Latin America & Caribbean,Upper middle income,2015,49.433462841773,-0.107,28.2
Guatemala,GTM,Latin America & Caribbean,Upper middle income,2016,49.3772976676554,-0.114,28
Guatemala,GTM,Latin America & Caribbean,Upper middle income,2017,49.3178662611165,-0.12,28
Guatemala,GTM,Latin America & Caribbean,Upper middle income,2018,49.2549105362855,-0.128,28.2
Guatemala,GTM,Latin America & Caribbean,Upper middle income,2019,49.1879900942265,-0.136,28.2
Guatemala,GTM,Latin America & Caribbean,Upper middle income,2020,49.1169771186669,-0.144,28.2
Guatemala,GTM,Latin America & Caribbean,Upper middle income,2021,49.0416367545043,-0.153,28.2
Guatemala,GTM,Latin America & Caribbean,Upper middle income,2022,48.9617404208088,-0.163,27.7
Guatemala,GTM,Latin America & Caribbean,Upper middle income,2023,48.8769788491501,-0.173,27.7
Guinea-Bissau,GNB,Sub-Saharan Africa,Low income,2002,18.288049453325,,14.6
Guinea-Bissau,GNB,Sub-Saharan Africa,Low income,2003,18.5858633223515,1.628,14.6
Guinea-Bissau,GNB,Sub-Saharan Africa,Low income,2004,18.8836303885363,1.602,14.6
Guinea-Bissau,GNB,Sub-Saharan Africa,Low income,2005,19.1804305209572,1.572,14.3
Guinea-Bissau,GNB,Sub-Saharan Africa,Low income,2006,19.4770684272533,1.547,13.5
Guinea-Bissau,GNB,Sub-Saharan Africa,Low income,2007,19.7726246111266,1.517,13.5
Guinea-Bissau,GNB,Sub-Saharan Africa,Low income,2008,20.0672024330843,1.49,13.5
Guinea-Bissau,GNB,Sub-Saharan Africa,Low income,2009,20.3599228990252,1.459,13.4
Guinea-Bissau,GNB,Sub-Saharan Africa,Low income,2010,20.6518184583177,1.434,12.8
Guinea-Bissau,GNB,Sub-Saharan Africa,Low income,2011,20.9419974737055,1.405,12.8
Guinea-Bissau,GNB,Sub-Saharan Africa,Low income,2012,21.2305029374142,1.378,12.8
Guinea-Bissau,GNB,Sub-Saharan Africa,Low income,2013,21.5167736918646,1.348,12.1
Guinea-Bissau,GNB,Sub-Saharan Africa,Low income,2014,21.8008348391465,1.32,11.4
Guinea-Bissau,GNB,Sub-Saharan Africa,Low income,2015,22.0824071514525,1.292,11.4
Guinea-Bissau,GNB,Sub-Saharan Africa,Low income,2016,22.3609411618131,1.261,10.7
Guinea-Bissau,GNB,Sub-Saharan Africa,Low income,2017,22.6361757458266,1.231,11.3
Guinea-Bissau,GNB,Sub-Saharan Africa,Low income,2018,22.9080958026933,1.201,11.4
Guinea-Bissau,GNB,Sub-Saharan Africa,Low income,2019,23.1761675491536,1.17,11.4
Guinea-Bissau,GNB,Sub-Saharan Africa,Low income,2020,23.440122137749,1.139,10.7
Guinea-Bissau,GNB,Sub-Saharan Africa,Low income,2021,23.6996889837226,1.107,10.1
Guinea-Bissau,GNB,Sub-Saharan Africa,Low income,2022,23.7944999344998,0.4,10.1
Guinea-Bissau,GNB,Sub-Saharan Africa,Low income,2023,23.8895352074617,0.399,10.1
Guyana,GUY,Latin America & Caribbean,High income,2002,63.1261825713431,,45.1
Guyana,GUY,Latin America & Caribbean,High income,2003,63.3010347136943,0.277,45.1
Guyana,GUY,Latin America & Caribbean,High income,2004,63.4716269353097,0.269,45.1
Guyana,GUY,Latin America & Caribbean,High income,2005,63.6434933035413,0.271,44.2
Guyana,GUY,Latin America & Caribbean,High income,2006,63.8167787895167,0.272,43.2
Guyana,GUY,Latin America & Caribbean,High income,2007,63.9913184105613,0.274,43.2
Guyana,GUY,Latin America & Caribbean,High income,2008,64.1671092858335,0.275,41.9
Guyana,GUY,Latin America & Caribbean,High income,2009,64.3442813208526,0.276,41.6
Guyana,GUY,Latin America & Caribbean,High income,2010,64.5226872520881,0.277,41.6
Guyana,GUY,Latin America & Caribbean,High income,2011,64.7023100493849,0.278,40.3
Guyana,GUY,Latin America & Caribbean,High income,2012,64.9168923039481,0.332,39.6
Guyana,GUY,Latin America & Caribbean,High income,2013,65.1314736718243,0.331,39.6
Guyana,GUY,Latin America & Caribbean,High income,2014,65.3480220188267,0.332,38.9
Guyana,GUY,Latin America & Caribbean,High income,2015,65.5662949413418,0.334,38.9
Guyana,GUY,Latin America & Caribbean,High income,2016,65.7863458182367,0.336,38.7
Guyana,GUY,Latin America & Caribbean,High income,2017,66.0082086059041,0.337,38
Guyana,GUY,Latin America & Caribbean,High income,2018,66.2313889036287,0.338,37.6
Guyana,GUY,Latin America & Caribbean,High income,2019,66.4561957606586,0.339,38.9
Guyana,GUY,Latin America & Caribbean,High income,2020,66.6823913645701,0.34,38.9
Guyana,GUY,Latin America & Caribbean,High income,2021,66.9098836794809,0.341,38.9
Guyana,GUY,Latin America & Caribbean,High income,2022,67.1385791426125,0.342,37.8
Guyana,GUY,Latin America & Caribbean,High income,2023,67.1556536157397,0.025,39.2
Honduras,HND,Latin America & Caribbean,Lower middle income,2002,42.2596791456563,,28.5
Honduras,HND,Latin America & Caribbean,Lower middle income,2003,43.6076213319213,3.19,29.9
Honduras,HND,Latin America & Caribbean,Lower middle income,2004,44.9872698483243,3.164,31.3
Honduras,HND,Latin America & Caribbean,Lower middle income,2005,46.3982725210716,3.136,31.3
Honduras,HND,Latin America & Caribbean,Lower middle income,2006,47.8412965841516,3.11,31.8
Honduras,HND,Latin America & Caribbean,Lower middle income,2007,49.3162588904695,3.083,31.8
Honduras,HND,Latin America & Caribbean,Lower middle income,2008,50.8235196106217,3.056,33.1
Honduras,HND,Latin America & Caribbean,Lower middle income,2009,52.3626202265339,3.028,33.6
Honduras,HND,Latin America & Caribbean,Lower middle income,2010,53.9343232985216,3.002,34.2
Honduras,HND,Latin America & Caribbean,Lower middle income,2011,55.5380407948122,2.973,35.6
Honduras,HND,Latin America & Caribbean,Lower middle income,2012,57.174671475674,2.947,35.6
Honduras,HND,Latin America & Caribbean,Lower middle income,2013,58.8431825731568,2.918,35.6
Honduras,HND,Latin America & Caribbean,Lower middle income,2014,60.5445335990096,2.891,35.6
Honduras,HND,Latin America & Caribbean,Lower middle income,2015,61.9111432090562,2.257,36.2
Honduras,HND,Latin America & Caribbean,Lower middle income,2016,62.3414390743725,0.695,36
Honduras,HND,Latin America & Caribbean,Lower middle income,2017,62.7680455735168,0.684,36
Honduras,HND,Latin America & Caribbean,Lower middle income,2018,63.1906427532202,0.673,36.2
Honduras,HND,Latin America & Caribbean,Lower middle income,2019,63.6092641889516,0.662,36.2
Honduras,HND,Latin America & Caribbean,Lower middle income,2020,64.0239281652442,0.652,36.2
Honduras,HND,Latin America & Caribbean,Lower middle income,2021,64.4343341684081,0.641,36.2
Honduras,HND,Latin America & Caribbean,Lower middle income,2022,64.8354617771336,0.623,35.8
Honduras,HND,Latin America & Caribbean,Lower middle income,2023,65.1953154485534,0.555,36.5
"Hong Kong SAR, China",HKG,East Asia & Pacific,High income,2002,98.5390232434892,,85.4
"Hong Kong SAR, China",HKG,East Asia & Pacific,High income,2003,98.6251074209837,0.087,85.4
"Hong Kong SAR, China",HKG,East Asia & Pacific,High income,2004,98.7112244876363,0.087,85.4
"Hong Kong SAR, China",HKG,East Asia & Pacific,High income,2005,98.7973744434468,0.087,85.7
"Hong Kong SAR, China",HKG,East Asia & Pacific,High income,2006,98.8835572884152,0.087,86.5
"Hong Kong SAR, China",HKG,East Asia & Pacific,High income,2007,98.9697730225416,0.087,87.2
"Hong Kong SAR, China",HKG,East Asia & Pacific,High income,2008,99.056021645826,0.087,87.2
"Hong Kong SAR, China",HKG,East Asia & Pacific,High income,2009,99.1423031582683,0.087,87.9
"Hong Kong SAR, China",HKG,East Asia & Pacific,High income,2010,99.2286175598686,0.087,87.9
"Hong Kong SAR, China",HKG,East Asia & Pacific,High income,2011,99.3149648506268,0.087,88.6
"Hong Kong SAR, China",HKG,East Asia & Pacific,High income,2012,99.401345030543,0.087,89.3
"Hong Kong SAR, China",HKG,East Asia & Pacific,High income,2013,99.4877580996171,0.087,89.3
"Hong Kong SAR, China",HKG,East Asia & Pacific,High income,2014,99.5742040578491,0.087,89.3
"Hong Kong SAR, China",HKG,East Asia & Pacific,High income,2015,99.6606829052392,0.087,91.3
"Hong Kong SAR, China",HKG,East Asia & Pacific,High income,2016,99.7471946417872,0.087,92.7
"Hong Kong SAR, China",HKG,East Asia & Pacific,High income,2017,99.8337392674931,0.087,92.7
"Hong Kong SAR, China",HKG,East Asia & Pacific,High income,2018,99.920316782357,0.087,94.6
"Hong Kong SAR, China",HKG,East Asia & Pacific,High income,2019,99.9877564110667,0.067,94.6
"Hong Kong SAR, China",HKG,East Asia & Pacific,High income,2020,100,0.012,95.3
"Hong Kong SAR, China",HKG,East Asia & Pacific,High income,2021,100,0,94.6
"Hong Kong SAR, China",HKG,East Asia & Pacific,High income,2022,100,0,94.6
"Hong Kong SAR, China",HKG,East Asia & Pacific,High income,2023,100,0,94.6
Hungary,HUN,Europe & Central Asia,High income,2002,83.4146365139348,,63.2
Hungary,HUN,Europe & Central Asia,High income,2003,83.7153680359425,0.361,62.5
Hungary,HUN,Europe & Central Asia,High income,2004,84.013546763203,0.356,63.2
Hungary,HUN,Europe & Central Asia,High income,2005,84.3169191431459,0.361,61.2
Hungary,HUN,Europe & Central Asia,High income,2006,84.6248188124471,0.365,61.5
Hungary,HUN,Europe & Central Asia,High income,2007,84.9290885750553,0.36,60.8
Hungary,HUN,Europe & Central Asia,High income,2008,85.2297662175944,0.354,60.8
Hungary,HUN,Europe & Central Asia,High income,2009,85.5267823941535,0.348,60.4
Hungary,HUN,Europe & Central Asia,High income,2010,85.8135855994829,0.335,60.4
Hungary,HUN,Europe & Central Asia,High income,2011,86.0972847205232,0.331,59.7
Hungary,HUN,Europe & Central Asia,High income,2012,86.365350094773,0.311,59.1
Hungary,HUN,Europe & Central Asia,High income,2013,87.7143283335481,1.562,60.4
Hungary,HUN,Europe & Central Asia,High income,2014,89.0651218119411,1.54,61.7
Hungary,HUN,Europe & Central Asia,High income,2015,90.417634731759,1.519,62.4
Hungary,HUN,Europe & Central Asia,High income,2016,91.772225962666,1.498,64.7
Hungary,HUN,Europe & Central Asia,High income,2017,93.1284962325177,1.478,65.3
Hungary,HUN,Europe & Central Asia,High income,2018,94.4862820001029,1.458,66.4
Hungary,HUN,Europe & Central Asia,High income,2019,95.8452164329616,1.438,67.8
Hungary,HUN,Europe & Central Asia,High income,2020,97.2050754126457,1.419,73.2
Hungary,HUN,Europe & Central Asia,High income,2021,98.5310080568994,1.364,77.2
Hungary,HUN,Europe & Central Asia,High income,2022,99.6589320571195,1.145,87.2
Hungary,HUN,Europe & Central Asia,High income,2023,100,0.342,94.6
Iceland,ISL,Europe & Central Asia,High income,2002,91.2260051057491,,70.1
Iceland,ISL,Europe & Central Asia,High income,2003,91.7611999804326,0.587,70.1
Iceland,ISL,Europe & Central Asia,High income,2004,92.2963956327331,0.583,70.8
Iceland,ISL,Europe & Central Asia,High income,2005,92.8315915038896,0.58,72.1
Iceland,ISL,Europe & Central Asia,High income,2006,93.3667934437735,0.577,72.3
Iceland,ISL,Europe & Central Asia,High income,2007,93.9019910231544,0.573,72.3
Iceland,ISL,Europe & Central Asia,High income,2008,94.4371847698126,0.57,73.6
Iceland,ISL,Europe & Central Asia,High income,2009,94.9723798865961,0.567,73.2
Iceland,ISL,Europe & Central Asia,High income,2010,95.5075778319983,0.564,73.8
Iceland,ISL,Europe & Central Asia,High income,2011,96.0427759555979,0.56,74.5
Iceland,ISL,Europe & Central Asia,High income,2012,96.5779673042334,0.557,75.2
Iceland,ISL,Europe & Central Asia,High income,2013,97.1131673147905,0.554,77.9
Iceland,ISL,Europe & Central Asia,High income,2014,97.6483633719147,0.551,77.9
Iceland,ISL,Europe & Central Asia,High income,2015,98.1835633167054,0.548,79.2
Iceland,ISL,Europe & Central Asia,High income,2016,98.7187629845527,0.545,83.3
Iceland,ISL,Europe & Central Asia,High income,2017,99.2539600764358,0.542,86.7
Iceland,ISL,Europe & Central Asia,High income,2018,99.7891499159749,0.539,91.9
Iceland,ISL,Europe & Central Asia,High income,2019,99.9999970387712,0.211,96
Iceland,ISL,Europe & Central Asia,High income,2020,99.9999964455788,0,94.6
Iceland,ISL,Europe & Central Asia,High income,2021,100,0,94.6
Iceland,ISL,Europe & Central Asia,High income,2022,99.9999992337629,0,93.9
Iceland,ISL,Europe & Central Asia,High income,2023,100,0,94.6
India,IND,South Asia,Lower middle income,2002,40.6085464510428,,27.1
India,IND,South Asia,Lower middle income,2003,42.1267048046039,3.739,27.1
India,IND,South Asia,Lower middle income,2004,43.657414461879,3.634,29.2
India,IND,South Asia,Lower middle income,2005,45.1996271683436,3.533,29.9
India,IND,South Asia,Lower middle income,2006,46.7534238129321,3.438,30.4
India,IND,South Asia,Lower middle income,2007,48.3188378954124,3.348,31.1
India,IND,South Asia,Lower middle income,2008,49.8955302994742,3.263,31.8
India,IND,South Asia,Lower middle income,2009,51.4825314020622,3.181,32.2
India,IND,South Asia,Lower middle income,2010,53.0798644691443,3.103,32.9
India,IND,South Asia,Lower middle income,2011,54.6875065992042,3.029,33.6
India,IND,South Asia,Lower middle income,2012,56.3075690119533,2.962,34.2
India,IND,South Asia,Lower middle income,2013,57.9390790581161,2.897,34.2
India,IND,South Asia,Lower middle income,2014,59.5816046729688,2.835,34.2
India,IND,South Asia,Lower middle income,2015,61.2343987010564,2.774,34.9
India,IND,South Asia,Lower middle income,2016,62.8967025513523,2.715,36.7
India,IND,South Asia,Lower middle income,2017,64.567945966321,2.657,37.3
India,IND,South Asia,Lower middle income,2018,66.2471046550041,2.601,38.3
India,IND,South Asia,Lower middle income,2019,67.9333667144175,2.545,39.6
India,IND,South Asia,Lower middle income,2020,69.6259050057647,2.491,41.6
India,IND,South Asia,Lower middle income,2021,71.3240226487586,2.439,44.3
India,IND,South Asia,Lower middle income,2022,73.0266809621397,2.387,43.9
India,IND,South Asia,Lower middle income,2023,74.7331217386926,2.337,44.6
Indonesia,IDN,East Asia & Pacific,Upper middle income,2002,24.1928563621011,,17.4
Indonesia,IDN,East Asia & Pacific,Upper middle income,2003,24.5295440959565,1.392,17.4
Indonesia,IDN,East Asia & Pacific,Upper middle income,2004,24.864499371888,1.366,17.4
Indonesia,IDN,East Asia & Pacific,Upper middle income,2005,25.1970554810278,1.337,17
Indonesia,IDN,East Asia & Pacific,Upper middle income,2006,25.5275946318436,1.312,16.9
Indonesia,IDN,East Asia & Pacific,Upper middle income,2007,25.8558523793891,1.286,16.9
Indonesia,IDN,East Asia & Pacific,Upper middle income,2008,26.1820726884343,1.262,16.2
Indonesia,IDN,East Asia & Pacific,Upper middle income,2009,26.5057497293581,1.236,16.1
Indonesia,IDN,East Asia & Pacific,Upper middle income,2010,26.8247072998811,1.203,16.1
Indonesia,IDN,East Asia & Pacific,Upper middle income,2011,27.1294619950846,1.136,16.1
Indonesia,IDN,East Asia & Pacific,Upper middle income,2012,27.4321575752598,1.116,16.1
Indonesia,IDN,East Asia & Pacific,Upper middle income,2013,27.7325593380907,1.095,16.1
Indonesia,IDN,East Asia & Pacific,Upper middle income,2014,28.031022243733,1.076,16.8
Indonesia,IDN,East Asia & Pacific,Upper middle income,2015,28.3272011924668,1.057,16.8
Indonesia,IDN,East Asia & Pacific,Upper middle income,2016,28.6211047796107,1.038,16.7
Indonesia,IDN,East Asia & Pacific,Upper middle income,2017,28.9123011579952,1.017,16.7
Indonesia,IDN,East Asia & Pacific,Upper middle income,2018,29.2010349952374,0.999,16.8
Indonesia,IDN,East Asia & Pacific,Upper middle income,2019,29.4871087619976,0.98,16.8
Indonesia,IDN,East Asia & Pacific,Upper middle income,2020,29.7707624688186,0.962,17.4
Indonesia,IDN,East Asia & Pacific,Upper middle income,2021,30.0516999151498,0.944,17.4
Indonesia,IDN,East Asia & Pacific,Upper middle income,2022,30.3301592429051,0.927,17.6
Indonesia,IDN,East Asia & Pacific,Upper middle income,2023,30.3958763265858,0.217,16.2
"Iran, Islamic Rep.",IRN,"Middle East, North Africa, Afghanistan & Pakistan",Upper middle income,2002,90.8329069508609,,69.4
"Iran, Islamic Rep.",IRN,"Middle East, North Africa, Afghanistan & Pakistan",Upper middle income,2003,91.0462207017884,0.235,68.8
"Iran, Islamic Rep.",IRN,"Middle East, North Africa, Afghanistan & Pakistan",Upper middle income,2004,91.2549319633375,0.229,68.8
"Iran, Islamic Rep.",IRN,"Middle East, North Africa, Afghanistan & Pakistan",Upper middle income,2005,91.4589569288373,0.224,68.7
"Iran, Islamic Rep.",IRN,"Middle East, North Africa, Afghanistan & Pakistan",Upper middle income,2006,91.6583609167814,0.218,68.9
"Iran, Islamic Rep.",IRN,"Middle East, North Africa, Afghanistan & Pakistan",Upper middle income,2007,91.847164138333,0.206,68.9
"Iran, Islamic Rep.",IRN,"Middle East, North Africa, Afghanistan & Pakistan",Upper middle income,2008,92.0288859473462,0.198,68.9
"Iran, Islamic Rep.",IRN,"Middle East, North Africa, Afghanistan & Pakistan",Upper middle income,2009,92.2066678518204,0.193,68.5
"Iran, Islamic Rep.",IRN,"Middle East, North Africa, Afghanistan & Pakistan",Upper middle income,2010,92.3806825973406,0.189,67.8
"Iran, Islamic Rep.",IRN,"Middle East, North Africa, Afghanistan & Pakistan",Upper middle income,2011,92.5508566521201,0.184,67.8
"Iran, Islamic Rep.",IRN,"Middle East, North Africa, Afghanistan & Pakistan",Upper middle income,2012,92.715901082364,0.178,67.8
"Iran, Islamic Rep.",IRN,"Middle East, North Africa, Afghanistan & Pakistan",Upper middle income,2013,92.8763929555836,0.173,67.8
"Iran, Islamic Rep.",IRN,"Middle East, North Africa, Afghanistan & Pakistan",Upper middle income,2014,93.0335304550058,0.169,67.1
"Iran, Islamic Rep.",IRN,"Middle East, North Africa, Afghanistan & Pakistan",Upper middle income,2015,93.1871450951894,0.165,66.4
"Iran, Islamic Rep.",IRN,"Middle East, North Africa, Afghanistan & Pakistan",Upper middle income,2016,93.3373925481496,0.161,66.7
"Iran, Islamic Rep.",IRN,"Middle East, North Africa, Afghanistan & Pakistan",Upper middle income,2017,93.4841246440097,0.157,66
"Iran, Islamic Rep.",IRN,"Middle East, North Africa, Afghanistan & Pakistan",Upper middle income,2018,93.6271990770832,0.153,64.4
"Iran, Islamic Rep.",IRN,"Middle East, North Africa, Afghanistan & Pakistan",Upper middle income,2019,93.7666082149318,0.149,64.4
"Iran, Islamic Rep.",IRN,"Middle East, North Africa, Afghanistan & Pakistan",Upper middle income,2020,93.9025285065337,0.145,63.8
"Iran, Islamic Rep.",IRN,"Middle East, North Africa, Afghanistan & Pakistan",Upper middle income,2021,94.0348515722991,0.141,63.8
"Iran, Islamic Rep.",IRN,"Middle East, North Africa, Afghanistan & Pakistan",Upper middle income,2022,94.1639395882777,0.137,63.5
"Iran, Islamic Rep.",IRN,"Middle East, North Africa, Afghanistan & Pakistan",Upper middle income,2023,94.2896157590203,0.133,63.5
Iraq,IRQ,"Middle East, North Africa, Afghanistan & Pakistan",Upper middle income,2002,51.1934995581064,,37.5
Iraq,IRQ,"Middle East, North Africa, Afghanistan & Pakistan",Upper middle income,2003,51.668498752969,0.928,37.5
Iraq,IRQ,"Middle East, North Africa, Afghanistan & Pakistan",Upper middle income,2004,52.142640019551,0.918,37.5
Iraq,IRQ,"Middle East, North Africa, Afghanistan & Pakistan",Upper middle income,2005,52.6159251509401,0.908,36.7
Iraq,IRQ,"Middle East, North Africa, Afghanistan & Pakistan",Upper middle income,2006,53.0880720100668,0.897,36.5
Iraq,IRQ,"Middle East, North Africa, Afghanistan & Pakistan",Upper middle income,2007,53.5596517303633,0.888,35.8
Iraq,IRQ,"Middle East, North Africa, Afghanistan & Pakistan",Upper middle income,2008,54.0303756264796,0.879,35.1
Iraq,IRQ,"Middle East, North Africa, Afghanistan & Pakistan",Upper middle income,2009,54.4999818450218,0.869,34.9
Iraq,IRQ,"Middle East, North Africa, Afghanistan & Pakistan",Upper middle income,2010,54.9861405424043,0.892,34.9
Iraq,IRQ,"Middle East, North Africa, Afghanistan & Pakistan",Upper middle income,2011,55.4804510053607,0.899,34.9
Iraq,IRQ,"Middle East, North Africa, Afghanistan & Pakistan",Upper middle income,2012,55.9719076225608,0.886,33.6
Iraq,IRQ,"Middle East, North Africa, Afghanistan & Pakistan",Upper middle income,2013,56.4605410514352,0.873,33.6
Iraq,IRQ,"Middle East, North Africa, Afghanistan & Pakistan",Upper middle income,2014,56.9465871735704,0.861,33.6
Iraq,IRQ,"Middle East, North Africa, Afghanistan & Pakistan",Upper middle income,2015,57.4300481493403,0.849,33.6
Iraq,IRQ,"Middle East, North Africa, Afghanistan & Pakistan",Upper middle income,2016,57.9129327058889,0.841,34
Iraq,IRQ,"Middle East, North Africa, Afghanistan & Pakistan",Upper middle income,2017,58.3951961846559,0.833,33.3
Iraq,IRQ,"Middle East, North Africa, Afghanistan & Pakistan",Upper middle income,2018,58.876573508811,0.824,33.6
Iraq,IRQ,"Middle East, North Africa, Afghanistan & Pakistan",Upper middle income,2019,59.3566297860522,0.815,32.9
Iraq,IRQ,"Middle East, North Africa, Afghanistan & Pakistan",Upper middle income,2020,59.664460620832,0.519,32.9
Iraq,IRQ,"Middle East, North Africa, Afghanistan & Pakistan",Upper middle income,2021,59.7027840073918,0.064,32.9
Iraq,IRQ,"Middle East, North Africa, Afghanistan & Pakistan",Upper middle income,2022,59.7426308879855,0.067,32.4
Iraq,IRQ,"Middle East, North Africa, Afghanistan & Pakistan",Upper middle income,2023,59.784174228685,0.07,32.4
Ireland,IRL,Europe & Central Asia,High income,2002,75.5769482723836,,55.6
Ireland,IRL,Europe & Central Asia,High income,2003,75.6786361923106,0.135,54.9
Ireland,IRL,Europe & Central Asia,High income,2004,75.7805670625966,0.135,54.9
Ireland,IRL,Europe & Central Asia,High income,2005,76.9944161030451,1.602,55.1
Ireland,IRL,Europe & Central Asia,High income,2006,78.1899908927392,1.553,54.7
Ireland,IRL,Europe & Central Asia,High income,2007,79.3581396261144,1.494,56.8
Ireland,IRL,Europe & Central Asia,High income,2008,80.515524102724,1.458,57.4
Ireland,IRL,Europe & Central Asia,High income,2009,81.662396985131,1.424,57
Ireland,IRL,Europe & Central Asia,High income,2010,82.798592146753,1.391,57.7
Ireland,IRL,Europe & Central Asia,High income,2011,83.9242978487205,1.36,57
Ireland,IRL,Europe & Central Asia,High income,2012,85.0395080293154,1.329,57
Ireland,IRL,Europe & Central Asia,High income,2013,86.1441410605135,1.299,57
Ireland,IRL,Europe & Central Asia,High income,2014,87.2383031069559,1.27,57.7
Ireland,IRL,Europe & Central Asia,High income,2015,88.3219797181514,1.242,57.7
Ireland,IRL,Europe & Central Asia,High income,2016,89.9270305647354,1.817,61.3
Ireland,IRL,Europe & Central Asia,High income,2017,91.5246419965557,1.777,62.7
Ireland,IRL,Europe & Central Asia,High income,2018,93.114008663692,1.737,63.8
Ireland,IRL,Europe & Central Asia,High income,2019,93.6872195062839,0.616,63.8
Ireland,IRL,Europe & Central Asia,High income,2020,94.1646240749462,0.51,64.4
Ireland,IRL,Europe & Central Asia,High income,2021,94.6467716600951,0.512,65.8
Ireland,IRL,Europe & Central Asia,High income,2022,95.1339726452281,0.515,66.2
Ireland,IRL,Europe & Central Asia,High income,2023,95.6265995419887,0.518,67.6
Isle of Man,IMN,Europe & Central Asia,High income,2009,96.6672319093368,,76.5
Isle of Man,IMN,Europe & Central Asia,High income,2010,96.6672319093368,0,75.8
Isle of Man,IMN,Europe & Central Asia,High income,2011,96.6672319093368,0,75.8
Isle of Man,IMN,Europe & Central Asia,High income,2012,96.6672319093368,0,75.8
Isle of Man,IMN,Europe & Central Asia,High income,2013,96.6672319093368,0,75.2
Isle of Man,IMN,Europe & Central Asia,High income,2014,97.0030652101286,0.347,76.5
Isle of Man,IMN,Europe & Central Asia,High income,2015,97.3394568379347,0.347,77.2
Isle of Man,IMN,Europe & Central Asia,High income,2016,97.676406792755,0.346,76.7
Isle of Man,IMN,Europe & Central Asia,High income,2017,98.0139150745895,0.346,77.3
Isle of Man,IMN,Europe & Central Asia,High income,2018,98.3519816834383,0.345,78.5
Isle of Man,IMN,Europe & Central Asia,High income,2019,98.6906066193012,0.344,81.2
Isle of Man,IMN,Europe & Central Asia,High income,2020,99.0297898821784,0.344,82.6
Isle of Man,IMN,Europe & Central Asia,High income,2021,99.3695314720699,0.343,83.2
Isle of Man,IMN,Europe & Central Asia,High income,2022,99.7098313889755,0.342,88.5
Isle of Man,IMN,Europe & Central Asia,High income,2023,99.9229122807018,0.214,91.9
Israel,ISR,"Middle East, North Africa, Afghanistan & Pakistan",High income,2002,99.7484560111451,,91
Israel,ISR,"Middle East, North Africa, Afghanistan & Pakistan",High income,2003,99.7355251870484,-0.013,91
Israel,ISR,"Middle East, North Africa, Afghanistan & Pakistan",High income,2004,99.7225858573178,-0.013,91
Israel,ISR,"Middle East, North Africa, Afghanistan & Pakistan",High income,2005,99.7096312936371,-0.013,91.2
Israel,ISR,"Middle East, North Africa, Afghanistan & Pakistan",High income,2006,99.6966707836185,-0.013,91.2
Israel,ISR,"Middle East, North Africa, Afghanistan & Pakistan",High income,2007,99.6836980628686,-0.013,91.2
Israel,ISR,"Middle East, North Africa, Afghanistan & Pakistan",High income,2008,99.6707189884124,-0.013,90.5
Israel,ISR,"Middle East, North Africa, Afghanistan & Pakistan",High income,2009,99.6577262645417,-0.013,91.3
Israel,ISR,"Middle East, North Africa, Afghanistan & Pakistan",High income,2010,99.6447359356643,-0.013,90.6
Israel,ISR,"Middle East, North Africa, Afghanistan & Pakistan",High income,2011,99.6317352990447,-0.013,90.6
Israel,ISR,"Middle East, North Africa, Afghanistan & Pakistan",High income,2012,99.6187296906115,-0.013,90.6
Israel,ISR,"Middle East, North Africa, Afghanistan & Pakistan",High income,2013,99.6057136543251,-0.013,90.6
Israel,ISR,"Middle East, North Africa, Afghanistan & Pakistan",High income,2014,99.5926946912221,-0.013,89.9
Israel,ISR,"Middle East, North Africa, Afghanistan & Pakistan",High income,2015,99.5796709386405,-0.013,89.3
Israel,ISR,"Middle East, North Africa, Afghanistan & Pakistan",High income,2016,99.5666331914078,-0.013,88.7
Israel,ISR,"Middle East, North Africa, Afghanistan & Pakistan",High income,2017,99.5535872401717,-0.013,88.7
Israel,ISR,"Middle East, North Africa, Afghanistan & Pakistan",High income,2018,99.5405350798841,-0.013,87.2
Israel,ISR,"Middle East, North Africa, Afghanistan & Pakistan",High income,2019,99.5274735767873,-0.013,86.6
Israel,ISR,"Middle East, North Africa, Afghanistan & Pakistan",High income,2020,99.5143951498831,-0.013,85.9
Israel,ISR,"Middle East, North Africa, Afghanistan & Pakistan",High income,2021,99.5013159794369,-0.013,85.2
Israel,ISR,"Middle East, North Africa, Afghanistan & Pakistan",High income,2022,99.4882210299717,-0.013,83.8
Israel,ISR,"Middle East, North Africa, Afghanistan & Pakistan",High income,2023,99.4751057094944,-0.013,83.1
Italy,ITA,Europe & Central Asia,High income,2002,95.2059380209067,,77.8
Italy,ITA,Europe & Central Asia,High income,2003,95.4248676910317,0.23,77.8
Italy,ITA,Europe & Central Asia,High income,2004,95.5418808411868,0.123,77.1
Italy,ITA,Europe & Central Asia,High income,2005,95.6149212596411,0.076,76.9
Italy,ITA,Europe & Central Asia,High income,2006,95.6879866413116,0.076,77
Italy,ITA,Europe & Central Asia,High income,2007,95.7610769861982,0.076,75.7
Italy,ITA,Europe & Central Asia,High income,2008,95.834192294301,0.076,75.7
Italy,ITA,Europe & Central Asia,High income,2009,95.90733256562,0.076,75.2
Italy,ITA,Europe & Central Asia,High income,2010,95.9804978001552,0.076,75.2
Italy,ITA,Europe & Central Asia,High income,2011,96.0536879979065,0.076,75.2
Italy,ITA,Europe & Central Asia,High income,2012,96.1269031588739,0.076,73.8
Italy,ITA,Europe & Central Asia,High income,2013,96.2001432830576,0.076,72.5
Italy,ITA,Europe & Central Asia,High income,2014,96.2734083704574,0.076,72.5
Italy,ITA,Europe & Central Asia,High income,2015,96.3219111162616,0.05,71.8
Italy,ITA,Europe & Central Asia,High income,2016,96.3704138620658,0.05,71.3
Italy,ITA,Europe & Central Asia,High income,2017,96.41891660787,0.05,72
Italy,ITA,Europe & Central Asia,High income,2018,96.4674193536742,0.05,70.5
Italy,ITA,Europe & Central Asia,High income,2019,96.5159220994784,0.05,70.5
Italy,ITA,Europe & Central Asia,High income,2020,96.5644248452826,0.05,69.8
Italy,ITA,Europe & Central Asia,High income,2021,96.6129275910868,0.05,69.1
Italy,ITA,Europe & Central Asia,High income,2022,96.661430336891,0.05,70.3
Italy,ITA,Europe & Central Asia,High income,2023,96.7099330826952,0.05,70.3
Japan,JPN,East Asia & Pacific,High income,2002,97.8687629260538,,84
Japan,JPN,East Asia & Pacific,High income,2003,97.8687629260538,0,84
Japan,JPN,East Asia & Pacific,High income,2004,97.8687629260538,0,84
Japan,JPN,East Asia & Pacific,High income,2005,97.9138681591711,0.046,84.4
Japan,JPN,East Asia & Pacific,High income,2006,97.9589807715425,0.046,84.5
Japan,JPN,East Asia & Pacific,High income,2007,98.004100763168,0.046,84.5
Japan,JPN,East Asia & Pacific,High income,2008,98.0492281340476,0.046,83.8
Japan,JPN,East Asia & Pacific,High income,2009,98.0943628841813,0.046,83.9
Japan,JPN,East Asia & Pacific,High income,2010,98.1395050135691,0.046,83.2
Japan,JPN,East Asia & Pacific,High income,2011,98.184654522211,0.046,82.6
Japan,JPN,East Asia & Pacific,High income,2012,98.229811410107,0.046,81.9
Japan,JPN,East Asia & Pacific,High income,2013,98.2749756772571,0.046,81.9
Japan,JPN,East Asia & Pacific,High income,2014,98.3201473236613,0.046,80.5
Japan,JPN,East Asia & Pacific,High income,2015,98.3653263493196,0.046,79.9
Japan,JPN,East Asia & Pacific,High income,2016,98.410512754232,0.046,79.3
Japan,JPN,East Asia & Pacific,High income,2017,98.4557065383985,0.046,79.3
Japan,JPN,East Asia & Pacific,High income,2018,98.5009077018191,0.046,79.2
Japan,JPN,East Asia & Pacific,High income,2019,98.5461162444938,0.046,79.2
Japan,JPN,East Asia & Pacific,High income,2020,98.5913321664227,0.046,79.2
Japan,JPN,East Asia & Pacific,High income,2021,98.6365554676056,0.046,79.9
Japan,JPN,East Asia & Pacific,High income,2022,98.6817861480426,0.046,78.4
Japan,JPN,East Asia & Pacific,High income,2023,98.7270242077337,0.046,77.7
Jordan,JOR,"Middle East, North Africa, Afghanistan & Pakistan",Upper middle income,2002,55.5533704777351,,40.3
Jordan,JOR,"Middle East, North Africa, Afghanistan & Pakistan",Upper middle income,2003,55.5697291735057,0.029,40.3
Jordan,JOR,"Middle East, North Africa, Afghanistan & Pakistan",Upper middle income,2004,55.5860007232744,0.029,40.3
Jordan,JOR,"Middle East, North Africa, Afghanistan & Pakistan",Upper middle income,2005,55.5161628563948,-0.126,39.5
Jordan,JOR,"Middle East, North Africa, Afghanistan & Pakistan",Upper middle income,2006,57.1130383253322,2.876,39.2
Jordan,JOR,"Middle East, North Africa, Afghanistan & Pakistan",Upper middle income,2007,58.7407817474168,2.85,39.2
Jordan,JOR,"Middle East, North Africa, Afghanistan & Pakistan",Upper middle income,2008,60.397024176724,2.82,39.2
Jordan,JOR,"Middle East, North Africa, Afghanistan & Pakistan",Upper middle income,2009,62.0799000146512,2.786,40.3
Jordan,JOR,"Middle East, North Africa, Afghanistan & Pakistan",Upper middle income,2010,63.7869293474391,2.75,40.9
Jordan,JOR,"Middle East, North Africa, Afghanistan & Pakistan",Upper middle income,2011,65.5161623543812,2.711,41.6
Jordan,JOR,"Middle East, North Africa, Afghanistan & Pakistan",Upper middle income,2012,67.2655612808715,2.67,41.6
Jordan,JOR,"Middle East, North Africa, Afghanistan & Pakistan",Upper middle income,2013,69.0333202375385,2.628,43
Jordan,JOR,"Middle East, North Africa, Afghanistan & Pakistan",Upper middle income,2014,70.8175817249303,2.585,44.3
Jordan,JOR,"Middle East, North Africa, Afghanistan & Pakistan",Upper middle income,2015,72.6112808414425,2.533,45.6
Jordan,JOR,"Middle East, North Africa, Afghanistan & Pakistan",Upper middle income,2016,74.4099059069255,2.477,47.3
Jordan,JOR,"Middle East, North Africa, Afghanistan & Pakistan",Upper middle income,2017,76.2132216895317,2.423,50
Jordan,JOR,"Middle East, North Africa, Afghanistan & Pakistan",Upper middle income,2018,78.0209919365775,2.372,50.3
Jordan,JOR,"Middle East, North Africa, Afghanistan & Pakistan",Upper middle income,2019,79.8330369128327,2.323,50.3
Jordan,JOR,"Middle East, North Africa, Afghanistan & Pakistan",Upper middle income,2020,81.6490804207222,2.275,53
Jordan,JOR,"Middle East, North Africa, Afghanistan & Pakistan",Upper middle income,2021,83.4690312355887,2.229,54.4
Jordan,JOR,"Middle East, North Africa, Afghanistan & Pakistan",Upper middle income,2022,85.2926964809527,2.185,54.1
Jordan,JOR,"Middle East, North Africa, Afghanistan & Pakistan",Upper middle income,2023,87.1198241622629,2.142,55.4
Kazakhstan,KAZ,Europe & Central Asia,Upper middle income,2002,64.9884512470359,,46.5
Kazakhstan,KAZ,Europe & Central Asia,Upper middle income,2003,66.5431574486663,2.392,47.2
Kazakhstan,KAZ,Europe & Central Asia,Upper middle income,2004,68.1144135687381,2.361,47.2
Kazakhstan,KAZ,Europe & Central Asia,Upper middle income,2005,69.7021252533712,2.331,48.3
Kazakhstan,KAZ,Europe & Central Asia,Upper middle income,2006,71.3062007363314,2.301,48
Kazakhstan,KAZ,Europe & Central Asia,Upper middle income,2007,72.9265274275061,2.272,49.3
Kazakhstan,KAZ,Europe & Central Asia,Upper middle income,2008,74.563025566628,2.244,49.3
Kazakhstan,KAZ,Europe & Central Asia,Upper middle income,2009,76.2155829324062,2.216,50.3
Kazakhstan,KAZ,Europe & Central Asia,Upper middle income,2010,77.8838073910147,2.189,50.3
Kazakhstan,KAZ,Europe & Central Asia,Upper middle income,2011,79.5682380682781,2.163,53
Kazakhstan,KAZ,Europe & Central Asia,Upper middle income,2012,81.268439553072,2.137,54.4
Kazakhstan,KAZ,Europe & Central Asia,Upper middle income,2013,82.9843222511527,2.111,55.7
Kazakhstan,KAZ,Europe & Central Asia,Upper middle income,2014,84.7156001776453,2.086,55.7
Kazakhstan,KAZ,Europe & Central Asia,Upper middle income,2015,86.4625773996487,2.062,56.4
Kazakhstan,KAZ,Europe & Central Asia,Upper middle income,2016,88.1463152163441,1.947,57.3
Kazakhstan,KAZ,Europe & Central Asia,Upper middle income,2017,89.8289594691417,1.909,60
Kazakhstan,KAZ,Europe & Central Asia,Upper middle income,2018,90.1137990474699,0.317,60.4
Kazakhstan,KAZ,Europe & Central Asia,Upper middle income,2019,90.3989798799613,0.316,60.4
Kazakhstan,KAZ,Europe & Central Asia,Upper middle income,2020,90.6840425340844,0.315,61.7
Kazakhstan,KAZ,Europe & Central Asia,Upper middle income,2021,90.9686099847972,0.314,62.4
Kazakhstan,KAZ,Europe & Central Asia,Upper middle income,2022,91.2523237707004,0.312,62.2
Kazakhstan,KAZ,Europe & Central Asia,Upper middle income,2023,91.534849470974,0.31,62.2
Kiribati,KIR,East Asia & Pacific,Lower middle income,2002,9.87749063258648,,7.6
Kiribati,KIR,East Asia & Pacific,Lower middle income,2003,10.0362409300742,1.607,7.6
Kiribati,KIR,East Asia & Pacific,Lower middle income,2004,10.1950380926799,1.582,6.9
Kiribati,KIR,East Asia & Pacific,Lower middle income,2005,10.3537627603094,1.557,6.8
Kiribati,KIR,East Asia & Pacific,Lower middle income,2006,10.5680224637348,2.069,6.1
Kiribati,KIR,East Asia & Pacific,Lower middle income,2007,10.8268775434095,2.449,6.1
Kiribati,KIR,East Asia & Pacific,Lower middle income,2008,11.0881675995667,2.413,6.1
Kiribati,KIR,East Asia & Pacific,Lower middle income,2009,11.3515336607381,2.375,6
Kiribati,KIR,East Asia & Pacific,Lower middle income,2010,11.6171050166479,2.34,6
Kiribati,KIR,East Asia & Pacific,Lower middle income,2011,11.884888747058,2.305,5.4
Kiribati,KIR,East Asia & Pacific,Lower middle income,2012,12.1548918365676,2.272,6
Kiribati,KIR,East Asia & Pacific,Lower middle income,2013,12.4266053085506,2.235,5.4
Kiribati,KIR,East Asia & Pacific,Lower middle income,2014,12.7004135804741,2.203,5.4
Kiribati,KIR,East Asia & Pacific,Lower middle income,2015,12.9761873399856,2.171,5.4
Kiribati,KIR,East Asia & Pacific,Lower middle income,2016,13.2519443485538,2.125,4.7
Kiribati,KIR,East Asia & Pacific,Lower middle income,2017,13.5270977701122,2.076,4
Kiribati,KIR,East Asia & Pacific,Lower middle income,2018,13.8018497525444,2.031,4
Kiribati,KIR,East Asia & Pacific,Lower middle income,2019,14.076142172488,1.987,4
Kiribati,KIR,East Asia & Pacific,Lower middle income,2020,14.3496418529981,1.943,4
Kiribati,KIR,East Asia & Pacific,Lower middle income,2021,14.6224199168917,1.901,4
Kiribati,KIR,East Asia & Pacific,Lower middle income,2022,14.8944146340462,1.86,4.1
Kiribati,KIR,East Asia & Pacific,Lower middle income,2023,14.9924313024639,0.658,4.1
"Korea, Dem. People's Rep.",PRK,East Asia & Pacific,Low income,2002,69.0372325114967,,50
"Korea, Dem. People's Rep.",PRK,East Asia & Pacific,Low income,2003,69.0558715599079,0.027,50
"Korea, Dem. People's Rep.",PRK,East Asia & Pacific,Low income,2004,69.036318590008,-0.028,48.6
"Korea, Dem. People's Rep.",PRK,East Asia & Pacific,Low income,2005,68.8284056536318,-0.301,46.3
"Korea, Dem. People's Rep.",PRK,East Asia & Pacific,Low income,2006,68.6211713716994,-0.301,45.9
"Korea, Dem. People's Rep.",PRK,East Asia & Pacific,Low income,2007,68.4141327579558,-0.302,45.3
"Korea, Dem. People's Rep.",PRK,East Asia & Pacific,Low income,2008,68.2075310991335,-0.302,45.3
"Korea, Dem. People's Rep.",PRK,East Asia & Pacific,Low income,2009,68.0208733885564,-0.274,44.3
"Korea, Dem. People's Rep.",PRK,East Asia & Pacific,Low income,2010,67.8420008590283,-0.263,43.6
"Korea, Dem. People's Rep.",PRK,East Asia & Pacific,Low income,2011,67.6636213053331,-0.263,43
"Korea, Dem. People's Rep.",PRK,East Asia & Pacific,Low income,2012,67.4865152209698,-0.262,43
"Korea, Dem. People's Rep.",PRK,East Asia & Pacific,Low income,2013,67.3101581651526,-0.261,40.9
"Korea, Dem. People's Rep.",PRK,East Asia & Pacific,Low income,2014,67.1348051825258,-0.261,40.9
"Korea, Dem. People's Rep.",PRK,East Asia & Pacific,Low income,2015,66.9601917858627,-0.26,39.6
"Korea, Dem. People's Rep.",PRK,East Asia & Pacific,Low income,2016,66.7906723941633,-0.253,40
"Korea, Dem. People's Rep.",PRK,East Asia & Pacific,Low income,2017,66.6258214386595,-0.247,38.7
"Korea, Dem. People's Rep.",PRK,East Asia & Pacific,Low income,2018,66.4660307462782,-0.24,38.9
"Korea, Dem. People's Rep.",PRK,East Asia & Pacific,Low income,2019,66.3114101539539,-0.233,37.6
"Korea, Dem. People's Rep.",PRK,East Asia & Pacific,Low income,2020,66.3808962987726,0.105,38.3
"Korea, Dem. People's Rep.",PRK,East Asia & Pacific,Low income,2021,66.454316601856,0.111,37.6
"Korea, Dem. People's Rep.",PRK,East Asia & Pacific,Low income,2022,66.5313996398284,0.116,37.2
"Korea, Dem. People's Rep.",PRK,East Asia & Pacific,Low income,2023,66.6121349621259,0.121,37.8
"Korea, Rep.",KOR,East Asia & Pacific,High income,2002,97.2303189641612,,81.9
"Korea, Rep.",KOR,East Asia & Pacific,High income,2003,97.2303189641612,0,81.3
"Korea, Rep.",KOR,East Asia & Pacific,High income,2004,97.2303189641612,0,81.3
"Korea, Rep.",KOR,East Asia & Pacific,High income,2005,97.2303189641612,0,81.6
"Korea, Rep.",KOR,East Asia & Pacific,High income,2006,97.2303189641611,0,81.8
"Korea, Rep.",KOR,East Asia & Pacific,High income,2007,97.3756221999523,0.149,81.8
"Korea, Rep.",KOR,East Asia & Pacific,High income,2008,97.5210338180186,0.149,81.8
"Korea, Rep.",KOR,East Asia & Pacific,High income,2009,97.66655381836,0.149,81.9
"Korea, Rep.",KOR,East Asia & Pacific,High income,2010,97.8121822009765,0.149,81.2
"Korea, Rep.",KOR,East Asia & Pacific,High income,2011,97.957918965868,0.149,80.5
"Korea, Rep.",KOR,East Asia & Pacific,High income,2012,98.1037641130347,0.149,80.5
"Korea, Rep.",KOR,East Asia & Pacific,High income,2013,98.2497176424765,0.149,80.5
"Korea, Rep.",KOR,East Asia & Pacific,High income,2014,98.3957795541934,0.149,81.9
"Korea, Rep.",KOR,East Asia & Pacific,High income,2015,98.5241495202176,0.13,82.6
"Korea, Rep.",KOR,East Asia & Pacific,High income,2016,98.6163712372614,0.094,82
"Korea, Rep.",KOR,East Asia & Pacific,High income,2017,98.7086237223775,0.094,82
"Korea, Rep.",KOR,East Asia & Pacific,High income,2018,98.8009069755656,0.093,81.9
"Korea, Rep.",KOR,East Asia & Pacific,High income,2019,98.893220996826,0.093,81.9
"Korea, Rep.",KOR,East Asia & Pacific,High income,2020,98.9855657861584,0.093,81.9
"Korea, Rep.",KOR,East Asia & Pacific,High income,2021,99.0779413435631,0.093,81.9
"Korea, Rep.",KOR,East Asia & Pacific,High income,2022,99.1703476690398,0.093,81.1
"Korea, Rep.",KOR,East Asia & Pacific,High income,2023,99.2627847625887,0.093,81.8
Kuwait,KWT,"Middle East, North Africa, Afghanistan & Pakistan",High income,2002,100,,96.5
Kuwait,KWT,"Middle East, North Africa, Afghanistan & Pakistan",High income,2003,100,0,95.1
Kuwait,KWT,"Middle East, North Africa, Afghanistan & Pakistan",High income,2004,100,0,96.5
Kuwait,KWT,"Middle East, North Africa, Afghanistan & Pakistan",High income,2005,100,0,95.9
Kuwait,KWT,"Middle East, North Africa, Afghanistan & Pakistan",High income,2006,100,0,96.6
Kuwait,KWT,"Middle East, North Africa, Afghanistan & Pakistan",High income,2007,100,0,95.9
Kuwait,KWT,"Middle East, North Africa, Afghanistan & Pakistan",High income,2008,100,0,96.6
Kuwait,KWT,"Middle East, North Africa, Afghanistan & Pakistan",High income,2009,100,0,97.3
Kuwait,KWT,"Middle East, North Africa, Afghanistan & Pakistan",High income,2010,100,0,97.3
Kuwait,KWT,"Middle East, North Africa, Afghanistan & Pakistan",High income,2011,100,0,96.6
Kuwait,KWT,"Middle East, North Africa, Afghanistan & Pakistan",High income,2012,100,0,97.3
Kuwait,KWT,"Middle East, North Africa, Afghanistan & Pakistan",High income,2013,100,0,97.3
Kuwait,KWT,"Middle East, North Africa, Afghanistan & Pakistan",High income,2014,100,0,97.3
Kuwait,KWT,"Middle East, North Africa, Afghanistan & Pakistan",High income,2015,100,0,96.6
Kuwait,KWT,"Middle East, North Africa, Afghanistan & Pakistan",High income,2016,100,0,96.7
Kuwait,KWT,"Middle East, North Africa, Afghanistan & Pakistan",High income,2017,100,0,97.3
Kuwait,KWT,"Middle East, North Africa, Afghanistan & Pakistan",High income,2018,100,0,96.6
Kuwait,KWT,"Middle East, North Africa, Afghanistan & Pakistan",High income,2019,100,0,96.6
Kuwait,KWT,"Middle East, North Africa, Afghanistan & Pakistan",High income,2020,100,0,95.3
Kuwait,KWT,"Middle East, North Africa, Afghanistan & Pakistan",High income,2021,100,0,94.6
Kuwait,KWT,"Middle East, North Africa, Afghanistan & Pakistan",High income,2022,100,0,94.6
Kuwait,KWT,"Middle East, North Africa, Afghanistan & Pakistan",High income,2023,100,0,94.6
Kyrgyz Republic,KGZ,Europe & Central Asia,Lower middle income,2002,46.6904510374962,,34
Kyrgyz Republic,KGZ,Europe & Central Asia,Lower middle income,2003,46.9654668505036,0.589,34
Kyrgyz Republic,KGZ,Europe & Central Asia,Lower middle income,2004,47.2410383118075,0.587,33.3
Kyrgyz Republic,KGZ,Europe & Central Asia,Lower middle income,2005,49.0045330644723,3.733,33.3
Kyrgyz Republic,KGZ,Europe & Central Asia,Lower middle income,2006,50.7982506303351,3.66,33.8
Kyrgyz Republic,KGZ,Europe & Central Asia,Lower middle income,2007,52.6211337182972,3.588,34.5
Kyrgyz Republic,KGZ,Europe & Central Asia,Lower middle income,2008,54.4737232203724,3.521,35.8
Kyrgyz Republic,KGZ,Europe & Central Asia,Lower middle income,2009,56.356495699389,3.456,36.2
Kyrgyz Republic,KGZ,Europe & Central Asia,Lower middle income,2010,58.2794802040483,3.412,36.9
Kyrgyz Republic,KGZ,Europe & Central Asia,Lower middle income,2011,60.2419672955575,3.367,36.9
Kyrgyz Republic,KGZ,Europe & Central Asia,Lower middle income,2012,62.2431193822583,3.322,38.3
Kyrgyz Republic,KGZ,Europe & Central Asia,Lower middle income,2013,64.2807542269669,3.274,38.9
Kyrgyz Republic,KGZ,Europe & Central Asia,Lower middle income,2014,66.3539256239209,3.225,39.6
Kyrgyz Republic,KGZ,Europe & Central Asia,Lower middle income,2015,68.4612016111649,3.176,40.9
Kyrgyz Republic,KGZ,Europe & Central Asia,Lower middle income,2016,70.6014362386127,3.126,43.3
Kyrgyz Republic,KGZ,Europe & Central Asia,Lower middle income,2017,72.3593185794231,2.49,44
Kyrgyz Republic,KGZ,Europe & Central Asia,Lower middle income,2018,73.6628334876538,1.801,46.3
Kyrgyz Republic,KGZ,Europe & Central Asia,Lower middle income,2019,74.977773076842,1.785,47.7
Kyrgyz Republic,KGZ,Europe & Central Asia,Lower middle income,2020,76.2363666317899,1.679,48.3
Kyrgyz Republic,KGZ,Europe & Central Asia,Lower middle income,2021,77.6071671226473,1.798,49
Kyrgyz Republic,KGZ,Europe & Central Asia,Lower middle income,2022,76.8977856738224,-0.914,47.3
Kyrgyz Republic,KGZ,Europe & Central Asia,Lower middle income,2023,75.4015646695999,-1.946,45.9
Lao PDR,LAO,East Asia & Pacific,Lower middle income,2002,7.96470469612063,,4.9
Lao PDR,LAO,East Asia & Pacific,Lower middle income,2003,8.32978257884214,4.584,5.6
Lao PDR,LAO,East Asia & Pacific,Lower middle income,2004,8.69779924866436,4.418,5.6
Lao PDR,LAO,East Asia & Pacific,Lower middle income,2005,9.0438596547213,3.979,5.4
Lao PDR,LAO,East Asia & Pacific,Lower middle income,2006,9.34303376606844,3.308,5.4
Lao PDR,LAO,East Asia & Pacific,Lower middle income,2007,9.64231219491391,3.203,4.7
Lao PDR,LAO,East Asia & Pacific,Lower middle income,2008,9.9420426797011,3.108,4.7
Lao PDR,LAO,East Asia & Pacific,Lower middle income,2009,10.2417371173529,3.014,4.7
Lao PDR,LAO,East Asia & Pacific,Lower middle income,2010,10.541621945848,2.928,4
Lao PDR,LAO,East Asia & Pacific,Lower middle income,2011,10.8416869442677,2.846,4
Lao PDR,LAO,East Asia & Pacific,Lower middle income,2012,11.1420369613344,2.77,4
Lao PDR,LAO,East Asia & Pacific,Lower middle income,2013,11.4421929569921,2.694,4
Lao PDR,LAO,East Asia & Pacific,Lower middle income,2014,11.742497203708,2.625,4
Lao PDR,LAO,East Asia & Pacific,Lower middle income,2015,12.0428221416587,2.558,4.7
Lao PDR,LAO,East Asia & Pacific,Lower middle income,2016,14.2687875365303,18.484,6
Lao PDR,LAO,East Asia & Pacific,Lower middle income,2017,16.5880898211157,16.254,6
Lao PDR,LAO,East Asia & Pacific,Lower middle income,2018,19.0005939716825,14.544,9.4
Lao PDR,LAO,East Asia & Pacific,Lower middle income,2019,21.506343763718,13.188,10.1
Lao PDR,LAO,East Asia & Pacific,Lower middle income,2020,24.1050464561247,12.083,11.4
Lao PDR,LAO,East Asia & Pacific,Lower middle income,2021,26.7965570605935,11.166,12.8
Lao PDR,LAO,East Asia & Pacific,Lower middle income,2022,29.5807179816358,10.39,16.2
Lao PDR,LAO,East Asia & Pacific,Lower middle income,2023,32.4030678726007,9.541,17.6
Latvia,LVA,Europe & Central Asia,High income,2002,92.5141204288432,,73.6
Latvia,LVA,Europe & Central Asia,High income,2003,92.5367784088022,0.024,72.2
Latvia,LVA,Europe & Central Asia,High income,2004,92.5832372669378,0.05,72.2
Latvia,LVA,Europe & Central Asia,High income,2005,92.6295346250527,0.05,71.4
Latvia,LVA,Europe & Central Asia,High income,2006,92.6984295558456,0.074,70.3
Latvia,LVA,Europe & Central Asia,High income,2007,92.9476269135772,0.269,70.9
Latvia,LVA,Europe & Central Asia,High income,2008,93.1981608149268,0.27,70.9
Latvia,LVA,Europe & Central Asia,High income,2009,93.4562743103045,0.277,70.5
Latvia,LVA,Europe & Central Asia,High income,2010,93.7212884034687,0.284,70.5
Latvia,LVA,Europe & Central Asia,High income,2011,93.9864908524,0.283,70.5
Latvia,LVA,Europe & Central Asia,High income,2012,94.2517441535365,0.282,70.5
Latvia,LVA,Europe & Central Asia,High income,2013,94.5170525443219,0.281,71.1
Latvia,LVA,Europe & Central Asia,High income,2014,94.7823036111497,0.281,70.5
Latvia,LVA,Europe & Central Asia,High income,2015,95.0477150987941,0.28,69.1
Latvia,LVA,Europe & Central Asia,High income,2016,95.3144433757435,0.281,69.3
Latvia,LVA,Europe & Central Asia,High income,2017,95.5822435401306,0.281,68.7
Latvia,LVA,Europe & Central Asia,High income,2018,95.8508834607555,0.281,68.5
Latvia,LVA,Europe & Central Asia,High income,2019,96.1201193629442,0.281,69.1
Latvia,LVA,Europe & Central Asia,High income,2020,96.3897162205612,0.28,68.5
Latvia,LVA,Europe & Central Asia,High income,2021,96.6594236779582,0.28,70.5
Latvia,LVA,Europe & Central Asia,High income,2022,96.929013380554,0.279,72.3
Latvia,LVA,Europe & Central Asia,High income,2023,96.9699421478864,0.042,73.6
Lebanon,LBN,"Middle East, North Africa, Afghanistan & Pakistan",Lower middle income,2002,43.9052725174603,,31.3
Lebanon,LBN,"Middle East, North Africa, Afghanistan & Pakistan",Lower middle income,2003,44.1412271714285,0.537,31.3
Lebanon,LBN,"Middle East, North Africa, Afghanistan & Pakistan",Lower middle income,2004,44.3771818253968,0.535,29.9
Lebanon,LBN,"Middle East, North Africa, Afghanistan & Pakistan",Lower middle income,2005,44.6131364793651,0.532,28.6
Lebanon,LBN,"Middle East, North Africa, Afghanistan & Pakistan",Lower middle income,2006,44.8490911333333,0.529,27.7
Lebanon,LBN,"Middle East, North Africa, Afghanistan & Pakistan",Lower middle income,2007,45.0850457873016,0.526,28.4
Lebanon,LBN,"Middle East, North Africa, Afghanistan & Pakistan",Lower middle income,2008,45.3210004412698,0.523,28.4
Lebanon,LBN,"Middle East, North Africa, Afghanistan & Pakistan",Lower middle income,2009,45.5569550952381,0.521,27.5
Lebanon,LBN,"Middle East, North Africa, Afghanistan & Pakistan",Lower middle income,2010,45.7929097492063,0.518,27.5
Lebanon,LBN,"Middle East, North Africa, Afghanistan & Pakistan",Lower middle income,2011,46.0288644031746,0.515,27.5
Lebanon,LBN,"Middle East, North Africa, Afghanistan & Pakistan",Lower middle income,2012,46.2648190571428,0.513,26.8
Lebanon,LBN,"Middle East, North Africa, Afghanistan & Pakistan",Lower middle income,2013,46.5007737111111,0.51,26.8
Lebanon,LBN,"Middle East, North Africa, Afghanistan & Pakistan",Lower middle income,2014,46.7367283650794,0.507,26.8
Lebanon,LBN,"Middle East, North Africa, Afghanistan & Pakistan",Lower middle income,2015,46.9726830190476,0.505,26.2
Lebanon,LBN,"Middle East, North Africa, Afghanistan & Pakistan",Lower middle income,2016,47.2086376730159,0.502,26
Lebanon,LBN,"Middle East, North Africa, Afghanistan & Pakistan",Lower middle income,2017,47.4445923269841,0.5,26.7
Lebanon,LBN,"Middle East, North Africa, Afghanistan & Pakistan",Lower middle income,2018,47.6307071666277,0.392,26.8
Lebanon,LBN,"Middle East, North Africa, Afghanistan & Pakistan",Lower middle income,2019,47.7,0.145,26.8
Lebanon,LBN,"Middle East, North Africa, Afghanistan & Pakistan",Lower middle income,2020,47.7,0,27.5
Lebanon,LBN,"Middle East, North Africa, Afghanistan & Pakistan",Lower middle income,2021,47.7,0,26.8
Lebanon,LBN,"Middle East, North Africa, Afghanistan & Pakistan",Lower middle income,2022,47.7,0,26.4
Lebanon,LBN,"Middle East, North Africa, Afghanistan & Pakistan",Lower middle income,2023,47.7,0,25.7
Lesotho,LSO,Sub-Saharan Africa,Lower middle income,2002,10.5117632752945,,8.3
Lesotho,LSO,Sub-Saharan Africa,Lower middle income,2003,11.4527288852219,8.952,9
Lesotho,LSO,Sub-Saharan Africa,Lower middle income,2004,12.4141104682805,8.394,9.7
Lesotho,LSO,Sub-Saharan Africa,Lower middle income,2005,13.3942678155641,7.896,9.5
Lesotho,LSO,Sub-Saharan Africa,Lower middle income,2006,14.3948239754967,7.47,9.5
Lesotho,LSO,Sub-Saharan Africa,Lower middle income,2007,15.3677814917045,6.759,10.1
Lesotho,LSO,Sub-Saharan Africa,Lower middle income,2008,16.3585686858876,6.447,10.1
Lesotho,LSO,Sub-Saharan Africa,Lower middle income,2009,17.3658328653489,6.157,10.1
Lesotho,LSO,Sub-Saharan Africa,Lower middle income,2010,18.391221753646,5.905,10.7
Lesotho,LSO,Sub-Saharan Africa,Lower middle income,2011,19.4343817707349,5.672,11.4
Lesotho,LSO,Sub-Saharan Africa,Lower middle income,2012,20.4290055242704,5.118,11.4
Lesotho,LSO,Sub-Saharan Africa,Lower middle income,2013,21.3453502832481,4.486,11.4
Lesotho,LSO,Sub-Saharan Africa,Lower middle income,2014,22.2002990885685,4.005,12.1
Lesotho,LSO,Sub-Saharan Africa,Lower middle income,2015,23.0645991689769,3.893,12.1
Lesotho,LSO,Sub-Saharan Africa,Lower middle income,2016,23.9371411392711,3.783,12
Lesotho,LSO,Sub-Saharan Africa,Lower middle income,2017,24.8184404763007,3.682,12.7
Lesotho,LSO,Sub-Saharan Africa,Lower middle income,2018,25.7117199663393,3.599,13.4
Lesotho,LSO,Sub-Saharan Africa,Lower middle income,2019,26.6164292249631,3.519,13.4
Lesotho,LSO,Sub-Saharan Africa,Lower middle income,2020,27.5336486195485,3.446,13.4
Lesotho,LSO,Sub-Saharan Africa,Lower middle income,2021,28.4622726530802,3.373,15.4
Lesotho,LSO,Sub-Saharan Africa,Lower middle income,2022,29.4033810742405,3.307,14.9
Lesotho,LSO,Sub-Saharan Africa,Lower middle income,2023,30.3558597564902,3.239,15.5
Liechtenstein,LIE,Europe & Central Asia,High income,2002,100,,96.5
Liechtenstein,LIE,Europe & Central Asia,High income,2003,100,0,95.1
Liechtenstein,LIE,Europe & Central Asia,High income,2004,100,0,96.5
Liechtenstein,LIE,Europe & Central Asia,High income,2005,100,0,95.9
Liechtenstein,LIE,Europe & Central Asia,High income,2006,100,0,96.6
Liechtenstein,LIE,Europe & Central Asia,High income,2007,100,0,95.9
Liechtenstein,LIE,Europe & Central Asia,High income,2008,100,0,96.6
Liechtenstein,LIE,Europe & Central Asia,High income,2009,100,0,97.3
Liechtenstein,LIE,Europe & Central Asia,High income,2010,100,0,97.3
Liechtenstein,LIE,Europe & Central Asia,High income,2011,100,0,96.6
Liechtenstein,LIE,Europe & Central Asia,High income,2012,100,0,97.3
Liechtenstein,LIE,Europe & Central Asia,High income,2013,100,0,97.3
Liechtenstein,LIE,Europe & Central Asia,High income,2014,100,0,97.3
Liechtenstein,LIE,Europe & Central Asia,High income,2015,100,0,96.6
Liechtenstein,LIE,Europe & Central Asia,High income,2016,100,0,96.7
Liechtenstein,LIE,Europe & Central Asia,High income,2017,100,0,97.3
Liechtenstein,LIE,Europe & Central Asia,High income,2018,100,0,96.6
Liechtenstein,LIE,Europe & Central Asia,High income,2019,100,0,96.6
Liechtenstein,LIE,Europe & Central Asia,High income,2020,100,0,95.3
Liechtenstein,LIE,Europe & Central Asia,High income,2021,100,0,94.6
Liechtenstein,LIE,Europe & Central Asia,High income,2022,100,0,94.6
Liechtenstein,LIE,Europe & Central Asia,High income,2023,100,0,94.6
Lithuania,LTU,Europe & Central Asia,High income,2002,70.5294047815653,,51.4
Lithuania,LTU,Europe & Central Asia,High income,2003,70.880015367076,0.497,50.7
Lithuania,LTU,Europe & Central Asia,High income,2004,72.4806963332156,2.258,51.4
Lithuania,LTU,Europe & Central Asia,High income,2005,74.106065388827,2.242,51
Lithuania,LTU,Europe & Central Asia,High income,2006,75.7552489751264,2.225,52
Lithuania,LTU,Europe & Central Asia,High income,2007,77.4164963269414,2.193,54.1
Lithuania,LTU,Europe & Central Asia,High income,2008,79.0897529328094,2.161,55.4
Lithuania,LTU,Europe & Central Asia,High income,2009,80.7660072095544,2.119,56.4
Lithuania,LTU,Europe & Central Asia,High income,2010,82.4463730122301,2.081,57
Lithuania,LTU,Europe & Central Asia,High income,2011,84.1477506985052,2.064,57.7
Lithuania,LTU,Europe & Central Asia,High income,2012,85.8756741088272,2.053,58.4
Lithuania,LTU,Europe & Central Asia,High income,2013,87.6146305997588,2.025,59.7
Lithuania,LTU,Europe & Central Asia,High income,2014,89.3646361500565,1.997,62.4
Lithuania,LTU,Europe & Central Asia,High income,2015,91.1255965365764,1.971,64.4
Lithuania,LTU,Europe & Central Asia,High income,2016,92.8983942373975,1.945,66
Lithuania,LTU,Europe & Central Asia,High income,2017,94.4844786513439,1.707,67.3
Lithuania,LTU,Europe & Central Asia,High income,2018,94.9356571929639,0.478,67.8
Lithuania,LTU,Europe & Central Asia,High income,2019,95.3857953126606,0.474,67.1
Lithuania,LTU,Europe & Central Asia,High income,2020,95.7255376785058,0.356,67.1
Lithuania,LTU,Europe & Central Asia,High income,2021,96.0576928458556,0.347,67.8
Lithuania,LTU,Europe & Central Asia,High income,2022,96.3871040824369,0.343,68.9
Lithuania,LTU,Europe & Central Asia,High income,2023,96.7133919064612,0.339,70.9
Luxembourg,LUX,Europe & Central Asia,High income,2002,99.8294036967031,,92.4
Luxembourg,LUX,Europe & Central Asia,High income,2003,99.8285100656755,-0.001,92.4
Luxembourg,LUX,Europe & Central Asia,High income,2004,99.8276479795216,-0.001,92.4
Luxembourg,LUX,Europe & Central Asia,High income,2005,99.8268021352585,-0.001,92.5
Luxembourg,LUX,Europe & Central Asia,High income,2006,99.825980626967,-0.001,92.6
Luxembourg,LUX,Europe & Central Asia,High income,2007,99.8251844696001,-0.001,92.6
Luxembourg,LUX,Europe & Central Asia,High income,2008,99.8243980023117,-0.001,92.6
Luxembourg,LUX,Europe & Central Asia,High income,2009,99.8236448134373,-0.001,92.6
Luxembourg,LUX,Europe & Central Asia,High income,2010,99.8229074762893,-0.001,92.6
Luxembourg,LUX,Europe & Central Asia,High income,2011,99.822189394375,-0.001,92.6
Luxembourg,LUX,Europe & Central Asia,High income,2012,99.7892480220872,-0.033,92.6
Luxembourg,LUX,Europe & Central Asia,High income,2013,99.7582946033604,-0.031,92.6
Luxembourg,LUX,Europe & Central Asia,High income,2014,99.7291892552816,-0.029,92.6
Luxembourg,LUX,Europe & Central Asia,High income,2015,99.7017872281283,-0.027,92.6
Luxembourg,LUX,Europe & Central Asia,High income,2016,99.6759794680783,-0.026,92
Luxembourg,LUX,Europe & Central Asia,High income,2017,99.6516286524317,-0.024,91.3
Luxembourg,LUX,Europe & Central Asia,High income,2018,99.6286342945879,-0.023,88.6
Luxembourg,LUX,Europe & Central Asia,High income,2019,99.6332404200843,0.005,88.6
Luxembourg,LUX,Europe & Central Asia,High income,2020,99.6376118041813,0.004,88.6
Luxembourg,LUX,Europe & Central Asia,High income,2021,99.6417682699789,0.004,87.9
Luxembourg,LUX,Europe & Central Asia,High income,2022,99.6457366440271,0.004,86.5
Luxembourg,LUX,Europe & Central Asia,High income,2023,99.64948137305,0.004,86.5
"Macao SAR, China",MAC,East Asia & Pacific,High income,2002,99.9749148991883,,93.8
"Macao SAR, China",MAC,East Asia & Pacific,High income,2003,99.9749148991883,0,93.8
"Macao SAR, China",MAC,East Asia & Pacific,High income,2004,99.9765383608274,0.002,93.8
"Macao SAR, China",MAC,East Asia & Pacific,High income,2005,99.9781618224666,0.002,93.9
"Macao SAR, China",MAC,East Asia & Pacific,High income,2006,99.9797852841058,0.002,93.9
"Macao SAR, China",MAC,East Asia & Pacific,High income,2007,99.981408745745,0.002,94.6
"Macao SAR, China",MAC,East Asia & Pacific,High income,2008,99.9830322073841,0.002,94.6
"Macao SAR, China",MAC,East Asia & Pacific,High income,2009,99.9846556690233,0.002,95.3
"Macao SAR, China",MAC,East Asia & Pacific,High income,2010,99.9862791306625,0.002,96
"Macao SAR, China",MAC,East Asia & Pacific,High income,2011,99.9879025923017,0.002,96
"Macao SAR, China",MAC,East Asia & Pacific,High income,2012,99.9895260539408,0.002,96
"Macao SAR, China",MAC,East Asia & Pacific,High income,2013,99.99114951558,0.002,96
"Macao SAR, China",MAC,East Asia & Pacific,High income,2014,99.9927729772192,0.002,96
"Macao SAR, China",MAC,East Asia & Pacific,High income,2015,99.9943964388583,0.002,96
"Macao SAR, China",MAC,East Asia & Pacific,High income,2016,99.9960199004975,0.002,96
"Macao SAR, China",MAC,East Asia & Pacific,High income,2017,99.9976433621367,0.002,96
"Macao SAR, China",MAC,East Asia & Pacific,High income,2018,99.9992668237759,0.002,96
"Macao SAR, China",MAC,East Asia & Pacific,High income,2019,100,0.001,96.6
"Macao SAR, China",MAC,East Asia & Pacific,High income,2020,100,0,95.3
"Macao SAR, China",MAC,East Asia & Pacific,High income,2021,100,0,94.6
"Macao SAR, China",MAC,East Asia & Pacific,High income,2022,100,0,94.6
"Macao SAR, China",MAC,East Asia & Pacific,High income,2023,100,0,94.6
Madagascar,MDG,Sub-Saharan Africa,Low income,2002,8.32802262627892,,6.3
Madagascar,MDG,Sub-Saharan Africa,Low income,2003,8.84731024577775,6.235,6.3
Madagascar,MDG,Sub-Saharan Africa,Low income,2004,9.38171660876751,6.04,6.3
Madagascar,MDG,Sub-Saharan Africa,Low income,2005,9.99408559898276,6.527,6.1
Madagascar,MDG,Sub-Saharan Africa,Low income,2006,10.624836102476,6.311,6.8
Madagascar,MDG,Sub-Saharan Africa,Low income,2007,11.273715158911,6.107,6.8
Madagascar,MDG,Sub-Saharan Africa,Low income,2008,11.9410634706822,5.92,6.8
Madagascar,MDG,Sub-Saharan Africa,Low income,2009,12.6258054956563,5.734,7.4
Madagascar,MDG,Sub-Saharan Africa,Low income,2010,13.3282583568259,5.564,7.4
Madagascar,MDG,Sub-Saharan Africa,Low income,2011,14.0481291071758,5.401,7.4
Madagascar,MDG,Sub-Saharan Africa,Low income,2012,14.7853236280992,5.248,6.7
Madagascar,MDG,Sub-Saharan Africa,Low income,2013,15.5395287894646,5.101,6.7
Madagascar,MDG,Sub-Saharan Africa,Low income,2014,16.3053653155261,4.928,8.1
Madagascar,MDG,Sub-Saharan Africa,Low income,2015,16.8525364579628,3.356,8.1
Madagascar,MDG,Sub-Saharan Africa,Low income,2016,17.4118086932302,3.319,8
Madagascar,MDG,Sub-Saharan Africa,Low income,2017,17.9831737655425,3.281,8
Madagascar,MDG,Sub-Saharan Africa,Low income,2018,18.5668414182274,3.246,7.4
Madagascar,MDG,Sub-Saharan Africa,Low income,2019,19.1625219476685,3.208,8.7
Madagascar,MDG,Sub-Saharan Africa,Low income,2020,19.7709075856246,3.175,9.4
Madagascar,MDG,Sub-Saharan Africa,Low income,2021,20.3914130605215,3.138,9.4
Madagascar,MDG,Sub-Saharan Africa,Low income,2022,21.0247444684197,3.106,9.5
Madagascar,MDG,Sub-Saharan Africa,Low income,2023,21.6702513222532,3.07,9.5
Malawi,MWI,Sub-Saharan Africa,Low income,2002,7.6935618820988,,3.5
Malawi,MWI,Sub-Saharan Africa,Low income,2003,8.08111219249357,5.037,4.2
Malawi,MWI,Sub-Saharan Africa,Low income,2004,8.47739408176673,4.904,4.9
Malawi,MWI,Sub-Saharan Africa,Low income,2005,8.88275570763886,4.782,4.8
Malawi,MWI,Sub-Saharan Africa,Low income,2006,9.29681545852505,4.661,4.7
Malawi,MWI,Sub-Saharan Africa,Low income,2007,9.71992837768159,4.551,5.4
Malawi,MWI,Sub-Saharan Africa,Low income,2008,10.151705637598,4.442,5.4
Malawi,MWI,Sub-Saharan Africa,Low income,2009,10.5967163498251,4.384,5.4
Malawi,MWI,Sub-Saharan Africa,Low income,2010,11.0550652027482,4.325,5.4
Malawi,MWI,Sub-Saharan Africa,Low income,2011,11.5272410806069,4.271,4.7
Malawi,MWI,Sub-Saharan Africa,Low income,2012,12.0129566459126,4.214,5.4
Malawi,MWI,Sub-Saharan Africa,Low income,2013,12.5130902540341,4.163,6
Malawi,MWI,Sub-Saharan Africa,Low income,2014,13.0269460794323,4.107,6
Malawi,MWI,Sub-Saharan Africa,Low income,2015,13.5558082510564,4.06,6
Malawi,MWI,Sub-Saharan Africa,Low income,2016,14.0985574236355,4.004,5.3
Malawi,MWI,Sub-Saharan Africa,Low income,2017,14.6564856712551,3.957,5.3
Malawi,MWI,Sub-Saharan Africa,Low income,2018,15.2296756277832,3.911,5.4
Malawi,MWI,Sub-Saharan Africa,Low income,2019,15.81779250698,3.862,5.4
Malawi,MWI,Sub-Saharan Africa,Low income,2020,16.4217325295187,3.818,5.4
Malawi,MWI,Sub-Saharan Africa,Low income,2021,17.0411492908906,3.772,6
Malawi,MWI,Sub-Saharan Africa,Low income,2022,17.676944038053,3.731,6.8
Malawi,MWI,Sub-Saharan Africa,Low income,2023,17.9257583975611,1.408,6.8
Malaysia,MYS,East Asia & Pacific,Upper middle income,2002,92.1577412087654,,71.5
Malaysia,MYS,East Asia & Pacific,Upper middle income,2003,92.3148009702906,0.17,71.5
Malaysia,MYS,East Asia & Pacific,Upper middle income,2004,92.4688732497446,0.167,71.5
Malaysia,MYS,East Asia & Pacific,Upper middle income,2005,92.619514821837,0.163,70.7
Malaysia,MYS,East Asia & Pacific,Upper middle income,2006,92.7671153080116,0.159,70.9
Malaysia,MYS,East Asia & Pacific,Upper middle income,2007,92.9116018456762,0.156,70.3
Malaysia,MYS,East Asia & Pacific,Upper middle income,2008,93.0529920737099,0.152,70.3
Malaysia,MYS,East Asia & Pacific,Upper middle income,2009,93.1909885128932,0.148,69.8
Malaysia,MYS,East Asia & Pacific,Upper middle income,2010,93.3258601828587,0.145,69.8
Malaysia,MYS,East Asia & Pacific,Upper middle income,2011,93.4433265665142,0.126,69.8
Malaysia,MYS,East Asia & Pacific,Upper middle income,2012,93.5559775283087,0.121,69.1
Malaysia,MYS,East Asia & Pacific,Upper middle income,2013,93.6661210303101,0.118,68.5
Malaysia,MYS,East Asia & Pacific,Upper middle income,2014,93.7741172154169,0.115,68.5
Malaysia,MYS,East Asia & Pacific,Upper middle income,2015,93.8796547733253,0.113,67.1
Malaysia,MYS,East Asia & Pacific,Upper middle income,2016,93.9829919971318,0.11,67.3
Malaysia,MYS,East Asia & Pacific,Upper middle income,2017,94.0829823858596,0.106,66.7
Malaysia,MYS,East Asia & Pacific,Upper middle income,2018,94.1798825288055,0.103,65.8
Malaysia,MYS,East Asia & Pacific,Upper middle income,2019,94.2737504186907,0.1,65.8
Malaysia,MYS,East Asia & Pacific,Upper middle income,2020,94.3646420156887,0.096,65.8
Malaysia,MYS,East Asia & Pacific,Upper middle income,2021,94.4527058564957,0.093,64.4
Malaysia,MYS,East Asia & Pacific,Upper middle income,2022,94.537901300482,0.09,64.2
Malaysia,MYS,East Asia & Pacific,Upper middle income,2023,94.6204664000227,0.087,64.2
Malta,MLT,"Middle East, North Africa, Afghanistan & Pakistan",High income,2002,99.999996839623,,95.1
Malta,MLT,"Middle East, North Africa, Afghanistan & Pakistan",High income,2003,100,0,95.1
Malta,MLT,"Middle East, North Africa, Afghanistan & Pakistan",High income,2004,99.9999991531108,0,95.1
Malta,MLT,"Middle East, North Africa, Afghanistan & Pakistan",High income,2005,100,0,95.9
Malta,MLT,"Middle East, North Africa, Afghanistan & Pakistan",High income,2006,99.9999978183576,0,95.9
Malta,MLT,"Middle East, North Africa, Afghanistan & Pakistan",High income,2007,100,0,95.9
Malta,MLT,"Middle East, North Africa, Afghanistan & Pakistan",High income,2008,99.9999999672221,0,95.9
Malta,MLT,"Middle East, North Africa, Afghanistan & Pakistan",High income,2009,99.9924268542668,-0.008,96
Malta,MLT,"Middle East, North Africa, Afghanistan & Pakistan",High income,2010,99.9813815162564,-0.011,94.6
Malta,MLT,"Middle East, North Africa, Afghanistan & Pakistan",High income,2011,99.9703398497516,-0.011,94.6
Malta,MLT,"Middle East, North Africa, Afghanistan & Pakistan",High income,2012,99.9592942585388,-0.011,94.6
Malta,MLT,"Middle East, North Africa, Afghanistan & Pakistan",High income,2013,99.9482495236864,-0.011,94.6
Malta,MLT,"Middle East, North Africa, Afghanistan & Pakistan",High income,2014,99.9372033577367,-0.011,94.6
Malta,MLT,"Middle East, North Africa, Afghanistan & Pakistan",High income,2015,99.9261592845881,-0.011,94.6
Malta,MLT,"Middle East, North Africa, Afghanistan & Pakistan",High income,2016,99.9151160016792,-0.011,94.7
Malta,MLT,"Middle East, North Africa, Afghanistan & Pakistan",High income,2017,99.9040721272195,-0.011,94.7
Malta,MLT,"Middle East, North Africa, Afghanistan & Pakistan",High income,2018,99.893026031184,-0.011,93.3
Malta,MLT,"Middle East, North Africa, Afghanistan & Pakistan",High income,2019,99.8819870100897,-0.011,92.6
Malta,MLT,"Middle East, North Africa, Afghanistan & Pakistan",High income,2020,99.8709422773618,-0.011,91.9
Malta,MLT,"Middle East, North Africa, Afghanistan & Pakistan",High income,2021,99.8598941845663,-0.011,91.3
Malta,MLT,"Middle East, North Africa, Afghanistan & Pakistan",High income,2022,99.8488507222599,-0.011,91.2
Malta,MLT,"Middle East, North Africa, Afghanistan & Pakistan",High income,2023,99.8378093859472,-0.011,89.9
Mexico,MEX,Latin America & Caribbean,Upper middle income,2002,40.3022276647005,,26.4
Mexico,MEX,Latin America & Caribbean,Upper middle income,2003,40.4436044793848,0.351,26.4
Mexico,MEX,Latin America & Caribbean,Upper middle income,2004,40.5834367307206,0.346,26.4
Mexico,MEX,Latin America & Caribbean,Upper middle income,2005,40.7216293084259,0.341,25.2
Mexico,MEX,Latin America & Caribbean,Upper middle income,2006,40.858261015829,0.336,25
Mexico,MEX,Latin America & Caribbean,Upper middle income,2007,40.9933026138021,0.331,25
Mexico,MEX,Latin America & Caribbean,Upper middle income,2008,41.1268744230264,0.326,25
Mexico,MEX,Latin America & Caribbean,Upper middle income,2009,41.2589025169865,0.321,24.2
Mexico,MEX,Latin America & Caribbean,Upper middle income,2010,41.3894529576134,0.316,24.2
Mexico,MEX,Latin America & Caribbean,Upper middle income,2011,41.5187146455795,0.312,24.2
Mexico,MEX,Latin America & Caribbean,Upper middle income,2012,41.6465626229776,0.308,23.5
Mexico,MEX,Latin America & Caribbean,Upper middle income,2013,41.7730851603868,0.304,23.5
Mexico,MEX,Latin America & Caribbean,Upper middle income,2014,41.8982843760022,0.3,22.8
Mexico,MEX,Latin America & Caribbean,Upper middle income,2015,42.0220908699648,0.295,22.8
Mexico,MEX,Latin America & Caribbean,Upper middle income,2016,42.1445790425411,0.291,22.7
Mexico,MEX,Latin America & Caribbean,Upper middle income,2017,42.2656968413867,0.287,22.7
Mexico,MEX,Latin America & Caribbean,Upper middle income,2018,42.3854808216513,0.283,22.1
Mexico,MEX,Latin America & Caribbean,Upper middle income,2019,42.5039354698943,0.279,22.1
Mexico,MEX,Latin America & Caribbean,Upper middle income,2020,42.6210724907528,0.276,22.1
Mexico,MEX,Latin America & Caribbean,Upper middle income,2021,42.7368771579366,0.272,22.1
Mexico,MEX,Latin America & Caribbean,Upper middle income,2022,42.8511360617413,0.267,22.3
Mexico,MEX,Latin America & Caribbean,Upper middle income,2023,42.9097194858437,0.137,22.3
Moldova,MDA,Europe & Central Asia,Upper middle income,2002,44.2344954780281,,31.9
Moldova,MDA,Europe & Central Asia,Upper middle income,2003,46.2339275229672,4.52,33.3
Moldova,MDA,Europe & Central Asia,Upper middle income,2004,48.2805970695613,4.427,34.7
Moldova,MDA,Europe & Central Asia,Upper middle income,2005,50.4651241525008,4.525,34.7
Moldova,MDA,Europe & Central Asia,Upper middle income,2006,52.7754694392617,4.578,35.1
Moldova,MDA,Europe & Central Asia,Upper middle income,2007,55.1169495489876,4.437,36.5
Moldova,MDA,Europe & Central Asia,Upper middle income,2008,57.4896105954658,4.305,37.8
Moldova,MDA,Europe & Central Asia,Upper middle income,2009,59.8934920355375,4.181,37.6
Moldova,MDA,Europe & Central Asia,Upper middle income,2010,62.3286470555659,4.066,39.6
Moldova,MDA,Europe & Central Asia,Upper middle income,2011,64.7951138260346,3.957,40.9
Moldova,MDA,Europe & Central Asia,Upper middle income,2012,67.2929387456271,3.855,42.3
Moldova,MDA,Europe & Central Asia,Upper middle income,2013,69.8221672130125,3.759,44.3
Moldova,MDA,Europe & Central Asia,Upper middle income,2014,72.382839803598,3.667,46.3
Moldova,MDA,Europe & Central Asia,Upper middle income,2015,72.6987229878019,0.436,46.3
Moldova,MDA,Europe & Central Asia,Upper middle income,2016,73.0217403046212,0.444,45.3
Moldova,MDA,Europe & Central Asia,Upper middle income,2017,73.3510758492614,0.451,45.3
Moldova,MDA,Europe & Central Asia,Upper middle income,2018,73.6867286389426,0.458,47
Moldova,MDA,Europe & Central Asia,Upper middle income,2019,74.0281693622921,0.463,46.3
Moldova,MDA,Europe & Central Asia,Upper middle income,2020,74.375379039136,0.469,46.3
Moldova,MDA,Europe & Central Asia,Upper middle income,2021,74.728074448968,0.474,45.6
Moldova,MDA,Europe & Central Asia,Upper middle income,2022,75.0859902413964,0.479,45.9
Moldova,MDA,Europe & Central Asia,Upper middle income,2023,75.4486053205987,0.483,46.6
Monaco,MCO,Europe & Central Asia,High income,2002,100,,96.5
Monaco,MCO,Europe & Central Asia,High income,2003,100,0,95.1
Monaco,MCO,Europe & Central Asia,High income,2004,100,0,96.5
Monaco,MCO,Europe & Central Asia,High income,2005,100,0,95.9
Monaco,MCO,Europe & Central Asia,High income,2006,100,0,96.6
Monaco,MCO,Europe & Central Asia,High income,2007,100,0,95.9
Monaco,MCO,Europe & Central Asia,High income,2008,100,0,96.6
Monaco,MCO,Europe & Central Asia,High income,2009,100,0,97.3
Monaco,MCO,Europe & Central Asia,High income,2010,100,0,97.3
Monaco,MCO,Europe & Central Asia,High income,2011,100,0,96.6
Monaco,MCO,Europe & Central Asia,High income,2012,100,0,97.3
Monaco,MCO,Europe & Central Asia,High income,2013,100,0,97.3
Monaco,MCO,Europe & Central Asia,High income,2014,100,0,97.3
Monaco,MCO,Europe & Central Asia,High income,2015,100,0,96.6
Monaco,MCO,Europe & Central Asia,High income,2016,100,0,96.7
Monaco,MCO,Europe & Central Asia,High income,2017,100,0,97.3
Monaco,MCO,Europe & Central Asia,High income,2018,100,0,96.6
Monaco,MCO,Europe & Central Asia,High income,2019,100,0,96.6
Monaco,MCO,Europe & Central Asia,High income,2020,100,0,95.3
Monaco,MCO,Europe & Central Asia,High income,2021,100,0,94.6
Monaco,MCO,Europe & Central Asia,High income,2022,100,0,94.6
Monaco,MCO,Europe & Central Asia,High income,2023,100,0,94.6
Mongolia,MNG,East Asia & Pacific,Upper middle income,2002,19.8283821965636,,16
Mongolia,MNG,East Asia & Pacific,Upper middle income,2003,20.9206393990072,5.509,16.7
Mongolia,MNG,East Asia & Pacific,Upper middle income,2004,22.0356603385453,5.33,16.7
Mongolia,MNG,East Asia & Pacific,Upper middle income,2005,23.1709711271026,5.152,16.3
Mongolia,MNG,East Asia & Pacific,Upper middle income,2006,24.3269859322999,4.989,16.2
Mongolia,MNG,East Asia & Pacific,Upper middle income,2007,25.5021976667424,4.831,16.2
Mongolia,MNG,East Asia & Pacific,Upper middle income,2008,26.6957587288244,4.68,16.9
Mongolia,MNG,East Asia & Pacific,Upper middle income,2009,27.9047550878849,4.529,16.8
Mongolia,MNG,East Asia & Pacific,Upper middle income,2010,29.130397081474,4.392,17.4
Mongolia,MNG,East Asia & Pacific,Upper middle income,2011,30.1662873308309,3.556,18.8
Mongolia,MNG,East Asia & Pacific,Upper middle income,2012,31.0986033550596,3.091,18.8
Mongolia,MNG,East Asia & Pacific,Upper middle income,2013,32.0426962176353,3.036,18.8
Mongolia,MNG,East Asia & Pacific,Upper middle income,2014,32.9981563212651,2.982,19.5
Mongolia,MNG,East Asia & Pacific,Upper middle income,2015,33.9656650037175,2.932,19.5
Mongolia,MNG,East Asia & Pacific,Upper middle income,2016,34.9448273734747,2.883,19.3
Mongolia,MNG,East Asia & Pacific,Upper middle income,2017,35.9352120415496,2.834,20
Mongolia,MNG,East Asia & Pacific,Upper middle income,2018,36.9432223522064,2.805,20.1
Mongolia,MNG,East Asia & Pacific,Upper middle income,2019,37.9689448157507,2.776,20.1
Mongolia,MNG,East Asia & Pacific,Upper middle income,2020,39.012436356762,2.748,20.8
Mongolia,MNG,East Asia & Pacific,Upper middle income,2021,40.0729687156752,2.718,20.8
Mongolia,MNG,East Asia & Pacific,Upper middle income,2022,41.1517155733625,2.692,20.9
Mongolia,MNG,East Asia & Pacific,Upper middle income,2023,42.247513801184,2.663,21.6
Montenegro,MNE,Europe & Central Asia,Upper middle income,2006,83.8627314419727,,60.1
Montenegro,MNE,Europe & Central Asia,Upper middle income,2007,84.0128941131359,0.179,60.1
Montenegro,MNE,Europe & Central Asia,Upper middle income,2008,84.1377623681584,0.149,60.1
Montenegro,MNE,Europe & Central Asia,Upper middle income,2009,84.2614730554413,0.147,59.7
Montenegro,MNE,Europe & Central Asia,Upper middle income,2010,84.3841802901866,0.146,59.1
Montenegro,MNE,Europe & Central Asia,Upper middle income,2011,84.5059703400746,0.144,59.1
Montenegro,MNE,Europe & Central Asia,Upper middle income,2012,84.626838885314,0.143,56.4
Montenegro,MNE,Europe & Central Asia,Upper middle income,2013,84.7468562440821,0.142,56.4
Montenegro,MNE,Europe & Central Asia,Upper middle income,2014,84.866016651392,0.141,56.4
Montenegro,MNE,Europe & Central Asia,Upper middle income,2015,84.9843200456703,0.139,55.7
Montenegro,MNE,Europe & Central Asia,Upper middle income,2016,85.0907588227783,0.125,56
Montenegro,MNE,Europe & Central Asia,Upper middle income,2017,85.1754101234488,0.099,56
Montenegro,MNE,Europe & Central Asia,Upper middle income,2018,85.2588066435164,0.098,55.7
Montenegro,MNE,Europe & Central Asia,Upper middle income,2019,85.3410135829891,0.096,55.7
Montenegro,MNE,Europe & Central Asia,Upper middle income,2020,85.4220228024924,0.095,55
Montenegro,MNE,Europe & Central Asia,Upper middle income,2021,85.4417433013257,0.023,55
Montenegro,MNE,Europe & Central Asia,Upper middle income,2022,85.46146770905,0.023,54.7
Montenegro,MNE,Europe & Central Asia,Upper middle income,2023,85.4811892636332,0.023,54.1
Morocco,MAR,"Middle East, North Africa, Afghanistan & Pakistan",Lower middle income,2002,41.8420688296254,,27.8
Morocco,MAR,"Middle East, North Africa, Afghanistan & Pakistan",Lower middle income,2003,42.4132470218147,1.365,27.8
Morocco,MAR,"Middle East, North Africa, Afghanistan & Pakistan",Lower middle income,2004,42.9811521119137,1.339,27.8
Morocco,MAR,"Middle East, North Africa, Afghanistan & Pakistan",Lower middle income,2005,43.663147929186,1.587,27.9
Morocco,MAR,"Middle East, North Africa, Afghanistan & Pakistan",Lower middle income,2006,45.3949015609245,3.966,29.1
Morocco,MAR,"Middle East, North Africa, Afghanistan & Pakistan",Lower middle income,2007,47.1688218439619,3.908,29.7
Morocco,MAR,"Middle East, North Africa, Afghanistan & Pakistan",Lower middle income,2008,48.9826800241506,3.845,30.4
Morocco,MAR,"Middle East, North Africa, Afghanistan & Pakistan",Lower middle income,2009,50.8342738607937,3.78,31.5
Morocco,MAR,"Middle East, North Africa, Afghanistan & Pakistan",Lower middle income,2010,52.7236461074909,3.717,32.2
Morocco,MAR,"Middle East, North Africa, Afghanistan & Pakistan",Lower middle income,2011,54.6475131147437,3.649,32.9
Morocco,MAR,"Middle East, North Africa, Afghanistan & Pakistan",Lower middle income,2012,56.6048221314557,3.582,34.9
Morocco,MAR,"Middle East, North Africa, Afghanistan & Pakistan",Lower middle income,2013,58.5934607352905,3.513,34.9
Morocco,MAR,"Middle East, North Africa, Afghanistan & Pakistan",Lower middle income,2014,60.6123924939222,3.446,36.2
Morocco,MAR,"Middle East, North Africa, Afghanistan & Pakistan",Lower middle income,2015,62.6595549218595,3.377,36.9
Morocco,MAR,"Middle East, North Africa, Afghanistan & Pakistan",Lower middle income,2016,64.733918736942,3.311,38
Morocco,MAR,"Middle East, North Africa, Afghanistan & Pakistan",Lower middle income,2017,66.8334675314175,3.243,39.3
Morocco,MAR,"Middle East, North Africa, Afghanistan & Pakistan",Lower middle income,2018,68.9567317601261,3.177,41.6
Morocco,MAR,"Middle East, North Africa, Afghanistan & Pakistan",Lower middle income,2019,71.101809275817,3.111,43.6
Morocco,MAR,"Middle East, North Africa, Afghanistan & Pakistan",Lower middle income,2020,73.2677313316826,3.046,45
Morocco,MAR,"Middle East, North Africa, Afghanistan & Pakistan",Lower middle income,2021,75.4522762478037,2.982,47
Morocco,MAR,"Middle East, North Africa, Afghanistan & Pakistan",Lower middle income,2022,77.6426450242694,2.903,48
Morocco,MAR,"Middle East, North Africa, Afghanistan & Pakistan",Lower middle income,2023,79.1395765684932,1.928,48.6
Mozambique,MOZ,Sub-Saharan Africa,Low income,2002,9.3682258795979,,6.9
Mozambique,MOZ,Sub-Saharan Africa,Low income,2003,9.74288115939979,3.999,6.9
Mozambique,MOZ,Sub-Saharan Africa,Low income,2004,10.2136383538005,4.832,7.6
Mozambique,MOZ,Sub-Saharan Africa,Low income,2005,10.7975621954471,5.717,7.5
Mozambique,MOZ,Sub-Saharan Africa,Low income,2006,11.4235374815228,5.797,7.4
Mozambique,MOZ,Sub-Saharan Africa,Low income,2007,12.0903572972266,5.837,7.4
Mozambique,MOZ,Sub-Saharan Africa,Low income,2008,12.9039962889322,6.73,8.1
Mozambique,MOZ,Sub-Saharan Africa,Low income,2009,13.7731362011377,6.735,8.1
Mozambique,MOZ,Sub-Saharan Africa,Low income,2010,14.5163125982336,5.396,8.7
Mozambique,MOZ,Sub-Saharan Africa,Low income,2011,15.2516401554385,5.066,8.7
Mozambique,MOZ,Sub-Saharan Africa,Low income,2012,16.019884662547,5.037,9.4
Mozambique,MOZ,Sub-Saharan Africa,Low income,2013,16.8203090357194,4.996,8.7
Mozambique,MOZ,Sub-Saharan Africa,Low income,2014,17.652166122593,4.946,8.7
Mozambique,MOZ,Sub-Saharan Africa,Low income,2015,18.5147009227224,4.886,8.7
Mozambique,MOZ,Sub-Saharan Africa,Low income,2016,19.4071399285232,4.82,10
Mozambique,MOZ,Sub-Saharan Africa,Low income,2017,20.3283365656572,4.747,10
Mozambique,MOZ,Sub-Saharan Africa,Low income,2018,21.2778736184756,4.671,10.7
Mozambique,MOZ,Sub-Saharan Africa,Low income,2019,22.2560201745119,4.597,10.7
Mozambique,MOZ,Sub-Saharan Africa,Low income,2020,23.2615683806594,4.518,10.1
Mozambique,MOZ,Sub-Saharan Africa,Low income,2021,24.2943544979652,4.44,10.7
Mozambique,MOZ,Sub-Saharan Africa,Low income,2022,25.3524359392066,4.355,10.8
Mozambique,MOZ,Sub-Saharan Africa,Low income,2023,26.4356121564997,4.272,11.5
Myanmar,MMR,East Asia & Pacific,Lower middle income,2002,30.1847103774528,,24.3
Myanmar,MMR,East Asia & Pacific,Lower middle income,2003,31.7599199058202,5.219,24.3
Myanmar,MMR,East Asia & Pacific,Lower middle income,2004,33.368359991086,5.064,24.3
Myanmar,MMR,East Asia & Pacific,Lower middle income,2005,35.0099417354844,4.92,23.8
Myanmar,MMR,East Asia & Pacific,Lower middle income,2006,36.6842261788056,4.782,23.6
Myanmar,MMR,East Asia & Pacific,Lower middle income,2007,38.3914580396534,4.654,23.6
Myanmar,MMR,East Asia & Pacific,Lower middle income,2008,40.131537454116,4.532,24.3
Myanmar,MMR,East Asia & Pacific,Lower middle income,2009,41.9040165084889,4.417,24.8
Myanmar,MMR,East Asia & Pacific,Lower middle income,2010,43.7094949448561,4.309,25.5
Myanmar,MMR,East Asia & Pacific,Lower middle income,2011,45.3476729820618,3.748,26.2
Myanmar,MMR,East Asia & Pacific,Lower middle income,2012,46.7963103868158,3.195,27.5
Myanmar,MMR,East Asia & Pacific,Lower middle income,2013,48.2659911329201,3.141,28.2
Myanmar,MMR,East Asia & Pacific,Lower middle income,2014,49.7571140487274,3.089,29.5
Myanmar,MMR,East Asia & Pacific,Lower middle income,2015,51.2731194542302,3.047,29.5
Myanmar,MMR,East Asia & Pacific,Lower middle income,2016,52.8134142480021,3.004,30
Myanmar,MMR,East Asia & Pacific,Lower middle income,2017,54.3770492542013,2.961,30
Myanmar,MMR,East Asia & Pacific,Lower middle income,2018,55.9632831646209,2.917,31.5
Myanmar,MMR,East Asia & Pacific,Lower middle income,2019,57.5708143268891,2.872,31.5
Myanmar,MMR,East Asia & Pacific,Lower middle income,2020,58.8155290564683,2.162,32.2
Myanmar,MMR,East Asia & Pacific,Lower middle income,2021,59.5047510339159,1.172,32.2
Myanmar,MMR,East Asia & Pacific,Lower middle income,2022,59.5740394038691,0.116,31.8
Myanmar,MMR,East Asia & Pacific,Lower middle income,2023,59.647182104066,0.123,31.8
Naoero,NRU,East Asia & Pacific,High income,2002,18.6493207348033,,15.3
Naoero,NRU,East Asia & Pacific,High income,2003,18.6499498882706,0.003,15.3
Naoero,NRU,East Asia & Pacific,High income,2004,18.650579041738,0.003,13.9
Naoero,NRU,East Asia & Pacific,High income,2005,18.6512081952054,0.003,12.9
Naoero,NRU,East Asia & Pacific,High income,2006,18.6518373486728,0.003,12.8
Naoero,NRU,East Asia & Pacific,High income,2007,18.6524665021402,0.003,12.8
Naoero,NRU,East Asia & Pacific,High income,2008,18.6530956556076,0.003,12.2
Naoero,NRU,East Asia & Pacific,High income,2009,18.6537248090749,0.003,12.1
Naoero,NRU,East Asia & Pacific,High income,2010,18.6543539625423,0.003,11.4
Naoero,NRU,East Asia & Pacific,High income,2011,18.6549831160097,0.003,10.7
Naoero,NRU,East Asia & Pacific,High income,2012,18.6556122694771,0.003,10.7
Naoero,NRU,East Asia & Pacific,High income,2013,18.6562414229445,0.003,10.7
Naoero,NRU,East Asia & Pacific,High income,2014,18.6568705764119,0.003,10.1
Naoero,NRU,East Asia & Pacific,High income,2015,18.6574997298792,0.003,10.1
Naoero,NRU,East Asia & Pacific,High income,2016,18.6581288833466,0.003,9.3
Naoero,NRU,East Asia & Pacific,High income,2017,18.658758036814,0.003,8.7
Naoero,NRU,East Asia & Pacific,High income,2018,18.6593871902814,0.003,8.1
Naoero,NRU,East Asia & Pacific,High income,2019,18.6600163437488,0.003,6.7
Naoero,NRU,East Asia & Pacific,High income,2020,18.6606454972161,0.003,7.4
Naoero,NRU,East Asia & Pacific,High income,2021,18.6612746506835,0.003,7.4
Naoero,NRU,East Asia & Pacific,High income,2022,18.6619038041509,0.003,7.4
Naoero,NRU,East Asia & Pacific,High income,2023,18.6625329576183,0.003,7.4
Nepal,NPL,South Asia,Lower middle income,2002,27.3445996503812,,20.1
Nepal,NPL,South Asia,Lower middle income,2003,27.5969755663772,0.923,20.1
Nepal,NPL,South Asia,Lower middle income,2004,27.8487470431828,0.912,20.1
Nepal,NPL,South Asia,Lower middle income,2005,28.0998872200253,0.902,18.4
Nepal,NPL,South Asia,Lower middle income,2006,28.3503651944172,0.891,18.2
Nepal,NPL,South Asia,Lower middle income,2007,28.6002604379978,0.881,17.6
Nepal,NPL,South Asia,Lower middle income,2008,28.8494289134237,0.871,17.6
Nepal,NPL,South Asia,Lower middle income,2009,29.0978419019474,0.861,18.1
Nepal,NPL,South Asia,Lower middle income,2010,29.3454692018441,0.851,18.1
Nepal,NPL,South Asia,Lower middle income,2011,29.5923834904741,0.841,18.1
Nepal,NPL,South Asia,Lower middle income,2012,29.838949622684,0.833,18.1
Nepal,NPL,South Asia,Lower middle income,2013,28.4066669049933,-4.8,17.4
Nepal,NPL,South Asia,Lower middle income,2014,26.9495541768107,-5.129,15.4
Nepal,NPL,South Asia,Lower middle income,2015,25.4676486548312,-5.499,15.4
Nepal,NPL,South Asia,Lower middle income,2016,23.9613981639281,-5.914,12.7
Nepal,NPL,South Asia,Lower middle income,2017,22.4309697051768,-6.387,10.7
Nepal,NPL,South Asia,Lower middle income,2018,20.8767346480429,-6.929,10.1
Nepal,NPL,South Asia,Lower middle income,2019,19.2988925002444,-7.558,9.4
Nepal,NPL,South Asia,Lower middle income,2020,17.6978434094127,-8.296,6.7
Nepal,NPL,South Asia,Lower middle income,2021,16.0738129524168,-9.176,4.7
Nepal,NPL,South Asia,Lower middle income,2022,16.2113760069297,0.856,4.7
Nepal,NPL,South Asia,Lower middle income,2023,16.3490141281988,0.849,4.7
Netherlands,NLD,Europe & Central Asia,High income,2002,99.994191313102,,94.4
Netherlands,NLD,Europe & Central Asia,High income,2003,99.9926152290634,-0.002,94.4
Netherlands,NLD,Europe & Central Asia,High income,2004,99.9910359788821,-0.002,94.4
Netherlands,NLD,Europe & Central Asia,High income,2005,99.9894596483034,-0.002,94.6
Netherlands,NLD,Europe & Central Asia,High income,2006,99.9878850795394,-0.002,95.3
Netherlands,NLD,Europe & Central Asia,High income,2007,99.9863092503021,-0.002,95.3
Netherlands,NLD,Europe & Central Asia,High income,2008,99.98473339089,-0.002,95.3
Netherlands,NLD,Europe & Central Asia,High income,2009,99.9831529342626,-0.002,94.6
Netherlands,NLD,Europe & Central Asia,High income,2010,99.9815775711198,-0.002,95.3
Netherlands,NLD,Europe & Central Asia,High income,2011,99.980003278869,-0.002,95.3
Netherlands,NLD,Europe & Central Asia,High income,2012,99.9784257359746,-0.002,95.3
Netherlands,NLD,Europe & Central Asia,High income,2013,99.9768499665449,-0.002,95.3
Netherlands,NLD,Europe & Central Asia,High income,2014,99.9752740874202,-0.002,95.3
Netherlands,NLD,Europe & Central Asia,High income,2015,99.9736931671475,-0.002,95.3
Netherlands,NLD,Europe & Central Asia,High income,2016,99.9721180588319,-0.002,95.3
Netherlands,NLD,Europe & Central Asia,High income,2017,99.9705414785254,-0.002,95.3
Netherlands,NLD,Europe & Central Asia,High income,2018,99.9689678846612,-0.002,95.3
Netherlands,NLD,Europe & Central Asia,High income,2019,99.9673880835366,-0.002,94
Netherlands,NLD,Europe & Central Asia,High income,2020,99.9658114868951,-0.002,94
Netherlands,NLD,Europe & Central Asia,High income,2021,99.9642349395246,-0.002,93.3
Netherlands,NLD,Europe & Central Asia,High income,2022,99.9626620702136,-0.002,93.2
Netherlands,NLD,Europe & Central Asia,High income,2023,99.9610869442031,-0.002,92.6
New Caledonia,NCL,East Asia & Pacific,High income,2002,87.0439625056997,,66
New Caledonia,NCL,East Asia & Pacific,High income,2003,87.7061108360597,0.761,66
New Caledonia,NCL,East Asia & Pacific,High income,2004,88.3704550509375,0.757,66.7
New Caledonia,NCL,East Asia & Pacific,High income,2005,89.0369951503331,0.754,66
New Caledonia,NCL,East Asia & Pacific,High income,2006,89.7057311342468,0.751,66.2
New Caledonia,NCL,East Asia & Pacific,High income,2007,90.3766630026782,0.748,66.2
New Caledonia,NCL,East Asia & Pacific,High income,2008,91.0497907556275,0.745,67.6
New Caledonia,NCL,East Asia & Pacific,High income,2009,91.7251143930947,0.742,67.1
New Caledonia,NCL,East Asia & Pacific,High income,2010,92.4026339150797,0.739,68.5
New Caledonia,NCL,East Asia & Pacific,High income,2011,93.0823493215826,0.736,69.1
New Caledonia,NCL,East Asia & Pacific,High income,2012,93.7642606126034,0.733,69.8
New Caledonia,NCL,East Asia & Pacific,High income,2013,94.4483677881421,0.73,69.8
New Caledonia,NCL,East Asia & Pacific,High income,2014,95.1346708481986,0.727,71.1
New Caledonia,NCL,East Asia & Pacific,High income,2015,95.5027748830163,0.387,70.5
New Caledonia,NCL,East Asia & Pacific,High income,2016,95.7298599716487,0.238,70
New Caledonia,NCL,East Asia & Pacific,High income,2017,95.9569450602811,0.237,69.3
New Caledonia,NCL,East Asia & Pacific,High income,2018,96.1840301489134,0.237,69.8
New Caledonia,NCL,East Asia & Pacific,High income,2019,96.4111152375459,0.236,69.8
New Caledonia,NCL,East Asia & Pacific,High income,2020,96.6382003261782,0.236,70.5
New Caledonia,NCL,East Asia & Pacific,High income,2021,96.8652854148107,0.235,71.8
New Caledonia,NCL,East Asia & Pacific,High income,2022,96.8652854148107,0,71.6
New Caledonia,NCL,East Asia & Pacific,High income,2023,96.8652854148107,0,71.6
New Zealand,NZL,East Asia & Pacific,High income,2002,84.3935731285636,,64.6
New Zealand,NZL,East Asia & Pacific,High income,2003,84.3935701173259,0,64.6
New Zealand,NZL,East Asia & Pacific,High income,2004,84.393570873606,0,63.9
New Zealand,NZL,East Asia & Pacific,High income,2005,84.3935693258313,0,62.6
New Zealand,NZL,East Asia & Pacific,High income,2006,85.3742870101594,1.162,62.8
New Zealand,NZL,East Asia & Pacific,High income,2007,86.3549973242601,1.149,63.5
New Zealand,NZL,East Asia & Pacific,High income,2008,87.3357150161621,1.136,63.5
New Zealand,NZL,East Asia & Pacific,High income,2009,88.3164263973845,1.123,64.4
New Zealand,NZL,East Asia & Pacific,High income,2010,89.2971432582876,1.11,64.4
New Zealand,NZL,East Asia & Pacific,High income,2011,90.2778561370619,1.098,64.4
New Zealand,NZL,East Asia & Pacific,High income,2012,91.2585694286852,1.086,65.8
New Zealand,NZL,East Asia & Pacific,High income,2013,92.239285987318,1.075,66.4
New Zealand,NZL,East Asia & Pacific,High income,2014,93.2200019221513,1.063,67.8
New Zealand,NZL,East Asia & Pacific,High income,2015,94.2007153623472,1.052,67.8
New Zealand,NZL,East Asia & Pacific,High income,2016,95.1814265013775,1.041,68.7
New Zealand,NZL,East Asia & Pacific,High income,2017,96.1621382619727,1.03,70
New Zealand,NZL,East Asia & Pacific,High income,2018,97.1428532133705,1.02,74.5
New Zealand,NZL,East Asia & Pacific,High income,2019,98.1235669248902,1.01,77.2
New Zealand,NZL,East Asia & Pacific,High income,2020,99.1042896753474,0.999,83.2
New Zealand,NZL,East Asia & Pacific,High income,2021,99.9999956407702,0.904,94
New Zealand,NZL,East Asia & Pacific,High income,2022,100,0,94.6
New Zealand,NZL,East Asia & Pacific,High income,2023,99.999999971682,0,93.9
Nigeria,NGA,Sub-Saharan Africa,Lower middle income,2002,13.7885801493426,,11.1
Nigeria,NGA,Sub-Saharan Africa,Lower middle income,2003,14.6250844549253,6.067,11.8
Nigeria,NGA,Sub-Saharan Africa,Lower middle income,2004,15.4862444164851,5.888,11.8
Nigeria,NGA,Sub-Saharan Africa,Lower middle income,2005,16.3721207168181,5.72,11.6
Nigeria,NGA,Sub-Saharan Africa,Lower middle income,2006,17.283138886882,5.564,11.5
Nigeria,NGA,Sub-Saharan Africa,Lower middle income,2007,18.219607834318,5.418,12.2
Nigeria,NGA,Sub-Saharan Africa,Lower middle income,2008,19.1818410659703,5.281,12.8
Nigeria,NGA,Sub-Saharan Africa,Lower middle income,2009,20.1695068653396,5.149,12.8
Nigeria,NGA,Sub-Saharan Africa,Lower middle income,2010,21.1833429660027,5.027,13.4
Nigeria,NGA,Sub-Saharan Africa,Lower middle income,2011,22.2215349473265,4.901,13.4
Nigeria,NGA,Sub-Saharan Africa,Lower middle income,2012,23.1894232525249,4.356,14.1
Nigeria,NGA,Sub-Saharan Africa,Lower middle income,2013,23.7745364291365,2.523,14.1
Nigeria,NGA,Sub-Saharan Africa,Lower middle income,2014,24.3574947102823,2.452,14.8
Nigeria,NGA,Sub-Saharan Africa,Lower middle income,2015,24.9381317387031,2.384,14.8
Nigeria,NGA,Sub-Saharan Africa,Lower middle income,2016,25.5157846559378,2.316,15.3
Nigeria,NGA,Sub-Saharan Africa,Lower middle income,2017,26.0906521867092,2.253,15.3
Nigeria,NGA,Sub-Saharan Africa,Lower middle income,2018,26.6622783450024,2.191,16.1
Nigeria,NGA,Sub-Saharan Africa,Lower middle income,2019,27.2303909603019,2.131,16.1
Nigeria,NGA,Sub-Saharan Africa,Lower middle income,2020,27.7949019396912,2.073,15.4
Nigeria,NGA,Sub-Saharan Africa,Lower middle income,2021,28.3555720870985,2.017,14.1
Nigeria,NGA,Sub-Saharan Africa,Lower middle income,2022,28.9123382327651,1.964,13.5
Nigeria,NGA,Sub-Saharan Africa,Lower middle income,2023,29.4651386798622,1.912,13.5
North Macedonia,MKD,Europe & Central Asia,Upper middle income,2002,80.3316622965576,,59
North Macedonia,MKD,Europe & Central Asia,Upper middle income,2003,80.3097459238797,-0.027,59
North Macedonia,MKD,Europe & Central Asia,Upper middle income,2004,80.2877294956824,-0.027,59
North Macedonia,MKD,Europe & Central Asia,Upper middle income,2005,80.2905677303345,0.004,58.5
North Macedonia,MKD,Europe & Central Asia,Upper middle income,2006,80.2967067415485,0.008,57.4
North Macedonia,MKD,Europe & Central Asia,Upper middle income,2007,80.3060906014071,0.012,57.4
North Macedonia,MKD,Europe & Central Asia,Upper middle income,2008,80.3186807833524,0.016,56.8
North Macedonia,MKD,Europe & Central Asia,Upper middle income,2009,80.3345339145344,0.02,54.4
North Macedonia,MKD,Europe & Central Asia,Upper middle income,2010,80.3535003936893,0.024,53.7
North Macedonia,MKD,Europe & Central Asia,Upper middle income,2011,80.3756344856881,0.028,53.7
North Macedonia,MKD,Europe & Central Asia,Upper middle income,2012,80.4007922764846,0.031,53
North Macedonia,MKD,Europe & Central Asia,Upper middle income,2013,80.4290241604962,0.035,52.3
North Macedonia,MKD,Europe & Central Asia,Upper middle income,2014,80.4602891566784,0.039,51.7
North Macedonia,MKD,Europe & Central Asia,Upper middle income,2015,80.4943383528917,0.042,51.7
North Macedonia,MKD,Europe & Central Asia,Upper middle income,2016,80.5313250603617,0.046,52
North Macedonia,MKD,Europe & Central Asia,Upper middle income,2017,80.571104214333,0.049,52
North Macedonia,MKD,Europe & Central Asia,Upper middle income,2018,80.4971583197386,-0.092,51.7
North Macedonia,MKD,Europe & Central Asia,Upper middle income,2019,80.5429899621517,0.057,51.7
North Macedonia,MKD,Europe & Central Asia,Upper middle income,2020,80.5914632613893,0.06,51.7
North Macedonia,MKD,Europe & Central Asia,Upper middle income,2021,80.6426344786389,0.063,51.7
North Macedonia,MKD,Europe & Central Asia,Upper middle income,2022,80.6962568341004,0.066,51.4
North Macedonia,MKD,Europe & Central Asia,Upper middle income,2023,80.7523940413047,0.07,50.7
Northern Mariana Islands,MNP,East Asia & Pacific,High income,2002,79.9557638538028,,58.3
Northern Mariana Islands,MNP,East Asia & Pacific,High income,2003,80.1118929670153,0.195,58.3
Northern Mariana Islands,MNP,East Asia & Pacific,High income,2004,80.197301355928,0.107,58.3
Northern Mariana Islands,MNP,East Asia & Pacific,High income,2005,80.2824346274607,0.106,57.8
Northern Mariana Islands,MNP,East Asia & Pacific,High income,2006,80.3672927816132,0.106,58.1
Northern Mariana Islands,MNP,East Asia & Pacific,High income,2007,80.4518758183857,0.105,58.1
Northern Mariana Islands,MNP,East Asia & Pacific,High income,2008,80.536183737778,0.105,58.1
Northern Mariana Islands,MNP,East Asia & Pacific,High income,2009,80.6202165397902,0.104,55.7
Northern Mariana Islands,MNP,East Asia & Pacific,High income,2010,80.7039742244223,0.104,54.4
Northern Mariana Islands,MNP,East Asia & Pacific,High income,2011,80.7874567916743,0.103,54.4
Northern Mariana Islands,MNP,East Asia & Pacific,High income,2012,80.8706642415462,0.103,53.7
Northern Mariana Islands,MNP,East Asia & Pacific,High income,2013,80.9535965740379,0.103,53.7
Northern Mariana Islands,MNP,East Asia & Pacific,High income,2014,81.0362537891496,0.102,53
Northern Mariana Islands,MNP,East Asia & Pacific,High income,2015,81.1186358868811,0.102,52.3
Northern Mariana Islands,MNP,East Asia & Pacific,High income,2016,81.2007428672325,0.101,52.7
Northern Mariana Islands,MNP,East Asia & Pacific,High income,2017,81.2825747302039,0.101,52.7
Northern Mariana Islands,MNP,East Asia & Pacific,High income,2018,81.3641314757951,0.1,53
Northern Mariana Islands,MNP,East Asia & Pacific,High income,2019,81.4545454545454,0.111,53
Northern Mariana Islands,MNP,East Asia & Pacific,High income,2020,81.4545454545454,0,52.3
Northern Mariana Islands,MNP,East Asia & Pacific,High income,2021,81.4545454545454,0,52.3
Northern Mariana Islands,MNP,East Asia & Pacific,High income,2022,81.4545454545454,0,52
Northern Mariana Islands,MNP,East Asia & Pacific,High income,2023,81.4545454545454,0,52
Norway,NOR,Europe & Central Asia,High income,2002,99.678020269393,,90.3
Norway,NOR,Europe & Central Asia,High income,2003,99.6500391376258,-0.028,90.3
Norway,NOR,Europe & Central Asia,High income,2004,99.6220621412154,-0.028,90.3
Norway,NOR,Europe & Central Asia,High income,2005,99.5940826337239,-0.028,90.5
Norway,NOR,Europe & Central Asia,High income,2006,99.5661060317739,-0.028,89.9
Norway,NOR,Europe & Central Asia,High income,2007,99.538124132569,-0.028,89.2
Norway,NOR,Europe & Central Asia,High income,2008,99.510142552345,-0.028,89.2
Norway,NOR,Europe & Central Asia,High income,2009,99.4821641742523,-0.028,88.6
Norway,NOR,Europe & Central Asia,High income,2010,99.4541863638886,-0.028,89.3
Norway,NOR,Europe & Central Asia,High income,2011,99.4262054232135,-0.028,89.3
Norway,NOR,Europe & Central Asia,High income,2012,99.3982297830925,-0.028,88.6
Norway,NOR,Europe & Central Asia,High income,2013,99.3702485826898,-0.028,88.6
Norway,NOR,Europe & Central Asia,High income,2014,99.342271774705,-0.028,88.6
Norway,NOR,Europe & Central Asia,High income,2015,99.3142887046918,-0.028,87.9
Norway,NOR,Europe & Central Asia,High income,2016,99.2863103104662,-0.028,88
Norway,NOR,Europe & Central Asia,High income,2017,99.2583363937851,-0.028,87.3
Norway,NOR,Europe & Central Asia,High income,2018,99.2303563563969,-0.028,84.6
Norway,NOR,Europe & Central Asia,High income,2019,99.202372083338,-0.028,83.9
Norway,NOR,Europe & Central Asia,High income,2020,99.1743987415084,-0.028,83.9
Norway,NOR,Europe & Central Asia,High income,2021,99.1464132132181,-0.028,82.6
Norway,NOR,Europe & Central Asia,High income,2022,99.1184367586336,-0.028,80.4
Norway,NOR,Europe & Central Asia,High income,2023,99.0904537812149,-0.028,80.4
Oman,OMN,"Middle East, North Africa, Afghanistan & Pakistan",High income,2002,83.8891748203496,,63.9
Oman,OMN,"Middle East, North Africa, Afghanistan & Pakistan",High income,2003,83.884594414468,-0.005,63.2
Oman,OMN,"Middle East, North Africa, Afghanistan & Pakistan",High income,2004,83.9573780453171,0.087,62.5
Oman,OMN,"Middle East, North Africa, Afghanistan & Pakistan",High income,2005,84.3256642896651,0.439,61.9
Oman,OMN,"Middle East, North Africa, Afghanistan & Pakistan",High income,2006,84.6906189251478,0.433,62.2
Oman,OMN,"Middle East, North Africa, Afghanistan & Pakistan",High income,2007,85.0520441699242,0.427,62.2
Oman,OMN,"Middle East, North Africa, Afghanistan & Pakistan",High income,2008,85.4099858949536,0.421,61.5
Oman,OMN,"Middle East, North Africa, Afghanistan & Pakistan",High income,2009,85.7640306110898,0.415,61.1
Oman,OMN,"Middle East, North Africa, Afghanistan & Pakistan",High income,2010,86.1146623783512,0.409,61.1
Oman,OMN,"Middle East, North Africa, Afghanistan & Pakistan",High income,2011,86.5685761942405,0.527,61.1
Oman,OMN,"Middle East, North Africa, Afghanistan & Pakistan",High income,2012,87.0961642683361,0.609,60.4
Oman,OMN,"Middle East, North Africa, Afghanistan & Pakistan",High income,2013,87.6055359989164,0.585,59.1
Oman,OMN,"Middle East, North Africa, Afghanistan & Pakistan",High income,2014,88.0987179993942,0.563,58.4
Oman,OMN,"Middle East, North Africa, Afghanistan & Pakistan",High income,2015,88.5753591116236,0.541,59.1
Oman,OMN,"Middle East, North Africa, Afghanistan & Pakistan",High income,2016,89.0363846730234,0.52,59.3
Oman,OMN,"Middle East, North Africa, Afghanistan & Pakistan",High income,2017,89.4748666158554,0.492,58.7
Oman,OMN,"Middle East, North Africa, Afghanistan & Pakistan",High income,2018,89.8930996130833,0.467,59.7
Oman,OMN,"Middle East, North Africa, Afghanistan & Pakistan",High income,2019,90.2677608803701,0.417,59.7
Oman,OMN,"Middle East, North Africa, Afghanistan & Pakistan",High income,2020,90.5571630402907,0.321,60.4
Oman,OMN,"Middle East, North Africa, Afghanistan & Pakistan",High income,2021,90.7106522109987,0.169,61.7
Oman,OMN,"Middle East, North Africa, Afghanistan & Pakistan",High income,2022,90.8517534920116,0.156,61.5
Oman,OMN,"Middle East, North Africa, Afghanistan & Pakistan",High income,2023,90.9816564891572,0.143,61.5
Pakistan,PAK,"Middle East, North Africa, Afghanistan & Pakistan",Lower middle income,2002,42.8064304736478,,29.9
Pakistan,PAK,"Middle East, North Africa, Afghanistan & Pakistan",Lower middle income,2003,42.9192965248607,0.264,29.2
Pakistan,PAK,"Middle East, North Africa, Afghanistan & Pakistan",Lower middle income,2004,43.0316818761366,0.262,28.5
Pakistan,PAK,"Middle East, North Africa, Afghanistan & Pakistan",Lower middle income,2005,43.1435522186286,0.26,27.2
Pakistan,PAK,"Middle East, North Africa, Afghanistan & Pakistan",Lower middle income,2006,43.2549343040113,0.258,27
Pakistan,PAK,"Middle East, North Africa, Afghanistan & Pakistan",Lower middle income,2007,43.3658253306534,0.256,26.4
Pakistan,PAK,"Middle East, North Africa, Afghanistan & Pakistan",Lower middle income,2008,43.4761956728434,0.255,25.7
Pakistan,PAK,"Middle East, North Africa, Afghanistan & Pakistan",Lower middle income,2009,43.5860467210907,0.253,25.5
Pakistan,PAK,"Middle East, North Africa, Afghanistan & Pakistan",Lower middle income,2010,43.695400684781,0.251,24.8
Pakistan,PAK,"Middle East, North Africa, Afghanistan & Pakistan",Lower middle income,2011,43.8042521362019,0.249,24.8
Pakistan,PAK,"Middle East, North Africa, Afghanistan & Pakistan",Lower middle income,2012,43.9125979462166,0.247,24.8
Pakistan,PAK,"Middle East, North Africa, Afghanistan & Pakistan",Lower middle income,2013,44.0203991690231,0.245,24.8
Pakistan,PAK,"Middle East, North Africa, Afghanistan & Pakistan",Lower middle income,2014,44.1276903720851,0.244,24.8
Pakistan,PAK,"Middle East, North Africa, Afghanistan & Pakistan",Lower middle income,2015,44.2344738807301,0.242,24.2
Pakistan,PAK,"Middle East, North Africa, Afghanistan & Pakistan",Lower middle income,2016,44.3407371870023,0.24,23.3
Pakistan,PAK,"Middle East, North Africa, Afghanistan & Pakistan",Lower middle income,2017,44.4464700188833,0.238,23.3
Pakistan,PAK,"Middle East, North Africa, Afghanistan & Pakistan",Lower middle income,2018,44.5518700730857,0.237,23.5
Pakistan,PAK,"Middle East, North Africa, Afghanistan & Pakistan",Lower middle income,2019,44.6568907220033,0.236,23.5
Pakistan,PAK,"Middle East, North Africa, Afghanistan & Pakistan",Lower middle income,2020,44.7614606090532,0.234,22.8
Pakistan,PAK,"Middle East, North Africa, Afghanistan & Pakistan",Lower middle income,2021,44.8655201766001,0.232,22.8
Pakistan,PAK,"Middle East, North Africa, Afghanistan & Pakistan",Lower middle income,2022,44.9689962895511,0.231,23
Pakistan,PAK,"Middle East, North Africa, Afghanistan & Pakistan",Lower middle income,2023,44.9713055615103,0.005,23
Palau,PLW,East Asia & Pacific,High income,2002,67.1809988846983,,48.6
Palau,PLW,East Asia & Pacific,High income,2003,68.0516111214004,1.296,48.6
Palau,PLW,East Asia & Pacific,High income,2004,69.1236367228072,1.575,49.3
Palau,PLW,East Asia & Pacific,High income,2005,70.2103379796176,1.572,49
Palau,PLW,East Asia & Pacific,High income,2006,71.3119157299908,1.569,48.6
Palau,PLW,East Asia & Pacific,High income,2007,72.4275280135051,1.564,48
Palau,PLW,East Asia & Pacific,High income,2008,73.5572207645814,1.56,48.6
Palau,PLW,East Asia & Pacific,High income,2009,74.6998534994356,1.553,49
Palau,PLW,East Asia & Pacific,High income,2010,75.8554777752529,1.547,49.7
Palau,PLW,East Asia & Pacific,High income,2011,77.0231402896948,1.539,49.7
Palau,PLW,East Asia & Pacific,High income,2012,78.2032286906461,1.532,49.7
Palau,PLW,East Asia & Pacific,High income,2013,79.3941654402122,1.523,49.7
Palau,PLW,East Asia & Pacific,High income,2014,80.5960679192687,1.514,52.3
Palau,PLW,East Asia & Pacific,High income,2015,81.8084950324949,1.504,53
Palau,PLW,East Asia & Pacific,High income,2016,83.0266343961529,1.489,55.3
Palau,PLW,East Asia & Pacific,High income,2017,84.2496095224533,1.473,55.3
Palau,PLW,East Asia & Pacific,High income,2018,85.4768938554867,1.457,56.4
Palau,PLW,East Asia & Pacific,High income,2019,86.7076454317178,1.44,56.4
Palau,PLW,East Asia & Pacific,High income,2020,87.9421604526172,1.424,57
Palau,PLW,East Asia & Pacific,High income,2021,89.1792971350352,1.407,58.4
Palau,PLW,East Asia & Pacific,High income,2022,90.4186872328875,1.39,58.8
Palau,PLW,East Asia & Pacific,High income,2023,90.6011928273756,0.202,60.1
Paraguay,PRY,Latin America & Caribbean,Upper middle income,2002,51.568085692811,,38.2
Paraguay,PRY,Latin America & Caribbean,Upper middle income,2003,52.3149792602456,1.448,38.9
Paraguay,PRY,Latin America & Caribbean,Upper middle income,2004,53.0375571369897,1.381,38.9
Paraguay,PRY,Latin America & Caribbean,Upper middle income,2005,53.7541677638648,1.351,38.1
Paraguay,PRY,Latin America & Caribbean,Upper middle income,2006,54.4644719644046,1.321,37.2
Paraguay,PRY,Latin America & Caribbean,Upper middle income,2007,55.1685035689475,1.293,37.8
Paraguay,PRY,Latin America & Caribbean,Upper middle income,2008,55.8666053457397,1.265,37.2
Paraguay,PRY,Latin America & Caribbean,Upper middle income,2009,56.558468912494,1.238,36.9
Paraguay,PRY,Latin America & Caribbean,Upper middle income,2010,57.2441160582428,1.212,36.2
Paraguay,PRY,Latin America & Caribbean,Upper middle income,2011,57.9235805996781,1.187,36.2
Paraguay,PRY,Latin America & Caribbean,Upper middle income,2012,58.5971721928883,1.163,36.2
Paraguay,PRY,Latin America & Caribbean,Upper middle income,2013,59.2558255493223,1.124,36.2
Paraguay,PRY,Latin America & Caribbean,Upper middle income,2014,59.9057582359398,1.097,34.9
Paraguay,PRY,Latin America & Caribbean,Upper middle income,2015,60.5503943920399,1.076,34.2
Paraguay,PRY,Latin America & Caribbean,Upper middle income,2016,61.19001240823,1.056,34.7
Paraguay,PRY,Latin America & Caribbean,Upper middle income,2017,61.8241296517683,1.036,35.3
Paraguay,PRY,Latin America & Caribbean,Upper middle income,2018,62.4557866810629,1.022,35.6
Paraguay,PRY,Latin America & Caribbean,Upper middle income,2019,63.0842436051128,1.006,35.6
Paraguay,PRY,Latin America & Caribbean,Upper middle income,2020,63.7094591950596,0.991,35.6
Paraguay,PRY,Latin America & Caribbean,Upper middle income,2021,63.9595993188715,0.393,34.9
Paraguay,PRY,Latin America & Caribbean,Upper middle income,2022,64.1624896239257,0.317,33.8
Paraguay,PRY,Latin America & Caribbean,Upper middle income,2023,64.2916963189796,0.201,34.5
Peru,PER,Latin America & Caribbean,Upper middle income,2002,45.7725638287703,,33.3
Peru,PER,Latin America & Caribbean,Upper middle income,2003,46.1533060280871,0.832,32.6
Peru,PER,Latin America & Caribbean,Upper middle income,2004,46.5304164073257,0.817,32.6
Peru,PER,Latin America & Caribbean,Upper middle income,2005,46.9035186602477,0.802,32
Peru,PER,Latin America & Caribbean,Upper middle income,2006,47.2734616506688,0.789,31.1
Peru,PER,Latin America & Caribbean,Upper middle income,2007,47.6394614392539,0.774,30.4
Peru,PER,Latin America & Caribbean,Upper middle income,2008,47.949856785304,0.652,29.7
Peru,PER,Latin America & Caribbean,Upper middle income,2009,48.2349363755422,0.595,29.5
Peru,PER,Latin America & Caribbean,Upper middle income,2010,48.5190810583611,0.589,29.5
Peru,PER,Latin America & Caribbean,Upper middle income,2011,48.8015002867777,0.582,28.9
Peru,PER,Latin America & Caribbean,Upper middle income,2012,49.0829918622414,0.577,28.9
Peru,PER,Latin America & Caribbean,Upper middle income,2013,49.3627748732011,0.57,28.9
Peru,PER,Latin America & Caribbean,Upper middle income,2014,49.6412563318218,0.564,28.9
Peru,PER,Latin America & Caribbean,Upper middle income,2015,49.9188248807685,0.559,28.9
Peru,PER,Latin America & Caribbean,Upper middle income,2016,50.1947177626241,0.553,28.7
Peru,PER,Latin America & Caribbean,Upper middle income,2017,50.4693247094818,0.547,28.7
Peru,PER,Latin America & Caribbean,Upper middle income,2018,50.7453137052622,0.547,28.9
Peru,PER,Latin America & Caribbean,Upper middle income,2019,51.022261569147,0.546,28.9
Peru,PER,Latin America & Caribbean,Upper middle income,2020,51.3005036126234,0.545,28.9
Peru,PER,Latin America & Caribbean,Upper middle income,2021,51.5796260705202,0.544,28.9
Peru,PER,Latin America & Caribbean,Upper middle income,2022,50.9317018204268,-1.256,28.4
Peru,PER,Latin America & Caribbean,Upper middle income,2023,50.1854352404262,-1.465,28.4
Philippines,PHL,East Asia & Pacific,Upper middle income,2002,42.947221339857,,30.6
Philippines,PHL,East Asia & Pacific,Upper middle income,2003,44.0731652482255,2.622,30.6
Philippines,PHL,East Asia & Pacific,Upper middle income,2004,44.6216392826264,1.244,30.6
Philippines,PHL,East Asia & Pacific,Upper middle income,2005,44.7524783096199,0.293,29.3
Philippines,PHL,East Asia & Pacific,Upper middle income,2006,44.8835155836405,0.293,28.4
Philippines,PHL,East Asia & Pacific,Upper middle income,2007,45.0147506765352,0.292,27.7
Philippines,PHL,East Asia & Pacific,Upper middle income,2008,45.1461899033506,0.292,27
Philippines,PHL,East Asia & Pacific,Upper middle income,2009,45.2781103872759,0.292,26.8
Philippines,PHL,East Asia & Pacific,Upper middle income,2010,45.4229968618347,0.32,26.8
Philippines,PHL,East Asia & Pacific,Upper middle income,2011,45.6326736610431,0.462,26.8
Philippines,PHL,East Asia & Pacific,Upper middle income,2012,45.8419044881395,0.459,26.2
Philippines,PHL,East Asia & Pacific,Upper middle income,2013,46.0509688561872,0.456,26.2
Philippines,PHL,East Asia & Pacific,Upper middle income,2014,46.2593041926377,0.452,26.2
Philippines,PHL,East Asia & Pacific,Upper middle income,2015,46.4674711942453,0.45,25.5
Philippines,PHL,East Asia & Pacific,Upper middle income,2016,46.6751900094206,0.447,25.3
Philippines,PHL,East Asia & Pacific,Upper middle income,2017,46.8868658379392,0.454,25.3
Philippines,PHL,East Asia & Pacific,Upper middle income,2018,47.1029928204949,0.461,25.5
Philippines,PHL,East Asia & Pacific,Upper middle income,2019,47.3232362537927,0.468,26.2
Philippines,PHL,East Asia & Pacific,Upper middle income,2020,47.5475307294707,0.474,26.2
Philippines,PHL,East Asia & Pacific,Upper middle income,2021,47.7758210718841,0.48,27.5
Philippines,PHL,East Asia & Pacific,Upper middle income,2022,48.0080472021408,0.486,27
Philippines,PHL,East Asia & Pacific,Upper middle income,2023,48.244145697978,0.492,27
Poland,POL,Europe & Central Asia,High income,2005,91.1433872978585,,68
Poland,POL,Europe & Central Asia,High income,2006,91.5208606961704,0.414,68.2
Poland,POL,Europe & Central Asia,High income,2007,91.8999428274594,0.414,69.6
Poland,POL,Europe & Central Asia,High income,2008,92.2806476520232,0.414,69.6
Poland,POL,Europe & Central Asia,High income,2009,92.6632461184,0.415,69.1
Poland,POL,Europe & Central Asia,High income,2010,92.5556548838142,-0.116,69.1
Poland,POL,Europe & Central Asia,High income,2011,92.441156144805,-0.124,67.1
Poland,POL,Europe & Central Asia,High income,2012,92.3181254054963,-0.133,67.1
Poland,POL,Europe & Central Asia,High income,2013,92.1882023770909,-0.141,65.8
Poland,POL,Europe & Central Asia,High income,2014,92.0510987542381,-0.149,65.1
Poland,POL,Europe & Central Asia,High income,2015,91.9069701338962,-0.157,65.1
Poland,POL,Europe & Central Asia,High income,2016,91.7583692704549,-0.162,64
Poland,POL,Europe & Central Asia,High income,2017,91.6054214693425,-0.167,63.3
Poland,POL,Europe & Central Asia,High income,2018,91.4479583436142,-0.172,62.4
Poland,POL,Europe & Central Asia,High income,2019,91.2859521015376,-0.177,62.4
Poland,POL,Europe & Central Asia,High income,2020,90.7561144603172,-0.58,62.4
Poland,POL,Europe & Central Asia,High income,2021,90.2295544565872,-0.58,59.1
Poland,POL,Europe & Central Asia,High income,2022,89.7069589138763,-0.579,58.1
Poland,POL,Europe & Central Asia,High income,2023,89.1886328736699,-0.578,58.1
Portugal,PRT,Europe & Central Asia,High income,2002,93.7646852927511,,75
Portugal,PRT,Europe & Central Asia,High income,2003,93.8002410897,0.038,75
Portugal,PRT,Europe & Central Asia,High income,2004,93.8370741150893,0.039,74.3
Portugal,PRT,Europe & Central Asia,High income,2005,93.8749089680581,0.04,74.1
Portugal,PRT,Europe & Central Asia,High income,2006,93.9140792645948,0.042,73.6
Portugal,PRT,Europe & Central Asia,High income,2007,93.9543663607408,0.043,73
Portugal,PRT,Europe & Central Asia,High income,2008,93.9958440151523,0.044,72.3
Portugal,PRT,Europe & Central Asia,High income,2009,94.0382676951915,0.045,71.1
Portugal,PRT,Europe & Central Asia,High income,2010,94.156957666363,0.126,71.1
Portugal,PRT,Europe & Central Asia,High income,2011,94.274324168074,0.125,71.1
Portugal,PRT,Europe & Central Asia,High income,2012,94.3903192109704,0.123,71.1
Portugal,PRT,Europe & Central Asia,High income,2013,94.4710642260588,0.086,70.5
Portugal,PRT,Europe & Central Asia,High income,2014,94.5497390805673,0.083,69.1
Portugal,PRT,Europe & Central Asia,High income,2015,94.6262957112792,0.081,68.5
Portugal,PRT,Europe & Central Asia,High income,2016,94.7007684390199,0.079,68
Portugal,PRT,Europe & Central Asia,High income,2017,94.7731814845443,0.076,68
Portugal,PRT,Europe & Central Asia,High income,2018,94.8434931768351,0.074,67.1
Portugal,PRT,Europe & Central Asia,High income,2019,94.9118101336321,0.072,66.4
Portugal,PRT,Europe & Central Asia,High income,2020,94.9780959763413,0.07,66.4
Portugal,PRT,Europe & Central Asia,High income,2021,95.0423716079735,0.068,66.4
Portugal,PRT,Europe & Central Asia,High income,2022,95.1046831961616,0.066,65.5
Portugal,PRT,Europe & Central Asia,High income,2023,95.1650547592568,0.063,66.2
Puerto Rico (US),PRI,Latin America & Caribbean,High income,2002,75.3599136356142,,54.2
Puerto Rico (US),PRI,Latin America & Caribbean,High income,2003,75.4738948195291,0.151,54.2
Puerto Rico (US),PRI,Latin America & Caribbean,High income,2004,75.587876003444,0.151,54.2
Puerto Rico (US),PRI,Latin America & Caribbean,High income,2005,75.7018571873588,0.151,53.7
Puerto Rico (US),PRI,Latin America & Caribbean,High income,2006,75.8158383712737,0.151,52.7
Puerto Rico (US),PRI,Latin America & Caribbean,High income,2007,75.9298195551886,0.15,51.4
Puerto Rico (US),PRI,Latin America & Caribbean,High income,2008,76.0438007391034,0.15,51.4
Puerto Rico (US),PRI,Latin America & Caribbean,High income,2009,78.8324544859335,3.667,51.7
Puerto Rico (US),PRI,Latin America & Caribbean,High income,2010,81.6291143048325,3.548,55
Puerto Rico (US),PRI,Latin America & Caribbean,High income,2011,84.4337801957985,3.436,58.4
Puerto Rico (US),PRI,Latin America & Caribbean,High income,2012,87.2464521588333,3.331,61.1
Puerto Rico (US),PRI,Latin America & Caribbean,High income,2013,90.0671301939352,3.233,63.8
Puerto Rico (US),PRI,Latin America & Caribbean,High income,2014,92.8958143011051,3.141,66.4
Puerto Rico (US),PRI,Latin America & Caribbean,High income,2015,95.7325044803439,3.054,71.1
Puerto Rico (US),PRI,Latin America & Caribbean,High income,2016,98.5772007316497,2.972,81.3
Puerto Rico (US),PRI,Latin America & Caribbean,High income,2017,99.4461459442471,0.881,88
Puerto Rico (US),PRI,Latin America & Caribbean,High income,2018,99.7456985507548,0.301,91.3
Puerto Rico (US),PRI,Latin America & Caribbean,High income,2019,99.8507911360705,0.105,91.3
Puerto Rico (US),PRI,Latin America & Caribbean,High income,2020,99.6686852766851,-0.182,89.9
Puerto Rico (US),PRI,Latin America & Caribbean,High income,2021,99.4865794172996,-0.183,84.6
Puerto Rico (US),PRI,Latin America & Caribbean,High income,2022,99.3044735579141,-0.183,82.4
Puerto Rico (US),PRI,Latin America & Caribbean,High income,2023,99.1223676985286,-0.183,81.1
Qatar,QAT,"Middle East, North Africa, Afghanistan & Pakistan",High income,2002,96.3402204469615,,79.2
Qatar,QAT,"Middle East, North Africa, Afghanistan & Pakistan",High income,2003,96.3402204469615,0,79.2
Qatar,QAT,"Middle East, North Africa, Afghanistan & Pakistan",High income,2004,96.3402204469615,0,78.5
Qatar,QAT,"Middle East, North Africa, Afghanistan & Pakistan",High income,2005,96.3402204469615,0,78.9
Qatar,QAT,"Middle East, North Africa, Afghanistan & Pakistan",High income,2006,96.3402204469615,0,78.4
Qatar,QAT,"Middle East, North Africa, Afghanistan & Pakistan",High income,2007,96.3402204469615,0,78.4
Qatar,QAT,"Middle East, North Africa, Afghanistan & Pakistan",High income,2008,96.3402204469615,0,77
Qatar,QAT,"Middle East, North Africa, Afghanistan & Pakistan",High income,2009,96.6858383428072,0.359,77.2
Qatar,QAT,"Middle East, North Africa, Afghanistan & Pakistan",High income,2010,97.0314980330812,0.358,78.5
Qatar,QAT,"Middle East, North Africa, Afghanistan & Pakistan",High income,2011,97.1447607701717,0.117,77.9
Qatar,QAT,"Middle East, North Africa, Afghanistan & Pakistan",High income,2012,96.9953943626159,-0.154,77.9
Qatar,QAT,"Middle East, North Africa, Afghanistan & Pakistan",High income,2013,96.8460088458427,-0.154,77.2
Qatar,QAT,"Middle East, North Africa, Afghanistan & Pakistan",High income,2014,96.6966042198523,-0.154,74.5
Qatar,QAT,"Middle East, North Africa, Afghanistan & Pakistan",High income,2015,96.5471804846446,-0.155,73.2
Qatar,QAT,"Middle East, North Africa, Afghanistan & Pakistan",High income,2016,96.3977376402198,-0.155,72
Qatar,QAT,"Middle East, North Africa, Afghanistan & Pakistan",High income,2017,96.2482756865777,-0.155,70.7
Qatar,QAT,"Middle East, North Africa, Afghanistan & Pakistan",High income,2018,96.0987946237183,-0.155,69.1
Qatar,QAT,"Middle East, North Africa, Afghanistan & Pakistan",High income,2019,95.9492944516417,-0.156,68.5
Qatar,QAT,"Middle East, North Africa, Afghanistan & Pakistan",High income,2020,95.7997751703479,-0.156,67.8
Qatar,QAT,"Middle East, North Africa, Afghanistan & Pakistan",High income,2021,95.6502367798368,-0.156,67.1
Qatar,QAT,"Middle East, North Africa, Afghanistan & Pakistan",High income,2022,95.5006792801086,-0.156,66.9
Qatar,QAT,"Middle East, North Africa, Afghanistan & Pakistan",High income,2023,95.345241877961,-0.163,66.9
Romania,ROU,Europe & Central Asia,High income,2002,81.5886237412916,,60.4
Romania,ROU,Europe & Central Asia,High income,2003,81.6259834252226,0.046,60.4
Romania,ROU,Europe & Central Asia,High income,2004,81.6630623590111,0.045,59.7
Romania,ROU,Europe & Central Asia,High income,2005,81.7001353244973,0.045,59.2
Romania,ROU,Europe & Central Asia,High income,2006,81.7372118064032,0.045,58.8
Romania,ROU,Europe & Central Asia,High income,2007,81.7742905546345,0.045,58.8
Romania,ROU,Europe & Central Asia,High income,2008,81.8113690851949,0.045,58.8
Romania,ROU,Europe & Central Asia,High income,2009,81.8484445439679,0.045,57.7
Romania,ROU,Europe & Central Asia,High income,2010,81.8855216428082,0.045,55.7
Romania,ROU,Europe & Central Asia,High income,2011,81.9226047635378,0.045,55
Romania,ROU,Europe & Central Asia,High income,2012,81.9265649123088,0.005,55
Romania,ROU,Europe & Central Asia,High income,2013,81.9160915763475,-0.013,54.4
Romania,ROU,Europe & Central Asia,High income,2014,81.9056219409423,-0.013,54.4
Romania,ROU,Europe & Central Asia,High income,2015,81.9019377187617,-0.004,53.7
Romania,ROU,Europe & Central Asia,High income,2016,81.9056180472971,0.004,53.3
Romania,ROU,Europe & Central Asia,High income,2017,81.9158058017511,0.012,53.3
Romania,ROU,Europe & Central Asia,High income,2018,81.9333570699511,0.021,53.7
Romania,ROU,Europe & Central Asia,High income,2019,81.957698931804,0.03,53.7
Romania,ROU,Europe & Central Asia,High income,2020,81.9888292500409,0.038,53.7
Romania,ROU,Europe & Central Asia,High income,2021,82.0270424549939,0.047,53
Romania,ROU,Europe & Central Asia,High income,2022,82.0723279751299,0.055,52.7
Romania,ROU,Europe & Central Asia,High income,2023,82.1241205778657,0.063,52.7
Russian Federation,RUS,Europe & Central Asia,High income,2002,75.3599392695026,,54.9
Russian Federation,RUS,Europe & Central Asia,High income,2003,75.381584096785,0.029,53.5
Russian Federation,RUS,Europe & Central Asia,High income,2004,75.4067421656206,0.033,53.5
Russian Federation,RUS,Europe & Central Asia,High income,2005,75.4319466983241,0.033,53.1
Russian Federation,RUS,Europe & Central Asia,High income,2006,75.4571935933355,0.033,51.4
Russian Federation,RUS,Europe & Central Asia,High income,2007,75.4824848204389,0.034,50.7
Russian Federation,RUS,Europe & Central Asia,High income,2008,75.5078223860642,0.034,50.7
Russian Federation,RUS,Europe & Central Asia,High income,2009,75.5329354081674,0.033,49.7
Russian Federation,RUS,Europe & Central Asia,High income,2010,75.5583605375242,0.034,49
Russian Federation,RUS,Europe & Central Asia,High income,2011,75.5838342286374,0.034,49
Russian Federation,RUS,Europe & Central Asia,High income,2012,75.6131524134284,0.039,49
Russian Federation,RUS,Europe & Central Asia,High income,2013,75.6460661455122,0.044,49
Russian Federation,RUS,Europe & Central Asia,High income,2014,75.6831424044109,0.049,49
Russian Federation,RUS,Europe & Central Asia,High income,2015,75.7238565068519,0.054,49
Russian Federation,RUS,Europe & Central Asia,High income,2016,75.7684966832603,0.059,49.3
Russian Federation,RUS,Europe & Central Asia,High income,2017,75.8170863981446,0.064,49.3
Russian Federation,RUS,Europe & Central Asia,High income,2018,75.8693778590635,0.069,49.7
Russian Federation,RUS,Europe & Central Asia,High income,2019,75.9253818199933,0.074,48.3
Russian Federation,RUS,Europe & Central Asia,High income,2020,75.9851227038568,0.079,47.7
Russian Federation,RUS,Europe & Central Asia,High income,2021,76.0486235731221,0.084,47.7
Russian Federation,RUS,Europe & Central Asia,High income,2022,76.115615937165,0.088,46.6
Russian Federation,RUS,Europe & Central Asia,High income,2023,76.1864085675689,0.093,47.3
Samoa,WSM,East Asia & Pacific,Upper middle income,2002,60.149435406774,,43.1
Samoa,WSM,East Asia & Pacific,Upper middle income,2003,60.0799430615213,-0.116,43.1
Samoa,WSM,East Asia & Pacific,Upper middle income,2004,60.0110197232708,-0.115,42.4
Samoa,WSM,East Asia & Pacific,Upper middle income,2005,60.1099594347788,0.165,40.1
Samoa,WSM,East Asia & Pacific,Upper middle income,2006,60.2084291662454,0.164,39.9
Samoa,WSM,East Asia & Pacific,Upper middle income,2007,60.3076124063597,0.165,39.9
Samoa,WSM,East Asia & Pacific,Upper middle income,2008,60.4072587578907,0.165,39.9
Samoa,WSM,East Asia & Pacific,Upper middle income,2009,60.5065014254509,0.164,38.9
Samoa,WSM,East Asia & Pacific,Upper middle income,2010,60.6053588668125,0.163,37.6
Samoa,WSM,East Asia & Pacific,Upper middle income,2011,60.7035466301643,0.162,37.6
Samoa,WSM,East Asia & Pacific,Upper middle income,2012,60.7971168768778,0.154,36.9
Samoa,WSM,East Asia & Pacific,Upper middle income,2013,60.8878299748997,0.149,36.9
Samoa,WSM,East Asia & Pacific,Upper middle income,2014,61.0764077642479,0.31,36.9
Samoa,WSM,East Asia & Pacific,Upper middle income,2015,61.2626239445691,0.305,35.6
Samoa,WSM,East Asia & Pacific,Upper middle income,2016,61.4467914745563,0.301,35.3
Samoa,WSM,East Asia & Pacific,Upper middle income,2017,61.6296051209446,0.298,34.7
Samoa,WSM,East Asia & Pacific,Upper middle income,2018,61.8166056551922,0.303,34.9
Samoa,WSM,East Asia & Pacific,Upper middle income,2019,62.0089220612678,0.311,34.9
Samoa,WSM,East Asia & Pacific,Upper middle income,2020,62.1786402405646,0.274,33.6
Samoa,WSM,East Asia & Pacific,Upper middle income,2021,62.2883361885865,0.176,33.6
Samoa,WSM,East Asia & Pacific,Upper middle income,2022,62.3730130455284,0.136,33.1
Samoa,WSM,East Asia & Pacific,Upper middle income,2023,62.4337812896166,0.097,33.1
San Marino,SMR,Europe & Central Asia,High income,2002,99.9999980365223,,95.8
San Marino,SMR,Europe & Central Asia,High income,2003,100,0,95.1
San Marino,SMR,Europe & Central Asia,High income,2004,99.9999993980994,0,95.8
San Marino,SMR,Europe & Central Asia,High income,2005,100,0,95.9
San Marino,SMR,Europe & Central Asia,High income,2006,100,0,96.6
San Marino,SMR,Europe & Central Asia,High income,2007,100,0,95.9
San Marino,SMR,Europe & Central Asia,High income,2008,100,0,96.6
San Marino,SMR,Europe & Central Asia,High income,2009,99.9999973376988,0,96.6
San Marino,SMR,Europe & Central Asia,High income,2010,99.9999986796045,0,96.6
San Marino,SMR,Europe & Central Asia,High income,2011,100,0,96.6
San Marino,SMR,Europe & Central Asia,High income,2012,99.9999971732007,0,96.6
San Marino,SMR,Europe & Central Asia,High income,2013,99.9999985958692,0,96.6
San Marino,SMR,Europe & Central Asia,High income,2014,99.9999972428986,0,96.6
San Marino,SMR,Europe & Central Asia,High income,2015,100,0,96.6
San Marino,SMR,Europe & Central Asia,High income,2016,100,0,96.7
San Marino,SMR,Europe & Central Asia,High income,2017,99.9999955531447,0,96.7
San Marino,SMR,Europe & Central Asia,High income,2018,100,0,96.6
San Marino,SMR,Europe & Central Asia,High income,2019,99.9999963796538,0,95.3
San Marino,SMR,Europe & Central Asia,High income,2020,100,0,95.3
San Marino,SMR,Europe & Central Asia,High income,2021,100,0,94.6
San Marino,SMR,Europe & Central Asia,High income,2022,100,0,94.6
San Marino,SMR,Europe & Central Asia,High income,2023,99.9999988818718,0,93.2
Sao Tome and Principe,STP,Sub-Saharan Africa,Lower middle income,2002,26.8517437840908,,19.4
Sao Tome and Principe,STP,Sub-Saharan Africa,Lower middle income,2003,27.3299243074245,1.781,19.4
Sao Tome and Principe,STP,Sub-Saharan Africa,Lower middle income,2004,27.8113580211176,1.762,19.4
Sao Tome and Principe,STP,Sub-Saharan Africa,Lower middle income,2005,28.2949235754665,1.739,19
Sao Tome and Principe,STP,Sub-Saharan Africa,Lower middle income,2006,28.7810552134665,1.718,18.9
Sao Tome and Principe,STP,Sub-Saharan Africa,Lower middle income,2007,29.2696161426433,1.698,19.6
Sao Tome and Principe,STP,Sub-Saharan Africa,Lower middle income,2008,29.7604671056333,1.677,20.3
Sao Tome and Principe,STP,Sub-Saharan Africa,Lower middle income,2009,30.2528686679183,1.655,20.1
Sao Tome and Principe,STP,Sub-Saharan Africa,Lower middle income,2010,30.7472505242538,1.634,20.1
Sao Tome and Principe,STP,Sub-Saharan Africa,Lower middle income,2011,31.2431560628081,1.613,20.1
Sao Tome and Principe,STP,Sub-Saharan Africa,Lower middle income,2012,31.740715327225,1.593,19.5
Sao Tome and Principe,STP,Sub-Saharan Africa,Lower middle income,2013,32.2350294493077,1.557,19.5
Sao Tome and Principe,STP,Sub-Saharan Africa,Lower middle income,2014,32.7267326295219,1.525,18.8
Sao Tome and Principe,STP,Sub-Saharan Africa,Lower middle income,2015,33.2155492701388,1.494,18.8
Sao Tome and Principe,STP,Sub-Saharan Africa,Lower middle income,2016,33.7015106900951,1.463,18.7
Sao Tome and Principe,STP,Sub-Saharan Africa,Lower middle income,2017,34.1846545417893,1.434,18.7
Sao Tome and Principe,STP,Sub-Saharan Africa,Lower middle income,2018,34.6650082017517,1.405,18.1
Sao Tome and Principe,STP,Sub-Saharan Africa,Lower middle income,2019,35.1426134922668,1.378,18.1
Sao Tome and Principe,STP,Sub-Saharan Africa,Lower middle income,2020,35.6175054530046,1.351,18.1
Sao Tome and Principe,STP,Sub-Saharan Africa,Lower middle income,2021,36.0898921217956,1.326,18.1
Sao Tome and Principe,STP,Sub-Saharan Africa,Lower middle income,2022,36.3730925843469,0.785,18.2
Sao Tome and Principe,STP,Sub-Saharan Africa,Lower middle income,2023,36.5306128413205,0.433,18.9
Senegal,SEN,Sub-Saharan Africa,Lower middle income,2002,20.4929836631407,,16.7
Senegal,SEN,Sub-Saharan Africa,Lower middle income,2003,20.7682382579974,1.343,16
Senegal,SEN,Sub-Saharan Africa,Lower middle income,2004,21.078928239311,1.496,16
Senegal,SEN,Sub-Saharan Africa,Lower middle income,2005,21.3883259285147,1.468,15.6
Senegal,SEN,Sub-Saharan Africa,Lower middle income,2006,21.6970512485611,1.443,15.5
Senegal,SEN,Sub-Saharan Africa,Lower middle income,2007,22.0047848798914,1.418,15.5
Senegal,SEN,Sub-Saharan Africa,Lower middle income,2008,22.3115222898236,1.394,15.5
Senegal,SEN,Sub-Saharan Africa,Lower middle income,2009,22.6169579327567,1.369,14.8
Senegal,SEN,Sub-Saharan Africa,Lower middle income,2010,22.921692660595,1.347,14.8
Senegal,SEN,Sub-Saharan Africa,Lower middle income,2011,23.2254177089302,1.325,14.8
Senegal,SEN,Sub-Saharan Africa,Lower middle income,2012,23.5278306759544,1.302,14.8
Senegal,SEN,Sub-Saharan Africa,Lower middle income,2013,23.8292288902426,1.281,14.8
Senegal,SEN,Sub-Saharan Africa,Lower middle income,2014,24.1296059215729,1.261,13.4
Senegal,SEN,Sub-Saharan Africa,Lower middle income,2015,24.4313032650877,1.25,13.4
Senegal,SEN,Sub-Saharan Africa,Lower middle income,2016,24.7339881730079,1.239,14
Senegal,SEN,Sub-Saharan Africa,Lower middle income,2017,25.0382030548445,1.23,13.3
Senegal,SEN,Sub-Saharan Africa,Lower middle income,2018,25.3433216862511,1.219,12.1
Senegal,SEN,Sub-Saharan Africa,Lower middle income,2019,25.6495937230682,1.208,12.1
Senegal,SEN,Sub-Saharan Africa,Lower middle income,2020,25.9566923925669,1.197,12.1
Senegal,SEN,Sub-Saharan Africa,Lower middle income,2021,26.2648624944934,1.187,12.1
Senegal,SEN,Sub-Saharan Africa,Lower middle income,2022,26.5737764045533,1.176,12.2
Senegal,SEN,Sub-Saharan Africa,Lower middle income,2023,26.8831210795347,1.164,12.2
Serbia,SRB,Europe & Central Asia,Upper middle income,2002,74.4717008354576,,52.8
Serbia,SRB,Europe & Central Asia,Upper middle income,2003,74.4979780429739,0.035,52.8
Serbia,SRB,Europe & Central Asia,Upper middle income,2004,74.5246865941974,0.036,52.8
Serbia,SRB,Europe & Central Asia,Upper middle income,2005,74.5512268510666,0.036,52.4
Serbia,SRB,Europe & Central Asia,Upper middle income,2006,74.5779061062874,0.036,50.7
Serbia,SRB,Europe & Central Asia,Upper middle income,2007,74.6048666483892,0.036,50
Serbia,SRB,Europe & Central Asia,Upper middle income,2008,74.6318103995439,0.036,50
Serbia,SRB,Europe & Central Asia,Upper middle income,2009,74.6588894120187,0.036,48.3
Serbia,SRB,Europe & Central Asia,Upper middle income,2010,74.6859466744481,0.036,48.3
Serbia,SRB,Europe & Central Asia,Upper middle income,2011,74.7132926545317,0.037,48.3
Serbia,SRB,Europe & Central Asia,Upper middle income,2012,74.7284510084725,0.02,48.3
Serbia,SRB,Europe & Central Asia,Upper middle income,2013,74.7394297105426,0.015,47.7
Serbia,SRB,Europe & Central Asia,Upper middle income,2014,74.7506247296983,0.015,47.7
Serbia,SRB,Europe & Central Asia,Upper middle income,2015,74.7617385185247,0.015,47.7
Serbia,SRB,Europe & Central Asia,Upper middle income,2016,74.773074519918,0.015,48
Serbia,SRB,Europe & Central Asia,Upper middle income,2017,74.7872431709499,0.019,48
Serbia,SRB,Europe & Central Asia,Upper middle income,2018,74.8042574835344,0.023,47.7
Serbia,SRB,Europe & Central Asia,Upper middle income,2019,74.824140800015,0.027,47
Serbia,SRB,Europe & Central Asia,Upper middle income,2020,74.8469063730196,0.03,47
Serbia,SRB,Europe & Central Asia,Upper middle income,2021,74.8727235912307,0.034,46.3
Serbia,SRB,Europe & Central Asia,Upper middle income,2022,74.901299487962,0.038,45.3
Serbia,SRB,Europe & Central Asia,Upper middle income,2023,74.9328071950771,0.042,45.3
Seychelles,SYC,Sub-Saharan Africa,High income,2002,62.1769828652726,,43.8
Seychelles,SYC,Sub-Saharan Africa,High income,2003,62.2917668999445,0.185,43.8
Seychelles,SYC,Sub-Saharan Africa,High income,2004,62.4065509346165,0.184,43.8
Seychelles,SYC,Sub-Saharan Africa,High income,2005,62.5213349692885,0.184,42.9
Seychelles,SYC,Sub-Saharan Africa,High income,2006,62.6361190039605,0.184,42.6
Seychelles,SYC,Sub-Saharan Africa,High income,2007,62.7509030386324,0.183,41.2
Seychelles,SYC,Sub-Saharan Africa,High income,2008,62.8656870733043,0.183,41.2
Seychelles,SYC,Sub-Saharan Africa,High income,2009,62.9804711079763,0.183,40.9
Seychelles,SYC,Sub-Saharan Africa,High income,2010,63.0952551426482,0.182,40.3
Seychelles,SYC,Sub-Saharan Africa,High income,2011,63.2100391773202,0.182,38.9
Seychelles,SYC,Sub-Saharan Africa,High income,2012,63.3248232119922,0.182,38.9
Seychelles,SYC,Sub-Saharan Africa,High income,2013,63.4396072466641,0.181,38.3
Seychelles,SYC,Sub-Saharan Africa,High income,2014,63.5543912813361,0.181,37.6
Seychelles,SYC,Sub-Saharan Africa,High income,2015,63.6691753160081,0.181,37.6
Seychelles,SYC,Sub-Saharan Africa,High income,2016,63.7120488737404,0.067,37.3
Seychelles,SYC,Sub-Saharan Africa,High income,2017,63.7163618884883,0.007,36.7
Seychelles,SYC,Sub-Saharan Africa,High income,2018,63.7206600165615,0.007,36.9
Seychelles,SYC,Sub-Saharan Africa,High income,2019,64.1283114546958,0.64,36.9
Seychelles,SYC,Sub-Saharan Africa,High income,2020,64.2430954893678,0.179,36.9
Seychelles,SYC,Sub-Saharan Africa,High income,2021,64.3578795240398,0.179,35.6
Seychelles,SYC,Sub-Saharan Africa,High income,2022,64.4726635587117,0.178,34.5
Seychelles,SYC,Sub-Saharan Africa,High income,2023,64.5874475933837,0.178,35.1
Sierra Leone,SLE,Sub-Saharan Africa,Low income,2002,5.46728101055116,,1.4
Sierra Leone,SLE,Sub-Saharan Africa,Low income,2003,5.65695554108736,3.469,2.1
Sierra Leone,SLE,Sub-Saharan Africa,Low income,2004,5.8522042444465,3.451,2.1
Sierra Leone,SLE,Sub-Saharan Africa,Low income,2005,6.05914807762509,3.536,2
Sierra Leone,SLE,Sub-Saharan Africa,Low income,2006,6.27589594233654,3.577,2
Sierra Leone,SLE,Sub-Saharan Africa,Low income,2007,6.49753887257046,3.532,2
Sierra Leone,SLE,Sub-Saharan Africa,Low income,2008,6.72395112536035,3.485,0.7
Sierra Leone,SLE,Sub-Saharan Africa,Low income,2009,6.95493587940752,3.435,0.7
Sierra Leone,SLE,Sub-Saharan Africa,Low income,2010,7.19037206125468,3.385,0.7
Sierra Leone,SLE,Sub-Saharan Africa,Low income,2011,7.43020620088938,3.335,1.3
Sierra Leone,SLE,Sub-Saharan Africa,Low income,2012,7.67430968162427,3.285,1.3
Sierra Leone,SLE,Sub-Saharan Africa,Low income,2013,7.92242664066615,3.233,1.3
Sierra Leone,SLE,Sub-Saharan Africa,Low income,2014,8.17456211803624,3.183,1.3
Sierra Leone,SLE,Sub-Saharan Africa,Low income,2015,8.43052650711605,3.131,2
Sierra Leone,SLE,Sub-Saharan Africa,Low income,2016,8.69024990084727,3.081,2
Sierra Leone,SLE,Sub-Saharan Africa,Low income,2017,8.953960476767,3.035,2
Sierra Leone,SLE,Sub-Saharan Africa,Low income,2018,9.22155897386746,2.989,2
Sierra Leone,SLE,Sub-Saharan Africa,Low income,2019,9.49277906546491,2.941,2
Sierra Leone,SLE,Sub-Saharan Africa,Low income,2020,9.76740297338789,2.893,2
Sierra Leone,SLE,Sub-Saharan Africa,Low income,2021,10.0452080231167,2.844,2
Sierra Leone,SLE,Sub-Saharan Africa,Low income,2022,10.3259637046209,2.795,2
Sierra Leone,SLE,Sub-Saharan Africa,Low income,2023,10.6094363274771,2.745,2
Singapore,SGP,East Asia & Pacific,High income,2002,100,,96.5
Singapore,SGP,East Asia & Pacific,High income,2003,100,0,95.1
Singapore,SGP,East Asia & Pacific,High income,2004,100,0,96.5
Singapore,SGP,East Asia & Pacific,High income,2005,100,0,95.9
Singapore,SGP,East Asia & Pacific,High income,2006,100,0,96.6
Singapore,SGP,East Asia & Pacific,High income,2007,100,0,95.9
Singapore,SGP,East Asia & Pacific,High income,2008,100,0,96.6
Singapore,SGP,East Asia & Pacific,High income,2009,100,0,97.3
Singapore,SGP,East Asia & Pacific,High income,2010,100,0,97.3
Singapore,SGP,East Asia & Pacific,High income,2011,100,0,96.6
Singapore,SGP,East Asia & Pacific,High income,2012,100,0,97.3
Singapore,SGP,East Asia & Pacific,High income,2013,100,0,97.3
Singapore,SGP,East Asia & Pacific,High income,2014,100,0,97.3
Singapore,SGP,East Asia & Pacific,High income,2015,100,0,96.6
Singapore,SGP,East Asia & Pacific,High income,2016,100,0,96.7
Singapore,SGP,East Asia & Pacific,High income,2017,100,0,97.3
Singapore,SGP,East Asia & Pacific,High income,2018,100,0,96.6
Singapore,SGP,East Asia & Pacific,High income,2019,100,0,96.6
Singapore,SGP,East Asia & Pacific,High income,2020,100,0,95.3
Singapore,SGP,East Asia & Pacific,High income,2021,100,0,94.6
Singapore,SGP,East Asia & Pacific,High income,2022,100,0,94.6
Singapore,SGP,East Asia & Pacific,High income,2023,100,0,94.6
Slovak Republic,SVK,Europe & Central Asia,High income,2002,92.8133255562149,,74.3
Slovak Republic,SVK,Europe & Central Asia,High income,2003,93.4496675178764,0.686,74.3
Slovak Republic,SVK,Europe & Central Asia,High income,2004,94.087019571463,0.682,75
Slovak Republic,SVK,Europe & Central Asia,High income,2005,94.725376808649,0.678,74.8
Slovak Republic,SVK,Europe & Central Asia,High income,2006,95.3647356489397,0.675,75.7
Slovak Republic,SVK,Europe & Central Asia,High income,2007,96.0051065271415,0.671,77
Slovak Republic,SVK,Europe & Central Asia,High income,2008,96.6464908433867,0.668,78.4
Slovak Republic,SVK,Europe & Central Asia,High income,2009,97.2888805741908,0.665,79.9
Slovak Republic,SVK,Europe & Central Asia,High income,2010,97.9330897527988,0.662,81.9
Slovak Republic,SVK,Europe & Central Asia,High income,2011,98.5790404429813,0.66,85.9
Slovak Republic,SVK,Europe & Central Asia,High income,2012,98.8778303602984,0.303,86.6
Slovak Republic,SVK,Europe & Central Asia,High income,2013,98.9356455924198,0.058,87.9
Slovak Republic,SVK,Europe & Central Asia,High income,2014,98.9934533589813,0.058,87.2
Slovak Republic,SVK,Europe & Central Asia,High income,2015,99.0512654102279,0.058,87.2
Slovak Republic,SVK,Europe & Central Asia,High income,2016,99.109070468468,0.058,87.3
Slovak Republic,SVK,Europe & Central Asia,High income,2017,99.1668837318932,0.058,86
Slovak Republic,SVK,Europe & Central Asia,High income,2018,99.2246981648398,0.058,83.9
Slovak Republic,SVK,Europe & Central Asia,High income,2019,99.2825048002319,0.058,84.6
Slovak Republic,SVK,Europe & Central Asia,High income,2020,99.3403186237792,0.058,84.6
Slovak Republic,SVK,Europe & Central Asia,High income,2021,99.3981264379615,0.058,83.9
Slovak Republic,SVK,Europe & Central Asia,High income,2022,99.4559365242172,0.058,83.1
Slovak Republic,SVK,Europe & Central Asia,High income,2023,99.5137496061142,0.058,83.8
Slovenia,SVN,Europe & Central Asia,High income,2002,91.8264432986647,,70.8
Slovenia,SVN,Europe & Central Asia,High income,2003,91.8218518143639,-0.005,70.8
Slovenia,SVN,Europe & Central Asia,High income,2004,91.817260330063,-0.005,70.1
Slovenia,SVN,Europe & Central Asia,High income,2005,91.8126688457622,-0.005,69.4
Slovenia,SVN,Europe & Central Asia,High income,2006,91.8080773614614,-0.005,69.6
Slovenia,SVN,Europe & Central Asia,High income,2007,91.8034858771605,-0.005,68.2
Slovenia,SVN,Europe & Central Asia,High income,2008,91.7988943928597,-0.005,68.2
Slovenia,SVN,Europe & Central Asia,High income,2009,91.7943029085588,-0.005,67.8
Slovenia,SVN,Europe & Central Asia,High income,2010,92.3628182051427,0.619,67.1
Slovenia,SVN,Europe & Central Asia,High income,2011,92.9312761660896,0.615,68.5
Slovenia,SVN,Europe & Central Asia,High income,2012,93.4996767913996,0.612,68.5
Slovenia,SVN,Europe & Central Asia,High income,2013,94.0680200810727,0.608,69.1
Slovenia,SVN,Europe & Central Asia,High income,2014,94.6363060351086,0.604,69.8
Slovenia,SVN,Europe & Central Asia,High income,2015,95.2045346535076,0.6,69.8
Slovenia,SVN,Europe & Central Asia,High income,2016,95.7727059362695,0.597,70.7
Slovenia,SVN,Europe & Central Asia,High income,2017,96.3408198833944,0.593,71.3
Slovenia,SVN,Europe & Central Asia,High income,2018,96.9088764948824,0.59,73.8
Slovenia,SVN,Europe & Central Asia,High income,2019,97.4768757707333,0.586,75.2
Slovenia,SVN,Europe & Central Asia,High income,2020,98.0448177109473,0.583,75.8
Slovenia,SVN,Europe & Central Asia,High income,2021,98.6127023155244,0.579,77.9
Slovenia,SVN,Europe & Central Asia,High income,2022,99.1805295844644,0.576,81.8
Slovenia,SVN,Europe & Central Asia,High income,2023,99.5745942010052,0.397,85.1
South Africa,ZAF,Sub-Saharan Africa,Upper middle income,2002,64.5080250928545,,45.8
South Africa,ZAF,Sub-Saharan Africa,Upper middle income,2003,65.325220633492,1.267,45.8
South Africa,ZAF,Sub-Saharan Africa,Upper middle income,2004,66.1376626325665,1.244,45.8
South Africa,ZAF,Sub-Saharan Africa,Upper middle income,2005,66.9433606680798,1.218,44.9
South Africa,ZAF,Sub-Saharan Africa,Upper middle income,2006,67.385594468861,0.661,44.6
South Africa,ZAF,Sub-Saharan Africa,Upper middle income,2007,67.6639002510223,0.413,44.6
South Africa,ZAF,Sub-Saharan Africa,Upper middle income,2008,67.9272518361093,0.389,44.6
South Africa,ZAF,Sub-Saharan Africa,Upper middle income,2009,68.1734096388476,0.362,45
South Africa,ZAF,Sub-Saharan Africa,Upper middle income,2010,68.4038447325703,0.338,44.3
South Africa,ZAF,Sub-Saharan Africa,Upper middle income,2011,68.6179387859651,0.313,44.3
South Africa,ZAF,Sub-Saharan Africa,Upper middle income,2012,68.8160339814044,0.289,43.6
South Africa,ZAF,Sub-Saharan Africa,Upper middle income,2013,68.9967114621755,0.263,42.3
South Africa,ZAF,Sub-Saharan Africa,Upper middle income,2014,69.1612184461082,0.238,41.6
South Africa,ZAF,Sub-Saharan Africa,Upper middle income,2015,69.30901510818,0.214,43
South Africa,ZAF,Sub-Saharan Africa,Upper middle income,2016,69.4400283108423,0.189,42.7
South Africa,ZAF,Sub-Saharan Africa,Upper middle income,2017,69.5538303347027,0.164,42.7
South Africa,ZAF,Sub-Saharan Africa,Upper middle income,2018,69.6504166205386,0.139,43
South Africa,ZAF,Sub-Saharan Africa,Upper middle income,2019,69.7297769910708,0.114,42.3
South Africa,ZAF,Sub-Saharan Africa,Upper middle income,2020,69.7921809477187,0.089,42.3
South Africa,ZAF,Sub-Saharan Africa,Upper middle income,2021,69.6095423719645,-0.262,42.3
South Africa,ZAF,Sub-Saharan Africa,Upper middle income,2022,69.0860845820772,-0.752,40.5
South Africa,ZAF,Sub-Saharan Africa,Upper middle income,2023,68.552079732364,-0.773,39.9
Spain,ESP,Europe & Central Asia,High income,2002,99.3946000573066,,87.5
Spain,ESP,Europe & Central Asia,High income,2003,99.4295552020378,0.035,88.2
Spain,ESP,Europe & Central Asia,High income,2004,99.4647073774173,0.035,88.9
Spain,ESP,Europe & Central Asia,High income,2005,99.5000434029001,0.036,89.1
Spain,ESP,Europe & Central Asia,High income,2006,99.5355576882227,0.036,89.2
Spain,ESP,Europe & Central Asia,High income,2007,99.5712636711611,0.036,89.9
Spain,ESP,Europe & Central Asia,High income,2008,99.6071441617571,0.036,89.9
Spain,ESP,Europe & Central Asia,High income,2009,99.643200653903,0.036,90.6
Spain,ESP,Europe & Central Asia,High income,2010,99.6579329509429,0.015,91.3
Spain,ESP,Europe & Central Asia,High income,2011,99.6608518231807,0.003,91.3
Spain,ESP,Europe & Central Asia,High income,2012,99.6499203114074,-0.011,91.3
Spain,ESP,Europe & Central Asia,High income,2013,99.6233302994593,-0.027,91.3
Spain,ESP,Europe & Central Asia,High income,2014,99.5965946448038,-0.027,90.6
Spain,ESP,Europe & Central Asia,High income,2015,99.5993507355325,0.003,89.9
Spain,ESP,Europe & Central Asia,High income,2016,99.583883949636,-0.016,89.3
Spain,ESP,Europe & Central Asia,High income,2017,99.5683636072788,-0.016,89.3
Spain,ESP,Europe & Central Asia,High income,2018,99.5528049163769,-0.016,87.9
Spain,ESP,Europe & Central Asia,High income,2019,99.5372067786162,-0.016,87.2
Spain,ESP,Europe & Central Asia,High income,2020,99.521560453433,-0.016,86.6
Spain,ESP,Europe & Central Asia,High income,2021,99.5058683248672,-0.016,85.9
Spain,ESP,Europe & Central Asia,High income,2022,99.4901169704125,-0.016,84.5
Spain,ESP,Europe & Central Asia,High income,2023,99.4743158229589,-0.016,82.4
Sri Lanka,LKA,South Asia,Upper middle income,2002,45.3930593436735,,32.6
Sri Lanka,LKA,South Asia,Upper middle income,2003,45.4964052982276,0.228,31.9
Sri Lanka,LKA,South Asia,Upper middle income,2004,45.5997847759224,0.227,31.9
Sri Lanka,LKA,South Asia,Upper middle income,2005,45.7027013535073,0.226,30.6
Sri Lanka,LKA,South Asia,Upper middle income,2006,45.8829944206069,0.394,29.7
Sri Lanka,LKA,South Asia,Upper middle income,2007,46.0627136361426,0.392,29.1
Sri Lanka,LKA,South Asia,Upper middle income,2008,46.2428665573261,0.391,29.1
Sri Lanka,LKA,South Asia,Upper middle income,2009,46.4229534965321,0.389,28.2
Sri Lanka,LKA,South Asia,Upper middle income,2010,46.6024525790276,0.387,28.2
Sri Lanka,LKA,South Asia,Upper middle income,2011,46.782396328447,0.386,28.2
Sri Lanka,LKA,South Asia,Upper middle income,2012,46.9622718929128,0.384,28.2
Sri Lanka,LKA,South Asia,Upper middle income,2013,47.1509931517514,0.402,27.5
Sri Lanka,LKA,South Asia,Upper middle income,2014,47.3492388322291,0.42,27.5
Sri Lanka,LKA,South Asia,Upper middle income,2015,47.5571738423438,0.439,27.5
Sri Lanka,LKA,South Asia,Upper middle income,2016,47.7744271944304,0.457,27.3
Sri Lanka,LKA,South Asia,Upper middle income,2017,48.001681106013,0.476,27.3
Sri Lanka,LKA,South Asia,Upper middle income,2018,48.1392631930526,0.287,27.5
Sri Lanka,LKA,South Asia,Upper middle income,2019,47.8763818490786,-0.546,27.5
Sri Lanka,LKA,South Asia,Upper middle income,2020,47.6172707938771,-0.541,26.8
Sri Lanka,LKA,South Asia,Upper middle income,2021,47.3605279862347,-0.539,26.2
Sri Lanka,LKA,South Asia,Upper middle income,2022,47.1047618375178,-0.54,25
Sri Lanka,LKA,South Asia,Upper middle income,2023,46.848574246617,-0.544,24.3
St. Martin (French part),MAF,Latin America & Caribbean,High income,2002,96.7,,79.9
St. Martin (French part),MAF,Latin America & Caribbean,High income,2003,96.7,0,79.9
St. Martin (French part),MAF,Latin America & Caribbean,High income,2004,96.7,0,79.9
St. Martin (French part),MAF,Latin America & Caribbean,High income,2005,96.7,0,80.3
St. Martin (French part),MAF,Latin America & Caribbean,High income,2006,96.7,0,79.7
St. Martin (French part),MAF,Latin America & Caribbean,High income,2007,96.7,0,79.7
St. Martin (French part),MAF,Latin America & Caribbean,High income,2008,96.7,0,79.7
St. Martin (French part),MAF,Latin America & Caribbean,High income,2009,96.7,0,77.9
St. Martin (French part),MAF,Latin America & Caribbean,High income,2010,96.6978902335304,-0.002,76.5
St. Martin (French part),MAF,Latin America & Caribbean,High income,2011,96.6923203281963,-0.006,76.5
St. Martin (French part),MAF,Latin America & Caribbean,High income,2012,96.6867504228623,-0.006,76.5
St. Martin (French part),MAF,Latin America & Caribbean,High income,2013,96.6811805175282,-0.006,75.8
St. Martin (French part),MAF,Latin America & Caribbean,High income,2014,96.6756106121942,-0.006,73.8
St. Martin (French part),MAF,Latin America & Caribbean,High income,2015,96.6700407068601,-0.006,73.8
St. Martin (French part),MAF,Latin America & Caribbean,High income,2016,96.6644708015261,-0.006,73.3
St. Martin (French part),MAF,Latin America & Caribbean,High income,2017,96.658900896192,-0.006,72.7
St. Martin (French part),MAF,Latin America & Caribbean,High income,2018,96.6533309908579,-0.006,71.1
St. Martin (French part),MAF,Latin America & Caribbean,High income,2019,96.6477610855239,-0.006,71.8
St. Martin (French part),MAF,Latin America & Caribbean,High income,2020,96.6421911801898,-0.006,71.1
St. Martin (French part),MAF,Latin America & Caribbean,High income,2021,96.6366212748558,-0.006,69.8
St. Martin (French part),MAF,Latin America & Caribbean,High income,2022,96.6310513695217,-0.006,69.6
St. Martin (French part),MAF,Latin America & Caribbean,High income,2023,96.6254814641877,-0.006,68.9
Suriname,SUR,Latin America & Caribbean,Upper middle income,2002,52.0507328161972,,38.9
Suriname,SUR,Latin America & Caribbean,Upper middle income,2003,52.284713856888,0.45,38.2
Suriname,SUR,Latin America & Caribbean,Upper middle income,2004,52.5180081342911,0.446,38.2
Suriname,SUR,Latin America & Caribbean,Upper middle income,2005,52.7126569026065,0.371,37.4
Suriname,SUR,Latin America & Caribbean,Upper middle income,2006,52.904320776583,0.364,35.8
Suriname,SUR,Latin America & Caribbean,Upper middle income,2007,53.0963263945704,0.363,35.1
Suriname,SUR,Latin America & Caribbean,Upper middle income,2008,53.2889718900373,0.363,34.5
Suriname,SUR,Latin America & Caribbean,Upper middle income,2009,53.4825352502815,0.363,34.2
Suriname,SUR,Latin America & Caribbean,Upper middle income,2010,53.6764547513002,0.363,33.6
Suriname,SUR,Latin America & Caribbean,Upper middle income,2011,53.8710131700458,0.362,32.2
Suriname,SUR,Latin America & Caribbean,Upper middle income,2012,54.0662109652906,0.362,32.2
Suriname,SUR,Latin America & Caribbean,Upper middle income,2013,54.2620491189961,0.362,32.2
Suriname,SUR,Latin America & Caribbean,Upper middle income,2014,54.4628425618764,0.37,32.2
Suriname,SUR,Latin America & Caribbean,Upper middle income,2015,54.6686121368596,0.378,31.5
Suriname,SUR,Latin America & Caribbean,Upper middle income,2016,54.8788532515763,0.385,32
Suriname,SUR,Latin America & Caribbean,Upper middle income,2017,55.0933294280924,0.391,32
Suriname,SUR,Latin America & Caribbean,Upper middle income,2018,55.312033930288,0.397,29.5
Suriname,SUR,Latin America & Caribbean,Upper middle income,2019,55.5342496378544,0.402,29.5
Suriname,SUR,Latin America & Caribbean,Upper middle income,2020,55.7604346208917,0.407,29.5
Suriname,SUR,Latin America & Caribbean,Upper middle income,2021,55.7762563734849,0.028,29.5
Suriname,SUR,Latin America & Caribbean,Upper middle income,2022,55.7961498911635,0.036,29.1
Suriname,SUR,Latin America & Caribbean,Upper middle income,2023,55.8196595893557,0.042,29.1
Sweden,SWE,Europe & Central Asia,High income,2002,99.4258649740338,,88.2
Sweden,SWE,Europe & Central Asia,High income,2003,99.4379716588583,0.012,88.9
Sweden,SWE,Europe & Central Asia,High income,2004,99.4500204341846,0.012,88.2
Sweden,SWE,Europe & Central Asia,High income,2005,99.4620072879007,0.012,88.4
Sweden,SWE,Europe & Central Asia,High income,2006,99.474402537264,0.012,88.5
Sweden,SWE,Europe & Central Asia,High income,2007,99.4871198822637,0.013,88.5
Sweden,SWE,Europe & Central Asia,High income,2008,99.4997079583573,0.013,88.5
Sweden,SWE,Europe & Central Asia,High income,2009,99.5121591208695,0.013,89.3
Sweden,SWE,Europe & Central Asia,High income,2010,99.5313527629445,0.019,89.9
Sweden,SWE,Europe & Central Asia,High income,2011,99.5510464230032,0.02,89.9
Sweden,SWE,Europe & Central Asia,High income,2012,99.5710984005091,0.02,89.9
Sweden,SWE,Europe & Central Asia,High income,2013,99.5908553281454,0.02,89.9
Sweden,SWE,Europe & Central Asia,High income,2014,99.6103261265067,0.02,91.3
Sweden,SWE,Europe & Central Asia,High income,2015,99.6295386039751,0.019,90.6
Sweden,SWE,Europe & Central Asia,High income,2016,99.6484657334089,0.019,90.7
Sweden,SWE,Europe & Central Asia,High income,2017,99.66713385314,0.019,92
Sweden,SWE,Europe & Central Asia,High income,2018,99.6855409148822,0.018,90.6
Sweden,SWE,Europe & Central Asia,High income,2019,99.7036805161121,0.018,89.9
Sweden,SWE,Europe & Central Asia,High income,2020,99.721580628974,0.018,90.6
Sweden,SWE,Europe & Central Asia,High income,2021,99.7392374480204,0.018,89.9
Sweden,SWE,Europe & Central Asia,High income,2022,99.7499137536867,0.011,89.9
Sweden,SWE,Europe & Central Asia,High income,2023,99.7602354276088,0.01,88.5
Switzerland,CHE,Europe & Central Asia,High income,2002,96.7000026207221,,80.6
Switzerland,CHE,Europe & Central Asia,High income,2003,96.7000002832964,0,80.6
Switzerland,CHE,Europe & Central Asia,High income,2004,96.7000012021296,0,80.6
Switzerland,CHE,Europe & Central Asia,High income,2005,96.6999983862551,0,79.6
Switzerland,CHE,Europe & Central Asia,High income,2006,96.7000020077453,0,80.4
Switzerland,CHE,Europe & Central Asia,High income,2007,96.6999997622071,0,79.1
Switzerland,CHE,Europe & Central Asia,High income,2008,96.6999972566077,0,79.1
Switzerland,CHE,Europe & Central Asia,High income,2009,96.7000017696432,0,78.5
Switzerland,CHE,Europe & Central Asia,High income,2010,96.6999991311739,0,77.2
Switzerland,CHE,Europe & Central Asia,High income,2011,96.6999978761196,0,77.2
Switzerland,CHE,Europe & Central Asia,High income,2012,96.7000032583964,0,77.2
Switzerland,CHE,Europe & Central Asia,High income,2013,96.7000017740141,0,76.5
Switzerland,CHE,Europe & Central Asia,High income,2014,96.6999983857969,0,75.2
Switzerland,CHE,Europe & Central Asia,High income,2015,96.700000957567,0,74.5
Switzerland,CHE,Europe & Central Asia,High income,2016,96.6999986018025,0,74
Switzerland,CHE,Europe & Central Asia,High income,2017,96.7000019883983,0,74
Switzerland,CHE,Europe & Central Asia,High income,2018,96.6999971613406,0,72.5
Switzerland,CHE,Europe & Central Asia,High income,2019,96.6999991632838,0,72.5
Switzerland,CHE,Europe & Central Asia,High income,2020,96.7000003497305,0,71.8
Switzerland,CHE,Europe & Central Asia,High income,2021,96.6999967246043,0,71.1
Switzerland,CHE,Europe & Central Asia,High income,2022,96.7000014177634,0,70.9
Switzerland,CHE,Europe & Central Asia,High income,2023,96.7000003832463,0,69.6
Tajikistan,TJK,Europe & Central Asia,Lower middle income,2002,37.7621940155366,,25
Tajikistan,TJK,Europe & Central Asia,Lower middle income,2003,38.9348654343543,3.105,25
Tajikistan,TJK,Europe & Central Asia,Lower middle income,2004,40.1362930652154,3.086,25.7
Tajikistan,TJK,Europe & Central Asia,Lower middle income,2005,41.3675997144111,3.068,25.9
Tajikistan,TJK,Europe & Central Asia,Lower middle income,2006,42.6282160898357,3.047,25.7
Tajikistan,TJK,Europe & Central Asia,Lower middle income,2007,43.9181404635367,3.026,27
Tajikistan,TJK,Europe & Central Asia,Lower middle income,2008,45.2373691945965,3.004,27.7
Tajikistan,TJK,Europe & Central Asia,Lower middle income,2009,46.5858978425593,2.981,28.9
Tajikistan,TJK,Europe & Central Asia,Lower middle income,2010,47.9637288148808,2.958,28.9
Tajikistan,TJK,Europe & Central Asia,Lower middle income,2011,49.3703711308922,2.933,29.5
Tajikistan,TJK,Europe & Central Asia,Lower middle income,2012,50.8172219192873,2.931,30.2
Tajikistan,TJK,Europe & Central Asia,Lower middle income,2013,52.3020237768025,2.922,30.2
Tajikistan,TJK,Europe & Central Asia,Lower middle income,2014,53.8248694633002,2.912,30.9
Tajikistan,TJK,Europe & Central Asia,Lower middle income,2015,55.3843908442754,2.897,32.2
Tajikistan,TJK,Europe & Central Asia,Lower middle income,2016,56.980067631769,2.881,33.3
Tajikistan,TJK,Europe & Central Asia,Lower middle income,2017,58.6108638282179,2.862,34
Tajikistan,TJK,Europe & Central Asia,Lower middle income,2018,60.2753034226593,2.84,34.2
Tajikistan,TJK,Europe & Central Asia,Lower middle income,2019,61.9730477057775,2.817,34.2
Tajikistan,TJK,Europe & Central Asia,Lower middle income,2020,62.9511394249524,1.578,34.2
Tajikistan,TJK,Europe & Central Asia,Lower middle income,2021,63.9329751524958,1.56,34.2
Tajikistan,TJK,Europe & Central Asia,Lower middle income,2022,64.9174409445842,1.54,36.5
Tajikistan,TJK,Europe & Central Asia,Lower middle income,2023,65.008806213197,0.141,35.8
Tanzania,TZA,Sub-Saharan Africa,Lower middle income,2002,1.35835490465957,,0
Tanzania,TZA,Sub-Saharan Africa,Lower middle income,2003,1.40821939232488,3.671,0
Tanzania,TZA,Sub-Saharan Africa,Lower middle income,2004,2.14076377779176,52.019,0
Tanzania,TZA,Sub-Saharan Africa,Lower middle income,2005,2.925730250571,36.668,0
Tanzania,TZA,Sub-Saharan Africa,Lower middle income,2006,4.03249460264019,37.829,0
Tanzania,TZA,Sub-Saharan Africa,Lower middle income,2007,5.61023492871879,39.126,0
Tanzania,TZA,Sub-Saharan Africa,Lower middle income,2008,7.29520223288577,30.034,2.7
Tanzania,TZA,Sub-Saharan Africa,Lower middle income,2009,9.08698844105162,24.561,4
Tanzania,TZA,Sub-Saharan Africa,Lower middle income,2010,10.9866691783431,20.906,4.7
Tanzania,TZA,Sub-Saharan Africa,Lower middle income,2011,12.9938971930298,18.27,6.7
Tanzania,TZA,Sub-Saharan Africa,Lower middle income,2012,15.1094149785771,16.281,7.4
Tanzania,TZA,Sub-Saharan Africa,Lower middle income,2013,17.3326681741849,14.714,9.4
Tanzania,TZA,Sub-Saharan Africa,Lower middle income,2014,19.6031058852784,13.099,10.7
Tanzania,TZA,Sub-Saharan Africa,Lower middle income,2015,21.0391016808304,7.325,10.7
Tanzania,TZA,Sub-Saharan Africa,Lower middle income,2016,22.514975929799,7.015,11.3
Tanzania,TZA,Sub-Saharan Africa,Lower middle income,2017,24.0291277346378,6.725,12
Tanzania,TZA,Sub-Saharan Africa,Lower middle income,2018,25.5793671596834,6.452,12.8
Tanzania,TZA,Sub-Saharan Africa,Lower middle income,2019,27.1633008168901,6.192,15.4
Tanzania,TZA,Sub-Saharan Africa,Lower middle income,2020,28.5686607839818,5.174,16.1
Tanzania,TZA,Sub-Saharan Africa,Lower middle income,2021,29.2612494140254,2.424,16.1
Tanzania,TZA,Sub-Saharan Africa,Lower middle income,2022,29.9517590546299,2.36,16.9
Tanzania,TZA,Sub-Saharan Africa,Lower middle income,2023,30.6397315445459,2.297,16.9
Togo,TGO,Sub-Saharan Africa,Lower middle income,2002,10.8572104776075,,9
Togo,TGO,Sub-Saharan Africa,Lower middle income,2003,11.2788756529367,3.884,8.3
Togo,TGO,Sub-Saharan Africa,Lower middle income,2004,11.7046920626714,3.775,8.3
Togo,TGO,Sub-Saharan Africa,Lower middle income,2005,12.1345267940647,3.672,8.2
Togo,TGO,Sub-Saharan Africa,Lower middle income,2006,12.5686626712329,3.578,8.8
Togo,TGO,Sub-Saharan Africa,Lower middle income,2007,13.0071794285926,3.489,8.8
Togo,TGO,Sub-Saharan Africa,Lower middle income,2008,13.4503740884263,3.407,8.8
Togo,TGO,Sub-Saharan Africa,Lower middle income,2009,13.8974477840125,3.324,8.7
Togo,TGO,Sub-Saharan Africa,Lower middle income,2010,14.349356874294,3.252,8.1
Togo,TGO,Sub-Saharan Africa,Lower middle income,2011,14.8107744821214,3.216,8.1
Togo,TGO,Sub-Saharan Africa,Lower middle income,2012,15.2799041486039,3.167,8.1
Togo,TGO,Sub-Saharan Africa,Lower middle income,2013,15.7536504094529,3.1,7.4
Togo,TGO,Sub-Saharan Africa,Lower middle income,2014,16.2325567508779,3.04,7.4
Togo,TGO,Sub-Saharan Africa,Lower middle income,2015,16.716712557756,2.983,7.4
Togo,TGO,Sub-Saharan Africa,Lower middle income,2016,17.2071914430537,2.934,7.3
Togo,TGO,Sub-Saharan Africa,Lower middle income,2017,17.703874729563,2.886,7.3
Togo,TGO,Sub-Saharan Africa,Lower middle income,2018,18.2068845501877,2.841,6.7
Togo,TGO,Sub-Saharan Africa,Lower middle income,2019,18.7163458427772,2.798,7.4
Togo,TGO,Sub-Saharan Africa,Lower middle income,2020,19.2323830359056,2.757,8.7
Togo,TGO,Sub-Saharan Africa,Lower middle income,2021,19.5549350217433,1.677,8.7
Togo,TGO,Sub-Saharan Africa,Lower middle income,2022,19.8775201063187,1.65,8.8
Togo,TGO,Sub-Saharan Africa,Lower middle income,2023,20.2003795594142,1.624,8.8
Tonga,TON,East Asia & Pacific,Upper middle income,2002,29.240336340784,,22.2
Tonga,TON,East Asia & Pacific,Upper middle income,2003,29.2481439942313,0.027,22.2
Tonga,TON,East Asia & Pacific,Upper middle income,2004,29.2559536653289,0.027,20.8
Tonga,TON,East Asia & Pacific,Upper middle income,2005,29.2803194856045,0.083,20.4
Tonga,TON,East Asia & Pacific,Upper middle income,2006,29.3049793487766,0.084,19.6
Tonga,TON,East Asia & Pacific,Upper middle income,2007,29.333451061703,0.097,20.3
Tonga,TON,East Asia & Pacific,Upper middle income,2008,29.3649386266673,0.107,19.6
Tonga,TON,East Asia & Pacific,Upper middle income,2009,29.3964687866668,0.107,18.8
Tonga,TON,East Asia & Pacific,Upper middle income,2010,29.4280441821912,0.107,18.8
Tonga,TON,East Asia & Pacific,Upper middle income,2011,29.4596644292537,0.107,17.4
Tonga,TON,East Asia & Pacific,Upper middle income,2012,29.4744305402053,0.05,17.4
Tonga,TON,East Asia & Pacific,Upper middle income,2013,29.4769061953483,0.008,18.1
Tonga,TON,East Asia & Pacific,Upper middle income,2014,29.4790633950499,0.007,17.4
Tonga,TON,East Asia & Pacific,Upper middle income,2015,29.481451604595,0.008,17.4
Tonga,TON,East Asia & Pacific,Upper middle income,2016,29.4837945887296,0.008,17.3
Tonga,TON,East Asia & Pacific,Upper middle income,2017,29.4860944942856,0.008,17.3
Tonga,TON,East Asia & Pacific,Upper middle income,2018,29.4924773914689,0.022,17.4
Tonga,TON,East Asia & Pacific,Upper middle income,2019,29.5026836841423,0.035,17.4
Tonga,TON,East Asia & Pacific,Upper middle income,2020,29.5172850609634,0.049,16.8
Tonga,TON,East Asia & Pacific,Upper middle income,2021,29.5354703781636,0.062,16.8
Tonga,TON,East Asia & Pacific,Upper middle income,2022,29.5580867942329,0.077,15.5
Tonga,TON,East Asia & Pacific,Upper middle income,2023,29.5846009253925,0.09,14.2
Trinidad and Tobago,TTO,Latin America & Caribbean,High income,2005,69.3595884569698,,47.6
Trinidad and Tobago,TTO,Latin America & Caribbean,High income,2006,69.3444782958801,-0.022,46.6
Trinidad and Tobago,TTO,Latin America & Caribbean,High income,2007,69.3292881176463,-0.022,46.6
Trinidad and Tobago,TTO,Latin America & Caribbean,High income,2008,69.3141791212705,-0.022,45.9
Trinidad and Tobago,TTO,Latin America & Caribbean,High income,2009,69.2989872930129,-0.022,45.6
Trinidad and Tobago,TTO,Latin America & Caribbean,High income,2010,69.2920367647719,-0.01,45.6
Trinidad and Tobago,TTO,Latin America & Caribbean,High income,2011,69.285019022829,-0.01,45
Trinidad and Tobago,TTO,Latin America & Caribbean,High income,2012,69.2799357571835,-0.007,45
Trinidad and Tobago,TTO,Latin America & Caribbean,High income,2013,69.2767875362099,-0.005,43.6
Trinidad and Tobago,TTO,Latin America & Caribbean,High income,2014,69.2755708039339,-0.002,42.3
Trinidad and Tobago,TTO,Latin America & Caribbean,High income,2015,69.2762075351576,0.001,42.3
Trinidad and Tobago,TTO,Latin America & Caribbean,High income,2016,69.2788541951104,0.004,42
Trinidad and Tobago,TTO,Latin America & Caribbean,High income,2017,69.2834269505623,0.007,42
Trinidad and Tobago,TTO,Latin America & Caribbean,High income,2018,69.2899273828355,0.009,42.3
Trinidad and Tobago,TTO,Latin America & Caribbean,High income,2019,69.298349578604,0.012,41.6
Trinidad and Tobago,TTO,Latin America & Caribbean,High income,2020,69.3086954427223,0.015,40.3
Trinidad and Tobago,TTO,Latin America & Caribbean,High income,2021,69.3209608932536,0.018,41.6
Trinidad and Tobago,TTO,Latin America & Caribbean,High income,2022,69.3351472511501,0.02,41.2
Trinidad and Tobago,TTO,Latin America & Caribbean,High income,2023,69.3512476938606,0.023,41.2
Tunisia,TUN,"Middle East, North Africa, Afghanistan & Pakistan",Lower middle income,2002,77.3248829893026,,57.6
Tunisia,TUN,"Middle East, North Africa, Afghanistan & Pakistan",Lower middle income,2003,77.6001634201878,0.356,57.6
Tunisia,TUN,"Middle East, North Africa, Afghanistan & Pakistan",Lower middle income,2004,77.8671301158889,0.344,57.6
Tunisia,TUN,"Middle East, North Africa, Afghanistan & Pakistan",Lower middle income,2005,78.1089443615353,0.311,57.1
Tunisia,TUN,"Middle East, North Africa, Afghanistan & Pakistan",Lower middle income,2006,78.3484267992276,0.307,56.8
Tunisia,TUN,"Middle East, North Africa, Afghanistan & Pakistan",Lower middle income,2007,78.5850119966017,0.302,56.1
Tunisia,TUN,"Middle East, North Africa, Afghanistan & Pakistan",Lower middle income,2008,78.8190034710889,0.298,54.1
Tunisia,TUN,"Middle East, North Africa, Afghanistan & Pakistan",Lower middle income,2009,79.0504165904685,0.294,53.7
Tunisia,TUN,"Middle East, North Africa, Afghanistan & Pakistan",Lower middle income,2010,79.2789942255773,0.289,53
Tunisia,TUN,"Middle East, North Africa, Afghanistan & Pakistan",Lower middle income,2011,79.5052815552135,0.285,52.3
Tunisia,TUN,"Middle East, North Africa, Afghanistan & Pakistan",Lower middle income,2012,79.5019649942484,-0.004,51
Tunisia,TUN,"Middle East, North Africa, Afghanistan & Pakistan",Lower middle income,2013,79.4963915596913,-0.007,50.3
Tunisia,TUN,"Middle East, North Africa, Afghanistan & Pakistan",Lower middle income,2014,78.4387815336686,-1.33,49.7
Tunisia,TUN,"Middle East, North Africa, Afghanistan & Pakistan",Lower middle income,2015,77.1450199273485,-1.649,49.7
Tunisia,TUN,"Middle East, North Africa, Afghanistan & Pakistan",Lower middle income,2016,75.8401748537527,-1.691,50
Tunisia,TUN,"Middle East, North Africa, Afghanistan & Pakistan",Lower middle income,2017,74.5240374235795,-1.735,46.7
Tunisia,TUN,"Middle East, North Africa, Afghanistan & Pakistan",Lower middle income,2018,73.1965977847782,-1.781,45
Tunisia,TUN,"Middle East, North Africa, Afghanistan & Pakistan",Lower middle income,2019,71.8574373168183,-1.83,44.3
Tunisia,TUN,"Middle East, North Africa, Afghanistan & Pakistan",Lower middle income,2020,70.5061943427321,-1.88,43
Tunisia,TUN,"Middle East, North Africa, Afghanistan & Pakistan",Lower middle income,2021,69.1428674618065,-1.934,40.3
Tunisia,TUN,"Middle East, North Africa, Afghanistan & Pakistan",Lower middle income,2022,67.767269597131,-1.99,38.5
Tunisia,TUN,"Middle East, North Africa, Afghanistan & Pakistan",Lower middle income,2023,66.3789813342294,-2.049,37.2
Turkmenistan,TKM,Europe & Central Asia,Upper middle income,2002,70.6850647008878,,52.1
Turkmenistan,TKM,Europe & Central Asia,Upper middle income,2003,71.7322099345552,1.481,52.1
Turkmenistan,TKM,Europe & Central Asia,Upper middle income,2004,72.7857712556507,1.469,52.1
Turkmenistan,TKM,Europe & Central Asia,Upper middle income,2005,74.3098285895233,2.094,51.7
Turkmenistan,TKM,Europe & Central Asia,Upper middle income,2006,75.8467368538246,2.068,53.4
Turkmenistan,TKM,Europe & Central Asia,Upper middle income,2007,77.3961596882357,2.043,53.4
Turkmenistan,TKM,Europe & Central Asia,Upper middle income,2008,78.9568553921139,2.017,54.7
Turkmenistan,TKM,Europe & Central Asia,Upper middle income,2009,80.5288592923225,1.991,55
Turkmenistan,TKM,Europe & Central Asia,Upper middle income,2010,82.0193867825885,1.851,56.4
Turkmenistan,TKM,Europe & Central Asia,Upper middle income,2011,83.6168007990939,1.948,56.4
Turkmenistan,TKM,Europe & Central Asia,Upper middle income,2012,85.2235519245126,1.922,57.7
Turkmenistan,TKM,Europe & Central Asia,Upper middle income,2013,86.8389174321863,1.895,58.4
Turkmenistan,TKM,Europe & Central Asia,Upper middle income,2014,88.4618812272337,1.869,59.1
Turkmenistan,TKM,Europe & Central Asia,Upper middle income,2015,90.0919952741528,1.843,61.7
Turkmenistan,TKM,Europe & Central Asia,Upper middle income,2016,91.4552847898372,1.513,63.3
Turkmenistan,TKM,Europe & Central Asia,Upper middle income,2017,92.6888468728397,1.349,64.7
Turkmenistan,TKM,Europe & Central Asia,Upper middle income,2018,93.8240180351315,1.225,65.1
Turkmenistan,TKM,Europe & Central Asia,Upper middle income,2019,94.0508533656427,0.242,65.1
Turkmenistan,TKM,Europe & Central Asia,Upper middle income,2020,94.2745045362303,0.238,65.1
Turkmenistan,TKM,Europe & Central Asia,Upper middle income,2021,94.4948554349009,0.234,65.1
Turkmenistan,TKM,Europe & Central Asia,Upper middle income,2022,94.7117313632146,0.23,64.9
Turkmenistan,TKM,Europe & Central Asia,Upper middle income,2023,94.834897749708,0.13,64.9
Turks and Caicos Islands,TCA,Latin America & Caribbean,High income,2016,47.224438317442,,26.7
Turks and Caicos Islands,TCA,Latin America & Caribbean,High income,2017,47.1971146261039,-0.058,26
Turks and Caicos Islands,TCA,Latin America & Caribbean,High income,2018,47.1715165683378,-0.054,26.2
Turks and Caicos Islands,TCA,Latin America & Caribbean,High income,2019,47.1476536472594,-0.051,25.5
Turks and Caicos Islands,TCA,Latin America & Caribbean,High income,2020,47.1253378854419,-0.047,25.5
Turks and Caicos Islands,TCA,Latin America & Caribbean,High income,2021,47.1044769969249,-0.044,25.5
Turks and Caicos Islands,TCA,Latin America & Caribbean,High income,2022,47.0850750542884,-0.041,24.3
Turks and Caicos Islands,TCA,Latin America & Caribbean,High income,2023,47.0668593351251,-0.039,25
Tuvalu,TUV,East Asia & Pacific,Upper middle income,2002,7.7271263216755,,4.2
Tuvalu,TUV,East Asia & Pacific,Upper middle income,2003,7.76838271820141,0.534,3.5
Tuvalu,TUV,East Asia & Pacific,Upper middle income,2004,7.82013162818558,0.666,3.5
Tuvalu,TUV,East Asia & Pacific,Upper middle income,2005,7.87172019266427,0.66,4.1
Tuvalu,TUV,East Asia & Pacific,Upper middle income,2006,7.92325061842508,0.655,4.1
Tuvalu,TUV,East Asia & Pacific,Upper middle income,2007,7.97467109650891,0.649,4.1
Tuvalu,TUV,East Asia & Pacific,Upper middle income,2008,8.02598283524505,0.643,4.1
Tuvalu,TUV,East Asia & Pacific,Upper middle income,2009,8.07693058029399,0.635,3.4
Tuvalu,TUV,East Asia & Pacific,Upper middle income,2010,8.12761712933563,0.628,2.7
Tuvalu,TUV,East Asia & Pacific,Upper middle income,2011,8.17804308386143,0.62,2.7
Tuvalu,TUV,East Asia & Pacific,Upper middle income,2012,8.22820885465106,0.613,2
Tuvalu,TUV,East Asia & Pacific,Upper middle income,2013,8.27781106494515,0.603,2
Tuvalu,TUV,East Asia & Pacific,Upper middle income,2014,8.32594065435149,0.581,2
Tuvalu,TUV,East Asia & Pacific,Upper middle income,2015,8.37255134893803,0.56,1.3
Tuvalu,TUV,East Asia & Pacific,Upper middle income,2016,8.41759780070208,0.538,1.3
Tuvalu,TUV,East Asia & Pacific,Upper middle income,2017,8.46103365882406,0.516,1.3
Tuvalu,TUV,East Asia & Pacific,Upper middle income,2018,8.50296520447543,0.496,1.3
Tuvalu,TUV,East Asia & Pacific,Upper middle income,2019,8.54334499950896,0.475,1.3
Tuvalu,TUV,East Asia & Pacific,Upper middle income,2020,8.58217972768881,0.455,1.3
Tuvalu,TUV,East Asia & Pacific,Upper middle income,2021,8.61952269338135,0.435,1.3
Tuvalu,TUV,East Asia & Pacific,Upper middle income,2022,8.655329159648,0.415,1.4
Tuvalu,TUV,East Asia & Pacific,Upper middle income,2023,8.6896536377143,0.397,1.4
Uganda,UGA,Sub-Saharan Africa,Low income,2002,3.5998840278205,,0.7
Uganda,UGA,Sub-Saharan Africa,Low income,2003,4.12299220943542,14.531,0.7
Uganda,UGA,Sub-Saharan Africa,Low income,2004,4.66566799544214,13.162,0.7
Uganda,UGA,Sub-Saharan Africa,Low income,2005,5.22724268755798,12.036,0.7
Uganda,UGA,Sub-Saharan Africa,Low income,2006,5.80886599308652,11.127,1.4
Uganda,UGA,Sub-Saharan Africa,Low income,2007,6.41004063773922,10.349,1.4
Uganda,UGA,Sub-Saharan Africa,Low income,2008,7.03133846285696,9.693,2
Uganda,UGA,Sub-Saharan Africa,Low income,2009,7.67241611786508,9.117,2.7
Uganda,UGA,Sub-Saharan Africa,Low income,2010,8.33386895954043,8.621,3.4
Uganda,UGA,Sub-Saharan Africa,Low income,2011,9.01557010215086,8.18,3.4
Uganda,UGA,Sub-Saharan Africa,Low income,2012,9.71789056876129,7.79,3.4
Uganda,UGA,Sub-Saharan Africa,Low income,2013,10.440122154268,7.432,3.4
Uganda,UGA,Sub-Saharan Africa,Low income,2014,11.1834474802514,7.12,3.4
Uganda,UGA,Sub-Saharan Africa,Low income,2015,11.9474149178212,6.831,4
Uganda,UGA,Sub-Saharan Africa,Low income,2016,12.7315028787292,6.563,4
Uganda,UGA,Sub-Saharan Africa,Low income,2017,13.5357388271595,6.317,4.7
Uganda,UGA,Sub-Saharan Africa,Low income,2018,14.3595127676697,6.086,4.7
Uganda,UGA,Sub-Saharan Africa,Low income,2019,15.2037714665964,5.879,4.7
Uganda,UGA,Sub-Saharan Africa,Low income,2020,15.7976298905319,3.906,4.7
Uganda,UGA,Sub-Saharan Africa,Low income,2021,16.3660020583951,3.598,5.4
Uganda,UGA,Sub-Saharan Africa,Low income,2022,16.9390606313682,3.502,5.4
Uganda,UGA,Sub-Saharan Africa,Low income,2023,17.5161979203242,3.407,5.4
Ukraine,UKR,Europe & Central Asia,Upper middle income,2002,66.438190576108,,47.9
Ukraine,UKR,Europe & Central Asia,Upper middle income,2003,66.5489146292215,0.167,47.9
Ukraine,UKR,Europe & Central Asia,Upper middle income,2004,69.3400439436789,4.194,50
Ukraine,UKR,Europe & Central Asia,Upper middle income,2005,71.9543066457516,3.77,50.3
Ukraine,UKR,Europe & Central Asia,Upper middle income,2006,74.5352705731989,3.587,50
Ukraine,UKR,Europe & Central Asia,Upper middle income,2007,77.0930188106893,3.432,52
Ukraine,UKR,Europe & Central Asia,Upper middle income,2008,79.6280372108845,3.288,56.1
Ukraine,UKR,Europe & Central Asia,Upper middle income,2009,82.1398553373024,3.154,58.4
Ukraine,UKR,Europe & Central Asia,Upper middle income,2010,84.6124160478826,3.01,59.7
Ukraine,UKR,Europe & Central Asia,Upper middle income,2011,87.0777751740758,2.914,61.7
Ukraine,UKR,Europe & Central Asia,Upper middle income,2012,89.3866042211989,2.651,63.1
Ukraine,UKR,Europe & Central Asia,Upper middle income,2013,89.0511820060876,-0.375,62.4
Ukraine,UKR,Europe & Central Asia,Upper middle income,2014,88.6131133324757,-0.492,59.7
Ukraine,UKR,Europe & Central Asia,Upper middle income,2015,88.5460827206253,-0.076,58.4
Ukraine,UKR,Europe & Central Asia,Upper middle income,2016,88.4789144962988,-0.076,58
Ukraine,UKR,Europe & Central Asia,Upper middle income,2017,88.4116133459995,-0.076,57.3
Ukraine,UKR,Europe & Central Asia,Upper middle income,2018,88.3442184434401,-0.076,57.7
Ukraine,UKR,Europe & Central Asia,Upper middle income,2019,88.2768037695359,-0.076,57.7
Ukraine,UKR,Europe & Central Asia,Upper middle income,2020,88.2094191981189,-0.076,58.4
Ukraine,UKR,Europe & Central Asia,Upper middle income,2021,88.1421385753858,-0.076,57.7
Ukraine,UKR,Europe & Central Asia,Upper middle income,2022,88.0750093194132,-0.076,57.4
Ukraine,UKR,Europe & Central Asia,Upper middle income,2023,87.9857295480437,-0.101,57.4
United Arab Emirates,ARE,"Middle East, North Africa, Afghanistan & Pakistan",High income,2002,98.2188255154636,,84.7
United Arab Emirates,ARE,"Middle East, North Africa, Afghanistan & Pakistan",High income,2003,98.2433351844728,0.025,84.7
United Arab Emirates,ARE,"Middle East, North Africa, Afghanistan & Pakistan",High income,2004,98.2680332858697,0.025,84.7
United Arab Emirates,ARE,"Middle East, North Africa, Afghanistan & Pakistan",High income,2005,98.2928979722659,0.025,85
United Arab Emirates,ARE,"Middle East, North Africa, Afghanistan & Pakistan",High income,2006,98.3179531006501,0.025,85.1
United Arab Emirates,ARE,"Middle East, North Africa, Afghanistan & Pakistan",High income,2007,98.3431458543153,0.026,85.1
United Arab Emirates,ARE,"Middle East, North Africa, Afghanistan & Pakistan",High income,2008,98.3684771507718,0.026,85.1
United Arab Emirates,ARE,"Middle East, North Africa, Afghanistan & Pakistan",High income,2009,98.3939425732259,0.026,85.2
United Arab Emirates,ARE,"Middle East, North Africa, Afghanistan & Pakistan",High income,2010,98.419528993262,0.026,85.9
United Arab Emirates,ARE,"Middle East, North Africa, Afghanistan & Pakistan",High income,2011,98.44524382535,0.026,84.6
United Arab Emirates,ARE,"Middle East, North Africa, Afghanistan & Pakistan",High income,2012,98.4710656093792,0.026,84.6
United Arab Emirates,ARE,"Middle East, North Africa, Afghanistan & Pakistan",High income,2013,98.4969991964186,0.026,83.2
United Arab Emirates,ARE,"Middle East, North Africa, Afghanistan & Pakistan",High income,2014,98.523036217534,0.026,83.2
United Arab Emirates,ARE,"Middle East, North Africa, Afghanistan & Pakistan",High income,2015,98.5491640499512,0.027,83.2
United Arab Emirates,ARE,"Middle East, North Africa, Afghanistan & Pakistan",High income,2016,98.5753815845859,0.027,80.7
United Arab Emirates,ARE,"Middle East, North Africa, Afghanistan & Pakistan",High income,2017,98.6016896433562,0.027,81.3
United Arab Emirates,ARE,"Middle East, North Africa, Afghanistan & Pakistan",High income,2018,98.6280675772595,0.027,81.2
United Arab Emirates,ARE,"Middle East, North Africa, Afghanistan & Pakistan",High income,2019,98.6304444914827,0.002,80.5
United Arab Emirates,ARE,"Middle East, North Africa, Afghanistan & Pakistan",High income,2020,98.6327534590734,0.002,79.9
United Arab Emirates,ARE,"Middle East, North Africa, Afghanistan & Pakistan",High income,2021,98.63499409988,0.002,79.2
United Arab Emirates,ARE,"Middle East, North Africa, Afghanistan & Pakistan",High income,2022,98.6371712508075,0.002,77
United Arab Emirates,ARE,"Middle East, North Africa, Afghanistan & Pakistan",High income,2023,98.6392693175614,0.002,76.4
United Kingdom,GBR,Europe & Central Asia,High income,2002,100,,96.5
United Kingdom,GBR,Europe & Central Asia,High income,2003,100,0,95.1
United Kingdom,GBR,Europe & Central Asia,High income,2004,100,0,96.5
United Kingdom,GBR,Europe & Central Asia,High income,2005,99.9942840612882,-0.006,95.2
United Kingdom,GBR,Europe & Central Asia,High income,2006,99.9852638554868,-0.009,94.6
United Kingdom,GBR,Europe & Central Asia,High income,2007,99.9762490868949,-0.009,93.9
United Kingdom,GBR,Europe & Central Asia,High income,2008,99.9672333927183,-0.009,93.9
United Kingdom,GBR,Europe & Central Asia,High income,2009,99.9582172697876,-0.009,94
United Kingdom,GBR,Europe & Central Asia,High income,2010,99.9491994380845,-0.009,94
United Kingdom,GBR,Europe & Central Asia,High income,2011,99.9401799510742,-0.009,94
United Kingdom,GBR,Europe & Central Asia,High income,2012,99.931161213636,-0.009,94
United Kingdom,GBR,Europe & Central Asia,High income,2013,99.9221456444707,-0.009,94
United Kingdom,GBR,Europe & Central Asia,High income,2014,99.9131285784121,-0.009,94
United Kingdom,GBR,Europe & Central Asia,High income,2015,99.9041100356484,-0.009,94
United Kingdom,GBR,Europe & Central Asia,High income,2016,99.8950910703317,-0.009,93.3
United Kingdom,GBR,Europe & Central Asia,High income,2017,99.8860724781351,-0.009,93.3
United Kingdom,GBR,Europe & Central Asia,High income,2018,99.8770562589436,-0.009,92.6
United Kingdom,GBR,Europe & Central Asia,High income,2019,99.8680393033506,-0.009,91.9
United Kingdom,GBR,Europe & Central Asia,High income,2020,99.8590222265346,-0.009,91.3
United Kingdom,GBR,Europe & Central Asia,High income,2021,99.8500070588012,-0.009,90.6
United Kingdom,GBR,Europe & Central Asia,High income,2022,99.8409886959696,-0.009,90.5
United Kingdom,GBR,Europe & Central Asia,High income,2023,99.8319703795301,-0.009,89.2
United States,USA,North America,High income,2005,95.355088514175,,76.2
United States,USA,North America,High income,2006,95.3643930826933,0.01,75
United States,USA,North America,High income,2007,95.3736387116545,0.01,75
United States,USA,North America,High income,2008,95.3828332115417,0.01,75
United States,USA,North America,High income,2009,95.3919740898134,0.01,74.5
United States,USA,North America,High income,2010,95.5578903758392,0.174,74.5
United States,USA,North America,High income,2011,95.7230928938337,0.173,73.2
United States,USA,North America,High income,2012,95.8873856789804,0.172,72.5
United States,USA,North America,High income,2013,96.050805552546,0.17,71.8
United States,USA,North America,High income,2014,96.2132629086569,0.169,71.8
United States,USA,North America,High income,2015,96.3747156560664,0.168,72.5
United States,USA,North America,High income,2016,96.5350702012036,0.166,72.7
United States,USA,North America,High income,2017,96.6943498319154,0.165,73.3
United States,USA,North America,High income,2018,96.8524248605791,0.163,73.2
United States,USA,North America,High income,2019,97.0093306324818,0.162,73.2
United States,USA,North America,High income,2020,97.1649564638787,0.16,72.5
United States,USA,North America,High income,2021,97.3193057406534,0.159,74.5
United States,USA,North America,High income,2022,97.4683905274108,0.153,74.3
United States,USA,North America,High income,2023,97.5661860919937,0.1,74.3
Uzbekistan,UZB,Europe & Central Asia,Lower middle income,2002,56.4562515641154,,41
Uzbekistan,UZB,Europe & Central Asia,Lower middle income,2003,57.7908059787254,2.364,41
Uzbekistan,UZB,Europe & Central Asia,Lower middle income,2004,59.1177625556977,2.296,41
Uzbekistan,UZB,Europe & Central Asia,Lower middle income,2005,60.436912850332,2.231,42.2
Uzbekistan,UZB,Europe & Central Asia,Lower middle income,2006,61.748505876187,2.17,41.9
Uzbekistan,UZB,Europe & Central Asia,Lower middle income,2007,63.0518265073618,2.111,41.9
Uzbekistan,UZB,Europe & Central Asia,Lower middle income,2008,64.3466497035217,2.054,42.6
Uzbekistan,UZB,Europe & Central Asia,Lower middle income,2009,65.6323531235185,1.998,43
Uzbekistan,UZB,Europe & Central Asia,Lower middle income,2010,66.9095666488988,1.946,43
Uzbekistan,UZB,Europe & Central Asia,Lower middle income,2011,68.0666913492941,1.729,43.6
Uzbekistan,UZB,Europe & Central Asia,Lower middle income,2012,69.117262636418,1.543,44.3
Uzbekistan,UZB,Europe & Central Asia,Lower middle income,2013,70.1788928674112,1.536,45.6
Uzbekistan,UZB,Europe & Central Asia,Lower middle income,2014,71.2516260080062,1.529,45
Uzbekistan,UZB,Europe & Central Asia,Lower middle income,2015,72.3355124474969,1.521,45
Uzbekistan,UZB,Europe & Central Asia,Lower middle income,2016,73.4305957202854,1.514,46
Uzbekistan,UZB,Europe & Central Asia,Lower middle income,2017,74.5369165741151,1.507,47.3
Uzbekistan,UZB,Europe & Central Asia,Lower middle income,2018,75.6617226221262,1.509,49
Uzbekistan,UZB,Europe & Central Asia,Lower middle income,2019,76.7745583450954,1.471,49.7
Uzbekistan,UZB,Europe & Central Asia,Lower middle income,2020,77.7884720003291,1.321,49.7
Uzbekistan,UZB,Europe & Central Asia,Lower middle income,2021,78.8125991266417,1.317,49.7
Uzbekistan,UZB,Europe & Central Asia,Lower middle income,2022,79.8452973794026,1.31,49.3
Uzbekistan,UZB,Europe & Central Asia,Lower middle income,2023,80.8847523367862,1.302,51.4
Vanuatu,VUT,East Asia & Pacific,Lower middle income,2002,17.5110468161549,,13.2
Vanuatu,VUT,East Asia & Pacific,Lower middle income,2003,17.5844520109831,0.419,13.2
Vanuatu,VUT,East Asia & Pacific,Lower middle income,2004,17.6583703676468,0.42,12.5
Vanuatu,VUT,East Asia & Pacific,Lower middle income,2005,17.7666909427897,0.613,12.2
Vanuatu,VUT,East Asia & Pacific,Lower middle income,2006,17.8758208033812,0.614,12.2
Vanuatu,VUT,East Asia & Pacific,Lower middle income,2007,17.9855062072109,0.614,11.5
Vanuatu,VUT,East Asia & Pacific,Lower middle income,2008,18.096002505823,0.614,11.5
Vanuatu,VUT,East Asia & Pacific,Lower middle income,2009,18.2073115909493,0.615,10.7
Vanuatu,VUT,East Asia & Pacific,Lower middle income,2010,18.286526774602,0.435,10.1
Vanuatu,VUT,East Asia & Pacific,Lower middle income,2011,18.3459667633623,0.325,10.1
Vanuatu,VUT,East Asia & Pacific,Lower middle income,2012,18.4056781374295,0.325,10.1
Vanuatu,VUT,East Asia & Pacific,Lower middle income,2013,18.4654024209726,0.324,10.1
Vanuatu,VUT,East Asia & Pacific,Lower middle income,2014,18.5251407994356,0.324,9.4
Vanuatu,VUT,East Asia & Pacific,Lower middle income,2015,18.5848935323805,0.323,9.4
Vanuatu,VUT,East Asia & Pacific,Lower middle income,2016,18.6449171562813,0.323,8.7
Vanuatu,VUT,East Asia & Pacific,Lower middle income,2017,18.7049546859824,0.322,9.3
Vanuatu,VUT,East Asia & Pacific,Lower middle income,2018,18.7675820376693,0.335,8.7
Vanuatu,VUT,East Asia & Pacific,Lower middle income,2019,18.8325439417482,0.346,8.1
Vanuatu,VUT,East Asia & Pacific,Lower middle income,2020,18.9003588483709,0.36,8.1
Vanuatu,VUT,East Asia & Pacific,Lower middle income,2021,18.9705111237465,0.371,8.1
Vanuatu,VUT,East Asia & Pacific,Lower middle income,2022,19.0435202990113,0.385,8.1
Vanuatu,VUT,East Asia & Pacific,Lower middle income,2023,19.1188718983649,0.396,8.1
Viet Nam,VNM,East Asia & Pacific,Upper middle income,2002,46.7626957246996,,34.7
Viet Nam,VNM,East Asia & Pacific,Upper middle income,2003,47.3141839053115,1.179,34.7
Viet Nam,VNM,East Asia & Pacific,Upper middle income,2004,47.8654653760388,1.165,34
Viet Nam,VNM,East Asia & Pacific,Upper middle income,2005,48.4153894204967,1.149,32.7
Viet Nam,VNM,East Asia & Pacific,Upper middle income,2006,48.9645843386629,1.134,32.4
Viet Nam,VNM,East Asia & Pacific,Upper middle income,2007,49.5129650176871,1.12,32.4
Viet Nam,VNM,East Asia & Pacific,Upper middle income,2008,50.0601009000849,1.105,32.4
Viet Nam,VNM,East Asia & Pacific,Upper middle income,2009,50.6065902655669,1.092,30.9
Viet Nam,VNM,East Asia & Pacific,Upper middle income,2010,51.1560028636444,1.086,30.9
Viet Nam,VNM,East Asia & Pacific,Upper middle income,2011,51.7038442970064,1.071,30.9
Viet Nam,VNM,East Asia & Pacific,Upper middle income,2012,52.2503650158694,1.057,30.9
Viet Nam,VNM,East Asia & Pacific,Upper middle income,2013,52.794184640231,1.041,30.9
Viet Nam,VNM,East Asia & Pacific,Upper middle income,2014,53.3365325126258,1.027,30.2
Viet Nam,VNM,East Asia & Pacific,Upper middle income,2015,53.8770086573967,1.013,30.2
Viet Nam,VNM,East Asia & Pacific,Upper middle income,2016,54.415221505275,0.999,30.7
Viet Nam,VNM,East Asia & Pacific,Upper middle income,2017,54.9495461820642,0.982,30.7
Viet Nam,VNM,East Asia & Pacific,Upper middle income,2018,55.4802729948595,0.966,30.9
Viet Nam,VNM,East Asia & Pacific,Upper middle income,2019,56.0073746060456,0.95,30.9
Viet Nam,VNM,East Asia & Pacific,Upper middle income,2020,56.5308225128813,0.935,30.9
Viet Nam,VNM,East Asia & Pacific,Upper middle income,2021,57.0496891690515,0.918,30.9
Viet Nam,VNM,East Asia & Pacific,Upper middle income,2022,57.5645693507635,0.903,30.4
Viet Nam,VNM,East Asia & Pacific,Upper middle income,2023,58.0748561463973,0.886,30.4
Virgin Islands (U.S.),VIR,Latin America & Caribbean,High income,2002,97.5104468748513,,83.3
Virgin Islands (U.S.),VIR,Latin America & Caribbean,High income,2003,97.583368654901,0.075,83.3
Virgin Islands (U.S.),VIR,Latin America & Caribbean,High income,2004,97.6563166642365,0.075,83.3
Virgin Islands (U.S.),VIR,Latin America & Caribbean,High income,2005,97.729290902858,0.075,83.7
Virgin Islands (U.S.),VIR,Latin America & Caribbean,High income,2006,97.8022913707653,0.075,83.8
Virgin Islands (U.S.),VIR,Latin America & Caribbean,High income,2007,97.8753180679586,0.075,83.1
Virgin Islands (U.S.),VIR,Latin America & Caribbean,High income,2008,97.9483709944377,0.075,82.4
Virgin Islands (U.S.),VIR,Latin America & Caribbean,High income,2009,98.0214501502026,0.075,82.6
Virgin Islands (U.S.),VIR,Latin America & Caribbean,High income,2010,98.0945555352535,0.075,82.6
Virgin Islands (U.S.),VIR,Latin America & Caribbean,High income,2011,98.1676871495902,0.075,81.9
Virgin Islands (U.S.),VIR,Latin America & Caribbean,High income,2012,98.2408449932128,0.075,82.6
Virgin Islands (U.S.),VIR,Latin America & Caribbean,High income,2013,98.2845088675983,0.044,82.6
Virgin Islands (U.S.),VIR,Latin America & Caribbean,High income,2014,98.3281727419839,0.044,81.2
Virgin Islands (U.S.),VIR,Latin America & Caribbean,High income,2015,98.3718366163694,0.044,80.5
Virgin Islands (U.S.),VIR,Latin America & Caribbean,High income,2016,98.415500490755,0.044,80
Virgin Islands (U.S.),VIR,Latin America & Caribbean,High income,2017,98.4591643651405,0.044,80
Virgin Islands (U.S.),VIR,Latin America & Caribbean,High income,2018,98.5028282395261,0.044,79.9
Virgin Islands (U.S.),VIR,Latin America & Caribbean,High income,2019,98.5464921139116,0.044,79.9
Virgin Islands (U.S.),VIR,Latin America & Caribbean,High income,2020,98.5901559882971,0.044,78.5
Virgin Islands (U.S.),VIR,Latin America & Caribbean,High income,2021,98.6338198626827,0.044,78.5
Virgin Islands (U.S.),VIR,Latin America & Caribbean,High income,2022,98.6774837370682,0.044,77.7
Virgin Islands (U.S.),VIR,Latin America & Caribbean,High income,2023,98.6774837370682,0,77
West Bank and Gaza,PSE,"Middle East, North Africa, Afghanistan & Pakistan",Lower middle income,2002,75.3553561362814,,53.5
West Bank and Gaza,PSE,"Middle East, North Africa, Afghanistan & Pakistan",Lower middle income,2003,75.7541400989762,0.529,55.6
West Bank and Gaza,PSE,"Middle East, North Africa, Afghanistan & Pakistan",Lower middle income,2004,76.1520017846445,0.525,55.6
West Bank and Gaza,PSE,"Middle East, North Africa, Afghanistan & Pakistan",Lower middle income,2005,76.548777893781,0.521,54.4
West Bank and Gaza,PSE,"Middle East, North Africa, Afghanistan & Pakistan",Lower middle income,2006,76.9445606914245,0.517,54.1
West Bank and Gaza,PSE,"Middle East, North Africa, Afghanistan & Pakistan",Lower middle income,2007,77.3394335357504,0.513,52.7
West Bank and Gaza,PSE,"Middle East, North Africa, Afghanistan & Pakistan",Lower middle income,2008,77.7332472337015,0.509,52
West Bank and Gaza,PSE,"Middle East, North Africa, Afghanistan & Pakistan",Lower middle income,2009,78.1265756684074,0.506,51
West Bank and Gaza,PSE,"Middle East, North Africa, Afghanistan & Pakistan",Lower middle income,2010,78.5194462308053,0.503,51
West Bank and Gaza,PSE,"Middle East, North Africa, Afghanistan & Pakistan",Lower middle income,2011,78.9117451361923,0.5,50.3
West Bank and Gaza,PSE,"Middle East, North Africa, Afghanistan & Pakistan",Lower middle income,2012,79.3034392460179,0.496,50.3
West Bank and Gaza,PSE,"Middle East, North Africa, Afghanistan & Pakistan",Lower middle income,2013,79.6944832492158,0.493,51
West Bank and Gaza,PSE,"Middle East, North Africa, Afghanistan & Pakistan",Lower middle income,2014,80.0848507798057,0.49,51
West Bank and Gaza,PSE,"Middle East, North Africa, Afghanistan & Pakistan",Lower middle income,2015,80.3581953913737,0.341,51
West Bank and Gaza,PSE,"Middle East, North Africa, Afghanistan & Pakistan",Lower middle income,2016,80.5186816228868,0.2,51.3
West Bank and Gaza,PSE,"Middle East, North Africa, Afghanistan & Pakistan",Lower middle income,2017,80.5332671663967,0.018,51.3
West Bank and Gaza,PSE,"Middle East, North Africa, Afghanistan & Pakistan",Lower middle income,2018,80.5480740966707,0.018,52.3
West Bank and Gaza,PSE,"Middle East, North Africa, Afghanistan & Pakistan",Lower middle income,2019,80.5632080716656,0.019,52.3
West Bank and Gaza,PSE,"Middle East, North Africa, Afghanistan & Pakistan",Lower middle income,2020,80.5785113470135,0.019,51
West Bank and Gaza,PSE,"Middle East, North Africa, Afghanistan & Pakistan",Lower middle income,2021,80.5940848308212,0.019,51
West Bank and Gaza,PSE,"Middle East, North Africa, Afghanistan & Pakistan",Lower middle income,2022,80.6098759007822,0.02,50.7
West Bank and Gaza,PSE,"Middle East, North Africa, Afghanistan & Pakistan",Lower middle income,2023,80.6258382340961,0.02,50
Zimbabwe,ZWE,Sub-Saharan Africa,Lower middle income,2002,29.7606828415287,,23.6
Zimbabwe,ZWE,Sub-Saharan Africa,Lower middle income,2003,29.8182778659182,0.194,23.6
Zimbabwe,ZWE,Sub-Saharan Africa,Lower middle income,2004,29.8470722762882,0.097,22.2
Zimbabwe,ZWE,Sub-Saharan Africa,Lower middle income,2005,29.627146794599,-0.737,21.1
Zimbabwe,ZWE,Sub-Saharan Africa,Lower middle income,2006,29.4030704517956,-0.756,20.3
Zimbabwe,ZWE,Sub-Saharan Africa,Lower middle income,2007,29.1751934973846,-0.775,18.9
Zimbabwe,ZWE,Sub-Saharan Africa,Lower middle income,2008,28.943126830006,-0.795,18.2
Zimbabwe,ZWE,Sub-Saharan Africa,Lower middle income,2009,28.7072300022271,-0.815,17.4
Zimbabwe,ZWE,Sub-Saharan Africa,Lower middle income,2010,28.4671048782824,-0.836,16.8
Zimbabwe,ZWE,Sub-Saharan Africa,Lower middle income,2011,28.2231227734127,-0.857,16.8
Zimbabwe,ZWE,Sub-Saharan Africa,Lower middle income,2012,27.9748723703249,-0.88,16.8
Zimbabwe,ZWE,Sub-Saharan Africa,Lower middle income,2013,27.722735063514,-0.901,15.4
Zimbabwe,ZWE,Sub-Saharan Africa,Lower middle income,2014,27.478417703354,-0.881,16.1
Zimbabwe,ZWE,Sub-Saharan Africa,Lower middle income,2015,27.2426870223209,-0.858,16.1
Zimbabwe,ZWE,Sub-Saharan Africa,Lower middle income,2016,27.0155013731712,-0.834,16
Zimbabwe,ZWE,Sub-Saharan Africa,Lower middle income,2017,26.7972307877594,-0.808,16
Zimbabwe,ZWE,Sub-Saharan Africa,Lower middle income,2018,26.5886782173324,-0.778,15.4
Zimbabwe,ZWE,Sub-Saharan Africa,Lower middle income,2019,26.3893863452165,-0.75,12.8
Zimbabwe,ZWE,Sub-Saharan Africa,Lower middle income,2020,26.2005958645243,-0.715,12.8
Zimbabwe,ZWE,Sub-Saharan Africa,Lower middle income,2021,26.0218506326245,-0.682,11.4
Zimbabwe,ZWE,Sub-Saharan Africa,Lower middle income,2022,25.8234258283639,-0.763,11.5
Zimbabwe,ZWE,Sub-Saharan Africa,Lower middle income,2023,25.6360698019271,-0.726,10.8
